Genes,est_B2,est_B3,p_time,n_ID,q_time
SERPINE1,-1.23644974939857,-0.82385913428577,3.04981061575186e-18,26,4.53201857500726e-15
NUCB1,0.556891142379291,-0.163497549577337,3.0115255816881e-11,26,2.23756350719426e-08
H2BC12;H2BC12L;H2BC13;H2BC14;H2BC15;H2BC18;H2BC4;H2BC5;H2BC9,1.86878790731417,-0.0537033234405977,1.34767242052143e-09,26,6.6754707229828e-07
H2AC11;H2AC12;H2AC14;H2AC25;H2AC4;H2AC6;H2AC7;H2AJ,1.96029065056782,0.134210273682763,1.24820153340933e-08,26,4.63706869661565e-06
H4C1,1.54781718319647,0.104361330414448,3.94478161690792e-07,26,0.000107443185656234
IGFBP1,0.365235172056277,1.86932359544505,4.33821745583718e-07,26,0.000107443185656234
MMP9,0.373075169625168,0.721830162052102,2.08889149375208e-05,26,0.00443441822816513
IGLL1,-0.497647031366805,-0.00846235056706537,3.1937192699874e-05,26,0.00523442218180438
CD14,-0.437317580461995,0.0690716537418239,3.64842327744935e-05,26,0.00523442218180438
PTX3,-0.322390401349253,0.230539289436171,3.85949685691169e-05,26,0.00523442218180438
IGLV2-18,-0.472890172060842,0.246186308421717,3.87474051142989e-05,26,0.00523442218180438
ACTN4,0.270953945641589,0.052276813276494,6.60518670487374e-05,26,0.00817942286953531
IGF1,-0.421755674096017,0.499467127445588,0.000113700644257013,26,0.012996858258917
IGHV3-74,-0.79370626727639,-0.348697657621518,0.000130620280483013,25,0.0138644097712684
APMAP,-0.474306295325101,-0.284128796549916,0.000157896476067993,26,0.014753522556298
ACTN1,0.388023059016897,0.117453186340736,0.000158853540310072,26,0.014753522556298
EEF1A1;EEF1A1P5,0.213086302997634,0.29337613127876,0.000205770561091315,26,0.0174521159719792
FAT1,-0.47060407529756,-0.107061696687745,0.000211398443805939,26,0.0174521159719792
DMKN,-0.555832874155253,-0.325092048548595,0.000236360000849353,26,0.0178887816698697
MICAL1,0.229770218940861,-0.0254544350614864,0.000244229895399765,26,0.0178887816698697
SRGN,0.420027335808864,0.245173802127809,0.000252802432750514,26,0.0178887816698697
PIP4K2A,0.313017749660161,0.174722347172455,0.000277128288342819,26,0.0187187562035195
APOA4,-0.311921495412986,-0.14601002500481,0.000300789027041951,26,0.0194335867036669
ATP1A1,0.178517304850241,-0.0267225985215236,0.00044526581236215,26,0.0275693748820898
GOLM2,-0.446546387109231,-0.0786608699037247,0.000520519127262749,26,0.0309396569244978
PRKCA,0.27639088366257,-0.0071643451914337,0.000637555231196976,26,0.0336297298171022
GYS1,0.0630443962936869,0.365954444735656,0.0006494020199507,25,0.0336297298171022
C8B,-0.562572550599466,-0.25696225226714,0.000657031426853667,26,0.0336297298171022
F13B,-0.364284434644149,-0.0610406637327956,0.000672361760837288,26,0.0336297298171022
FMOD,-0.429817600433502,-0.0347459805163209,0.000686679646098745,26,0.0336297298171022
APOC3,-0.401826995759797,-0.0869625882525782,0.00070156233131236,26,0.0336297298171022
CHGA,-0.506883874803313,-0.11480694789824,0.000770262700717397,26,0.0351036673067247
CRP,-0.436198373879094,-0.247755906099391,0.000779556541804788,26,0.0351036673067247
FCN3,-0.588980972797945,-0.0611375495607373,0.00105442226633785,26,0.0460844555228838
PLXNA4,0.30215141059366,0.149560837137642,0.00113181233506266,26,0.0480535179972318
PSMB5,-0.403799751249445,-0.102525558032375,0.00120441237029591,26,0.0497154661738813
IGLC3,-0.528578077944559,-0.304847596063745,0.00129204706759868,26,0.0518914038500445
USP24,0.171569187355443,-0.0599966224729608,0.00145474582694392,26,0.0568882183904912
PTPRZ1,-0.447850392936965,-0.00724433224963127,0.00168806242457718,26,0.0643195067415819
ATP6AP2,-0.25070594269239,0.154987024029837,0.00238459217662639,26,0.086205277236857
SEPTIN11,-0.0940247945602092,-0.352001431246576,0.00249520426716605,26,0.086205277236857
MIA3,-0.500853738681827,0.105832543909607,0.00249695709713818,26,0.086205277236857
SERPINB1,0.122021875540593,-0.0444686721525708,0.00257397964522173,26,0.086205277236857
IGLV3-21,-0.56471264395903,-0.339099841665733,0.00262802596642674,25,0.086205277236857
IGKV1-27,-0.493211068918804,-0.0480848655477022,0.00264332257929582,26,0.086205277236857
SPTBN1,0.14908313584302,-0.057064334970182,0.00272587338658573,26,0.086205277236857
GNAI2,0.248711402439593,0.020794180492009,0.0027283329670001,26,0.086205277236857
CDH6,-0.447979472406008,-0.133334794495146,0.0028413177519191,26,0.086205277236857
A1BG,-0.639950363359922,-0.27292830401795,0.00284256970700269,26,0.086205277236857
GAPDH,0.33897186732488,0.229450498911132,0.00297888318518063,26,0.0880120149652951
QSOX1,-0.373287224044501,-0.170114749495751,0.00302060078279277,26,0.0880120149652951
SKIC3,0.263479953586455,0.0973684532064899,0.00317825782596,25,0.0882836596131723
HGFAC,-0.661229125078207,-0.26970884496852,0.00318683050495629,26,0.0882836596131723
FN3K,0.26856447020348,-0.0154056270910228,0.00321433697551045,26,0.0882836596131723
JAM3,0.289821351033846,0.00523600561174272,0.00326756479052791,26,0.0882836596131723
ADIPOQ,-0.70930948566777,-0.305641389034825,0.0033465719641471,26,0.0888036774771891
PLXDC1,-0.39954999502662,-0.0969695589639621,0.00356797940663574,26,0.0906100172139035
IGKV6D-21,-0.838276323431355,-0.39140507753653,0.00361747856990086,26,0.0906100172139035
NAP1L1,0.329601864292837,0.167650729631977,0.00365489232008794,26,0.0906100172139035
SERPINF2,-0.38839078503157,-0.242028536664544,0.00368052129935761,26,0.0906100172139035
C2,-0.646500969045112,-0.240158234784626,0.00381096282511763,26,0.0906100172139035
PDLIM1,0.27913195003751,0.0725810096226626,0.00387595919027283,26,0.0906100172139035
COLEC10,-0.504586979042858,-0.447440831776863,0.00394184460406243,26,0.0906100172139035
YWHAZ,0.334081469534238,0.0858891636396135,0.00396945864410625,26,0.0906100172139035
SHBG,-0.46498102348525,-0.00699355501184387,0.00409751205252288,26,0.0906100172139035
TNXB,-0.307265285660424,-0.110245197609028,0.00418157754706283,26,0.0906100172139035
APLP1,-0.607340676938052,0.10017877448961,0.00418530462032038,26,0.0906100172139035
GLUD1,0.0552618235014505,-0.198259845453869,0.00422208044185121,26,0.0906100172139035
STK24,0.23597023037322,0.0959919196602443,0.00427493380222861,26,0.0906100172139035
ATRN,-0.636467506381389,-0.244358047370717,0.00431257000114236,26,0.0906100172139035
HP,-0.559273872832229,-0.318996733593672,0.00433877191508549,26,0.0906100172139035
AGT,-0.279794504694619,-0.00249978417738293,0.00439025655410569,26,0.0906100172139035
IVL,-0.295103641536839,-0.00836455986670167,0.00451522965804175,26,0.0908882371283407
CAD,0.140968047348442,-0.177983694558445,0.00456764261544821,26,0.0908882371283407
C7,-0.619902216469434,-0.290376609114182,0.00458722596542769,26,0.0908882371283407
IGHV5-51,-0.657973124527715,0.0579640121930008,0.00487493733631809,26,0.0930867897465818
OGN,-0.414216323718866,0.0251843584281993,0.00494498051786681,26,0.0930867897465818
IGHV4-30-4;IGHV4-34;IGHV4-38-2;IGHV4-39;IGHV4-59;IGHV4-61,-0.590306394169998,-0.282549012373577,0.00494714514020506,26,0.0930867897465818
CFB,-0.755101439747366,-0.419788365935992,0.00494875934722743,26,0.0930867897465818
SPP1,-0.370717347506965,0.0244796792729152,0.00510802568721931,26,0.0948815771400987
IGFBP3,-0.483770186718569,0.0612503153313414,0.00519961322269538,26,0.0953904351719178
SEC23A,0.270791131698959,0.0683588487438508,0.00537729297636081,26,0.0974470410106361
SUSD5,-0.367703936363667,-0.0827979661323391,0.00550427429473822,26,0.0985464048431445
ILF3,-0.382793468574374,-0.141528808379016,0.00562803167621327,26,0.0995625603672966
B3GNT2,-0.364789531312413,0.0021762783834278,0.00624483957029637,26,0.109174489428946
NCKIPSD,0.0418168802777787,-0.252973184991017,0.0063930579336572,26,0.109578349617767
F8,0.221310335371101,0.320225004914004,0.00648047125513757,26,0.109578349617767
CAPN1,0.160664870702293,0.0208893531496821,0.00648916202312481,26,0.109578349617767
IGFBP5,-0.332123331700064,0.0714694634074654,0.00664409096792159,26,0.110933923352039
MST1,-0.551353737471014,-0.427391152301616,0.00693238922686228,23,0.114461448790193
DSG2,-0.169410629629975,0.190562412789993,0.00707675160211788,26,0.115561020667551
STAT5A,0.0438212631130776,-0.106059001757816,0.00731060383757415,26,0.116035701475357
FBLN5,-0.280041093505444,-0.0413446414655617,0.00737275100855982,26,0.116035701475357
GOLIM4,-0.29291158898338,-0.0929575744492599,0.0074432688794002,26,0.116035701475357
ARHGAP6,0.218204631015665,0.0370847058470884,0.00758874871168171,26,0.116035701475357
C8G,-0.603127282280626,-0.293299264732233,0.00775910182188933,26,0.116035701475357
CSRP1,0.341675719749153,0.0359419163138363,0.00785945052333731,26,0.116035701475357
IQGAP2,0.174479350332505,0.0100136882167609,0.00786973375679892,26,0.116035701475357
VCP,0.233392511308382,0.202442691608415,0.00795102258097854,26,0.116035701475357
PLEK,0.328353471423245,0.126491397833936,0.0079806531238596,26,0.116035701475357
CAVIN2,0.26903665000977,0.026067959406089,0.0081622739393599,26,0.116035701475357
NEO1,-0.234130005870321,0.00284312954807952,0.00818943579242378,26,0.116035701475357
KIT,-0.443849371967027,-0.111536372565161,0.00821200755159687,26,0.116035701475357
HPX,-0.64725459493693,-0.266625919680009,0.00821525784714611,26,0.116035701475357
CLEC3B,-0.703646331873939,-0.104236593637314,0.00822923905787693,26,0.116035701475357
PRSS3,-0.495023138428306,-0.0597546372679693,0.00827710925732697,25,0.116035701475357
PARVB,0.293612305473876,0.0201682918140086,0.00871132077177251,26,0.118116869680859
ECPAS,0.130826591355509,-0.0927184906361552,0.00873422776726305,26,0.118116869680859
EMILIN2,-0.246978369466753,0.109892033903107,0.00873819004929932,26,0.118116869680859
LCP2,0.262277933981279,0.172871778180066,0.00881925814272141,26,0.118116869680859
SCYL2,0.143998840506228,-0.0796577120417798,0.00882299632205607,26,0.118116869680859
SERPINA3,-0.403775890813035,-0.0990095212813462,0.00900206431708529,26,0.118401362179374
MYH9,0.291248285788437,-0.0335966907556466,0.00900360291135216,26,0.118401362179374
VDAC1,0.297167129582467,-0.0889678423291974,0.00911613220078336,26,0.11882958289793
GNAQ,0.313492364382306,0.0293942860645288,0.00944971195059825,26,0.122106712683383
MMP19,-0.301662829829214,-0.063620773257993,0.00953282964274006,26,0.122118834906136
PFKL,0.162255414399232,-0.172979156532933,0.0100683059540261,26,0.12733020328928
DERA,0.251872467260374,0.091039498318688,0.0101231247757543,26,0.12733020328928
PGLYRP2,-0.457389615341597,-0.175443273075288,0.010196698648334,26,0.12733020328928
CTSG,0.462958101316375,0.295778403318401,0.0105744374067366,26,0.129984378589839
LTBP2,-0.335838333748368,-0.218078947785453,0.0105841923347042,26,0.129984378589839
C8A,-0.408777940647976,-0.144315469302269,0.0106971991890086,26,0.13017887854049
LTBP1,0.198917932294077,0.0912022188814057,0.0107752369182236,26,0.13017887854049
FCGBP,-0.48051661618822,-0.00545605373271067,0.0110300932458195,26,0.132183214220063
NAPG,0.136043408474636,-0.0926391917887727,0.0112155535687358,26,0.133330500825132
MTTP,-0.453300202966238,-0.272438356207778,0.0118245052334551,24,0.139201050706684
AZGP1,-0.609553426601145,-0.161465842310405,0.0118967250603962,26,0.139201050706684
NCAM1,-0.296802579268554,-0.138068244857593,0.0129605104036744,26,0.150463425467657
CLSTN1,-0.339114611445705,-0.0453737822609311,0.0131196891952637,26,0.151130683288077
VASP,0.0832284239054208,-0.177663119127541,0.0134824524450975,26,0.151927101488957
TUBA8,0.366399310157993,0.108642998488027,0.0135351185478945,26,0.151927101488957
PDIA3,-0.214821072747827,-0.101862014521666,0.0135707607012183,26,0.151927101488957
BABAM2,0.274819126510406,0.170693015353601,0.0135977823001557,26,0.151927101488957
CHL1,-0.328652395364895,0.0061688022409084,0.0138117609101844,26,0.153166244123389
ADGRL4,-0.253388514885516,0.0482794911131236,0.0140340938543009,26,0.154478988648082
PDLIM7,0.192737118792256,0.127214171631901,0.0142905941112896,26,0.156145756245414
CNPY2,0.371412095307493,0.270416854526791,0.0144965285595289,26,0.156502482368136
CKAP5,0.073349403986546,-0.0993967359607314,0.0146223988187446,26,0.156502482368136
SERPINA5,-0.370652850138879,-0.219445760905562,0.0146391958608149,26,0.156502482368136
RELN,-0.284376815364339,-0.000177135393288539,0.014917182491824,26,0.158335237020361
THBS3,-0.332138057623315,-0.0608615377445486,0.0154283925738651,26,0.16164370445553
APOC1,-0.451320330306944,-0.11869232222587,0.015446437437877,26,0.16164370445553
APP,0.225229974229181,0.220116174588706,0.0156567637992634,26,0.162698958081856
TUBB1,0.297818005681747,0.00908049256446685,0.0162193268506924,26,0.165185478787306
IGHV4-28,-0.867092219974881,-0.574894696000053,0.0162413775922737,26,0.165185478787306
DBH,-0.414652045648792,-0.0924102608831125,0.0163057681793279,25,0.165185478787306
NAPA,0.234561246645915,-0.0604496264966748,0.0163406900280848,26,0.165185478787306
DOK2,0.196619240376372,0.00312830852924185,0.0165542728255083,26,0.166213847423684
C6,-0.583554010774508,-0.285197077622434,0.0169665190332132,26,0.168279071212086
UGP2,0.0746380868131838,-0.159372498856194,0.016986447295971,26,0.168279071212086
A2M,-0.354116788772821,-0.161247549761467,0.0172797235955642,26,0.170050789821248
REEP5,-0.0892581596725633,-0.293132616840997,0.0175984486445536,26,0.17045513692271
PDCD6IP,0.0230181875727367,-0.17648885944401,0.0176672239401071,26,0.17045513692271
ARCN1,0.151532509528515,0.206265926612202,0.0177308073099542,26,0.17045513692271
VCAM1,-0.284221185892476,-0.0234870139133591,0.0177796407961104,26,0.17045513692271
TF,-0.568188718444563,-0.334990114801416,0.0180863978930693,26,0.172284533776288
TUBA4A,0.370567994118059,0.101199011231541,0.0189217074534947,26,0.176447923925644
TUBB4B,0.263606424821494,-0.104759321921142,0.0189410512429714,26,0.176447923925644
C1QC,-0.694724882536958,-0.403114479797298,0.0189787316074474,26,0.176447923925644
HSP90AA1,0.250017756462751,0.0945374060540536,0.0189984305707288,26,0.176447923925644
LRBA,0.139268668548768,-0.0686634405446721,0.0196526318697026,26,0.180710356352903
COX5A,-0.0799527894110047,-0.306202611235225,0.0197005906656597,26,0.180710356352903
ASPN,-0.217302221335776,0.152255608256355,0.0201432162927144,26,0.182380368229021
IDS,-0.394426830838564,-0.178726050324033,0.0202445040831508,26,0.182380368229021
EEF2,0.309551089214477,0.235989080172969,0.0203327350044893,26,0.182380368229021
STXBP2,0.172632943748561,-0.0241939033698717,0.0203735808385044,26,0.182380368229021
C1QB,-0.494562048380155,-0.204137020898081,0.0205227415430198,26,0.182615532532499
ADD1,0.0379763311731517,-0.134310287841755,0.0207686788390551,26,0.183703909254975
GANAB,0.144537387672859,0.0724262330554265,0.0218973640000453,26,0.192254563848057
IGKV6-21,-0.485685628658874,-0.0226693266037846,0.0219941291077857,26,0.192254563848057
PRKAR2B,0.224282294387869,0.120062948284072,0.0224936329315389,26,0.193967021738645
TLN1,0.246315009857538,-0.0248528513482052,0.0225673836515139,26,0.193967021738645
MXRA5,-0.357753342689788,-0.00765838626457004,0.0225816250072582,26,0.193967021738645
LDLR,-0.334321310309541,-0.101112564538037,0.0232601186334442,26,0.19494917632591
TMED8,0.189558921103004,0.308073113627481,0.0234042633061896,26,0.19494917632591
WAS,0.272527107711056,0.0482424329676724,0.0235878954547962,26,0.19494917632591
PACS1,0.118437745109335,-0.0173956673766416,0.0236068186460276,26,0.19494917632591
OSTF1,0.303538754890945,0.170995617757227,0.0236496980363331,26,0.19494917632591
HSP90AB1,0.304055043921352,0.133489603444698,0.0237075375506109,26,0.19494917632591
UBE2J1,-0.145356304239678,-0.33108209006654,0.0237772010876502,26,0.19494917632591
TG,-0.246245131527457,-0.00516582378358707,0.0239045044914851,25,0.19494917632591
STOM,0.303962146025025,-0.0439367864356126,0.0240008255475598,26,0.19494917632591
UBE2O,0.145362644161466,0.0896176316807739,0.024197937612585,26,0.19494917632591
DPP4,-0.38112293521859,-0.0635760903419095,0.024339448666153,26,0.19494917632591
AXL,-0.250561656875364,0.0389619709783451,0.0243853169575462,26,0.19494917632591
TPM4,0.150814990832523,-0.116596022985914,0.0244014446814396,26,0.19494917632591
TMOD3,0.26634688518809,0.0968686088756957,0.0246002159268326,26,0.195486207846381
IGKV1-17,-0.593160367382179,-0.554266114667587,0.0248379531495677,26,0.196124579753931
SERPINC1,-0.522025493027747,-0.32511560050247,0.0249445124989859,26,0.196124579753931
VPS13C,0.12408941063827,-0.0478660064494472,0.0253443840714872,26,0.197565911870163
MYO5A,0.167970168873872,0.0198759310769666,0.0255852155235685,26,0.197565911870163
ABCF1,0.263169371787082,0.132438459696803,0.0256131671299706,26,0.197565911870163
IGKV1-8,-0.533703197551037,-0.359152562495317,0.0256596372751961,25,0.197565911870163
STXBP3,0.131386824711581,-0.155542107136435,0.0260049624714959,26,0.199192650683726
CETP,-0.290850928470212,0.00910630951275273,0.0271610955947869,26,0.206981477199248
TBC1D15,0.164038800700714,-0.0443468798257656,0.0277117061783162,26,0.208245132318528
PRUNE1,0.214232784574828,0.0871889056148667,0.0278575703313905,26,0.208245132318528
SYTL4,0.174272876146577,-0.0484488133453136,0.0278839561719249,26,0.208245132318528
RTRAF,0.179707316143724,0.16780106380583,0.0281433474594664,26,0.208245132318528
VASN,-0.381231038486809,-0.0934688975217388,0.0283551848676626,26,0.208245132318528
TUFM,0.112986755952147,-0.082516450674409,0.028577737006936,26,0.208245132318528
GPLD1,-0.359816101166487,-0.104670016603894,0.0286437134187091,26,0.208245132318528
TPP2,0.156563033681172,0.0241319567279254,0.0286597436444837,26,0.208245132318528
ADGRF5,-0.176164519391289,0.111431378721545,0.0286940353881647,26,0.208245132318528
IGKV2-28;IGKV2D-28,-0.389711355430112,-0.102198828185127,0.0287282988730136,26,0.208245132318528
TXNRD1,0.22016484352856,0.118074079363101,0.0290578080299198,26,0.209611178312917
CFHR1,-0.675915823318819,-0.568399324909146,0.0292332735808238,26,0.209858186188909
PLXDC2,-0.360525278452802,0.0415879958421465,0.0305751693623051,26,0.218436065732622
ACADM,0.204657196763971,-0.161720200580671,0.0310818032184222,26,0.21979488007245
F13A1,0.0964291910168578,-0.118120310597011,0.0313664592405529,26,0.21979488007245
IGKV2D-29,-0.224929920004741,0.115893012502396,0.0314365090913082,26,0.21979488007245
IGHV2-26,-0.678625372872297,-0.331054271177234,0.0315350148267281,25,0.21979488007245
SPARC,0.337800399879861,0.105526144690318,0.0316365739644486,26,0.21979488007245
CLTC,0.253645022653592,-0.0218756415348473,0.0317702940199348,26,0.21979488007245
IGF2R,-0.260296847463577,0.0123345125940689,0.0318007397143854,26,0.21979488007245
CFD,-0.336345126636096,0.0353687444033757,0.032226042772659,26,0.221703238704497
EFNB1,0.221571069822315,0.312706860514552,0.0327832510893313,25,0.224497286261504
GRIPAP1,0.120477063375178,-0.0473367803000605,0.0333775203471907,26,0.227160180702464
IGHV3-15,-0.544366045995575,-0.289532430826578,0.0334778462811841,26,0.227160180702464
ITGA6,0.173881259360485,-0.0739105550688375,0.0341150507581017,26,0.228338509434664
KLKB1,-0.440336253780505,-0.214875683881878,0.0341811954657893,26,0.228338509434664
COL6A3,-0.244953924304112,-0.276536906570473,0.0342226548312772,26,0.228338509434664
EIF3C;EIF3CL,0.118931297458998,-0.228223501821367,0.0342661423983379,26,0.228338509434664
VBP1,0.277509763173643,0.234956519711638,0.0348609257187384,26,0.230918645148798
APOA5,-0.277931723335596,-0.0927736341192564,0.0351189295394594,26,0.230918645148798
GRB2,0.211529560947221,0.0328462763670961,0.0352616339663686,26,0.230918645148798
ATP6V1A,0.168277912310076,0.0478885959552681,0.0354829173946201,26,0.230918645148798
SERPINA7,-0.413220192961339,0.0150843155234986,0.0355527693151787,26,0.230918645148798
GUCY1B1,0.140886409904553,0.0943854031659959,0.0356481579419127,26,0.230918645148798
HPRT1,0.252994417371619,0.0766859682364818,0.0357411092760589,26,0.230918645148798
SLFN14,0.0606428911574195,-0.178956274501069,0.0361011610616503,26,0.232235174621699
SERPINA4,-0.399340665559819,-0.180967238362448,0.0366169429572492,26,0.234015042424946
DCHS1,-0.342989369014973,-0.183959458799977,0.036692802748999,26,0.234015042424946
PFAS,0.091543870196762,-0.143852018985075,0.0370970986551353,26,0.234769929172175
DCTN2,0.167881729327433,0.138623616333755,0.0371271422311313,26,0.234769929172175
TAPBP,-0.259900829633081,-0.176753854259155,0.0373626470757562,26,0.235258023536329
IGKV1-33;IGKV1D-33,-0.752476045445827,-0.543856272302116,0.0378769028167133,26,0.237489778842346
CTSH,-0.432908827123922,-0.109374631369091,0.0386798139558879,25,0.240087187484795
LCAT,-0.438732453907399,0.002310367995157,0.0388336113609785,26,0.240087187484795
TOR1AIP2,0.179793586675903,-0.127270351441209,0.0391025752700096,26,0.240087187484795
STX11,0.146306119721274,0.00578418514163802,0.0391664429930892,26,0.240087187484795
YWHAG,0.245210689402825,0.169554608519447,0.0392214165452737,26,0.240087187484795
CDH15,-0.254570308146857,0.0569662296757609,0.0392605562306899,26,0.240087187484795
UTRN,0.0220056427516931,-0.118845031057346,0.0399434741669033,26,0.24326230578696
CPT1A,0.180085528098725,-0.025612451546474,0.0407009249109717,26,0.246863569051853
ACAN,-0.325558394364766,-0.318858672693346,0.0411811709926433,26,0.248761057297024
DBN1,0.138326762697273,-0.161577335460218,0.0432960419009774,26,0.259971331906657
EFEMP2,-0.279711723386899,0.150652521841357,0.0434802973855622,26,0.259971331906657
HEG1,-0.254516299924394,-0.0119400866628623,0.0435618180651128,26,0.259971331906657
DPT,-0.569586791388363,-0.172286537979982,0.0443786992230451,26,0.262394781551864
GPX1,0.27505096177216,-0.0959783748737596,0.0443987693729647,26,0.262394781551864
SEPTIN7,0.0904607883634369,-0.0801948143966991,0.0444976345565745,26,0.262394781551864
THBS1,0.271399753491589,0.0754953837991959,0.0450731396891851,26,0.263865762320858
EIF3D,0.176740412214602,0.0414799336608708,0.045102223169245,26,0.263865762320858
INPP4B,0.18107070847902,0.0217232467107232,0.0453203423115631,26,0.264102073235227
C1QA,-0.587808210398008,-0.237423048631257,0.0457453908370664,26,0.264850710523315
SFXN3,0.197636077047777,0.0317625293522848,0.0458052709316904,26,0.264850710523315
CFI,-0.579707298712724,-0.386787790293693,0.0460922285894225,26,0.26547694451117
SLK,0.108936191639151,-0.0355133409444257,0.0469669948939294,26,0.268906964303067
TUBB,0.219972130648276,-0.0327458734993166,0.047049670739433,26,0.268906964303067
STK4,0.224699952698303,0.144865676074644,0.0476656847947945,26,0.271383937184156
DKK3,-0.368017250128931,0.0994916131140109,0.0479794281400072,26,0.272127596244468
FLT4,-0.174433948258473,0.103371689916214,0.0483812935241236,26,0.272614239084031
PCSK9,-0.284331827077919,-0.140149017265358,0.0484321393796663,26,0.272614239084031
HECTD3,0.0925885703697273,-0.0923946637783138,0.0489578852229639,26,0.274533650721979
CRTAC1,-0.283973088031486,-0.00679580985316523,0.049228020464606,26,0.275010670715807
ADAMTSL2,-0.306904220586827,-0.111496239114218,0.0497585087869253,26,0.276933123810378
PSMD3,0.0822959978273016,-0.0661445354678831,0.049957884305333,26,0.277005283872108
ATP5PO,-0.042974572426209,-0.206800130161613,0.050312017186944,26,0.277424655804186
ARAP1,0.134350113385061,-0.00389690828276371,0.0504069024677861,26,0.277424655804186
COPS8,0.154569832014009,0.243265478233171,0.0510923149205192,26,0.278873352218518
EXOC3L2,0.115858305292507,-0.0325477963754458,0.0514133893791355,26,0.278873352218518
CDH1,-0.255357740890208,0.0870476045526367,0.0520428407699155,26,0.278873352218518
FERMT3,0.189861793511493,0.0501184246614623,0.052057101041633,26,0.278873352218518
CAPZB,0.264917545213618,0.194064531026357,0.0521117965136167,26,0.278873352218518
MENT,-0.316851977477318,0.0830467164751211,0.0521759490938483,26,0.278873352218518
EIF5,0.291144089277811,0.0939755536609732,0.0522673164916715,26,0.278873352218518
STAT1,0.103393967975719,-0.0164396353265439,0.0523269321559377,26,0.278873352218518
ACADVL,0.147522655293269,-0.0830434496421001,0.0524125697656158,26,0.278873352218518
POSTN,-0.294354573967129,0.0329173367941086,0.0525467958419818,26,0.278873352218518
AGPS,0.120641176158548,0.256769562011404,0.0527681146747072,26,0.279051311055569
TWSG1,-0.268621888642468,0.0170141689855493,0.0534262819766971,26,0.281529982331106
LRG1,-0.700540392426847,-0.420413260617984,0.0537640523819278,26,0.282308769751041
ITGB3,0.276292830797982,-0.0213563940818775,0.0545795001286331,26,0.284162277648987
USP15,0.172057086966964,0.116738550642686,0.0546729137166023,26,0.284162277648987
PPP2R1A,0.169786860434058,0.137564065473847,0.0546907210010836,26,0.284162277648987
CYFIP1,0.189151393824231,0.00521621466799422,0.0553169021989876,26,0.28641434378988
ITIH4,-0.433380936755682,-0.202861949058786,0.0555586577348018,26,0.286667240951096
IGLV3-9,-0.343678987216875,-0.184674329853498,0.0560583801878176,26,0.288244819927671
CSPG4,-0.28176268828961,-0.0189249201511861,0.0566081924654133,26,0.289196301651296
GP6,0.218904066315443,0.121303392970032,0.0566466926643133,26,0.289196301651296
CDH13,-0.348939985447734,-0.137540980560388,0.0568272678884108,26,0.289196301651296
SVEP1,-0.310531038920815,-0.0833064872659273,0.057106883336636,26,0.289306018563424
CFH,-0.406177626730587,-0.141809067345031,0.0573664382061852,26,0.289306018563424
SKAP2,0.0953395647641872,0.160359645953798,0.0574328906300202,26,0.289306018563424
IGKV1-16,-0.446181531230474,-0.23393034488307,0.0579058489922518,25,0.290703012170561
RAC1,0.257292226425681,0.119221312357028,0.0584739926926679,26,0.29224920124992
VCL,-0.0615661855363776,-0.208176374152561,0.0586071749478306,26,0.29224920124992
HSPA8,0.0926387151786924,-0.0919343634869823,0.0593020792168047,26,0.294725383666126
GUCY1A1,0.194959921858102,-0.00579394695357713,0.0598651591875005,26,0.296532088508753
RPLP2,-0.14128379652967,0.116549335054153,0.0602010910288896,26,0.297205386275515
DLD,0.00748878618807387,-0.18930648722353,0.0607956324599408,26,0.298255226123632
APOA1,-0.111736078574897,-0.0514071213012617,0.0608151638731228,26,0.298255226123632
PSMD6,0.177457605498624,-0.0662533490479654,0.0615173174474384,26,0.300706360943729
ACTR2,0.205869741357641,0.109341295180391,0.062168081246426,26,0.30162505414869
MYO1C,0.12032944410665,-0.0382166583978088,0.062268505585025,26,0.30162505414869
ETFA,-0.166704118767231,-0.121922582950548,0.0624295995079443,26,0.30162505414869
INHBC,-0.349666388359803,-0.0855476034854528,0.0626146664702941,26,0.30162505414869
PLEKHF2,-0.0379093013886054,-0.211745770446368,0.0628635330607455,26,0.30162505414869
SELL,-0.489594277947851,-0.196962740259442,0.0631049880102846,26,0.30162505414869
EXOC4,-0.05616373404181,-0.187338517875187,0.0631261048723033,26,0.30162505414869
SERPINF1,-0.365632520051546,-0.128128618428152,0.0634452830989569,26,0.302029526425382
COLEC11,-0.205692110323613,-0.0110187873299197,0.063617255566046,26,0.302029526425382
MMRN1,0.2286129637553,-0.0556313026381657,0.0648611244254308,26,0.306954238522899
APOH,-0.433587135520818,-0.0887311779510748,0.0655304882195899,26,0.309137477759716
CTSS,-0.283124186463621,0.0558570121962766,0.0661023482727511,26,0.309215679309517
APOM,-0.26528839307811,0.0582777521683428,0.0661646245948871,26,0.309215679309517
SAR1A,0.233142930342718,0.115374286864176,0.0662287387624184,26,0.309215679309517
ORM2,-0.407250522179163,-0.133869787859999,0.0663794089500241,26,0.309215679309517
GAPVD1,0.177249272300916,-0.027853372261097,0.0667023735660232,26,0.30974914724722
ZYX,0.200046697560519,-0.0572970465778562,0.0670645784986479,26,0.310460945947012
AP1M1,0.0988634443923162,-0.0793053293766074,0.067408754237411,26,0.311085120486934
WDR1,0.147407843368624,-0.0384633200458851,0.0677796196837397,26,0.31182821934996
ANKRD28,0.202857141436401,0.122304989197307,0.0687210573714783,25,0.315183614981533
MYLK,0.174367016657676,0.0858055413710364,0.0695084569496935,26,0.317814052391522
PDE3A,0.177347378055815,0.132314747038294,0.0700297754610346,26,0.318525026263881
PCDH18,-0.290351022464093,0.0240126863737391,0.0700926538279199,26,0.318525026263881
TTR,0.0439657237445157,0.144878739065581,0.0707802258262206,26,0.319455465939405
TRAP1,0.464175715704484,0.209813238762936,0.0708058427996929,26,0.319455465939405
PSMD1,0.190200427099029,0.189647636568187,0.0713069726760625,26,0.319455465939405
OPA1,0.139676731313679,0.142585738618897,0.0714626757000646,26,0.319455465939405
EFEMP1,-0.322087782169347,-0.14357181109407,0.0716334503142152,26,0.319455465939405
FLNA,0.234817023913798,0.024103209447019,0.0717050617866802,26,0.319455465939405
AFM,-0.626321708641843,-0.304313038846254,0.0720039136491764,26,0.319455465939405
UXS1,0.197374092781003,0.163931895648304,0.0720172147306195,26,0.319455465939405
PSMD12,0.200057354472758,0.0594153135476737,0.0724506846901434,26,0.319712299242536
TBXAS1,0.224176372141162,0.00270580161444029,0.0725054137582332,26,0.319712299242536
CORO1B,0.318053198384061,0.111510664754364,0.0730968348462978,26,0.321366557933724
RP2,-0.462459614134657,-0.285274002229499,0.0735199825351361,25,0.32158831934553
TGFBI,-0.223665572748442,-0.190066297191381,0.0736622266303354,26,0.32158831934553
PRG4,-0.269824320068563,-0.0868647636825804,0.0739347907847598,26,0.32158831934553
SEC31A,0.219471964920472,0.144448555657567,0.0740129241024033,26,0.32158831934553
NUCB2,0.220269501804672,0.0417962885126383,0.0759943710854001,26,0.329235088725669
CNST,0.151772532557031,-0.111816115356421,0.0772976571206775,26,0.333907902561996
P2RX1,0.281208848218375,0.082784470391822,0.0779277154256086,26,0.335653869920158
NID1,-0.168131357127044,-0.0557219175190567,0.0785050178730631,26,0.337163169246739
FBN1,-0.553411650273893,-0.172750757871784,0.0803487068086255,26,0.343687944506806
ITGA2B,0.230408393062694,-0.00609374384001258,0.0804868133838281,26,0.343687944506806
UBE4A,0.173634076586383,0.109151552154661,0.0810595998460709,26,0.345142021121093
FRMD4B,0.0787086414261993,-0.0952892058360341,0.081544236226853,26,0.346173925102855
CDH23,-0.37561725472752,-0.0201010745388827,0.0817678652160848,26,0.346173925102855
APOA2,-0.267510107216466,-0.0120140413599466,0.0824423206089578,26,0.346500607724306
LYN,0.152009039319576,0.00740787342257516,0.0825479458540429,26,0.346500607724306
CYFIP2,0.331208242184806,0.522688631694396,0.082721490172927,26,0.346500607724306
STIP1,0.0819752341624846,-0.0779936702307351,0.0827777360310423,26,0.346500607724306
BGN,-0.348781911049627,-0.177074001465224,0.0851257213452539,26,0.354836038666715
ADAMTS8,-0.351370352106532,0.0259570138495541,0.0852654756736181,26,0.354836038666715
GC,0.161144440354077,-0.112404579023657,0.0854853982790606,26,0.354836038666715
MYL6,0.179863229592753,-0.16900042582759,0.0859648854679178,26,0.355626178994528
GGH,-0.276806074424427,-0.27609013156076,0.0871870688551208,26,0.355626178994528
IGKV1-5,-0.444541191067659,-0.113395938334416,0.0872621205244515,26,0.355626178994528
PDGFRB,-0.21435072040277,0.263569008351938,0.0875423607211685,26,0.355626178994528
DDB1,0.0801835297549642,0.177458572191586,0.0876207257436236,26,0.355626178994528
G6PD,0.0467186947411832,-0.119497094694194,0.0877993333693614,26,0.355626178994528
TOR4A,0.124969072840502,-0.0492053784991284,0.0877997356716333,26,0.355626178994528
PRDX5,0.260431985783119,0.0562542504973368,0.0879903652514087,26,0.355626178994528
LPL,-0.187862613767837,-0.32896840032495,0.0880324259817596,26,0.355626178994528
CCT5,0.196924744503457,0.0847188281585384,0.0881643892798992,26,0.355626178994528
MAN2A2,-0.098621246955918,0.104687501822977,0.0883082503694352,26,0.355626178994528
EIF4G1,0.144161036950495,0.0429446551642624,0.0889895500821266,26,0.356113668982552
YWHAB,0.240382209279807,0.133420668169037,0.0890461684406463,26,0.356113668982552
GNA13,0.0749426639442584,-0.0799196154694051,0.089308898640699,26,0.356113668982552
HBA1,-0.428199112819875,-0.308829182810342,0.0895344984248633,26,0.356113668982552
TPI1,-0.224843925932429,-0.368207920694797,0.0896275317627687,26,0.356113668982552
RRAS,-0.266407606369262,-0.0693412636864395,0.0899098665791892,26,0.356282831297801
CNN2,0.235902389636408,0.145347816594259,0.0905244228070887,26,0.357210498434738
EIF3L,0.149447857169715,-0.0322116779277355,0.0906247361439408,26,0.357210498434738
CSF1R,-0.289472789797427,0.00194937086940187,0.09157449950334,26,0.358599623387302
TMED10,-0.041671102122677,-0.296646333704539,0.0915974221325163,26,0.358599623387302
IGHG2,-0.304232505123543,-0.232638324302582,0.0917011149980988,26,0.358599623387302
CAND1,0.112957635661117,0.149135213265103,0.0923072352049249,26,0.359876517971673
STAT5B,0.228085655694788,0.186621088703736,0.0926753082726049,26,0.359876517971673
UNC13D,0.161133049202921,0.00985902267107823,0.0930245695802311,26,0.359876517971673
ATP5PD,0.135958088650646,-0.102323216766378,0.093299102211706,26,0.359876517971673
SERPINA6,-0.632545082564625,-0.256079657487623,0.0933067258213885,26,0.359876517971673
PCDH12,-0.210020410426293,0.0457465272297032,0.0938054042866834,26,0.359876517971673
GARS1,0.0785914553094614,-0.0347661716492838,0.0938409944142021,26,0.359876517971673
BCAP31,-0.0803300122337349,-0.177280478439994,0.0939650666036401,26,0.359876517971673
VDAC3,0.22886362949012,-0.0548883255316148,0.0951219600648095,26,0.363196153321002
GPX3,-0.297375867840955,0.0211756884938319,0.0954493660763027,26,0.363196153321002
CEMIP,-0.222706319030185,-0.190561814905523,0.0955650712977871,26,0.363196153321002
ALCAM,-0.160830990870146,0.124932828899741,0.0958461694660718,26,0.363201413530356
INHBE,-0.18215103645245,-0.184739953769034,0.0960552863508949,26,0.363201413530356
B2M,-0.25333752593349,-0.375967200650476,0.0973036979293683,26,0.366951521837018
IGHG3,-0.776256850919263,-0.346079041411863,0.0975409496134739,26,0.366951521837018
PAICS,0.14021802756413,-0.0477250535525846,0.0980456076390511,26,0.367918618564722
CCT6A,0.166936381730336,0.219003724897556,0.0990314406535428,26,0.370681916400918
PRKCQ,0.100513590270994,-0.0409014245035876,0.0994310735733115,26,0.371242651582766
EIF2S3,0.203502278608814,0.0766474306461584,0.100558597550919,26,0.373971074648572
EIF4A1,0.223864289879354,0.155668444362803,0.100665161412805,26,0.373971074648572
DOK3,0.118456642389302,-0.0603463527973451,0.100926591172189,26,0.374007268034595
ACLY,0.1502125445356,-0.0504433065463207,0.101308440839997,26,0.374488415642379
F10,-0.183171553077226,0.0654697120351782,0.101891524301584,26,0.375709193826685
FAT4,-0.256396313451277,-0.0486999061938344,0.102268119196246,26,0.376164418627776
TXNDC15,-0.229895340653589,-0.0370575993848755,0.103443190970166,26,0.379547115510288
MLEC,-0.191924142899649,-0.181884824249502,0.104257507910864,26,0.38077556673213
ZNF185,0.193446926823582,0.0135358014093102,0.104370815667163,26,0.38077556673213
HBB,-0.483307938298349,-0.262543529103785,0.104676162790759,26,0.38077556673213
AP1S2,0.225779172034039,-0.124076034863668,0.104802965540674,26,0.38077556673213
DBNL,0.17806325941883,0.187882989424405,0.106733357105334,26,0.386843338191527
EMC1,0.0705053473331925,-0.107318414218135,0.107444774593171,24,0.388113117621369
GYG1,0.260198894828944,0.161338128767547,0.107771864411472,25,0.388113117621369
AHCYL1,0.136573811944733,0.216356675814962,0.107867239285078,26,0.388113117621369
DDOST,0.0619825035074579,-0.160478298173041,0.108591672068206,26,0.388901112193145
GNB1;GNB2,-0.197203520176076,0.276143638944127,0.108609664576147,26,0.388901112193145
FGFR1,-0.153995390685215,0.0206727563629368,0.110862234170411,26,0.394187922576743
MAPRE2,0.172819585309892,0.122739216702664,0.110992672625043,26,0.394187922576743
SRPRA,0.12059365258265,-0.0996577002289226,0.111265117022579,26,0.394187922576743
HLA-A,0.00733662474602359,-0.224414581598095,0.111353745300622,26,0.394187922576743
SCFD1,0.12968315223345,0.0224636523332435,0.111412468023036,26,0.394187922576743
FLOT2,0.171986671866081,-0.0173965370425169,0.112114377451665,26,0.395377331884114
MYL9,0.101999181204507,-0.108674220720767,0.112482694728208,26,0.395377331884114
MSN,-0.0193302060577211,-0.216083621331396,0.112546844809543,26,0.395377331884114
C5,-0.321403384755614,-0.148736765840406,0.112955183087465,26,0.395875948273522
ANK1,0.0644667017216974,0.156765276758213,0.114067072826001,26,0.396278259387287
LIMA1,-0.0925732616978866,-0.155730753032751,0.114757802648761,26,0.396278259387287
IGKV3D-15,-0.0756855098647722,0.323925570862865,0.114959031676056,26,0.396278259387287
AHCY,0.0900083703406388,0.21405033479846,0.11499013887553,26,0.396278259387287
EIF3A,0.110923090244566,-0.00511053601660604,0.115730909893264,26,0.396278259387287
SERPINA1,-0.21370863098153,-0.213973767168422,0.115790974634444,26,0.396278259387287
KPNB1,0.162968621421796,0.0444546655916129,0.115909821498213,26,0.396278259387287
RAB27B,0.208286193916822,-0.00837356578278774,0.115967304122825,26,0.396278259387287
IGHA1,-0.100998361036604,0.0511491770050604,0.116060124858447,26,0.396278259387287
COX6A1,-0.281096826488651,-0.245844232156065,0.116073276322942,26,0.396278259387287
RO60,0.216040766282305,0.0832510174758479,0.116149299183526,26,0.396278259387287
CYB5R3,0.206652770161754,-0.0290547644609203,0.116270068030187,26,0.396278259387287
CCT2,0.131875483427439,0.0318589728504529,0.116953805782563,26,0.397696465429949
DIAPH1,0.0838258561629758,-0.0732038290116196,0.117616533351581,26,0.399036914521572
MAOB,0.163318185609391,-0.0491581440839967,0.119006528360426,26,0.401789461135395
LBP,-0.213084233272406,0.0631025776367798,0.119013970051783,26,0.401789461135395
CHST3,-0.242510186196331,0.0533651549846753,0.119238998896843,26,0.401789461135395
PLXNB2,-0.00634804861659295,-0.111926463761857,0.120022884065893,26,0.402974510005225
TFRC,-0.25978752542762,-0.106414025916546,0.120419512898853,26,0.402974510005225
NCKAP1L,0.0919410160807498,-0.0502777955320271,0.120451566801501,26,0.402974510005225
SAA4,-0.339249121844908,-0.183978777093137,0.120675408447056,26,0.402974510005225
DSC2,-0.39578566916942,-0.0580585581414264,0.12122936035193,26,0.403441354357792
PTGDS,-0.216980706994242,0.104022452104205,0.121649202145212,26,0.403441354357792
APCS,-0.143306468723235,0.0967652966918662,0.121715780863065,26,0.403441354357792
EIF4G2,0.172319053430859,0.064867447593214,0.122005364748626,26,0.403441354357792
PKM,0.110758589446368,-0.0446501428876784,0.122291310895206,26,0.403441354357792
PRG2,-0.219536949573101,0.0176941897592768,0.122444179552735,26,0.403441354357792
EML3,-0.000605601701641888,-0.177668549502468,0.123423321236132,25,0.405767821586044
RPS27A;UBA52;UBB;UBC,0.265377093509393,0.0297927924821085,0.123925996556241,26,0.40652103947588
FGL1,-0.229248475214889,-0.00591591930671166,0.124495684428924,26,0.407490279870885
F9,-0.176633899210263,-0.0973326518808042,0.124849124390239,26,0.407707721825453
CAT,-0.161509001441529,-0.0284148271592891,0.125110848689372,26,0.407707721825453
XPO1,0.129976935881737,-0.0825182899445866,0.125813677516985,26,0.409100929519123
AK2,-0.17399270069714,-0.122929974039492,0.129699914669413,26,0.417828714016105
IGLV1-36,-0.363939708232842,-0.398374871792288,0.129972607424951,26,0.417828714016105
IGLV3-27,-0.31334101674317,-0.0810671097165692,0.129988550674028,26,0.417828714016105
NIPSNAP3A,-0.131544921144021,-0.250980935214805,0.130258763386837,24,0.417828714016105
APOF,0.0435838715681987,0.193808684291854,0.130677780694094,26,0.417828714016105
MASP2,-0.130278324135875,0.16720674575538,0.130713495086977,26,0.417828714016105
CAP1,0.0611031484329772,-0.114164603686119,0.131071116861735,26,0.417828714016105
IPO7,0.181742561811041,0.0603832624718789,0.131245643780548,26,0.417828714016105
XPO7,0.152148989740253,-0.0894461666074806,0.131501422782478,24,0.417828714016105
HLA-C,-0.4029792628522,-0.445680541094893,0.131560298810681,23,0.417828714016105
MYCBP2,0.167179179835419,0.129383502046537,0.131590739003726,23,0.417828714016105
ALDOB,-0.383115540106851,-0.273817788373115,0.132205878385824,25,0.417838902904187
TSG101,0.190748019005266,0.109925813176338,0.132445271791788,26,0.417838902904187
F12,-0.551923828515424,-0.32988779481293,0.132787783616982,26,0.417838902904187
SNCA,0.201485487899081,0.121910605020858,0.133631226514469,26,0.417838902904187
XPNPEP1,0.167168095441675,0.0573697068411288,0.134142592836841,26,0.417838902904187
PLXNB1,-0.281647752073999,-0.113306131047418,0.134152232151002,26,0.417838902904187
RAB3GAP1,0.132421423312934,0.0615005607794669,0.134583257782329,26,0.417838902904187
LRRC47,0.126458821443907,0.0900635670415776,0.134637466857912,26,0.417838902904187
PPP1CA,-0.0788308122899221,0.0858396035432519,0.134668312617382,26,0.417838902904187
CPNE1,0.184227122736679,-0.0197405820165997,0.134748915844732,26,0.417838902904187
IGHV3-49,-0.241437586923294,0.241335610515864,0.134782169310756,26,0.417838902904187
ALDOA,0.0968457517400697,-0.0573372724368886,0.135019714577671,26,0.417838902904187
RTN4RL2,-0.14800880300542,0.10444500234278,0.135249335327667,26,0.417838902904187
UQCRC2,0.0333346365193638,-0.143238231754694,0.135593248929751,26,0.418032298567654
PDLIM5,-0.0732898994680598,-0.179607123882628,0.137524778761598,26,0.42203741095441
NRP1,-0.171472761196831,0.101708668758268,0.138259890099986,26,0.42203741095441
EIF3B,0.140522293490541,-0.00856503382265734,0.138763088752558,26,0.42203741095441
MTM1,0.137380564991871,0.162091810454682,0.139036185603159,26,0.42203741095441
DNM1L,0.101872707030794,-0.00254502157279698,0.139180364397553,26,0.42203741095441
COL12A1,-0.104541966039018,0.10845541617342,0.139214823834219,26,0.42203741095441
MAPRE1,0.197950562398553,0.123812291341028,0.139450910369439,26,0.42203741095441
PDIA6,0.174725743403664,0.202496977116331,0.13948247300759,26,0.42203741095441
HSD17B4,0.161842796313332,-0.0399878907879408,0.139548813023636,26,0.42203741095441
NSDHL,0.235876049113021,0.0515538754327263,0.140322992742408,26,0.42203741095441
C4BPB,-0.310180878085151,0.0543086334020415,0.140835066800398,26,0.42203741095441
CDH5,-0.252939497360173,-0.0213789197907884,0.140907626732725,26,0.42203741095441
OPTN,-0.028162183040542,0.179109584990135,0.14093897630607,26,0.42203741095441
MTHFD1,-0.0220540256622174,-0.147334263247801,0.141112865978331,26,0.42203741095441
EMD,0.149940205462593,-0.0316301826763874,0.14128006555251,26,0.42203741095441
ASAP2,0.143556050556036,0.051569717694829,0.141562447456579,26,0.42203741095441
LGALS3BP,-0.0940303431420267,0.0874565400409133,0.141763933701609,26,0.42203741095441
IGHV1-24,-0.251343618679182,0.0756399005836174,0.142242225461463,26,0.42203741095441
DENND2C,0.0687164198100394,-0.086040461025125,0.142288521459057,26,0.42203741095441
PPM1A,0.100482961838947,0.181234886376354,0.144139587018813,26,0.425406617373484
ST8SIA4,-0.296660204681504,-0.0626365751458265,0.144312793360455,26,0.425406617373484
APOL1,-0.321676965841701,-0.288925587883574,0.144407717555704,26,0.425406617373484
PSMA3,-0.210776890901921,0.167855781088257,0.144569543589239,25,0.425406617373484
CMPK1,0.116323978088489,-0.025128654584583,0.146146320673704,25,0.429196506958743
ECE1,0.0640248377932622,-0.110925022780604,0.146876959886968,26,0.430491444560227
FNBP1L,0.190988382677648,0.112257897631372,0.147245052932272,26,0.430720765073537
C3,-0.132872813790035,-0.171552089952514,0.147942552883689,26,0.431910871483618
ASAP1,0.0185653999699755,-0.101106751645122,0.148921665179209,26,0.433916851875108
HIBCH,0.168280440199921,0.149332316647829,0.149757432114302,24,0.43416333972296
GOLM1,-0.286181677064953,-0.0523972753721247,0.149855269274477,26,0.43416333972296
TOLLIP,-0.0768986022328005,-0.175793129992874,0.149882768020107,26,0.43416333972296
FYB1,0.156915568236876,0.0547224463403997,0.150527909301937,26,0.435183800044122
TRPC6,0.0581716012176491,-0.115969117801992,0.150823964748772,25,0.435193032265388
DOCK5,0.0892014911449818,-0.0591900138703797,0.152074157347765,26,0.436629253175094
PRKAA1,0.123787525673968,0.0418201017945608,0.152132258342853,26,0.436629253175094
DPEP2,-0.250575259644903,-0.0955047698071762,0.152714880335814,26,0.436629253175094
IPO9,0.000909289277042383,0.16470223539248,0.152925784834315,26,0.436629253175094
EIF2B4,0.125053315071365,-0.0698283539515903,0.153057331615808,25,0.436629253175094
ITGAV,-0.18685945605799,-0.0787689544326369,0.153084684323166,26,0.436629253175094
RPLP1,0.206404897507201,0.208215795934627,0.153701313452931,26,0.436737520332758
FGFR1OP2,-0.0779607755224848,0.0326834649892675,0.153978653660981,26,0.436737520332758
IGKV3-11;IGKV3D-11,-0.339735271362816,0.0862132717074279,0.154004347681268,26,0.436737520332758
GNAS,-0.217634806072741,-0.0274086025469515,0.154701546950066,25,0.437049397372393
SNED1,-0.219722036952736,-0.177587189538606,0.154702545772462,26,0.437049397372393
APOD,-0.254196632988683,-0.0841263765235334,0.155127975172707,26,0.437143464034713
BMP1,-0.191325162678589,-0.133283596520076,0.155324191796991,25,0.437143464034713
CLASP1,-0.054341179027146,-0.262764217722671,0.155955228093978,26,0.4380897333604
PLCG2,0.125573978182825,-0.0436682350294116,0.157018337967966,25,0.438828477211927
AP2A1,0.118234306570379,-0.0253096205817706,0.157080322365846,26,0.438828477211927
UBR4,0.122592893715252,0.000569150186476567,0.157104138544243,26,0.438828477211927
WASF1,-0.0580912329520727,0.137154241491338,0.15856878327609,26,0.441372394890569
MGST3,-0.140781588306604,-0.255266745798845,0.158608922524606,26,0.441372394890569
PSMD8,0.0720085588336895,0.226038104997016,0.159539976773307,26,0.44272969316185
SLC27A4,0.147155379945389,-0.0593449049048793,0.15969254073671,26,0.44272969316185
IGHV1-8,-0.458892957549012,-0.103580529249264,0.161183773430158,22,0.445788206301161
STXBP5,0.184758787269925,0.121565262138947,0.16159741896754,26,0.445788206301161
S100A9,0.320787636263686,0.390506392021959,0.162189685220083,26,0.445788206301161
ADAM10,0.317986908904141,0.079086037883985,0.162287667871504,26,0.445788206301161
NSFL1C,0.243985989207903,0.260617909521664,0.162295706331715,26,0.445788206301161
CCS,0.176466273436022,0.207761794791863,0.163910876025877,26,0.448650635284698
GSN,0.0423421519593157,-0.136967699185912,0.164216220040848,26,0.448650635284698
RAP1A,0.277952591111455,0.0342348559356349,0.164455175914811,26,0.448650635284698
DOCK10,0.109473784061359,-0.033032598771973,0.164545488714778,26,0.448650635284698
APOB,-0.132467073996802,-0.0514445980548558,0.165781444524548,26,0.451192722643734
ATP5MF,0.352606196809911,0.124542246803416,0.166496276842287,26,0.452101139946585
ERBIN,0.123422551951765,0.16009865869323,0.16672370436792,26,0.452101139946585
VPS11,0.122425092031565,-0.0290139629233694,0.167506582362569,26,0.453396687414896
ACSL3,-0.0498463009602009,-0.142250604947791,0.168213789237893,26,0.454483074195472
SDHA,0.168777326545083,0.0528638200881918,0.168847435532043,26,0.4553671310356
APOC2,-0.06833089258921,0.176524303937264,0.169946803368675,26,0.457501720662774
NEXN,0.0930233625745521,-0.081596855542866,0.17073885981137,26,0.457535534431095
NCKAP1,0.00426538309695834,-0.202611388548721,0.170872651997836,26,0.457535534431095
DNM2,0.00648426791667846,-0.147743834384866,0.171096545138531,25,0.457535534431095
LSS,0.193864323985849,0.104020990408435,0.171478400151818,25,0.457535534431095
C9,0.0602821704590587,0.108502358654146,0.171498851061992,26,0.457535534431095
ACTA1,0.230466189952208,-0.0160304095384072,0.172965475146795,26,0.460621319118527
RNASE4,-0.219958441032907,0.00589727887108276,0.17350646438716,26,0.461235431268909
UBA5,0.163899864683555,0.263042263500284,0.174241454789757,26,0.46236214610282
ARPC2,-0.0133590081814479,-0.0851544877669528,0.175025607026585,26,0.46361506602764
CLIP1,0.0881671004502286,-0.045255469570615,0.175547035394113,26,0.464168851593685
PSMA7,0.0895885787032282,0.18862154514614,0.176025948927964,26,0.464608454896898
PTGS1,0.124447899168394,-0.0478400024143401,0.176491703925787,26,0.465011829847021
LTBP4,-0.283788830249678,-0.157036717132567,0.177983914440513,26,0.468113445767437
ITGA2,0.102755339201908,-0.0448680620899479,0.179343591635746,26,0.470856143411163
PSMD13,0.17190912083675,0.102000357478259,0.180851867622985,26,0.473978616027789
TBC1D9B,0.0717555899145852,-0.0399627469470768,0.181956097066327,26,0.474599239967196
TJP2,0.111845034356951,-0.0507427978572495,0.18197824710198,26,0.474599239967196
FAM114A2,0.15548037712443,0.175421143038149,0.182046814792262,26,0.474599239967196
REPS2,-0.149827977167397,0.0446247320746754,0.182393552739054,26,0.474670436725453
CXCR4,-0.189350576001983,-0.397757947566702,0.18391811915417,26,0.477287092154061
EIF6,0.16204510076903,0.205474393645533,0.184327166163513,26,0.477287092154061
PON1,-0.0712701981841382,0.121344029062286,0.18443825553756,26,0.477287092154061
SEPTIN6,-0.0407897290309546,0.212570767845916,0.184685553534043,26,0.477287092154061
ADCY6,-0.072481332520337,-0.189516686628336,0.185004956312745,26,0.477287092154061
MANSC1,-0.165020827057553,0.17540359658297,0.187481516205793,26,0.482838012273498
TOR1A,-0.179515533518564,0.0248930749807573,0.188950128453282,26,0.485778357926603
WASF2,0.0385103040725645,0.216004029817826,0.18981119270295,25,0.486566444723722
MYADM,0.149443699632458,0.269624311456544,0.190115111091052,26,0.486566444723722
COPS6,-0.0552623237331306,0.0733119526732395,0.190238966611361,26,0.486566444723722
APEH,0.106084911753519,0.180893309935861,0.190711963190414,26,0.486938105328102
PGK1,0.124173397491128,-0.070558341163336,0.191115418259743,26,0.487047325190536
LRRC59,0.286224271123126,0.137963647775019,0.19141025431445,26,0.487047325190536
RTCB,0.154770902333254,-0.0624923315244532,0.192590657140042,25,0.48921319061556
G3BP1,0.138762130133264,0.156591447451044,0.19304695580707,26,0.48953545448687
GP5,0.228952300640644,0.116906501716064,0.193391425426724,26,0.489573523311944
COPG1,0.130354693352397,0.0967531179034443,0.193720963936272,26,0.489573728587245
CAMP,-0.0418570006967701,0.309193158414184,0.194287987454719,26,0.490163222086677
ROCK2,0.0352950098298528,-0.0961570119135623,0.194613930707362,26,0.490163222086677
ATG3,-0.0961937584726538,0.244146597323639,0.196574709021349,25,0.494263989180584
CLIC1,0.185051758320713,0.167997565167933,0.196944041100764,26,0.494269524900817
BTD,-0.26228801853122,0.0326292925441465,0.197957486680301,26,0.494269524900817
HABP2,-0.151184816614024,-0.109990897128665,0.197969274678902,26,0.494269524900817
ALDH3A2,0.180951874071521,-0.0802275375012054,0.198192290865891,26,0.494269524900817
ROCK1,0.0504305482094416,-0.0618263472492574,0.198493007487322,26,0.494269524900817
LDHA,0.0689445051710907,-0.121898414090105,0.199978197237668,25,0.494269524900817
RILPL2,0.0553795785042355,-0.230652408583174,0.200090698510945,26,0.494269524900817
TNS1,0.0478141504367089,-0.0872422643341674,0.20038153018303,26,0.494269524900817
SLC25A3,0.056253203917957,-0.143134949291089,0.200604463395837,26,0.494269524900817
IRAG1,0.110228212772111,-0.0155946913915541,0.200925479673696,26,0.494269524900817
HBS1L,0.12384563820416,0.156250666262526,0.200982174159998,26,0.494269524900817
SPAG9,0.0233740525977829,-0.117562943958217,0.201070367402869,26,0.494269524900817
PLEC,0.0694623865886269,-0.0531025304850585,0.20117355775392,23,0.494269524900817
CCDC126,-0.308882282107826,-0.0258732391123997,0.20123355488896,26,0.494269524900817
ATP2A3,0.135460252901426,-0.0158444254793122,0.202849672460483,26,0.496620368289902
FHOD1,0.107617530187092,-0.0559891837414731,0.202902072296023,26,0.496620368289902
CTTN,-0.0152351080376221,-0.145096655276916,0.203193259704078,26,0.496620368289902
ANTXR2,-0.201162611639473,0.0275153571412413,0.204593614181498,26,0.497576897216968
MYO18A,0.0119840048923727,-0.121652432278389,0.204659396634577,26,0.497576897216968
CSK,0.192730185075287,-0.01043595907609,0.204814562754999,26,0.497576897216968
RHOG,0.0809103075985211,-0.0822068425616171,0.205345520521989,26,0.497576897216968
VPS13A,0.105419398777856,0.0170321331358779,0.205725311492634,26,0.497576897216968
SLMAP,-0.134065760085444,-0.148844698856533,0.205924974639427,26,0.497576897216968
COL18A1,-0.264770398409012,-0.0848109215617816,0.206332187429442,26,0.497576897216968
CD109,-0.0748149565580307,0.0788307061452213,0.20648984861597,26,0.497576897216968
C1R,-0.152024033911221,0.0849045067877959,0.20681628185168,26,0.497576897216968
HMCN2,-0.243338834065411,-0.0394933577666899,0.207007247264088,26,0.497576897216968
ATP5F1A,0.12964988532783,-0.0715763773795799,0.207267899984726,26,0.497576897216968
HRG,-0.216425531224455,-0.0669319198116784,0.209043110599093,26,0.500063453810907
MTOR,0.112970707314384,0.0445972260845167,0.209801659935349,26,0.500063453810907
ICAM2,-0.2532558404299,-0.022033732290252,0.209862350885089,26,0.500063453810907
RUVBL1,0.168135950712438,0.00827447403939163,0.209937133099213,26,0.500063453810907
SCCPDH,0.187308849652296,-0.033311420280699,0.210695042744118,26,0.500063453810907
DAG1,-0.247996094230028,-0.118791225004185,0.210755570760165,26,0.500063453810907
ILK,0.00169016570283824,-0.134557381904552,0.210972671491751,26,0.500063453810907
ARHGAP45,0.0315916212532124,-0.0788458408855826,0.210995817994239,26,0.500063453810907
ARL6IP5,0.245943267962452,-0.0714547467988316,0.212061082421093,26,0.501047116011861
PKN1,0.120852559107065,-0.0343972281229698,0.212085219361683,26,0.501047116011861
ATP2A2,0.128610219210905,-0.00874763649842762,0.212439173906037,26,0.50108668638789
RETREG3,-0.0267731647495055,-0.254683798320655,0.213301538992312,26,0.502323434140374
DCN,-0.131039323828991,-0.199145191717604,0.214103695946581,25,0.503047385259614
NRP2,-0.229153606444474,-0.0602147415640725,0.214381791711186,26,0.503047385259614
BAX,0.0660512369522802,-0.111640564627822,0.214624523724492,26,0.503047385259614
ESYT2,-0.0613262949799076,-0.12467820000084,0.216134829796245,26,0.505176832997213
IGHV3-7,-0.358980916377863,-0.0178618066485875,0.216356690114921,26,0.505176832997213
SLC25A6,0.208713708672066,-0.0537142973338346,0.216552922354794,26,0.505176832997213
AKAP12,-0.28562821566576,-0.0786836985530109,0.217019211052623,26,0.505471077780875
FGD4,-0.103271163996641,-0.149332363582725,0.219635244056384,25,0.510166226381485
PIK3CB,0.195967000610675,-0.0538368793243868,0.219721658737652,25,0.510166226381485
SNAP29,-0.184003271135415,-0.0985173999553164,0.220308585734356,26,0.510730980345169
SACM1L,0.146504349399505,-0.0506366236711745,0.221590590199103,26,0.512901244948188
DENND3,0.0430611287090771,-0.0519345245635248,0.221935060902884,26,0.512901244948188
LMAN2,-0.0859376193653269,-0.124409723976924,0.22291286406186,26,0.514029203206527
PSME2,0.140000508589806,-0.00780298671597581,0.223114963706736,26,0.514029203206527
PTK2,0.0603056943738206,-0.079092347627368,0.224394117822146,26,0.515632720269555
ASPH,-0.089868531118886,0.0703302637670753,0.224504959632841,26,0.515632720269555
RPIA,0.11968378449794,0.2075974180228,0.226361206460115,26,0.519093754320573
PGRMC1,0.244497322514952,0.15410394368139,0.226983459598135,26,0.519718676367994
PPP1R12A,0.0643790242131204,-0.00847869658108882,0.227431611593027,26,0.519929585811745
ABI1,0.0840838067670176,-0.0707471846993259,0.228129940485941,26,0.519929585811745
PON3,-0.22416137989476,-0.0704603278077063,0.22832723174716,26,0.519929585811745
DPYSL2,0.14083516755398,0.0735625760504865,0.228475114088203,26,0.519929585811745
PTPRG,-0.143029482647611,0.0371300851485438,0.230077633240396,26,0.522775784396374
PTPN6,0.0774038973573739,-0.0320573135247444,0.230867722519146,26,0.523027667013249
GCLM,0.118471854048282,0.0590744847119684,0.23089242904488,26,0.523027667013249
SPN,-0.247624149122747,-0.0930274985939663,0.233507318138609,26,0.52749764808874
STAT3,0.0844940377504343,-0.0477904437959578,0.233575674591111,26,0.52749764808874
LRRFIP2,0.0924217830111441,-0.0631130449852249,0.234362088008017,26,0.52825626253979
KRT1,0.232605148668166,0.671066696356529,0.234622566134765,26,0.52825626253979
HPR,-0.37188694483206,-0.189531438901103,0.235310463553499,26,0.528437506122541
TMED2,0.0214752175148985,-0.130495177226826,0.23541428603844,26,0.528437506122541
LSM1,0.261090372752286,0.240054970381213,0.235786453810023,26,0.528474615930156
RAP1GDS1,0.0812021741557227,-0.0547215187574051,0.23675402585919,26,0.529844100040295
SDCBP,0.137985739046399,0.221988213516056,0.237637388333231,26,0.530035556378855
TOMM70,0.114653234987829,-0.0248282329680947,0.237832897374099,26,0.530035556378855
GSTP1,-0.0847092507945414,0.17374844039273,0.239093373604519,23,0.530035556378855
ATL3,0.167126298678956,-0.0212419035628723,0.239114385464847,26,0.530035556378855
ORM1,-0.376825540675865,-0.178256511891929,0.239194666861017,26,0.530035556378855
GRAP2,0.0780694041160487,-0.0740771051228652,0.239481728501975,26,0.530035556378855
ECM2,-0.223182927748992,-0.0890064992030003,0.239661678306404,26,0.530035556378855
NDUFA13,0.168143113547551,-0.0533316506619322,0.239729049055555,25,0.530035556378855
YWHAH,0.039554501854904,-0.13747334585815,0.240049750634569,26,0.530035556378855
EMILIN1,0.0481649471847425,-0.0794230271447874,0.241024934149853,26,0.531399187161248
LCP1,-0.152736777849319,0.0167524898814366,0.241454408625049,26,0.531557409210108
ARFGAP1,0.0851582342594971,0.202194765112728,0.241999510437241,25,0.531969338032161
PLTP,-0.208105750154157,-0.0608124593603326,0.242629817443235,26,0.532567073442611
ME2,0.152488163883907,0.0121908108301805,0.245522823390338,26,0.538122294333395
PPP6R1,-0.198488146345031,-0.331043564433806,0.246624538587274,25,0.53942942591244
ANGPTL6,-0.189560885434696,-0.0530554232623799,0.246845228546742,26,0.53942942591244
APPL2,0.195082457861804,0.100979651387818,0.24818061117487,26,0.540700497320262
SH3GL1,0.208236241970063,0.115639964181834,0.24844443171709,25,0.540700497320262
HSPA9,0.0164973782374512,-0.137163255564466,0.249075859375668,26,0.540700497320262
SPCS2,0.0431722198177133,-0.135500904764387,0.24917901171403,26,0.540700497320262
CLU,-0.0898685921968608,0.0196850099898398,0.249246191564185,26,0.540700497320262
HACD4,0.180068865435192,0.00828655904508287,0.250339012565647,26,0.541604340850138
SLC25A5,0.0577556022803437,-0.151392773187326,0.250808821241517,26,0.541604340850138
PCDH1,-0.177363454183019,0.0849438922943949,0.251168743234355,26,0.541604340850138
CLEC11A,-0.286671033179401,-0.0976338457890773,0.25163397062209,26,0.541604340850138
CASS4,0.0681713468213884,-0.0562080892231723,0.251641906394953,26,0.541604340850138
KTN1,0.0297436399689836,-0.0618777001504067,0.251849663208241,26,0.541604340850138
KALRN,0.116161700181195,0.060427519717266,0.252244183556942,26,0.541668868158404
ITGB5,0.0470139442475294,-0.117076080647388,0.253282545481141,26,0.543113798823918
APOBR,-0.191862895450464,-0.0166148459939552,0.254876107472774,26,0.545334684092738
P3H1,-0.113620691485235,-0.115338464472247,0.255052224390615,26,0.545334684092738
PTTG1IP,-0.215835083353115,-0.0204359776630255,0.256388979098117,24,0.547405205373278
CTSD,-0.1800082877022,0.0241219157993144,0.257435710741179,26,0.548277188790678
PSMA1,-0.0370309282432661,0.111434060294214,0.257852082654937,26,0.548277188790678
RAB5B,0.0649463410566837,-0.0809299487209054,0.257904276557661,26,0.548277188790678
ADD3,0.0226094435199219,-0.0672814416814004,0.259296945658764,26,0.550450373212747
RPSA,-0.132671101147987,0.158356578744746,0.260250036312091,26,0.551685526333476
F11R,-0.105561491666706,-0.129638015529489,0.260993770931888,26,0.551962275593624
CYTH2,0.0626010167593862,0.0969773253968436,0.261123472235746,25,0.551962275593624
VWF,0.300197015228487,0.228257622347149,0.261631869037724,26,0.552167105941754
CDC42BPB,-0.0144102557371338,-0.103479468920928,0.261963532765099,26,0.552167105941754
PTPN12,0.078039349059139,-0.00983590067734641,0.263149498432289,26,0.553881238909889
MAGED2,0.143599093102113,0.0146111912728849,0.264156989193889,26,0.555215397372163
ABI3BP,-0.26463037520925,-0.0415717743806269,0.265585385674291,26,0.55729973202958
UQCRFS1,-0.119421232585161,-0.206106569109725,0.265898728135244,26,0.55729973202958
SULT1A3;SULT1A4,0.058668641419249,-0.0937684321512218,0.266435927683273,26,0.55763913878499
YWHAQ,-0.153598289947277,0.095543633050864,0.267034884378826,26,0.557978815596981
MADCAM1,-0.318795056305705,-0.108093235443624,0.267919309623811,26,0.557978815596981
RDH14,0.00966839655177326,-0.142963942719685,0.268111291157815,26,0.557978815596981
SEC62,-0.160754017363425,-0.101055391670253,0.268777187939987,25,0.557978815596981
SLC16A7,-0.131171085648005,-0.267997492952125,0.269052403654566,24,0.557978815596981
HSPE1,-0.199969009407446,-0.042370658552065,0.269568704699784,26,0.557978815596981
ITPR1,0.0986245436952289,-0.0480016423797132,0.270135923491988,26,0.557978815596981
CMTM6,0.188042163816587,0.122110132162122,0.270237400944474,26,0.557978815596981
COPB1,0.0281033718641733,-0.0933571741875982,0.270305560511034,26,0.557978815596981
SPTAN1,0.0488498301632442,-0.0618170150101084,0.27035312734174,26,0.557978815596981
DOCK8,-0.0128928177887421,-0.169654122826286,0.271121677604382,26,0.558788922219296
TXNL1,-0.0213916449275116,0.206501202732323,0.272975518203821,26,0.561287554479755
PPP1R7,0.0489873056636676,0.205818043220547,0.273089435995197,26,0.561287554479755
SYAP1,0.126110640524275,0.126649941384363,0.275558703432081,26,0.56490099157639
MFF,-0.109321108211554,-0.233683117926347,0.275974818322954,25,0.56490099157639
STIM1,0.0872565693795842,-0.0522711479964498,0.276290653664671,26,0.56490099157639
AP3D1,0.0969600567859267,0.124375432594392,0.276544849901592,26,0.56490099157639
RASGRP2,-0.0138450693377081,-0.154162406298358,0.276748265052229,26,0.56490099157639
THBS4,0.124775970949007,0.165374546139359,0.278176164670808,26,0.567036736215118
SRC,0.123130117915133,0.0240131038036378,0.278655667625067,26,0.567236057658699
ATP5F1B,0.165185830949935,-0.004746351052667,0.279717563070142,26,0.568618739702094
ATP5ME,0.163046749340065,0.0291175185867957,0.280545134508836,24,0.569521953388157
SLA2,0.14527734589221,0.167874727112802,0.282466920965175,26,0.57264098847783
MAVS,0.209673993398271,-0.000830106925157937,0.283683887356395,26,0.573795436418439
HUWE1,0.0759004398661417,-0.0158072247649415,0.283830315598793,26,0.573795436418439
TGFB1I1,0.182610739355009,0.172714852970236,0.284194778737531,26,0.573795436418439
PRDX6,0.144319922649059,-0.0156534229856233,0.285985871856575,26,0.576102076993196
ATP8A1,0.000573922700439154,-0.132372754901158,0.286112606205235,26,0.576102076993196
PSMB1,0.00267786648759872,0.159371907815883,0.287277087171559,26,0.57766407515147
TUBA3E,0.146784130754459,0.142786657255019,0.288156127645885,26,0.578648656326737
PDIA4,0.123709031692332,0.078397999610616,0.289452908206849,26,0.58037388115538
ITPR2,0.0994597571518799,0.0452928377147449,0.289796379419443,26,0.58037388115538
RAB10,0.217953375516613,-0.0179297924035283,0.291949417074578,26,0.581514824898099
NPEPPS,0.0684479835129783,-0.025810469240222,0.292143597478853,26,0.581514824898099
FARSB,0.188606150420929,0.130039848326224,0.292257463471336,26,0.581514824898099
MUC20,-0.171086962826992,-0.0555632720965878,0.292305083702648,26,0.581514824898099
PSMC4,0.0629772875029832,0.118393456807741,0.292322728263042,26,0.581514824898099
TPM3,0.0901350769047731,-0.153338371954313,0.292868352438529,26,0.581821352571731
PRKAR2A,0.132576901861725,-0.0109134030812733,0.293839807834217,26,0.58221721139258
PSMD11,0.0987757024854401,0.0201235360944472,0.293851217055474,26,0.58221721139258
CNDP1,-0.257826082350329,-0.339078310161372,0.294967219232028,26,0.582274537099797
RNH1,-0.0193049664469953,-0.1982942882191,0.295419816385376,25,0.582274537099797
RASA3,0.0239726887429973,-0.0744617554727985,0.295607358626576,26,0.582274537099797
VAPA,0.155338227144299,-0.00775970318769005,0.295753337759458,26,0.582274537099797
TNPO1,0.198379122017749,0.156917567242117,0.29602893875133,26,0.582274537099797
STK3,0.13288008841328,0.0697400851592703,0.296656721654217,26,0.582274537099797
PI4KA,-0.0506431800594278,-0.125264563794543,0.297289864716461,25,0.582274537099797
SCARF1,-0.206679012865822,-0.286840743228828,0.297373053999055,24,0.582274537099797
MYCT1,0.0106411057963853,-0.187760456405315,0.29740671174882,26,0.582274537099797
TSKU,0.0220264338015276,0.186507853944784,0.298712140928532,26,0.58406084397342
FYN,-0.116762894071482,-0.00332869598564398,0.29919710010342,26,0.584240329505496
PRKCB,-0.0686150540396102,-0.18622179877178,0.299682529077526,26,0.584420260117064
FBLN2,-0.167568585404752,-0.190933198415816,0.300094664935199,26,0.584456975221109
SARG,0.109845436332384,-0.00290114274412234,0.301903164806982,26,0.587209558773789
VPS4A,-0.0668434114980558,0.107322933699812,0.302456942227928,26,0.587517668170851
PCYOX1L,0.0675355318387268,-0.100222725889003,0.303866692778611,25,0.589485516278089
C1QTNF3,-0.224282604936295,0.0349299903507263,0.305141225840905,26,0.590006516542509
PROS1,-0.112555200145761,-0.0459135163643239,0.305286103645761,26,0.590006516542509
USP47,0.0517354525652648,-0.0591320486969342,0.305614162960394,26,0.590006516542509
KIF2A,0.107038147897952,-0.0145343079704002,0.305723430509914,26,0.590006516542509
CCT8,0.0608952356004358,0.108968310753998,0.307939897306499,26,0.592989843852749
TRIP10,0.130814259428028,0.012598808608825,0.308132069178459,26,0.592989843852749
MFAP4,-0.26824309900079,0.0351104554107805,0.30846645309433,26,0.592989843852749
HADHA,0.169248889965595,0.0707563890518615,0.309432012310239,26,0.594077480998727
MASP1,-0.106814408410087,0.0170563668722646,0.31045874912394,26,0.595279614449257
CDC37,0.157038917613521,0.17160028119281,0.311422833425604,26,0.596311970769873
GMIP,-0.0747352846243506,-0.150331392184809,0.311799731687881,26,0.596311970769873
MPL,0.166298362474488,-0.0974574549902337,0.313011096030302,26,0.596459855157104
SNAP23,0.209756292357657,-0.0174445322325927,0.313758257884011,26,0.596459855157104
HNRNPK,-0.0057112371880886,0.11682349079859,0.313894239211664,26,0.596459855157104
RCN1,-0.190940234728215,-0.0811737806771946,0.31410238402095,26,0.596459855157104
ARHGEF7,0.0466555651787527,-0.0923551645299254,0.314170737337966,26,0.596459855157104
IGHV1-18,-0.317373318008414,-0.0958394407378398,0.314569581148717,26,0.596459855157104
SIPA1,-0.207379037695301,-0.0441716343498979,0.314686760728916,26,0.596459855157104
FH,0.00371814458924167,-0.159809203322487,0.315627310530955,26,0.597480488470063
THSD1,-0.298761686690755,-0.116309278561429,0.316339862885568,26,0.598067476142436
MARS1,-0.16990788920597,-0.122097194775174,0.317672742083567,25,0.59982426268892
C4B,0.0842965510787078,0.0614836681049422,0.319075033531448,26,0.601707487091031
COX6C,-0.247774993223945,-0.107923357039414,0.320450229070372,26,0.602786081878864
PDE5A,0.090188563624634,-0.0274862391985629,0.320458280406664,26,0.602786081878864
IGLV3-19,-0.339855167212696,-0.0949055232645648,0.321221491905383,25,0.603321980667267
PFN1,-0.336363925767244,-0.205368957123585,0.321555187542715,26,0.603321980667267
ALDH16A1,0.104728255417081,0.0350147930773241,0.322710484356237,26,0.60427636519425
LSM2,0.205597818323493,0.157498603811068,0.322921392152493,25,0.60427636519425
TPST2,0.138985365194486,0.15167091485894,0.323486111783407,26,0.60427636519425
STOML2,0.196916941291052,0.0634506270822537,0.323690435191536,26,0.60427636519425
NLRX1,0.0587788043141808,-0.0764604477898342,0.324222583943098,26,0.604510363537571
SPTA1,-0.125247680450918,0.0531197620438905,0.324639254439676,26,0.604528736964108
NAP1L4,0.205939916302344,0.136533573948338,0.325444679713829,26,0.605270080168649
CLDN3,-0.159969085804547,-0.222653769620709,0.327235119060768,26,0.607146540132869
MYO9B,0.0767204503477803,-0.00630412861829833,0.327270779708229,26,0.607146540132869
OIT3,-0.323694902471586,-0.374564001666381,0.3292663361914,26,0.609568456417088
NNT,0.0788634749197047,-0.0829914631706775,0.329396682707215,26,0.609568456417088
FASN,0.0760667570445971,0.00609315573669355,0.330276751043939,26,0.609603499396497
MTDH,0.0601402431242156,-0.11772925867614,0.330586026703681,25,0.609603499396497
SELENOP,-0.154829436147875,0.0349621939573632,0.330646312593255,26,0.609603499396497
PRKAR1A,0.110822020565264,0.106833901002305,0.332236804159454,26,0.611473651619382
KIAA0513,0.180583529800295,0.165856546841155,0.332483654447147,26,0.611473651619382
EPB42,-0.253933135239064,-0.120492228145177,0.332997357460698,26,0.611661400725089
EIF5A;EIF5A2;EIF5AL1,-0.197273201427292,0.221636641410814,0.333739962531321,26,0.612268622619188
DPY19L1,0.160481264469498,-0.0107194048204643,0.334837652469615,26,0.613524971109554
CSF1,-0.108860246646951,0.0812488267224363,0.336004918603793,26,0.614905553011374
NDUFA10,0.0746357930669779,-0.0276273479838559,0.336672150517721,24,0.614943805365669
PPA2,-0.0969875928859013,0.15472704179602,0.336890763124925,25,0.614943805365669
ALOX12,0.112717410548664,0.00384466791113123,0.33726729567498,26,0.614943805365669
RAB1A,0.0684732206670964,-0.112457093649079,0.339299116507906,26,0.61789030285631
TTC27,0.14792007844121,0.0492698264093316,0.340547110900686,26,0.619403925089865
C2CD2L,0.0454018663949662,-0.132400704783044,0.341137565629341,26,0.619719342940342
PMEL,-0.282078517471496,0.0329871934125753,0.342107880670821,26,0.620039398258532
TMED7,-0.18908697861193,-0.17890644462659,0.342148254759082,26,0.620039398258532
HSPD1,0.0802193984772308,-0.0560435671151128,0.344900143396712,26,0.624265058571881
AMBP,-0.0646545132791524,0.132906010506846,0.345596596633008,26,0.624764650360888
HSD17B10,0.0574407956004417,-0.0899151428322648,0.34743761839624,26,0.626341481494152
CD36,0.071226592632356,-0.0434988866935656,0.347624424198003,26,0.626341481494152
DOK1,-0.0836820986431047,-0.138799234310152,0.347733325863173,26,0.626341481494152
SERPINH1,-0.112737339489016,0.0204952350343468,0.348395241802082,26,0.626774006438128
SEPTIN2,0.0656057337153878,-0.00810920993499224,0.350091549636404,26,0.628683399018584
DCTN4,-0.0819863262550412,0.0739638984611939,0.35047650643744,24,0.628683399018584
STRN,0.0671000547316898,-0.0574275991714495,0.350725799317905,26,0.628683399018584
ARPC1B,-0.050144519948481,-0.176737002981769,0.354521588148605,26,0.634721783119069
IGHV2-5,-0.322508678461426,-0.116826219780811,0.357183588170029,23,0.63810416496255
CDS2,0.138989388531558,0.0170600538451498,0.357269626681589,26,0.63810416496255
AP2M1,0.0391336181913487,-0.0858190085176828,0.358449194493472,26,0.639442380572988
MAPKAPK2,-0.0444546046922924,0.134603334393237,0.361576023323115,26,0.644246967216005
ADAMTS13,-0.0408655331543308,0.0867537312952489,0.362817600218916,26,0.645544407429893
SOD3,-0.252797420435012,-0.0598762091507543,0.363178321285814,26,0.645544407429893
EGF,0.0878114857730745,-0.0483138989294441,0.363607448868655,26,0.645544407429893
PSMD2,0.0559843098163878,-0.0379374804884133,0.365395104299776,26,0.647944063233255
ELMO1,0.13430561099684,-0.0295777718920404,0.366052030191676,26,0.64833530019646
CAPZA1,0.0976520664565595,0.155531864662283,0.367181135093698,26,0.648778613197913
UBA7,0.128390657617624,0.089369027854178,0.36759543011232,26,0.648778613197913
ARF1;ARF3,0.0941291429134869,0.250006680373111,0.367797855403428,26,0.648778613197913
DCTN1,0.0941698506998397,0.0737479667266051,0.368048701834348,26,0.648778613197913
INF2,0.0929904233636407,-0.0244576438980963,0.368990117544789,26,0.648875612118145
CPN2,-0.0920648881350948,0.0418511114865336,0.369031022744558,26,0.648875612118145
DGKG,-0.0244021557494044,-0.115330977351021,0.370064771961171,26,0.648875612118145
EIF3H,-0.120307128351375,-0.119337387234541,0.370251823411003,26,0.648875612118145
MPP1,0.0914817177675667,0.0487194507235977,0.370606218596883,26,0.648875612118145
RAB11FIP3,0.13736884486268,-0.00736394640399147,0.370723684177864,25,0.648875612118145
PSMA2,0.00543785523210176,0.146443990837334,0.371320002209867,26,0.649154733275132
DMTN,0.0791546540020407,-0.0300910704013608,0.37307922901277,26,0.650735825747351
EPS15L1,0.113391322715607,0.14079800477734,0.373533024635998,26,0.650735825747351
DECR1,0.0642809476497659,-0.217384675765964,0.373538128776912,25,0.650735825747351
EXOC3L4,0.0606893695543483,-0.0917801750583966,0.374197872615306,25,0.651121825183074
DYNC1LI1,-0.110656755325267,-0.0376814378516832,0.375576909357928,26,0.652126162378934
CYB5B,0.0305424337319837,-0.1627350760343,0.37565275571761,26,0.652126162378934
COPS4,-0.0989387483776383,-0.0416242568195833,0.376311035787611,26,0.652506650152147
LPA,-0.0863248898409333,0.0736243626422147,0.377230746993124,26,0.65289296682167
APOC4,-0.151078210323659,-0.0120643356104246,0.377434121255856,26,0.65289296682167
RBP4,0.126425386336275,0.14420175827119,0.377851918887373,26,0.65289296682167
IGKV3-20,-0.0978578656669555,0.0834428759156425,0.378409238480611,26,0.653096548643656
COPS5,0.165215556987674,0.0638490984092851,0.378950778461928,26,0.653272455677987
ENO1,-0.0190787529850084,0.152248015164311,0.380306560540707,26,0.654849998798946
PSMB3,0.0689812295220425,0.179816228186594,0.382578008411398,26,0.65713056463256
IGHM,-0.0738143423553022,0.0296645349632271,0.383188905857851,26,0.65713056463256
LAMA2,-0.130983552311061,0.04049154353538,0.383484965369526,26,0.65713056463256
PSMA4,0.0495454711326075,-0.154308713777444,0.383664488826117,26,0.65713056463256
SPTB,0.0666342327879472,0.0563037671034105,0.38408275592185,26,0.65713056463256
PRDX4,-0.179889406117769,0.215549415289142,0.384284293853092,26,0.65713056463256
FBLN1,-0.134893867106157,0.00973091636328955,0.386407037663885,26,0.659507022320492
TWF2,-0.0194661682219686,-0.121244738879445,0.386561653055954,26,0.659507022320492
GNAZ,-0.00974901042564719,-0.103812377285462,0.389187262021088,26,0.66261938918891
TKFC,-0.0475893201858474,-0.120267176184928,0.389277743446782,26,0.66261938918891
PLCB3,-0.241433832080694,-0.109413791444521,0.390594510241507,26,0.663454482306852
VPS29,0.104436735255712,-0.0354765542210394,0.390661286688086,26,0.663454482306852
SPECC1,0.0464457019945262,-0.108108948029961,0.393912674093627,26,0.667759109072892
TTYH3,0.199852630877775,0.174885124047824,0.394448204430122,26,0.667759109072892
EHD3,0.0819502052976914,-0.0163681389765824,0.394544076558546,26,0.667759109072892
GET3,0.0846683314460997,-0.0508953365804812,0.395148187319055,26,0.668020712578061
ABHD16A,0.146862737346347,0.0236679685440967,0.396267975874847,26,0.669152513806844
CD44,-0.263123611718918,-0.132277227903044,0.396958813628259,26,0.669558225938244
VTI1B,0.0264754000349734,-0.098512387082591,0.398513915666538,24,0.671419136825936
PSMB2,-0.0161091755422808,0.138664324104799,0.399744083701109,26,0.672729001562682
RAP2B,0.107237016301214,0.0228983628929643,0.401225237323991,26,0.674457808442818
LAMB1,-0.117290430351016,-0.0225363780881181,0.402456868782005,26,0.675660991738154
UQCRC1,0.132720099390177,0.0200486866660287,0.402927097988103,26,0.675660991738154
ECM1,-0.177648032215633,-0.0712693843164524,0.403305046885426,26,0.675660991738154
HPSE,0.054447728633249,0.132648622872295,0.404192747508682,26,0.676385611258899
PLCB2,-0.00684568881118547,0.0991884750837376,0.405698544428694,26,0.677322540772774
LMNA,-0.12044959710411,-0.0463691388739942,0.406038309053743,26,0.677322540772774
NDUFA5,0.0903399422407183,0.150268493021751,0.406386472379391,26,0.677322540772774
SLC2A1,-0.103145451777707,0.11044267564438,0.406575845470602,26,0.677322540772774
CP,-0.0479817303530631,0.0477726905796935,0.407272080252108,26,0.677722632983911
ALB,-0.144928981485142,-0.0369423313155635,0.408302730529984,26,0.677842881801537
VAMP7,-0.129671682605202,-0.0725946309024363,0.40913548105007,26,0.677842881801537
PAM,-0.18364623423705,0.00909260434340631,0.409320864836618,26,0.677842881801537
PPP1R12C,-0.0847146371950384,0.00316138504120271,0.411622380627842,26,0.677842881801537
GSR,0.0849391862380314,0.00645631621777674,0.411652053597727,26,0.677842881801537
STRAP,0.0613511508054536,0.127758298600018,0.41169221304075,26,0.677842881801537
AARS1,0.135742381721464,0.0926915761912705,0.411788561728223,26,0.677842881801537
GP1BB,0.0896183487243671,-0.0978193044132534,0.412040499598346,26,0.677842881801537
PTPRJ,0.0333397956649265,-0.0364353295604951,0.412308315980995,26,0.677842881801537
YWHAE,0.107038430019778,0.0157875644821835,0.412319781298718,26,0.677842881801537
PLA2G4A,0.052459585697864,0.126253813063639,0.412362022307261,26,0.677842881801537
NBAS,0.12095362198377,0.111887976418508,0.413236204097881,26,0.678529280982819
ATP6V1H,0.0932849948932589,0.0150396849777,0.414351223208245,26,0.679609180670477
ADGRG6,-0.202712497948943,-0.12220137935627,0.419542383331506,25,0.686806127557992
GAS6,-0.0914117564209404,0.0752582561470594,0.419905742300627,26,0.686806127557992
CFL1,0.110228264680399,0.0326865275511584,0.420125686372958,26,0.686806127557992
LAMC1,-0.12855256754544,-0.0891330171866098,0.421379378512062,26,0.688098633482333
OXCT1,0.125588136639108,0.115051566653426,0.422012759112254,25,0.688376465467409
TMCC2,0.0420694994019947,-0.0878177525874841,0.423384216400312,26,0.689856299968052
SDF4,-0.169875753766353,-0.058663753253024,0.425294817474822,26,0.691698786873853
SULT1A1,0.0854144869252179,-0.0853727446996602,0.426612453934714,25,0.691698786873853
RDH11,0.144211046116834,0.0729538955984298,0.42714786270787,26,0.691698786873853
ESYT1,0.117771233270261,0.0151361521724501,0.427523466447007,26,0.691698786873853
WBP2,0.0240280553557772,0.183928956477045,0.427927309037567,25,0.691698786873853
AKR7A2,0.0580188379958235,-0.0849284125695621,0.42800378632901,26,0.691698786873853
SERPING1,0.0674373696088374,0.0727989690302061,0.428726975201826,26,0.691698786873853
GSPT2,0.216984604012277,0.0645281944563987,0.428990419388906,25,0.691698786873853
ZZEF1,0.0810016428770325,0.075775893917831,0.429138922419943,26,0.691698786873853
TAB2,-0.0182647477456149,-0.11264224178472,0.429173503903518,26,0.691698786873853
CALD1,0.13455249400528,0.0231800723951752,0.430138763053916,26,0.691698786873853
C1orf198,0.125712813118107,-0.0478852117087346,0.430338339297171,25,0.691698786873853
TMT1A,0.0320445097832303,-0.0965480503431075,0.430566203134801,26,0.691698786873853
ACTR1B,0.105361810429573,0.0284183957337444,0.432350330678384,26,0.693814893507645
LPP,0.0590043086857815,-0.0501926706081228,0.434175445742713,26,0.694332473160567
NBEAL2,0.108172736967657,0.0172852358351069,0.434369445025177,26,0.694332473160567
LRP1,-0.132402495840205,-0.0321261468564863,0.43481444297287,26,0.694332473160567
DDX3X,-0.039452021830448,-0.132205067566623,0.435038253021164,26,0.694332473160567
DBT,0.148730264844276,0.093161773708419,0.435433252273681,26,0.694332473160567
KSR1,0.157510938539228,0.135208315061815,0.435476355979575,26,0.694332473160567
SLC9A1,0.132047049850223,0.0672377680203285,0.436215746863637,26,0.694486257163883
EXOC7,0.0714319601414471,-0.00197026629178867,0.43650751291458,26,0.694486257163883
UBE2H,0.129987224895114,0.0346341044799242,0.438774001062376,26,0.697345631634964
COPS3,0.138080791065288,0.0359541740725902,0.439587936605616,26,0.697892813884558
PRKG1,0.0254289560630226,-0.0577954609954728,0.440093546658256,26,0.697949850943616
LDLRAP1,0.0990062721441141,-0.0238363371219745,0.442321536738848,26,0.70073539828777
SLC2A3,0.187854556733628,0.0640591080463755,0.443558746433746,26,0.701947068371189
AMPD2,0.0548614049457284,-0.0724615980228132,0.446050310628092,26,0.704582427215303
RTN3,0.114236081481962,-0.0384822296220897,0.446280156044224,26,0.704582427215303
FGB,0.0794096144512438,0.0862462098607901,0.447070346600865,26,0.704582427215303
TC2N,-0.102442540558123,-0.172483163070701,0.447805058764416,26,0.704582427215303
SLAIN2,0.0595077538334982,-0.0621823377819377,0.448766144575272,26,0.704582427215303
VSIG4,-0.313534175165499,-0.0019477161262102,0.449434635121013,25,0.704582427215303
GPD2,0.113516856375085,0.0649555645605321,0.449448481315802,26,0.704582427215303
F7,-0.143603048886129,-0.0163205338252835,0.449697837897793,26,0.704582427215303
UGGT1,0.065635398576621,0.0514219349049137,0.44994551690244,26,0.704582427215303
CSNK2A2,0.120238006378435,0.0265312928217156,0.449965493558091,26,0.704582427215303
VPS33B,0.0993660335553313,0.0616062030690883,0.452141813286388,25,0.707119981509274
USP5,-0.00721744549058542,-0.0941257649948157,0.453017210679074,26,0.707119981509274
RAP1B,0.0472302115140693,-0.17998285217322,0.453253795644636,26,0.707119981509274
RPN2,0.105181739818489,-0.0135240569109856,0.453923347666158,26,0.707119981509274
TGFB1,0.0881107801028748,0.0495046882512208,0.453965317873383,26,0.707119981509274
VPS45,-0.0353635545660156,-0.117250400473511,0.454630724303189,26,0.707332685951641
CD2AP,0.101607967073538,0.0106009672492532,0.455053867947354,26,0.707332685951641
SRPRB,-0.0444465677586875,-0.126696938009842,0.455648189771923,26,0.707516415884093
IGLV1-47,0.0842862280305628,0.542632530328191,0.456549282728838,25,0.708175609744315
PSMC5,0.0884748319515531,0.0432115555810499,0.458798487367739,26,0.710922369372743
GLIPR2,0.0815153517552536,0.240661778813932,0.460198347796741,26,0.712348692527038
APPL1,-0.0684099142926991,0.0243236188114726,0.461680456314262,26,0.713068558156206
ABCD3,0.127319213511851,0.19511561031405,0.461828182187255,24,0.713068558156206
SLC25A11,0.0685243106361664,-0.0412090611569606,0.462102975440395,26,0.713068558156206
TBCB,0.144865861701369,0.133475358517179,0.463172967406043,26,0.713978246437115
LMAN1,-0.050544473158338,-0.200821491300089,0.464396429849101,26,0.715122377985248
BIN2,0.104378837493725,-0.0413224815845646,0.466698691997379,26,0.717923660774436
OGDH,0.0355151229999172,-0.0809584168302823,0.467534247082073,26,0.71846524422333
RTN1,0.0173775165418125,-0.102148355568812,0.468659813691547,26,0.719450912340535
EXOC6B,0.156902041185709,0.0859345028279553,0.469148233666392,26,0.719457456375912
BRK1,-0.067674365961937,-0.156024958590491,0.471315827792158,25,0.722036412473347
HSPG2,-0.106312922063959,-0.0388126482289997,0.47288600950137,26,0.723092806025091
HDHD2,0.0933255565331021,0.0942218654677101,0.473068098899121,26,0.723092806025091
HYOU1,-0.0317435291970247,0.0616169836891882,0.475017137002454,26,0.723092806025091
MMS19,0.10348738551746,-0.00425986321819759,0.475148454099252,25,0.723092806025091
MTCH2,0.0368205457907081,-0.0896133105287609,0.475224700711272,26,0.723092806025091
PFDN5,0.128040535687966,0.0837000105406372,0.475443473591316,26,0.723092806025091
ARF4,0.11848725001876,0.148352940299688,0.47563714635414,26,0.723092806025091
HTT,0.0440184054743228,-0.0359240383029932,0.475898226307227,26,0.723092806025091
CD63,0.019251412711644,0.281994596218924,0.478973319328972,26,0.726987084102807
SELENOF,0.120943714709041,0.10843574501438,0.479439665155284,25,0.726987084102807
PCBP1,0.0931635089331703,0.148176222179708,0.4808195654726,26,0.72732483067643
TOM1L2,0.126363030990469,0.0501891941159441,0.481532079908481,26,0.72732483067643
TEX264,0.0879731962150989,-0.13104752190261,0.482015451051053,24,0.72732483067643
ATP5F1C,0.0188067053395974,0.169425609957538,0.482184553824338,26,0.72732483067643
ARL8A,0.139425878370632,0.0241876943096488,0.482497156632778,26,0.72732483067643
ARHGAP18,0.0442899539262328,0.0915278110978855,0.482599113759731,26,0.72732483067643
SOD2,0.0239309723337949,-0.0912990528796106,0.483493714522004,26,0.727711030555763
PPP1R9B,-0.118792531541285,-0.0951359728822679,0.484073640636291,26,0.727711030555763
SPARCL1,-0.133415870150437,-0.0955286879073707,0.484324501493708,26,0.727711030555763
EMC2,-0.131431419720017,-0.167581352606266,0.485180442730141,26,0.728260745350494
SH3BGRL3,0.150936730612566,0.194837256204516,0.486110525055816,26,0.728920524957561
SORL1,-0.243673795009452,-0.168083598697736,0.487423563495908,26,0.730152636446492
MTSS1,0.0962921069403944,-0.0703165180490731,0.488807131452142,26,0.730441340665233
SLC44A1,0.0487339943289036,-0.0496020733094314,0.488877650251246,26,0.730441340665233
ZC3HAV1,-0.00969195752359548,-0.0772241669234021,0.490483371496995,26,0.730441340665233
PHB2,0.119677943897586,0.0552585576246383,0.490571876776193,26,0.730441340665233
PSMC3,0.0600465739269367,-0.0495770180145339,0.490915395221221,26,0.730441340665233
HSPA5,0.0331964982525665,0.0699235574786727,0.491049001622572,26,0.730441340665233
UBASH3A,0.0929482041412913,0.00959207156730062,0.491057132789077,26,0.730441340665233
PEPD,-0.158260413453912,0.0386714119008126,0.492951361726228,26,0.732414764301053
NME1,-0.0556943065007025,-0.10026707476527,0.493369568684626,26,0.732414764301053
ADSL,0.142897916127063,0.0643778251362643,0.495581509675554,26,0.734767800969207
AHSG,-0.361869281527593,-0.0701985393928761,0.496357638600392,26,0.734767800969207
FCER1G,-0.161331098196657,0.0633028082013959,0.496438002808267,26,0.734767800969207
C1RL,-0.081931974938576,0.0610133119906112,0.498472876714536,26,0.736848522059245
CANX,0.0705389797432156,-0.00227263686822968,0.498835540505788,26,0.736848522059245
ZMPSTE24,-0.12115340421808,-0.138507192065071,0.500575471653783,26,0.738684360355036
FLOT1,0.0981267310377515,0.0357032390637029,0.502873180004862,26,0.741112466958123
EIPR1,0.00701190085445765,-0.123867118507066,0.50415697668296,26,0.741112466958123
STRIP2,0.0688796863709987,0.144360983418998,0.504342698245886,26,0.741112466958123
CCT3,0.0973607926545265,-0.0643484706864691,0.504751269996989,26,0.741112466958123
MCAM,-0.115215673738705,0.038254532918689,0.505254544947802,26,0.741112466958123
PSMD5,0.0549319762436338,-0.0305687049550716,0.505319265845334,26,0.741112466958123
DHRS7,-0.0151447492741095,-0.10591787675079,0.505957421668424,26,0.741112466958123
EIF4B,0.178746764031338,-0.00439673173153548,0.506210736179337,25,0.741112466958123
DAAM1,0.0561003287178456,0.0873192506898575,0.506720110434921,26,0.74112803553769
MINPP1,-0.0590529900110333,0.132788444059256,0.507740651814181,26,0.741890470595745
CEP170,-0.0638221425251419,-0.0445465844218645,0.510723871076922,26,0.744338903179545
MAN2A1,-0.106210786555419,0.0112451967999247,0.510870175102571,26,0.744338903179545
MINDY2,-0.0422260522205547,0.0744779667216911,0.511364228369749,26,0.744338903179545
SNX2,0.070363516497683,-0.0274325013351041,0.511419932803711,26,0.744338903179545
MTPN,0.151500955082166,0.165096612119868,0.513176346885309,25,0.745770295818064
STX12,-0.0907877090245242,-0.0950805538142912,0.514139772659005,25,0.745770295818064
TPP1,-0.0373197774426323,0.0738519734383121,0.51414790631595,26,0.745770295818064
ARHGAP4,0.0711855784140627,0.0345037160907984,0.514410870264816,26,0.745770295818064
KRTDAP,-0.207750833478992,-0.126630217343328,0.51610132683703,26,0.747104014917667
PSMB10,0.0150725749055496,0.136029899516943,0.51633635485898,24,0.747104014917667
TMX1,-0.142602860359773,-0.0668583495778218,0.518236243843678,26,0.748975497744438
SLC4A1,-0.179232760409594,-0.032446843114769,0.518637811022225,26,0.748975497744438
SURF4,0.131597200035671,0.0332885954063645,0.519441422516029,26,0.749407722193028
CRLF3,-0.0649590966995607,-0.126340578895411,0.521181295052851,26,0.749856043015342
PDCD10,0.108354848716314,0.24309934939538,0.521734587929029,26,0.749856043015342
CPN1,-0.078102246075761,0.0269724635845954,0.521983220599352,26,0.749856043015342
IGKC,-0.0942707782540169,-0.142962584247853,0.522081589316436,26,0.749856043015342
NID2,-0.0337591518951327,-0.0935935934679328,0.522275238573943,26,0.749856043015342
RRBP1,-0.0147865833789536,-0.0995167568952326,0.523095522753009,26,0.750308828968119
LRRC32,0.0822968967559371,-0.0212140547529709,0.52558051969452,26,0.752576402645725
BTK,0.133179162392119,0.0595544537827627,0.526004264889844,26,0.752576402645725
HCLS1,0.0915018884642395,0.0359786688104495,0.526215570992682,26,0.752576402645725
ABCC4,0.0442916862821586,-0.0614893141749084,0.526702192968744,26,0.752576402645725
APLP2,0.00596328841483244,-0.109166885569055,0.527693114751447,26,0.75283136579939
MINK1,0.0720415125376655,-0.0363511904643127,0.527893864847217,26,0.75283136579939
PECAM1,0.111071149217332,0.0514587836156499,0.528681404543722,26,0.753231608007642
STRN3,0.0406872706718068,-0.0558780040340527,0.531386869800833,26,0.75636100433337
PI16,0.0186651324388409,0.114872059219797,0.535037990231597,26,0.760829142090099
WDR44,0.109344616690213,0.0915346879003785,0.536700964087005,26,0.762464275940048
CELSR1,-0.193725780818954,-0.0843507077743267,0.53885513664364,26,0.764793441310839
OCIAD1,-0.0145519496806116,-0.118843917170146,0.540123330790849,26,0.76500503987416
ATP1B3,-0.0076691008552729,-0.0859462738042819,0.540955827456064,26,0.76500503987416
OMD,-0.110762782386055,0.0792956242598269,0.541089286261642,26,0.76500503987416
CHMP4B,0.152884006643009,0.0972495254703727,0.541897320266714,25,0.76500503987416
RGS19,-0.00189355397970304,-0.11255106526888,0.543066433071893,26,0.76500503987416
AGRN,-0.1273857983317,-0.0297725220687569,0.543102615827685,26,0.76500503987416
COPZ1,0.122104313256956,0.123269471858407,0.543202912889248,25,0.76500503987416
L1CAM,-0.0386609636883195,0.0753137235402777,0.543314946254178,26,0.76500503987416
TAOK1,0.0873750999495655,0.0399913172784044,0.543637498053239,26,0.76500503987416
CORO1C,0.0556677878318467,-0.0563025360826484,0.545974487167072,26,0.76564732865217
P4HB,0.0778410842616648,0.0936046641686693,0.546065068952873,26,0.76564732865217
USP9X,0.0950515612932549,0.137203213931296,0.546149623972147,26,0.76564732865217
TMEM40,0.114094117007033,0.0396325991735205,0.546668977310377,26,0.76564732865217
TREML1,0.180333949029264,-0.110852602008674,0.546837772185328,26,0.76564732865217
KNG1,0.00307855538576827,0.0678476608361726,0.547185372159223,26,0.76564732865217
SSC5D,-0.219162017412039,-0.0155730932740133,0.548618634357594,26,0.766930659130184
RAB37,0.067149951702268,-0.0327216284946134,0.54922633967931,26,0.766972610338905
EHD1,0.0223739172692031,-0.0544296812400288,0.549680908486497,26,0.766972610338905
PPIB,-0.164515061391702,-0.0607708798436141,0.550709797698495,26,0.767687391538427
PFKP,0.0478696180532913,-0.0426048719309323,0.551519523153263,26,0.768095605816072
UNC45A,0.0332879451196355,-0.0473633374972858,0.552361563662588,26,0.7685480183545
FN1,0.0625216216948687,0.127398802292175,0.55293381369025,26,0.76862455298757
VPS35,0.0635178830173145,0.10007599012863,0.554056696608176,26,0.769382194105202
SLC4A2,-0.0601201860855368,-0.100620227544042,0.554524885841867,25,0.769382194105202
ABLIM3,0.0848755670111124,0.00683342255461681,0.55503210772596,26,0.769382194105202
TMEM43,0.0797002918195225,0.0134197258211215,0.556247258392892,26,0.770348020477015
DIABLO,-0.0466242740021226,-0.12358733992974,0.558408770722347,25,0.772621446269468
RABEP1,0.0674107882605497,0.0943896178253495,0.560853112495122,26,0.774814903235798
ACTBL2,0.0147060420550901,-0.128270218057437,0.561036901670066,26,0.774814903235798
HADHB,0.0643465942259907,-0.0437972417204677,0.562275108598591,26,0.775803910285521
SERPINE2,0.0105543534643663,0.118128898783802,0.56291525500759,26,0.775966668776696
UBA1,0.0629218189510184,0.0695533016654502,0.564567449897904,26,0.777120186386403
IGHG4,-0.168440974266335,-0.142987466087025,0.565253275234462,26,0.777120186386403
IGLC7,-0.116428784917467,-0.0776246289925043,0.565320943124967,26,0.777120186386403
PLG,-0.115328173024585,-0.163868836795951,0.566087735898667,26,0.777455060578021
GIT1,0.0927611969585159,0.0551072736918068,0.569372675588258,26,0.779007292328707
FGA,-0.0572448330475389,-0.0406167913080367,0.569909282435397,26,0.779007292328707
PPM1F,0.119918969776703,0.133560149799191,0.570176586918095,26,0.779007292328707
PODXL,-0.253198482480261,-0.0510423898110867,0.570319607907353,26,0.779007292328707
LDHB,-0.183771402100149,-0.133344512620572,0.570417830276523,26,0.779007292328707
TUBA1A,0.155922442432559,0.0572869478528961,0.571331925257505,26,0.779007292328707
ACTR1A,0.119256130694488,0.0786937776179794,0.571561346611271,26,0.779007292328707
COMT,0.0320187624407632,-0.04683585993305,0.571740069488052,26,0.779007292328707
SSBP1,-0.0748305371672998,-0.0601327789884236,0.572687195222725,26,0.779007292328707
ARPC3,0.118875258281419,-0.0477999245434931,0.573565372460562,26,0.779007292328707
DIS3L2,-0.0708242140822733,-0.171288611762596,0.573851885246457,26,0.779007292328707
JCHAIN,-0.402919845990392,-0.340665109936996,0.573987026176975,26,0.779007292328707
ANGPTL3,-0.0682932509325793,0.0962641752466848,0.574032964401033,25,0.779007292328707
RAB14,0.0904980572360751,0.0154227354787487,0.575556955927155,26,0.780362807032621
NDUFB4,0.00297618271342756,-0.0979648269962986,0.576605331726111,26,0.780762502774287
MAP4,0.0988031109313934,0.0673933058139629,0.576902576074137,26,0.780762502774287
MPRIP,-0.0890110169955289,-0.0173408280723129,0.578584042088848,26,0.781104344802606
CERS2,-0.0171305779342725,-0.104124721723228,0.578618802951273,24,0.781104344802606
IPO5,-0.0806255862539252,-0.00602038910613757,0.578732088578512,26,0.781104344802606
NRBP1,-0.0611772470051925,-0.114020131829729,0.579713520818214,26,0.781718958199515
TMBIM1,-0.0699505146637232,-0.113466239156498,0.583922513325908,26,0.786659710395042
HNRNPF,0.0440917724225129,-0.0771507959020588,0.584436285515563,26,0.786659710395042
GTPBP2,0.0618581704624363,-0.0435783683667841,0.585334321642831,26,0.787155476888006
PPP1R3E,0.105857530957478,0.0335324638595166,0.586499858648931,26,0.788009755833917
PCBP2,0.137658055347564,0.0642294148803867,0.587212575154246,25,0.788254640179954
CDC42,0.0825905407524845,0.00163356350643264,0.58908731098151,26,0.788775197539114
MOGS,0.00333281956672478,-0.0988280699183295,0.58909945792879,26,0.788775197539114
AP3B1,0.0362816813462652,-0.0576659254599631,0.589493791226519,26,0.788775197539114
VPS37B,0.0989536665994193,0.0248788161192028,0.589723583086108,26,0.788775197539114
PRKCSH,-0.104888217108884,-0.0292126111399208,0.591698359794796,26,0.790704822531534
ERP44,0.0187721251986061,0.104502392873007,0.592726746966766,26,0.791367426767847
CYB5R1,0.0329636949325332,-0.0438255266485409,0.593516422252205,26,0.7917104160384
PTPRC,0.040206821801253,-0.0849027890667531,0.5943893906076,26,0.791801661295845
PPP6C,-0.0454620194163721,0.075716602262803,0.59465050740657,26,0.791801661295845
RAB2A,0.0672057932272155,0.0624404612800706,0.595955936112376,26,0.792829472751111
FAM162A,-0.112379616327383,-0.0491769758908788,0.597130440137101,26,0.793117401003745
PLIN3,-0.00490590240753187,-0.0886526049505789,0.597239819463789,26,0.793117401003745
NDUFS8,0.164775959806257,0.116942623607245,0.597998382173769,26,0.793415710634125
NME2,-0.128380491307869,0.00346516937781638,0.599023311640599,26,0.794066584387092
SDHB,0.12698907253016,0.02397083985903,0.600223501575838,26,0.794308489000486
EML4,0.0230210674248276,-0.052427427606957,0.601085304381937,26,0.794308489000486
HDLBP,0.0707120426438965,0.046459663140019,0.601118372457995,25,0.794308489000486
CAPZA2,0.0838952814707439,0.145741786162672,0.60134390990952,26,0.794308489000486
LRPPRC,-0.018552630713345,-0.118490849092813,0.603208181685134,25,0.795630422937354
TPM2,-0.00231086691197712,-0.12424861172622,0.603415536103902,26,0.795630422937354
NDUFA12,0.11044148540019,0.0831216575247725,0.607567523781086,26,0.799608565386506
IGLV3-25,-0.124522762948597,-0.0667971099180078,0.60806242394922,26,0.799608565386506
CDHR5,-0.075953729336571,0.130076583280786,0.608744717169907,26,0.799608565386506
RABGAP1,0.0513846502571222,-0.0321919042631186,0.609250230339108,25,0.799608565386506
LUM,-0.0649026066118357,0.0423409358682912,0.60963727337241,26,0.799608565386506
EEF1D,0.0716413973456828,-0.0218782751351207,0.60967809437095,26,0.799608565386506
RPN1,-0.0894941425420523,-0.0329669553786068,0.610199268605853,26,0.799608565386506
COL6A1,-0.0439007722431554,-0.145356918658833,0.612293094303461,26,0.801645408048409
TAGLN2,-0.0482594535414842,0.0290900609283042,0.613090039952259,26,0.801982217754452
GAS2L1,0.0835049663967417,-0.0218574925796941,0.61422102657125,26,0.802755009221528
WARS1,-0.201290840653197,-0.04484085900351,0.61543328517206,25,0.803632567456662
RTN4,0.00151778923779163,-0.188492858421715,0.616884954825513,26,0.804591090735392
HSD17B12,0.0541734631723422,-0.0510669602403072,0.61725023111598,26,0.804591090735392
PYGB,0.0493469372611102,-0.0340704150345019,0.621375349042397,26,0.808584049800603
PPBP,0.134366882954605,0.00663873232136401,0.621401739483371,26,0.808584049800603
MAP2K2,-0.0764459883444826,-0.0933638088780357,0.623506100752011,26,0.809716795845593
NCLN,0.0451841913202207,0.0786181424624936,0.623608056907934,26,0.809716795845593
ST13,-0.0755252360036171,0.0241009594951018,0.624699651862217,26,0.809716795845593
GSTO1,0.0480861785742938,-0.0449133038990413,0.62507322152565,26,0.809716795845593
CD226,0.0578257727175261,0.0885611195551828,0.625249235090883,26,0.809716795845593
SH3GLB1,0.0402071325815711,0.0755260185972159,0.625541643089327,26,0.809716795845593
VTN,0.0446061076289203,-0.0186704267407627,0.627547974422252,26,0.811606866833304
ATP2C1,-0.0324123368066186,-0.115332562357387,0.628409357888211,26,0.812014178975549
VIM,0.0606594687732865,-0.0750499141615868,0.632226344484593,26,0.815886215536239
RNF11,0.1485915257212,0.0868039338909828,0.632630022012203,26,0.815886215536239
PNPLA6,0.0911195661283547,0.110005261229257,0.63344281400284,26,0.815886215536239
C1QBP,-0.14038660924224,0.0314103038743507,0.633602081244159,26,0.815886215536239
APOE,-0.0135738191609345,0.0547284482910821,0.635417311001284,26,0.817276905194351
PIP5K1C,0.0382068013744478,0.0962884245547837,0.635995705757434,26,0.817276905194351
VDAC2,0.0714549737145793,-0.0468865251057556,0.636332018378105,26,0.817276905194351
ARFGEF1,-0.0956425021347986,-0.0389374423985514,0.637862698140379,26,0.818509245863299
SCAMP2,-0.0651532333601462,0.0238225868435248,0.638857139557811,26,0.818509245863299
RAB11A;RAB11B,0.0238815897782823,-0.0877345288903102,0.638943960431647,26,0.818509245863299
ATP6V0A1,-0.0648965023663177,-0.0413346412047009,0.640193730090527,26,0.819403861252819
PSMB4,-0.0427099572334923,0.101146674166403,0.641986542614924,26,0.819512176011734
IGLV5-45,-0.253404763477552,-0.0142494506376345,0.643128754454552,24,0.819512176011734
COPA,0.0327759762081272,-0.0137595748878091,0.643561165639387,26,0.819512176011734
HS1BP3,0.0926578757533131,0.0704278150614472,0.644707103581189,26,0.819512176011734
DHRS7B,0.0222136723963748,-0.0567577617088043,0.645121967728268,26,0.819512176011734
EEF1G,0.0336506866864168,0.0801169794876585,0.6457030537433,26,0.819512176011734
DNM1,0.0421590786115529,-0.0217076474254868,0.646134088088869,26,0.819512176011734
PSMA6,-0.14021973542351,-0.0405618326616294,0.646669764743657,26,0.819512176011734
PPP1R2,-0.067949109471495,-0.115308576914395,0.647375545300971,26,0.819512176011734
DYNC1H1,-0.0706553108338727,-0.0820431560806044,0.648134983610897,26,0.819512176011734
BZW1,0.0427466290637927,-0.130923254245463,0.648595013993338,25,0.819512176011734
PRPS2,0.0443930162773046,0.0801551651642235,0.648706057019182,26,0.819512176011734
CCNY,0.0764512977140579,0.0406289278163957,0.649286228355725,26,0.819512176011734
HSPB1,-0.0279302267739055,0.0686724275262147,0.649444606998091,26,0.819512176011734
PTPN11,0.0032746249396987,-0.0566187214124305,0.649809913304111,26,0.819512176011734
MBL2,-0.141127410339089,-0.0397297778862123,0.650596015141494,26,0.819512176011734
CDH19,-0.113639528320587,-0.00317212797410291,0.650638567414775,26,0.819512176011734
BID,-0.135168160544214,-0.0342443637325768,0.650970374564353,24,0.819512176011734
ENDOD1,0.0952591783048836,0.0712865643804923,0.651062487933503,26,0.819512176011734
CAPN2,-0.0644458751055068,0.046594883395333,0.651829553170574,26,0.819512176011734
SNX6,-0.00797455704167666,-0.109443085135706,0.652171234608223,26,0.819512176011734
HADH,0.101556446733484,0.0890802224935217,0.652411106475021,26,0.819512176011734
RAB1B,0.0510665071934807,-0.0717818431339254,0.654228952348573,26,0.821101539856402
SH3PXD2A,-0.0871111356597885,-0.0363490434407876,0.657384519337633,25,0.824339755399504
TTLL12,0.0844603110005907,0.084856622956228,0.658174567453421,26,0.824339755399504
CRKL,0.0572593458675148,0.0607088631943365,0.658844405395728,26,0.824339755399504
IGKV4-1,-0.195192983992415,-0.0776371746558116,0.659028014410909,26,0.824339755399504
CILP,0.0769560650140231,-0.0306497752443541,0.66057927823519,26,0.825585203917151
TXNDC5,-0.0854090821084451,-0.0262648254971967,0.663608002038676,26,0.828307578838698
GDI1,0.0286698934245336,0.114336958866583,0.663872359621056,26,0.828307578838698
F2RL3,0.125636059588689,0.0251234945563767,0.664974558835557,26,0.82898674029332
TDRP,0.0650353101951431,-0.0237266202658541,0.670535587229468,26,0.834259364234987
SUSD1,0.0904651743511906,0.0286745897329639,0.671307405980221,26,0.834259364234987
HLA-B,0.0137115656607169,-0.108730210932666,0.671312676039883,26,0.834259364234987
CD248,-0.178848578194418,0.0475304394663616,0.67144966327392,26,0.834259364234987
TRIM25,0.0420315376960469,-0.0116398344706128,0.67418875688679,26,0.836962817655613
CMTM5,-0.0380755835984013,0.140111087253922,0.675691319285016,25,0.838127963654035
PCYOX1,-0.1219998564018,-0.0564769099064754,0.676842754439113,25,0.83885599090619
MYL12A;MYL12B,0.194217866345373,0.225250138521915,0.679524174079246,26,0.841477435568133
ARMCX3,-0.0677753337730745,-0.0862173076632001,0.682368765225404,25,0.843445271371322
FAF2,0.0941653414729628,0.0997082273347006,0.682371437886258,26,0.843445271371322
PYGL,0.0410584846293488,-0.0422520431582311,0.682816974754118,26,0.843445271371322
CLINT1,-0.0609285713290995,-0.0180241097616746,0.683696532068639,26,0.843445271371322
ANTXR1,-0.0779394129061634,0.0527028308387579,0.683951246300433,26,0.843445271371322
COX7A2L,-0.107786459409814,-0.0639979926349086,0.685492677004003,26,0.844606505874854
LRRFIP1,0.115465520658547,0.0253744684152506,0.686029645081392,26,0.844606505874854
PGD,-0.0843834508565094,-0.0662269339487692,0.690718406361556,26,0.848974099274385
PGRMC2,-0.064631186140223,-0.107240460823057,0.69071984254558,26,0.848974099274385
CORO1A,0.117527018540454,0.125295634558463,0.694545597489889,26,0.852970874272707
PHB1,0.0884598757874199,0.00412539950052973,0.696548786898684,26,0.854724605558583
RGS18,0.079361870557839,-0.00136460655271789,0.697567140933506,26,0.854810178211977
ACADSB,0.0303832499559864,-0.0699887416681138,0.697769008190531,25,0.854810178211977
DRG2,0.126333247829756,0.0723625474156766,0.699715901287713,25,0.856489150999622
CDHR2,-0.080250630040681,0.0117869889135871,0.701896698131867,26,0.857627794405796
VWA5A,0.0635180374337219,-0.0137535962929314,0.70247939036086,26,0.857627794405796
RAN,-0.0480590858857302,-0.0939738006477215,0.702779284316866,26,0.857627794405796
NDUFA8,-0.0839861618694531,-0.0454944096442141,0.703256307093666,26,0.857627794405796
INPPL1,0.0743932115492421,0.0450998783995962,0.704243546457109,26,0.857627794405796
HSPH1,-0.0856738190204822,-0.0563750986730463,0.704302209311968,26,0.857627794405796
HMGCL,0.0243724426421314,-0.0388386874719302,0.704686094865059,26,0.857627794405796
RAB32,-0.0116053737505455,-0.105458831026078,0.708350800390392,26,0.860652318408345
ASMTL,-0.0589525544636072,-0.0907418550369798,0.708587575979076,24,0.860652318408345
COMP,-0.0862632061568985,-0.0582601060737761,0.709328525127341,26,0.860652318408345
LAMTOR1,0.0991904741187278,0.0614988587413881,0.710262085554439,26,0.860652318408345
HOOK3,0.00338444096410309,0.0635554707711264,0.71026408794,26,0.860652318408345
ACTB;ACTG1,0.0329171729459678,-0.060976551166843,0.710646295213351,26,0.860652318408345
VAPB,-0.0912914715698068,-0.112802573000122,0.713667563604159,26,0.863518298429401
FLII,0.0114738505813978,-0.0479462350722262,0.714337539176051,26,0.863518298429401
SNX9,0.0351126023976682,-0.0204187992300023,0.714756061284094,26,0.863518298429401
MCU,0.073493381458774,0.0715574145588907,0.715474104351974,26,0.863683606065827
ACSL5,0.0661568099011757,-0.0373578982080874,0.716322992704793,26,0.8640064668501
IARS2,-0.0640133960561654,-0.0235553747280474,0.717262968109624,25,0.864438581192945
PACSIN2,0.0342247940569258,0.0997743908667131,0.720299616082405,26,0.866810487072026
PSMA5,0.00479800619392144,0.103658733148067,0.720397679363359,26,0.866810487072026
BPIFB1,-0.0793764076962714,-0.00608973328162529,0.724921428937617,26,0.871547931554449
PLIN1,-0.0907554090818987,0.0237394240173104,0.728195144015098,26,0.874776058210538
CMIP,-0.0631258574740774,-0.081159411014414,0.732575452442401,26,0.877595686660619
PRDX1,0.00390178519443264,0.0427955047134356,0.732685267674796,26,0.877595686660619
SSR4,-0.00972747738620486,0.0567353207664901,0.733101353515244,26,0.877595686660619
KLC1,0.00827417616454396,-0.0572083923502179,0.733912746976858,26,0.877595686660619
RAP1GAP2,0.0699723519961836,0.00283686791337419,0.734076735079651,26,0.877595686660619
USP7,-0.0394303994408444,-0.0741378390049642,0.734085759434152,26,0.877595686660619
GALNT1,0.0656180743543344,0.0929059633870758,0.735075692476394,25,0.878072732331127
EEF1B2,0.0115634746171966,0.0892472799561998,0.737424475813435,26,0.878688397815645
USO1,0.0454045688953032,-0.0372352122163093,0.737632869573114,26,0.878688397815645
CALCOCO1,-0.0323014912051928,-0.0579312238655755,0.737846323268902,26,0.878688397815645
SERPINA10,0.0253900108382351,0.0771267015530471,0.737956339484472,26,0.878688397815645
ABRAXAS2,0.0807328672214597,-0.0161548273696002,0.742426621353153,26,0.882916557227323
SEC23IP,0.099010382629569,0.0311166752250408,0.742695623508852,26,0.882916557227323
TFPI,0.0195125287161496,0.122322256807441,0.743360724019406,26,0.883000828051828
MACF1,0.0390244339125072,-0.0159092078753358,0.744159233962495,26,0.883243308041747
PLEKHO2,0.0839811972534094,-0.0352347019142706,0.745732873831978,26,0.883689704896519
GSPT1,0.0549086145395674,0.0253225295717396,0.745764219187941,26,0.883689704896519
SCRN3,0.100188653854069,-0.0472910882770713,0.746319367190532,26,0.883689704896519
IGKV1-6,-0.0303862707762091,0.126937830417531,0.747472630992197,25,0.883809260912885
CHGB,0.0295933964784328,0.119838175831053,0.748996335449712,26,0.883809260912885
IGFALS,-0.0927953775210793,-0.0280888862874082,0.749297301152484,26,0.883809260912885
PSMC1,0.0328298909659974,0.0528080120680737,0.749435596521279,26,0.883809260912885
RIPOR3,-0.0282316923602602,-0.0904796366704789,0.7496556297107,26,0.883809260912885
ITLN1,-0.10240842147078,-0.00847017519960368,0.74998888156874,26,0.883809260912885
SELP,-0.0643239489188352,-0.00739236992666742,0.75180423016772,26,0.884838913188231
ITIH2,0.0266353840097085,0.040811883353859,0.75205353119565,26,0.884838913188231
CASP3,0.0923109364923729,0.101249069215031,0.752668899764038,26,0.884862329944114
HSPA1L,-0.0247426957734519,0.0687372058718032,0.754172245263084,26,0.885768095474134
SPTLC1,0.072797507761353,0.0384459245946592,0.755174561823993,25,0.885768095474134
COX5B,0.0850213599408089,0.0419691978541663,0.755227575347058,26,0.885768095474134
NDUFS3,-0.0414651728108395,0.0455790815661911,0.756395160204962,25,0.886437861249663
LRRC8D,0.0704757955356064,0.0506256032376255,0.76019770568051,26,0.889825951029245
RAB7A,-0.0678841226435608,-0.0481894786352054,0.760483820866178,26,0.889825951029245
PRMT5,-0.0160668096447083,0.046591229843409,0.761838508470073,26,0.890543190242775
ST3GAL6,0.117447752692004,-0.0451674561715995,0.762295382226655,26,0.890543190242775
SPP2,-0.0729499527936056,0.00644034364534571,0.763133959868791,26,0.890822517175981
RTN2,-0.117506448638893,-0.0952576638571278,0.763895390989982,26,0.891011421515788
FHL1,0.234918904482495,-0.0100525156088353,0.764612903535452,26,0.891148842865633
NDUFS1,-0.0279661019664631,0.0385465497684625,0.765422957890627,26,0.891393820866357
EPB41,-0.0660329935975673,-0.102323660485056,0.766322423127377,26,0.891742459488866
BAG6,-0.0473916655048532,-0.0622466850327276,0.767394343499531,26,0.891842524560963
GCN1,0.0492259011156122,-0.0285990440982697,0.76760874085698,25,0.891842524560963
PSMB8,-0.026699869355055,-0.113714528400679,0.772203842983705,26,0.896322732727403
PTPRA,0.0582074928290464,0.0465543961644925,0.772671211725305,26,0.896322732727403
SLC3A2,0.0211571198155388,-0.0562890794592407,0.774961356126906,26,0.898278139785166
COPS7B,0.0783311881057754,0.0927205524340015,0.777806176424282,26,0.90087293699648
MPIG6B,0.128145632622924,-0.0670360194347742,0.780178540993559,26,0.902300067868915
PRDX2,-0.0750520818430168,-0.142745514240037,0.78028625658521,26,0.902300067868915
RAB8A,-0.0517995669143094,0.0615549198411708,0.78085995106287,26,0.902300067868915
ACTR3,-0.00238461912107193,-0.0786916579382633,0.781819827470653,26,0.902707275541095
HNRNPH1,0.0398037815909495,-0.0453316153001591,0.782604320712064,26,0.902911506660037
ITIH3,-0.0114573713461218,0.0490669906139595,0.783739821929524,26,0.903520074000988
STRN4,0.0638223671269908,0.0453426133247232,0.785473511876683,25,0.904816774146318
PCMT1,-0.0534495074788919,-0.00650783976986049,0.788169083917024,26,0.907035408320697
LIMD1,0.0462125348425304,-0.0632070223219561,0.788620287718937,26,0.907035408320697
TUBGCP2,-0.0796104698526342,-0.0714521147364276,0.789810828552023,26,0.907702158722588
C4BPA,-0.0760060889115771,-0.0621482352314469,0.790926542257182,26,0.9082819488363
LONP1,0.0942177067481108,0.00306526585719662,0.792692398743449,26,0.908761352349869
SLC9A9,-0.0757842902959695,-0.0501110746275018,0.793300341511458,26,0.908761352349869
TAP1,-0.046189448890533,-0.057740166865426,0.793705365493901,26,0.908761352349869
SCAMP1,0.0570871513822829,-0.0111146102462402,0.79426590276617,26,0.908761352349869
SNTB1,0.035935473518947,-0.0393106740056611,0.794401747444468,26,0.908761352349869
RUFY1,0.0340600705547866,-0.0307546276622771,0.797192249274782,26,0.910685114853596
CCT4,-0.0431700432541236,-0.0411914034361508,0.79781968043247,26,0.910685114853596
RAB3C,-0.0969653689647217,-0.00698300933116206,0.797921951237808,26,0.910685114853596
STX7,0.0443516696069384,-0.0331868949118578,0.803561872880843,26,0.916296128699902
NCK2,-0.00293946301736517,0.0645010743692914,0.804071434606105,25,0.916296128699902
CALU,-0.00838025926827502,0.0605335544425838,0.805951966484291,26,0.917293887565314
DLST,-0.0354849940245856,-0.0302646353690771,0.806356064522848,26,0.917293887565314
SAA2,-0.14782261948344,-0.054461653723132,0.807548713384677,26,0.917293887565314
SERPINB9,-0.00347636538635409,-0.0461188876105047,0.80802047447145,26,0.917293887565314
GP1BA,-0.0478595397545499,0.0112916829212702,0.80803344469919,26,0.917293887565314
ACAP2,-0.0526194034237501,-0.105968570967718,0.809125322665678,26,0.917353156064211
CNP,-0.00201518470573789,0.0793278073244993,0.809320314670378,26,0.917353156064211
AIFM1,0.0223755287700372,-0.0244282200391714,0.811459407831783,25,0.919076737833864
SERPIND1,0.0027331543320807,0.0513894140909837,0.81243749258682,26,0.919483712097497
GPS1,-0.0270019556734204,0.0258927077652128,0.813121067352117,26,0.919557006153155
THBS2,-0.0970355181384176,-0.0611621989424856,0.814670546499134,26,0.920608693610428
TST,0.0772476221197339,0.0615506100386793,0.816183098063006,26,0.920919922384605
HIBADH,0.0452290334316912,0.0278015354904768,0.816185422463341,24,0.920919922384605
LASP1,0.1035151106686,-0.0184923517707156,0.820019113708058,26,0.923837661403278
PSME1,-0.042335652977733,0.00793875379742552,0.82054493350112,26,0.923837661403278
COPS2,0.0430172330923315,0.00567044914048,0.820636415243827,26,0.923837661403278
RAC2,0.0605850839550441,0.0371001858615155,0.822323765386242,26,0.925036423439785
TNIK,0.0502589905266186,-0.0226776582282451,0.823961305029792,26,0.926177382204442
MVP,0.0467370420111893,0.032537395141187,0.8248985183315,26,0.926202665414088
SMTN,0.0324230745379066,-0.0305431395907999,0.825230369453737,26,0.926202665414088
NHLRC2,0.0399744821641163,-0.0184314806654983,0.826481438929068,26,0.926880512204858
VAMP8,-0.146237315984815,-0.0870293551947713,0.827081802949961,26,0.926880512204858
SEC22B,0.00284373907360345,-0.0736641473247457,0.828732190870429,26,0.927407224690296
EIF4G3,-0.00234799013023931,0.0507247151565688,0.828799996223899,26,0.927407224690296
GP9,0.0513593694896419,0.1242900305323,0.830226913426569,26,0.928304885893064
KPNA4,-0.0916722442220488,-0.0246701240244318,0.832476841555953,26,0.929436175069026
EHBP1L1,0.0304973388235186,0.0490166820125723,0.832489602299377,26,0.929436175069026
PRKACB,0.0496833409635351,0.023840749114048,0.836292976047789,26,0.932981503308569
TXN,-0.0452292788599569,-0.087815294428426,0.838074640651895,26,0.934267753945023
F5,-0.00648607725036359,-0.0481463374714253,0.840728752713731,26,0.935985601783807
UBASH3B,0.131266313981108,0.12733466722707,0.841352825003196,26,0.935985601783807
RAB6A,0.0631569709634207,0.0917735726791663,0.84150522475314,26,0.935985601783807
STON2,0.0193121779927152,-0.033271980612733,0.842438747661869,26,0.936209094431825
TUBB6,-0.0469959023177258,-0.0669034919524158,0.842966196736058,26,0.936209094431825
MADD,0.0231950985330437,0.0344571206656835,0.846434570497292,26,0.938854282004658
IMMT,0.0258547354795804,-0.0244992637337259,0.846611532897875,26,0.938854282004658
TMED9,0.0511432060670495,-0.0282470805513987,0.847809657568142,26,0.939481842763803
MAPK14,0.0548291730765348,-0.0131463772870617,0.849168407519154,26,0.940286329041329
ITPKB,0.0147436726236784,-0.0428185908859006,0.850493492850506,25,0.94064213531693
PSAP,0.0598628801152076,0.0149183636031075,0.850755740152055,26,0.94064213531693
MTMR12,0.0232762462843009,-0.0180289739515726,0.855014406299894,25,0.942895247079696
RUVBL2,-0.0124658916932106,0.0341890446448833,0.855650605609968,26,0.942895247079696
NT5C2,0.0318749729816599,0.0164834395589689,0.85593876409777,26,0.942895247079696
IKBKB,-0.113771276630567,-0.0513922267227707,0.856147902499352,25,0.942895247079696
HK1,-0.0388105150867589,-0.0435334656885647,0.857599067057044,26,0.942895247079696
PKHD1L1,-0.0381471632236325,-0.00131676128152521,0.85773384092906,26,0.942895247079696
CCT7,0.00873858279577016,0.0463123008255757,0.857989682827826,26,0.942895247079696
GSTK1,-0.0492177934542522,0.00538952073019188,0.858055028996962,26,0.942895247079696
RAB5C,0.0133966844987848,-0.0453159820610479,0.858504218909037,26,0.942895247079696
PSMC6,0.0267614424220274,0.0630946681433809,0.859368327707425,26,0.942895724028043
TCP1,-0.0261616228595599,-0.0395846647752531,0.85977369182907,26,0.942895724028043
PSMB9,0.010147621209884,0.0725443694259303,0.861167095609667,26,0.94372736288788
ENO2,-0.0753493350154395,0.0209030933489104,0.861830710564923,25,0.943758611569252
KIF5B,0.0164834902185414,-0.0293563127070956,0.864390667637999,26,0.945391655860982
LAMP1,-0.0943122701664172,-0.00783693529172363,0.864903733298952,25,0.945391655860982
FAF1,-0.0171786450056951,0.0471248088910432,0.86523058679067,26,0.945391655860982
PROC,-0.0485702485047115,-0.0123822079246394,0.867382177492961,26,0.947009380657438
ANGPT1,-0.0493180169752671,-0.0524925422498272,0.869117338926918,25,0.947009380657438
PPIA,0.00335802444947755,-0.0473330681696447,0.86950450922712,26,0.947009380657438
NDUFA9,0.0373598988295219,-0.0110690196034545,0.869833071689931,26,0.947009380657438
USP4,-0.00366709858522994,-0.06479919096903,0.871004975841135,26,0.947009380657438
FKBP8,0.0354508347215398,0.0534559863045364,0.871087198424485,26,0.947009380657438
C4A,-0.0301452815701193,0.0981515460680163,0.871172155692273,26,0.947009380657438
MAPKAPK3,0.016787061828128,-0.0317898996368498,0.872462687348056,26,0.947718971783049
CRACD,-0.0323183861563784,-0.0515153527969027,0.873527796947591,26,0.948182838761227
CTSC,-0.0605312219512478,-0.0039603870215469,0.874736071195912,26,0.948396399506718
KRT10,-0.0163244903155529,0.129863074351291,0.87553479929112,26,0.948396399506718
CD9,-0.0715126133362206,-0.0529187457576367,0.875639206004857,26,0.948396399506718
ABLIM1,-0.0462306159846693,-0.0370182547980556,0.876546363619195,26,0.948687470020484
TMED4,-0.0159481751114983,0.0522168390625921,0.877195555608201,26,0.948699123459815
ACSL4,0.00264272586004856,0.0610415506029255,0.877894592737441,26,0.948764628951154
NEK9,0.0429682903802447,0.0463901562609956,0.879607660076353,26,0.949925132902224
AP2B1,-0.0195250965553842,-0.0471705326018409,0.880721454512244,26,0.950437241398108
INPP5D,0.010643946428493,-0.0433492816953596,0.882307735703942,26,0.951458124278707
STK10,-0.0418020347788402,-0.0151190168875711,0.883708667540242,26,0.951998332169551
SUMO2;SUMO3;SUMO4,-0.0212923559035383,-0.0883809058675998,0.884624730287593,26,0.951998332169551
HSP90B1,0.0210525783000043,0.0358955323594491,0.88473061690858,26,0.951998332169551
COPB2,-0.0358529762763399,-0.0149974167799,0.886174689561266,26,0.952862220468915
STT3B,0.0100605397714486,-0.0385584595458079,0.887568731767996,26,0.95315190371014
SERPINB6,0.0179691237677999,0.0422243203406118,0.887726941275123,26,0.95315190371014
KRT2,-0.0975314397467389,0.0622937748545197,0.88977023325127,26,0.954283052780332
HSPA4,0.0106327390462418,0.0489818842013063,0.890383253047507,26,0.954283052780332
SEPTIN5,0.00871219530295726,-0.0467982530852101,0.89145627824712,26,0.954283052780332
F2,0.0115825792116171,0.0328673971642396,0.891715524082134,26,0.954283052780332
PRKAB1,0.0398861850804181,0.00314178431153156,0.892433713568617,26,0.954283052780332
CS,-0.0150269747744295,-0.0674760214437328,0.89329029254791,26,0.954283052780332
HSPA1A;HSPA1B,-0.0377951295286227,-0.00197680557237262,0.894210274278363,26,0.954283052780332
COX7A2,-0.0835121652288748,-0.0517223400199934,0.894711605843062,26,0.954283052780332
CD84,-0.044827947317384,-0.0446307695722625,0.895205863647676,26,0.954283052780332
TNC,-0.0475966318692584,-0.0213883307927325,0.895588192966429,26,0.954283052780332
EPRS1,-0.00273652213971759,-0.0312003761581804,0.895844453989612,25,0.954283052780332
RSU1,0.0511922530424446,0.023647323228425,0.898028975048582,26,0.955924825875496
ERGIC1,0.0454500229244772,0.0747524879485738,0.899652528675401,26,0.956967543029095
BCR,-0.0143498426648505,0.0242254797805805,0.90136695736489,26,0.957529644987408
CALR,0.0233445200570222,0.0520139628998522,0.901681654520962,26,0.957529644987408
CTSF,-0.0526627720587745,0.0146244869388282,0.902556471418884,26,0.957529644987408
SEC11A,-0.0211840822328108,-0.0469558335802665,0.902758433800376,25,0.957529644987408
ITIH1,0.0174505146625489,0.0245664615741092,0.903490353752838,26,0.957622443421339
ATP5MG,-0.0365424840636838,-0.0663523540690252,0.905231345295119,26,0.958783876770169
CHMP4A,0.0345151383599849,-0.0168517499121581,0.90714577871741,26,0.960127227331959
ITPRID2,0.0149575327870732,0.0409339401266422,0.907965483441422,25,0.960310824479681
ATP5PB,-0.004143330720373,-0.0392040955921312,0.909037057696198,26,0.960760361121302
BSG,-0.0352141815404017,0.00507157202141671,0.910738412206803,26,0.961874399814719
ATP5MK,-0.0335203151804832,0.0205062732948196,0.911768551789439,25,0.96204903455807
BNIP2,0.0291412541583526,0.066229313848174,0.913009027218125,26,0.96204903455807
CALM1;CALM2;CALM3,-0.0818174747256246,-0.0272206467837212,0.913840354751383,24,0.96204903455807
NUDC,0.0475723946726448,0.0199237771999868,0.913878099639307,26,0.96204903455807
SHMT2,-0.0496974300844017,-0.0510585396425546,0.914140805380885,26,0.96204903455807
SND1,0.0287767314084946,0.0072379756122459,0.915302944214236,26,0.962190063366014
PRDX3,0.0280424378932466,-0.0231991841659267,0.915569818034686,26,0.962190063366014
ITGB1,0.0335589091208271,0.0430609698627036,0.918320135678407,26,0.964387926526222
RAB6B,0.032497900555209,0.0447206760161135,0.919320230857256,26,0.964387926526222
EPS15,0.0336245515101159,0.0506704036281666,0.9200851632456,26,0.964387926526222
ARHGEF12,-0.0242562825986536,0.0320399282233006,0.920257119659611,26,0.964387926526222
MGP,-0.0763710761475584,0.0932401751243481,0.921147435974728,26,0.964640655291364
TPM1,0.0585481198852582,0.0186085326320312,0.922753222341729,26,0.965641752394232
KIF13B,-0.00424629214329041,0.0256047593038656,0.924654386318207,26,0.966605881849368
FAH,0.00431832472768129,-0.0515784814715885,0.924975480477659,26,0.966605881849368
PDHB,-0.0313984526849292,-0.033826653284099,0.925631068521307,26,0.966611221238695
VAV1,0.0336761765204668,0.0125325360176378,0.928525917962519,25,0.966766013741445
ANO6,0.0258491190279939,-0.00251389867562635,0.928599638811496,26,0.966766013741445
RELCH,0.0234420016136784,0.0134801524065829,0.929295723712228,26,0.966766013741445
APOOL,0.0225241912179642,0.00226690133257141,0.929298570204955,25,0.966766013741445
EXOC2,0.0296118061798851,-0.00828466211343203,0.929368495118042,26,0.966766013741445
COPG2,0.0286996198096563,0.025694509065789,0.929682795179357,25,0.966766013741445
EIF3I,0.0275514073205693,0.0288564851834893,0.931623017968343,26,0.967690960650381
UACA,0.0106826788284966,0.0228685590384937,0.932676485828882,26,0.967690960650381
SCAMP3,-0.0126963553352665,0.0203412252117657,0.933138199956975,25,0.967690960650381
TRIM58,0.0135258492042319,0.0292760046244144,0.933608562881772,26,0.967690960650381
VCAN,-0.012071016497338,0.074428394471416,0.933828289079842,26,0.967690960650381
STK38,-0.00319537575465044,-0.0373270230449381,0.935211119723611,26,0.967787073864098
TMEM30A,-0.00175192589571746,-0.0249997338712063,0.935450849683361,26,0.967787073864098
RPLP0,0.0294319710575189,-0.0204317151178276,0.935965757734949,26,0.967787073864098
PSMD7,0.0359353713520528,0.0107495495901712,0.936571369987688,26,0.967787073864098
TYMP,-0.0296740208357973,-0.0435972978117752,0.937548895038906,25,0.967787073864098
EIF2S1,0.020788182325411,0.0427562284124127,0.93782865838782,26,0.967787073864098
LY6G6F,-0.0113848525515039,-0.0462940434509378,0.94071827521552,26,0.97009532059005
CAPNS1,-0.0183778927247499,-0.0323732534703351,0.943477354619373,26,0.97136238641637
GOT2,-0.0127978528716558,-0.0367991091785025,0.944227355348324,25,0.97136238641637
CLIP2,-0.0197107463363572,0.00132074979838064,0.9444229797306,25,0.97136238641637
C1S,-0.0139149485534562,0.0111708630008345,0.944561674543509,26,0.97136238641637
PCCA,-0.0232828017829313,0.00359199275473163,0.947140292895448,24,0.973340577622847
PSTPIP2,0.0282071085893795,-0.000305189494440544,0.94899197521563,26,0.974569505992001
SQOR,0.0335429179698745,0.0168763174510383,0.95202439226045,26,0.976857286144587
CAMK1,-0.00684225794124477,0.0167467598164191,0.952534460042737,26,0.976857286144587
CSNK2A1;CSNK2A3,0.0158856117260558,-0.0174608516802668,0.955128541119082,26,0.978842077312384
SFXN1,0.000154383946660696,-0.0330495298562294,0.957367151888707,25,0.979642925015021
ESAM,-0.0255692085708732,-0.026360532728424,0.95757664300143,26,0.979642925015021
ATL1,0.0141696936941994,0.0301670182116962,0.957887732198402,25,0.979642925015021
SQSTM1,0.0241696700950758,0.0199871207361212,0.961063365253169,26,0.982214691035907
PDK1,-0.012289443941186,0.0166303586231366,0.963284947862305,24,0.983808544689612
PRXL2B,-0.0373852932838753,-0.0100125683930397,0.965266749082245,25,0.983809433275301
MDH2,-0.0389806044156398,-0.00787351864398918,0.965753913457429,26,0.983809433275301
MPP7,-0.0227588598843055,-0.0117254663492945,0.966322708878123,26,0.983809433275301
COX4I1,-0.00862005123567865,0.0165541367742439,0.966950553294699,26,0.983809433275301
ARHGEF2,-0.00846267113569711,0.00871688181281194,0.967104032020914,26,0.983809433275301
ELOB,-0.0428528742929965,-0.0288566851256862,0.968886656606496,24,0.983809433275301
FGG,-0.0135575475632884,-0.0178762763122451,0.969619489433534,26,0.983809433275301
RPS6KA3,0.000619727383246834,-0.0132228918207241,0.970045715879726,25,0.983809433275301
PRKCD,-0.014165996573436,0.00633298152828031,0.970342276277003,26,0.983809433275301
PSMC2,0.0271685369589448,0.0275144369553032,0.970502346922624,26,0.983809433275301
SCRN1,0.0301457417772766,-0.00438696618341367,0.970823922283081,26,0.983809433275301
TAOK3,-0.0134059096710122,-0.00874639317358805,0.971230443213234,26,0.983809433275301
EIF3G,0.0259380269264917,-0.0108210650556642,0.972439927637362,25,0.98436357797624
RASA1,0.0140097433369284,-0.00955222909599751,0.973903807074594,26,0.985174307224538
TLN2,-0.0317288132233335,-0.0495457753131929,0.976884358695361,26,0.987517113619936
MAP1S,-0.0267479577994087,-0.0164785897496825,0.980065686586029,25,0.990059558305126
IKBKG,-0.0088980289031403,-0.0180349216133572,0.981653934818793,25,0.99051153476714
DUSP3,0.00540644482119187,0.0156152187147995,0.981862054603614,26,0.99051153476714
PCSK6,0.00389305277311342,0.019073434396605,0.982512787514646,26,0.99051153476714
MGLL,-0.0143439677080219,-0.00081228722782946,0.984576480540784,26,0.991919084802445
FKBP15,-0.00919050271669867,-0.0121381783421903,0.985515030864905,26,0.992111294718004
IDH2,0.0116746435508915,-0.00958238252687028,0.986102545288353,26,0.992111294718004
NACA,0.020976129446691,0.0250077969997772,0.989444563947177,26,0.994800150220234
KGD4,-0.014986974318003,0.00466000959531925,0.991360071629611,25,0.99605210712752
PROZ,0.00741484689217479,0.00790310186329462,0.992600112563812,26,0.996390932539968
BET1,7.53318858404546e-05,-0.0204271998430943,0.993313849947192,26,0.996390932539968
VPS37A,0.0123193473571737,0.0011717273222556,0.994312549756292,26,0.996390932539968
SLC44A2,-0.00381788467958856,-0.0138710914246941,0.994379376148568,24,0.996390932539968
ACO2,-0.0031598626230969,0.00276575806736247,0.99627917786768,26,0.997372686495406
DPM1,0.0076302554190296,0.00620760044072512,0.996701507029393,26,0.997372686495406
EPHX2,0.00310250065151365,-0.000907307695484535,0.998944124449355,25,0.998944124449355
