Protein.Group,Genes,Estimate,SE,p,n_ID,q
O00231,PSMD11,-0.256466798453908,0.0524167216865384,9.9389607229375e-07,26,0.00153556943169384
Q4LDE5,SVEP1,0.456307633517632,0.098106659001677,3.3010793989958e-06,26,0.00198417263180398
Q16820,MEP1B,0.608664768072802,0.131769264970623,3.85276239185238e-06,21,0.00198417263180398
Q9HDC9,APMAP,0.447444361273234,0.101465228957557,1.03452031723441e-05,26,0.00399583472531791
Q9NYL9,TMOD3,-0.519910123944678,0.122739506047908,2.27655822146905e-05,26,0.00554715131857844
P39060,COL18A1,0.565156445159529,0.133619407813716,2.34108771395803e-05,25,0.00554715131857844
P24821,TNC,0.482477222237641,0.115280710956454,2.84867360478117e-05,26,0.00554715131857844
O60462,NRP2,0.529404599754793,0.126550072944036,2.87231136237072e-05,26,0.00554715131857844
Q9BTV4,TMEM43,-0.289543987760543,0.0702264075502733,3.73957916898586e-05,26,0.0055883506230472
P11717,IGF2R,0.464720917003399,0.113768904254296,4.4118643311044e-05,26,0.0055883506230472
Q14392,LRRC32,-0.293776143953075,0.0722487994059745,4.77913889168989e-05,25,0.0055883506230472
Q07507,DPT,0.920456628801519,0.227047468642543,5.03433444702731e-05,26,0.0055883506230472
Q9H7D0,DOCK5,-0.282359031496154,0.0700253688850623,5.52479309347795e-05,26,0.0055883506230472
Q6P4E1,GOLM2,0.641711068547642,0.159447659846049,5.7075255313566e-05,26,0.0055883506230472
P56134,ATP5MF,-0.672572962624956,0.16717728161139,5.74341159256385e-05,26,0.0055883506230472
P50402,EMD,-0.359141529655189,0.0896670577120983,6.19444810143622e-05,26,0.0055883506230472
Q9NS62,THSD1,0.698845780252937,0.175044203899979,6.54090213558975e-05,25,0.0055883506230472
O60313,OPA1,-0.232194254707463,0.0581605912610677,6.54368152222182e-05,26,0.0055883506230472
Q14697,GANAB,-0.160728012361175,0.0403803075337076,6.88120455406172e-05,26,0.0055883506230472
P26022,PTX3,0.474060538455654,0.119776034371434,7.56143148327916e-05,26,0.0055883506230472
P48444,ARCN1,-0.273711516101348,0.0693307353478214,7.88363687027385e-05,26,0.0055883506230472
Q9BXN1,ASPN,0.493601415477774,0.125099333868477,7.95752192278566e-05,26,0.0055883506230472
P09668,CTSH,0.735011181976525,0.186791071892027,8.32183703630636e-05,23,0.0055901035743884
Q9Y6Z7,COLEC10,0.871243906168311,0.222284373306845,8.8732356145949e-05,26,0.00571214542689547
P55285,CDH6,0.633058487160948,0.163276650584474,0.000105659493017768,26,0.00648137914431768
O95810,CAVIN2,-0.359201676051702,0.0928783371966095,0.000109982519935627,26,0.00648137914431768
Q9NR99,MXRA5,0.595791877991551,0.154339864165445,0.000113266819997785,26,0.00648137914431768
Q9HBW9,ADGRL4,0.488297427743311,0.128222333281754,0.000139977014266929,26,0.00746091807814948
Q15833,STXBP2,-0.270492844996221,0.0710310671353603,0.000140043122502482,26,0.00746091807814948
P78509,RELN,0.381656589756366,0.101121685538453,0.000160502056289123,26,0.00802525699692618
P12814,ACTN1,-0.424373296856919,0.112463824702735,0.000161024574048357,26,0.00802525699692618
P14151,SELL,0.740508479497052,0.199424005210918,0.000204625565219424,26,0.00978296421251141
Q9HCL0,PCDH18,0.592432174838194,0.159774166034985,0.000208956517160438,26,0.00978296421251141
Q99715,COL12A1,0.3797452050481,0.103051826726916,0.000228709405998436,26,0.0101305235734647
Q9UNM6,PSMD13,-0.236189265234705,0.064110089135461,0.000229494061534799,26,0.0101305235734647
Q9NY65,TUBA8,-0.486483156426967,0.133880593247956,0.000279375622061718,26,0.0119898704468154
P13591,NCAM1,0.370202217996261,0.102905516801266,0.000321295040324263,26,0.0131670339361277
P01137,TGFB1,-0.220048741137333,0.0612022499005792,0.000323849378364305,26,0.0131670339361277
Q15436,SEC23A,-0.276029767990908,0.0776956762695266,0.000381292720623027,26,0.0148028950331893
O75791,GRAP2,-0.251841011578899,0.0709139719278958,0.000383246473351178,26,0.0148028950331893
P22105,TNXB,0.37351407369792,0.105464012374235,0.000397669088544236,26,0.0149853351658743
P33151,CDH5,0.543188322634644,0.153777697225826,0.000411968169272725,26,0.0151545433696752
P30101,PDIA3,0.30804524158557,0.0877047412173409,0.000444248532290398,26,0.0156284117097196
Q9C0C9,UBE2O,-0.235465346077703,0.0670497388552557,0.000445080980729877,26,0.0156284117097196
Q96JQ0,DCHS1,0.540509045405785,0.154215090456726,0.000456772424480311,21,0.0156825199071574
P05154,SERPINA5,0.564844065313143,0.161845818636376,0.000482996444775205,26,0.0160685360952871
P05090,APOD,0.605839576142732,0.173751758144829,0.00048881630840032,26,0.0160685360952871
Q8N2S1,LTBP4,0.651542254969988,0.1874358314676,0.000508797349055674,25,0.0161201040585561
P49748,ACADVL,-0.277891808531071,0.0800093992741671,0.000514216207269848,26,0.0161201040585561
O43707,ACTN4,-0.242201134714537,0.0698113321438284,0.000521686215487252,26,0.0161201040585561
Q02952,AKAP12,0.561485885337332,0.162256329403539,0.000539199678001708,26,0.01633457848064
Q99542,MMP19,0.372572754700569,0.108078570480029,0.000566345554663791,26,0.0167101066695434
P55072,VCP,-0.29439936192499,0.0855234600348595,0.000576741444255248,26,0.0167101066695434
O95831,AIFM1,-0.193116604631097,0.0561561992171575,0.000584042563207344,25,0.0167101066695434
P78371,CCT2,-0.23173183012272,0.0676999009628797,0.000619506743808856,26,0.0171433490051522
Q6UVK1,CSPG4,0.459436129300609,0.134255311499331,0.000621377051319434,26,0.0171433490051522
O14786,NRP1,0.41065041361397,0.120475224650462,0.000653000028128107,26,0.0173614642884635
Q14974,KPNB1,-0.212297985646854,0.0623531784894028,0.000662207577274475,26,0.0173614642884635
Q9HCN6,GP6,-0.264665199199909,0.0777411452162625,0.000662994429138735,26,0.0173614642884635
P16070,CD44,0.723256531895242,0.213309327512165,0.000697279677209655,26,0.0179549516881486
Q0VD83,APOBR,0.36982911796159,0.109616683426228,0.000741275218923133,26,0.018774921528463
P61160,ACTR2,-0.222313934925965,0.0663372340193287,0.000804420371673225,26,0.0200456366812118
P51693,APLP1,0.801805066100535,0.23987378858753,0.000829937784206144,25,0.0201679506366785
Q14517,FAT1,0.43691779473881,0.130783197554241,0.00083543614287859,26,0.0201679506366785
Q99983,OMD,0.447339341530492,0.134305893627293,0.000866123822848521,26,0.0205696341301766
Q86SQ4,ADGRG6,0.488094346695579,0.146718788058358,0.000878702817211429,25,0.0205696341301766
Q8NI99,ANGPTL6,0.370634203078389,0.111577554398083,0.0008945060512428,26,0.0206270425249273
O75558,STX11,-0.205636390367063,0.0621464692229537,0.000936636163435132,26,0.0212809245956953
P05019,IGF1,0.538654089313378,0.163264818562954,0.000969379563950891,26,0.0217056728449874
P11047,LAMC1,0.386527042640103,0.117517687448192,0.00100509471056106,26,0.022183876111669
P08567,PLEK,-0.427190586682462,0.130366449896909,0.00104974158427603,26,0.0226161760465772
P10645,CHGA,0.479752821279129,0.146457545789012,0.00105395771867544,26,0.0226161760465772
P49746,THBS3,0.442226137909145,0.135491641427902,0.00109904344794553,26,0.0232605770832307
P00451,F8,0.272010370056768,0.083534567982122,0.00112889859034579,26,0.0234996745573549
Q5VWC8,HACD4,-0.398269239301008,0.122420367962524,0.00114076090084247,26,0.0234996745573549
P07585,DCN,0.42670605558019,0.131816061939095,0.00120737346468634,25,0.0245446316176368
P07437,TUBB,-0.376495502374362,0.117569211628128,0.00136320377087646,26,0.0273525951429109
P01019,AGT,0.278290311228057,0.0874850976714731,0.00146766381485246,26,0.0288318291732275
P51575,P2RX1,-0.422054917290142,0.132733972062342,0.00147424887034626,26,0.0288318291732275
O00391,QSOX1,0.444356019494006,0.140019034143318,0.00150592098357308,26,0.0290830989952551
P08493,MGP,1.1762386671944,0.371525717330373,0.00154567603641113,26,0.0291387055134898
P98160,HSPG2,0.280658193605543,0.0886903611712188,0.00155364435809034,26,0.0291387055134898
P35030,PRSS3,0.621351455048898,0.196488328713141,0.00156538029619395,25,0.0291387055134898
Q05707,COL14A1,0.607176603364287,0.19351846425885,0.0017035796804068,24,0.0313336976931965
P24534,EEF1B2,-0.299016261818982,0.0954392244847046,0.00172997501521052,26,0.0314448399823558
P15531,NME1,0.342777744983864,0.110014713717171,0.00183481139053462,26,0.0329625999811162
Q8IZF2,ADGRF5,0.371360103469629,0.119709676833518,0.00192105784690817,26,0.0341153376261279
Q8IUK5,PLXDC1,0.407248353930293,0.131484909517956,0.00195291406141036,26,0.0342869571008979
Q14254,FLOT2,-0.316475244733787,0.102471546471126,0.0020122339243161,26,0.0349314765513301
P49247,RPIA,-0.336379202857956,0.109181038173949,0.00206354730747449,26,0.035424228778312
P17252,PRKCA,-0.29884805010035,0.0973234698506214,0.00213580599107036,26,0.0362617610571836
Q96KN2,CNDP1,0.721134987139656,0.235424131968894,0.00219034057332503,26,0.0367834368020345
Q8WUJ3,CEMIP,0.34306608125599,0.11235835414715,0.00226323974319982,26,0.0375059366322565
Q9H2G2,SLK,-0.153172297325281,0.0502063665625255,0.00228191459121819,26,0.0375059366322565
A2RRP1,NBAS,-0.276673499186648,0.0909225362263839,0.00234264682867624,26,0.0380988352663662
O94985,CLSTN1,0.464758612845765,0.153201038127413,0.00241613081067399,26,0.0388846052342846
P98095,FBLN2,0.436252503982788,0.144135450727455,0.00247252052496251,26,0.0393818990831658
Q76LX8,ADAMTS13,0.275294310791778,0.0914224583792221,0.00260189234877473,26,0.0408605071825396
P48426,PIP4K2A,-0.284177218651792,0.0945205914544362,0.00264264301755269,26,0.0408605071825396
O60229,KALRN,-0.278085121167072,0.0925720194247612,0.00266466916255846,26,0.0408605071825396
Q9HCM2,PLXNA4,-0.301164818321334,0.100327668057567,0.00268377683446919,26,0.0408605071825396
P52907,CAPZA1,-0.299768157898677,0.100077006806178,0.00274107680480439,26,0.0408605071825396
P63000,RAC1,-0.353124456316088,0.117948957813248,0.0027545861725986,26,0.0408605071825396
Q9NY97,B3GNT2,0.454802583994107,0.151971850640209,0.00276542722072634,26,0.0408605071825396
Q8NBJ4,GOLM1,0.508560283274547,0.17005014163005,0.00278385293198502,26,0.0408605071825396
Q6EMK4,VASN,0.532288715237607,0.178172260579992,0.00281274011277871,26,0.0408605071825396
Q9H159,CDH19,0.459487834584866,0.154061643616231,0.00285910817098175,26,0.0408605071825396
P02652,APOA2,0.392460421980518,0.131676422695237,0.00287786485962165,26,0.0408605071825396
Q6E0U4,DMKN,0.417173276203478,0.13999218825465,0.00288271539346072,26,0.0408605071825396
P18206,VCL,0.260339765950786,0.0876323203733346,0.00297006730556504,26,0.0417159453372544
Q92673,SORL1,0.720220076837356,0.242695462112239,0.0030014660872325,26,0.0417755051053057
Q9Y2B0,CNPY2,-0.432332305165401,0.14587216740657,0.00303890244716231,26,0.0417755051053057
Q99623,PHB2,-0.292005303231468,0.098580300161407,0.00305542529249161,26,0.0417755051053057
Q13561,DCTN2,-0.191951159161929,0.0649450745066113,0.00312069352251245,26,0.0421430138887654
P19320,VCAM1,0.389623951590364,0.131897153932146,0.00313685863896959,26,0.0421430138887654
O00194,RAB27B,-0.36702769211476,0.12462415153378,0.00322874552493437,26,0.0430035503105484
P01599,IGKV1-17,0.770655012437687,0.262300673915897,0.00330273527270147,26,0.043592475124822
Q8N307,MUC20,0.439192559929178,0.149621852614837,0.00333171257881607,26,0.043592475124822
Q04637,EIF4G1,-0.173995186886676,0.0593243469392744,0.00335760811641024,26,0.043592475124822
P16284,PECAM1,-0.330768544089012,0.113345996844199,0.00352035987399755,26,0.0453246333777184
Q8NE86,MCU,-0.295064892325062,0.1014273522651,0.00362441384953678,26,0.0458027129936234
Q9Y240,CLEC11A,0.495137217156358,0.170227952929511,0.00362967883030299,26,0.0458027129936234
P68366,TUBA4A,-0.48211024289932,0.165831377377178,0.00364642957813312,26,0.0458027129936234
Q8WWA0,ITLN1,0.453389364014166,0.156622837662221,0.00379418902581588,26,0.0472743713297221
P01130,LDLR,0.410555112544033,0.142025025890987,0.00384355840552885,26,0.0475063818923366
P13727,PRG2,0.306747322938897,0.106280455160919,0.00389916437367123,26,0.0478111822009687
Q14767,LTBP2,0.477308346654165,0.165863411589359,0.00400561341596933,26,0.0487297065171072
P43251,BTD,0.522785699252047,0.183077606518844,0.00429635104854557,26,0.0517097892430426
P06727,APOA4,0.316101489439169,0.110844057940778,0.00434768786421922,26,0.0517097892430426
Q8WXG6,MADD,-0.154907288412836,0.0543299585016538,0.0043550251276781,26,0.0517097892430426
Q13201,MMRN1,-0.3688101983497,0.129643797501351,0.00444398293206674,26,0.0517097892430426
Q15738,NSDHL,-0.323312422778422,0.113734845234268,0.00447351560635291,26,0.0517097892430426
A0A0B4J1X5,IGHV3-74,0.684874259492112,0.241016934191571,0.0044887456884095,25,0.0517097892430426
Q96EE4,CCDC126,0.499261231880936,0.175807702211556,0.00451397987436539,26,0.0517097892430426
P27487,DPP4,0.481048862788579,0.169412814070748,0.00451833109890664,26,0.0517097892430426
P55809,OXCT1,-0.318739162179067,0.112363663084518,0.00455860290267169,25,0.0517870697399101
Q5JRA6,MIA3,0.706343975088443,0.249417711362183,0.00462618993953673,26,0.0518390465930685
O94826,TOMM70,-0.232085511025681,0.0819600946297816,0.00463028377336146,26,0.0518390465930685
Q70J99,UNC13D,-0.238803533224178,0.0844469967171585,0.00468615961684592,26,0.0520871698419205
P52306,RAP1GDS1,-0.187409093990803,0.0663745852391367,0.00475014155576979,26,0.0524212050261737
Q96C24,SYTL4,-0.294273028900011,0.104434307874598,0.00483567508527206,26,0.0529866525301088
Q9H251,CDH23,0.632883824334031,0.225028186499557,0.00491634240036439,26,0.0534911902011478
P07203,GPX1,-0.398182395769548,0.142340847305901,0.00515178294619462,26,0.0556608716914034
P30273,FCER1G,0.513980475832659,0.184154737218019,0.00525414135253792,26,0.0558323161799787
Q9Y315,DERA,-0.201649073357219,0.0722563833049789,0.00525870351665264,26,0.0558323161799787
Q9UNZ2,NSFL1C,-0.346624484895165,0.124252547849834,0.0052760635354543,25,0.0558323161799787
Q9NQC3,RTN4,-0.459530885700682,0.165278957870119,0.00543028331006534,26,0.0566850647272756
Q08830,FGL1,0.420123303845883,0.151106773097662,0.00543074365659382,26,0.0566850647272756
P23471,PTPRZ1,0.464776999988896,0.167410605737849,0.00549865670813741,26,0.0566850647272756
Q7Z7G0,ABI3BP,0.485024701412508,0.174721396076091,0.00550340434245394,26,0.0566850647272756
O43157,PLXNB1,0.371144102516931,0.133908999171612,0.00557790784558154,26,0.0570719710028045
Q14203,DCTN1,-0.207075167645299,0.0747799264504991,0.00562065960855441,26,0.0570989993283153
Q96F07,CYFIP2,-0.745974868970187,0.269609486982239,0.0056597018155295,26,0.0570989993283153
Q9H267,VPS33B,-0.194828843357537,0.0705509972315363,0.00575308613571903,25,0.0570989993283153
Q15042,RAB3GAP1,-0.205911270273638,0.0745869446103725,0.00576797798162404,26,0.0570989993283153
A0A0A0MT36,IGKV6D-21,0.636071981638171,0.230404970991837,0.00576830126111049,23,0.0570989993283153
Q9BWM7,SFXN3,-0.265535496831616,0.0962521110088237,0.00580229313562816,26,0.0570989993283153
Q16836,HADH,-0.300985691401639,0.109201842294324,0.00584713776790245,26,0.0571761256418309
P55291,CDH15,0.432938678901725,0.157333840473367,0.00592831810503296,26,0.0574057722061739
O00187,MASP2,0.433590007664823,0.157623055177959,0.00594493433850345,26,0.0574057722061739
P30153,PPP2R1A,-0.196698861661529,0.0718164142735886,0.00616428110879263,26,0.0591541261682274
A0A075B6J9,IGLV2-18,0.434080257927756,0.15867090270568,0.0062242657453072,26,0.0593610529413557
P58335,ANTXR2,0.472632612930567,0.173357309032451,0.00640391493199045,26,0.060275039100655
P01593;P01594,IGKV1-33;IGKV1D-33,0.88744090516947,0.325614368329795,0.00642167540829408,26,0.060275039100655
Q9BX67,JAM3,-0.240628665001075,0.0883394885678701,0.00645144188717961,23,0.060275039100655
P23219,PTGS1,-0.260034177489722,0.0955079124913737,0.00647615306841989,26,0.060275039100655
Q9ULI3,HEG1,0.330772714959942,0.121732931201638,0.00658368198784035,26,0.0609089141988823
P10721,KIT,0.43958951183059,0.162270694757985,0.00674885964340534,26,0.0620654056491741
P22792,CPN2,0.252200205484233,0.0932426214057522,0.00683509018722836,26,0.0624864753802829
P23526,AHCY,-0.241802363245084,0.0896366498330398,0.00698447293009475,26,0.0634765333940964
P08311,CTSG,0.430950858552592,0.160303632333661,0.00718079824023483,26,0.0648489539151875
Q8NBX0,SCCPDH,-0.488775870159603,0.181974779108381,0.00723230637063023,26,0.0648489539151875
Q8TER0,SNED1,0.354285352730627,0.131968920065907,0.00726140390118281,26,0.0648489539151875
P80108,GPLD1,0.475986103300637,0.177880412677174,0.00745339956050425,26,0.0661810478217187
Q9NRY5,FAM114A2,-0.24536455156075,0.0920481129019871,0.00768483358563516,26,0.0676177270041347
P04899,GNAI2,-0.232382346469845,0.0872354910985106,0.00772517815714551,26,0.0676177270041347
P68133,ACTA1,-0.407578089192611,0.153102511804955,0.00776489389878204,26,0.0676177270041347
P10809,HSPD1,-0.264042926007489,0.0993589474856503,0.00787307636025864,26,0.0676177270041347
O95967,EFEMP2,0.531653076049248,0.200126442656619,0.00789363493096243,26,0.0676177270041347
Q6V0I7,FAT4,0.367182506177394,0.13828123446319,0.0079230524799092,26,0.0676177270041347
P23368,ME2,-0.2959305551612,0.111517152487113,0.00796198895397129,26,0.0676177270041347
Q07954,LRP1,0.312745302757951,0.117859824947913,0.00796532447556797,26,0.0676177270041347
P35579,MYH9,-0.382477306746195,0.144617804066682,0.0081752345230105,26,0.0688707459128668
P11362,FGFR1,0.247190475787484,0.0935447817673209,0.0082300648114349,26,0.0688707459128668
Q5SQ64,LY6G6F,-0.369925281897801,0.140043897803899,0.00825409801301451,26,0.0688707459128668
P13489,RNH1,0.467768412853745,0.17766267384759,0.00846587658636075,26,0.0688707459128668
Q9P0L0,VAPA,-0.314307690896939,0.119396786352023,0.00847681123525027,26,0.0688707459128668
P62993,GRB2,-0.205471291673758,0.0781735393101026,0.00857877002475975,26,0.0688707459128668
P62805,H4C1,0.732416447484698,0.278670894941557,0.00858257156090729,26,0.0688707459128668
Q9NXR7,BABAM2,-0.281574701506304,0.107185569209057,0.00861455589279475,26,0.0688707459128668
P16615,ATP2A2,-0.249674494209981,0.0950535793110575,0.00862246192980739,26,0.0688707459128668
P01602,IGKV1-5,0.616877601157166,0.234888502368096,0.00863295787938955,26,0.0688707459128668
Q9NQ75,CASS4,-0.198137149201612,0.0754730646164476,0.00865803590068223,26,0.0688707459128668
Q8NBZ7,UXS1,-0.249300435990078,0.0949892051122878,0.00867728933542767,25,0.0688707459128668
P42768,WAS,-0.267097907345342,0.101793471015813,0.00869242424142979,26,0.0688707459128668
O14617,AP3D1,-0.18098157681294,0.0690886361601231,0.00880442206430871,26,0.0694022045375355
Q92859,NEO1,0.285858965851976,0.109296268785341,0.00891098723067228,26,0.0696853566038631
P13224,GP1BB,-0.39249408592621,0.1501104844016,0.00893055055505819,26,0.0696853566038631
Q8IYD1,GSPT2,-0.31065928771638,0.119034552179971,0.00905886900647146,25,0.0703314201758714
Q96P48,ARAP1,-0.182913058618164,0.0701699050379568,0.00914149772509184,26,0.0706180699263344
Q13045,FLII,-0.160668049575797,0.061712735770227,0.00922818828475664,26,0.0709330890544727
Q6ZNJ1,NBEAL2,-0.225996644215878,0.0868649877236792,0.00927629412565394,26,0.0709498733868086
Q9UJZ1,STOML2,-0.37764477905726,0.145533018851703,0.00946162713246347,26,0.072010906008158
P07476,IVL,0.307318806917612,0.118551468892698,0.00953416593293743,26,0.0720849060498136
Q08174,PCDH1,0.403795890682028,0.155834576028393,0.0095646639095222,26,0.0720849060498136
Q8TDL5,BPIFB1,0.376361267476207,0.145512020039469,0.00969669447315386,26,0.072725208548654
Q03518,TAP1,0.315773518817996,0.122362320647605,0.00986163812497472,25,0.0736049802081447
P05387,RPLP2,0.251365909832441,0.0974713330817527,0.00991240437475173,25,0.0736281959566895
Q06828,FMOD,0.367314062278439,0.142914223009341,0.0101648181003148,26,0.0746052792400597
Q13576,IQGAP2,-0.192453329734294,0.0748978076807924,0.0101831998404767,26,0.0746052792400597
Q32P44,EML3,0.278943941667255,0.108578060881859,0.0101973746468989,26,0.0746052792400597
P05060,CHGB,0.434041906437592,0.169038130336079,0.0102370998051085,26,0.0746052792400597
Q96FS4,SIPA1,0.417947247796339,0.162941549890313,0.0103171840724746,26,0.0748359126383721
P01859,IGHG2,0.401188162481739,0.156654931983017,0.0104381172179616,26,0.0753593042137885
Q92187,ST8SIA4,0.411355521528779,0.160891538500399,0.0105662518975206,26,0.0759295775891599
Q93084,ATP2A3,-0.295163041214831,0.11565265233017,0.0107060084421872,26,0.0764582266277857
P04844,RPN2,-0.294109550444639,0.115287995098341,0.0107387929956178,26,0.0764582266277857
O60279,SUSD5,0.351348712688818,0.138175181241809,0.010997530157198,26,0.0779412114351878
P49641,MAN2A2,0.23963937613398,0.0946104715632514,0.0113121471092872,26,0.0798048734422319
Q9Y5S2,CDC42BPB,-0.134837281315673,0.0532843868129272,0.011389313578969,26,0.0799840430886688
P35542,SAA4,0.442006695286363,0.175118987196594,0.011601592029903,26,0.0811061524262453
P04278,SHBG,0.484857056789378,0.192345498055876,0.0117101312218434,26,0.0814961835033698
Q99798,ACO2,-0.194707314910511,0.0774359526558953,0.0119224826381527,26,0.0822070388278004
Q15293,RCN1,0.326326408986779,0.129799051502769,0.0119340205047603,26,0.0822070388278004
Q86TH1,ADAMTSL2,0.313070689446315,0.124581867728864,0.0119718988584175,26,0.0822070388278004
P31930,UQCRC1,-0.290671585413529,0.115749675191239,0.0120318558891079,26,0.0822531741091668
P10643,C7,0.552338850666284,0.22032610275346,0.0121789934620394,26,0.0828922682768763
O15031,PLXNB2,0.167384740891913,0.0670175113135972,0.0125027696819177,26,0.0840812638087479
Q14515,SPARCL1,0.283802125955929,0.113674404080907,0.0125382195122523,26,0.0840812638087479
P50851,LRBA,-0.201563852532284,0.0807549402527305,0.0125604698925167,26,0.0840812638087479
P60174,TPI1,0.374183729397908,0.149958765023497,0.0125870494538765,26,0.0840812638087479
P63104,YWHAZ,-0.315145719701879,0.126353781503743,0.0126257949538055,26,0.0840812638087479
Q9UBP4,DKK3,0.397722802445083,0.159613105486903,0.0127100124285656,26,0.0842788377773987
Q9Y287,ITM2B,0.339856229837208,0.136527708420983,0.0128000698583616,26,0.0844943283382773
P07996,THBS1,-0.332389018774339,0.133676911414032,0.0129002830704601,26,0.0844943283382773
Q6NVY1,HIBCH,-0.277322212487441,0.111538476170828,0.0129065770147789,26,0.0844943283382773
Q8IVT5,KSR1,-0.281386109180489,0.113322659964312,0.0130261903850546,26,0.0849175702316851
P08294,SOD3,0.494528351672218,0.200140023354568,0.0134769041373396,26,0.0870356136473496
P40939,HADHA,-0.344330078934662,0.139396075541908,0.0135054070431387,26,0.0870356136473496
Q9GZX9,TWSG1,0.398663535596761,0.161417445786831,0.0135200953238601,25,0.0870356136473496
Q13103,SPP2,0.323343085446538,0.131011892706198,0.0135853707200813,26,0.0870929367739652
O43150,ASAP2,-0.206538522105836,0.0838172651318253,0.0137337670310765,26,0.0874141654970941
P40197,GP5,-0.280886377542549,0.114006984525396,0.0137486357383779,26,0.0874141654970941
Q00610,CLTC,-0.310070551742507,0.126072242665321,0.0139143392794216,26,0.0881051401094521
Q9UGP4,LIMD1,-0.306288442584138,0.124875295856343,0.0141767059470609,24,0.0894000436253432
P57075,UBASH3A,-0.249312251453074,0.102199258920855,0.014708734164235,26,0.092378025543671
Q02108,GUCY1A1,-0.240305057206299,0.0986042273481791,0.0148069569010675,26,0.0926184146240862
P01871,IGHM,0.171871448624806,0.0708761591241781,0.015310312854884,26,0.0950203568378225
O15117,FYB1,-0.169765492542657,0.0700102040987746,0.0153139604224063,26,0.0950203568378225
P02647,APOA1,0.113698741685082,0.0469916823405977,0.0155397090410548,26,0.0956952339154999
P22695,UQCRC2,-0.233387055806166,0.0964652872723489,0.0155466043448482,26,0.0956952339154999
O60256,PRPSAP2,-0.265754320437558,0.109944478057291,0.0156417777985498,25,0.0958989948363472
Q9H4B7,TUBB1,-0.30620883501559,0.127079197929831,0.0159704322486195,26,0.0975269479214117
P55157,MTTP,0.446622598004083,0.185671133718386,0.0161525694296522,24,0.0981292206347413
Q9Y6F6,IRAG1,-0.243747379884207,0.101372744027883,0.0161960849591321,26,0.0981292206347413
P16452,EPB42,0.484824420522327,0.202105606830838,0.0164458980602825,26,0.0992535644653767
P10909,CLU,0.18617755766159,0.0778195960946097,0.0167374423583022,26,0.100620032854385
P50416,CPT1A,-0.236391586172612,0.0989445393456097,0.0168882236159622,26,0.101068253816082
Q96PD5,PGLYRP2,0.393142343891638,0.164636198902851,0.016942833487615,26,0.101068253816082
Q99961,SH3GL1,0.280404145936275,0.117747248103833,0.0172466350257707,25,0.102399617094261
P08697,SERPINF2,0.394715576664387,0.165826019473876,0.0172985760916519,26,0.102399617094261
P30740,SERPINB1,-0.111369044424856,0.0468198028374603,0.0173750378234799,26,0.102459669607926
P24557,TBXAS1,-0.344613209794433,0.145142969978411,0.017582174476436,26,0.103012748560545
O00429,DNM1L,-0.142449980896999,0.0600212528909926,0.0176287121225815,26,0.103012748560545
Q9Y4I1,MYO5A,-0.211993903957194,0.0893551921605516,0.0176688533129737,26,0.103012748560545
Q8IZ83,ALDH16A1,-0.158624272811133,0.0669213161182422,0.017773170533154,26,0.10323138523956
P07333,CSF1R,0.407374617437827,0.172267811649161,0.0180410268673523,26,0.104394706030185
A0A075B6S5,IGKV1-27,0.454458671048045,0.192327763746385,0.0181306797388257,26,0.104522015658529
Q07866,KLC1,0.245016427482636,0.1038514175536,0.0183095527930096,26,0.104563118531684
Q6EEV6;P55854;P61956,SUMO2;SUMO3;SUMO4,0.325083527118048,0.137885582505254,0.018391891689809,25,0.104563118531684
Q02153,GUCY1B1,-0.129041180270875,0.0547454195425751,0.0184176050123732,26,0.104563118531684
Q9BXJ4,C1QTNF3,0.485934562455842,0.206252049220224,0.0184717761951086,26,0.104563118531684
P06576,ATP5F1B,-0.28155556013234,0.119530304324282,0.0184969938586185,26,0.104563118531684
Q9H7J1,PPP1R3E,-0.188862000486706,0.0802106394536556,0.0185438799208295,26,0.104563118531684
O15143,ARPC1B,0.354459219801737,0.150670604735512,0.0186454861306051,26,0.104753731170127
Q14571,ITPR2,-0.182466428060899,0.077706893085382,0.0188675818819895,26,0.105617442056789
Q02218,OGDH,-0.192963200624607,0.0823870603018372,0.0191727908944059,26,0.106938490728726
P43121,MCAM,0.433357599181032,0.185596492745047,0.019546295135621,26,0.108629589872426
P51659,HSD17B4,-0.301534209921911,0.129234038990326,0.0196354791624115,26,0.108734105039161
Q9HBI1,PARVB,-0.279063454301306,0.119704085950661,0.0197387265433901,26,0.108915473248349
P12111,COL6A3,0.304615371109398,0.130837936341439,0.0199020996645527,26,0.109426135166313
Q9UP79,ADAMTS8,0.549271668030731,0.236344980605426,0.0201241486270401,25,0.110254644073677
Q9Y224,RTRAF,-0.142982379967719,0.0616143463882544,0.0203083302038409,26,0.110870565953831
P80748,IGLV3-21,0.518441953290553,0.224576809151625,0.0209697623027298,24,0.114078460414498
O43182,ARHGAP6,-0.192070684495558,0.0832531768520692,0.0210510668532993,26,0.114118941362622
Q8WUA8,TSKU,0.439409724686279,0.19077943971933,0.0212656711891634,25,0.114517642766995
Q9UNF1,MAGED2,-0.217014778340036,0.0942269871592139,0.0212728566175583,26,0.114517642766995
P60842,EIF4A1,-0.208421532164938,0.0905545631337901,0.0213570235349589,26,0.114571532505248
Q14766,LTBP1,-0.231198557872058,0.100555131232668,0.0214923431818612,26,0.114827203457999
Q7L7X3,TAOK1,-0.159624036931057,0.069457661996589,0.0215533262154172,26,0.114827203457999
P08962,CD63,0.604835216439844,0.263904120013078,0.0219128656963977,26,0.116341503439637
P07225,PROS1,0.167290242922537,0.0731574669711544,0.0222124908645403,26,0.11752841912916
P35916,FLT4,0.271893427377925,0.119195338568504,0.0225440486869762,26,0.118645522421439
P02654,APOC1,0.386475124989776,0.169578545194649,0.0226650951530894,26,0.118645522421439
Q01082,SPTBN1,-0.170609350197014,0.0748715294870748,0.0226852257684491,26,0.118645522421439
P11171,EPB41,0.410438577860672,0.180180563591932,0.0227307926451429,26,0.118645522421439
Q9P1Z2,CALCOCO1,-0.2012239353604,0.0884025702912633,0.0228326852058879,26,0.118776089707397
Q2PZI1,DPY19L1,-0.290911802205423,0.128204035142486,0.02326033617647,25,0.12023933487706
P04180,LCAT,0.526790732157859,0.232170854328423,0.0232696188532303,26,0.12023933487706
P42345,MTOR,-0.164216647953488,0.0724832173896713,0.0234770090523817,26,0.120827833528186
Q96J42,TXNDC15,0.286835987852432,0.126663217613881,0.0235399209656854,26,0.120827833528186
Q16555,DPYSL2,-0.238900257948727,0.10592358699593,0.0241081144379606,26,0.122595572779218
Q9Y4E8,USP15,-0.152085614721789,0.0674380954389326,0.0241215018519184,26,0.122595572779218
O60814;P57053;P58876;P62807;Q5QNW6;Q93079;Q99877;Q99879;Q99880,H2BC12;H2BC12L;H2BC13;H2BC14;H2BC15;H2BC18;H2BC4;H2BC5;H2BC9,0.788910923261351,0.349885131243648,0.0241476928112584,26,0.122595572779218
Q13740,ALCAM,0.342499015525856,0.15195759224681,0.0242017150146676,26,0.122595572779218
Q8NFQ8,TOR1AIP2,-0.274685979529036,0.121999679806037,0.0243519680176424,26,0.122953564010645
P08519,LPA,0.233403377457838,0.103779947781161,0.0245111014799106,26,0.123353914613882
Q99683,MAP3K5,-0.325739899407765,0.144963694542697,0.0246371714526146,24,0.123585811345096
P40238,MPL,-0.346887687333287,0.154473564200736,0.0247288720579946,26,0.123644360289973
Q96AP7,ESAM,-0.190259014829912,0.0848398400151221,0.0249247583820706,26,0.124221779678384
P14543,NID1,0.203725387492053,0.0909443053475453,0.0250836828360335,26,0.124611864892835
Q7LGC8,CHST3,0.314619123644555,0.140739193622967,0.0253860996683433,26,0.12547658760586
Q96RL7,VPS13A,-0.18080854541227,0.0809002367841382,0.0254201760004105,26,0.12547658760586
Q8N9U0,TC2N,-0.263667986828432,0.118192457439679,0.0256919955592298,26,0.12641443674844
O15327,INPP4B,-0.200439696469557,0.0903543399871479,0.0265293590769461,26,0.129724393079066
P00739,HPR,0.499855134562827,0.225329902350098,0.0265326266750711,26,0.129724393079066
P02753,RBP4,-0.242761505735822,0.109723594081282,0.026933360423181,26,0.131268270832223
P55290,CDH13,0.338095311389984,0.152963622773653,0.0270844320706629,26,0.131526321667037
Q86UX7,FERMT3,-0.184112797202329,0.0833556815995339,0.0271912535392815,26,0.131526321667037
P27824,CANX,-0.187490620015607,0.0849198664198486,0.0272544907240504,26,0.131526321667037
O75083,WDR1,-0.20177602865718,0.0914330476584852,0.0273268279968407,26,0.131526321667037
Q4V328,GRIPAP1,-0.149330312456922,0.0677168263017085,0.027438854340621,26,0.131655372534967
P02656,APOC3,0.301531067880537,0.137296511478159,0.0280773867978006,26,0.134302051401244
Q9NQ79,CRTAC1,0.316169506520315,0.144204412533635,0.0283427568473292,26,0.135152960892357
P11277,SPTB,-0.149229309770079,0.0681315417426346,0.0285016423413107,26,0.135492422822538
P55058,PLTP,0.33826458172355,0.154927889735154,0.0290087276745593,26,0.137480013058878
P0C0L4,C4A,0.692974204282204,0.317996530065101,0.0293177092374893,26,0.138519451901899
Q8NBP7,PCSK9,0.271902639568838,0.124907800415419,0.029493497373872,26,0.138925162934854
O00533,CHL1,0.331178952339354,0.15244045638486,0.0298169510569183,26,0.140021852227777
P07360,C8G,0.432681997606854,0.199444777448931,0.0300498579202484,26,0.140434172716405
Q15582,TGFBI,0.265972126653821,0.122627183906349,0.0300865444460389,26,0.140434172716405
Q99816,TSG101,-0.204128038900405,0.0942706299584671,0.0303615979708456,26,0.141291171279989
Q7Z6Z7,HUWE1,-0.157905754254237,0.073030524975723,0.0306036569827343,26,0.141989940055028
P16112,ACAN,0.288811191351561,0.133731483480722,0.0308009372786938,26,0.14247738950773
P55010,EIF5,-0.249993819840115,0.115848506986741,0.0309327033043918,26,0.142659780911299
O00232,PSMD12,-0.19600054530907,0.0909463012785762,0.031152141811351,26,0.143244223507551
P02741,CRP,0.463964366654947,0.215854367233371,0.0316001408452258,26,0.144684674038516
P20774,OGN,0.425628608972285,0.198080187531401,0.0316526989158696,26,0.144684674038516
Q9BUN1,MENT,0.458441600125049,0.213668156287959,0.0319066978376234,26,0.145415481295363
P35237,SERPINB6,-0.139143767459749,0.0650316905116007,0.0323846658842341,26,0.147159731738652
P55209,NAP1L1,-0.20888926973613,0.0982841973575401,0.0335566123878009,26,0.152038023868482
P35555,FBN1,0.532745857854552,0.250891674383888,0.0337195207890469,26,0.15232941409087
P13497,BMP1,0.270884344000564,0.127769805163913,0.0339978900756873,26,0.152980451991723
P23588,EIF4B,-0.366825078068414,0.173084508015947,0.0340616669806814,23,0.152980451991723
Q6P3X3,TTC27,-0.170968843402337,0.0807924111615161,0.034332070531457,26,0.153260965495906
P21333,FLNA,-0.299406375636692,0.141504918386922,0.034355646736138,26,0.153260965495906
P07358,C8B,0.33464739017672,0.158281545583692,0.0344935793210041,26,0.153260965495906
A0A0C4DH67,IGKV1-8,0.569779290422982,0.269587514950612,0.0345560675354999,25,0.153260965495906
P45954,ACADSB,0.243264470901235,0.115139844044878,0.0346201145359683,26,0.153260965495906
P42356,PI4KA,0.204959839438737,0.0971213692673399,0.0348284344516325,25,0.153742660650778
Q9Y608,LRRFIP2,-0.201762282366501,0.0958079556858146,0.035212759935137,26,0.154996336466629
Q05397,PTK2,-0.139326523370968,0.0662786385111684,0.0355416134283043,26,0.155999411212302
Q9UKG1,APPL1,0.159219909499638,0.0758395058822233,0.0357788084439595,25,0.156043193943081
Q86WI1,PKHD1L1,0.174162031772669,0.0829950267333535,0.0358642236247545,26,0.156043193943081
P21796,VDAC1,-0.291887711222513,0.139098326420118,0.0358674248657536,26,0.156043193943081
P28062,PSMB8,0.408897800332851,0.194951881132882,0.0359555838470788,26,0.156043193943081
P48643,CCT5,-0.207705305913113,0.0992654674710475,0.0364007303261711,26,0.157228748003735
P04908;P0C0S8;P20671;Q7L7L0;Q93077;Q96KK5;Q99878;Q9BTM1,H2AC11;H2AC12;H2AC14;H2AC25;H2AC4;H2AC6;H2AC7;H2AJ,0.817390278303432,0.390744875128043,0.0364495060332946,26,0.157228748003735
O15084,ANKRD28,-0.188518614889664,0.0901874915063854,0.0365911565226075,26,0.157228748003735
P00742,F10,0.279721081508719,0.133897312044013,0.0367012719497824,26,0.157228748003735
Q5VYK3,ECPAS,-0.176241367082906,0.084379777211964,0.0367375909575069,26,0.157228748003735
P11216,PYGB,0.115087200499191,0.0551608159373725,0.0369429396901663,26,0.157670833760516
P15170,GSPT1,-0.141182572286911,0.0678134878504815,0.0373493523789172,26,0.158966251860681
Q9Y279,VSIG4,0.584146500935427,0.280772058058376,0.0374796192244981,24,0.159082449730356
Q9H8W4,PLEKHF2,0.218764696048158,0.105466173419128,0.0380547910807265,26,0.161081238958144
Q9NX76,CMTM6,-0.290460544480834,0.140398570012464,0.0385621953729341,25,0.161922862636038
Q7L591,DOK3,-0.167095821530757,0.0807695004664837,0.0385649991151931,26,0.161922862636038
Q8N0U8,VKORC1L1,-0.345907365647172,0.167221123534017,0.0385871485655257,24,0.161922862636038
Q13188,STK3,-0.164356269278376,0.079489361487912,0.0386728390373449,26,0.161922862636038
Q9Y6R7,FCGBP,0.470535862469716,0.227755846060756,0.0388316783906806,26,0.162148494901626
Q15149,PLEC,-0.15461605098957,0.0750102032734365,0.0392775818808861,24,0.162911677452731
P15814,IGLL1,0.29972393785294,0.14547145012236,0.0393638877687145,26,0.162911677452731
Q6UX71,PLXDC2,0.263211356515186,0.127771100666228,0.0393963791941216,26,0.162911677452731
P42025,ACTR1B,-0.12611169177436,0.0612598086445529,0.039529051989706,26,0.162911677452731
Q7KZF4,SND1,0.15676547010916,0.0761550057796612,0.0395416692846435,26,0.162911677452731
Q9HCU0,CD248,0.582406392232213,0.283216149117896,0.0397437371807841,26,0.163308707298701
Q9H8H3,TMT1A,-0.171784109360543,0.0836315616493295,0.0399700424462551,26,0.163802959096722
P48449,LSS,-0.191689010019231,0.0933884326556857,0.0401114778286346,26,0.163947706997991
Q16643,DBN1,-0.262707798106431,0.128172000736281,0.0403985542057686,26,0.164110608581169
P00736,C1R,0.324885136232415,0.158588796764606,0.0405011661703266,26,0.164110608581169
P67936,TPM4,-0.230800016865929,0.112716053229595,0.0405969245055128,26,0.164110608581169
Q15166,PON3,0.314062280440159,0.153404469201657,0.0406303581898612,26,0.164110608581169
Q9NP58,ABCB6,-0.162929968693015,0.0796041555422371,0.0406824356547494,25,0.164110608581169
P13807,GYS1,-0.237373417882512,0.116098961084209,0.0408964494856163,25,0.164117665441389
Q9Y3C5,RNF11,0.394918946907634,0.193374227623224,0.0411265183088475,26,0.164117665441389
P10451,SPP1,0.317380053699291,0.155437609147325,0.0411665586639316,26,0.164117665441389
Q14204,DYNC1H1,-0.137438443425131,0.0673352078246287,0.0412400755998059,26,0.164117665441389
P01009,SERPINA1,0.243542785408612,0.119320919622207,0.0412435066518238,26,0.164117665441389
Q9H6X2,ANTXR1,0.301411499487254,0.147788342407527,0.0414020569798572,26,0.164117665441389
O60488,ACSL4,-0.281001673859877,0.137876459697834,0.0415430796252765,25,0.164117665441389
P02649,APOE,0.15602364166687,0.0765846619648038,0.0416229827768438,26,0.164117665441389
Q9NQW7,XPNPEP1,-0.221661123881944,0.108881348469773,0.0417700045100911,26,0.164117665441389
Q9NSE4,IARS2,-0.156620770273475,0.0770142735665764,0.0419859890732619,24,0.164117665441389
Q4AE62,GTDC1,-0.269058652835417,0.132356194996746,0.0420689306833372,25,0.164117665441389
Q92905,COPS5,-0.183783334203122,0.0904222286876096,0.0421028910966437,26,0.164117665441389
O00299,CLIC1,-0.180057182649743,0.0886637127343309,0.0422765291283377,26,0.164117665441389
Q8IY33,MICALL2,0.334421577289477,0.164760554634482,0.0423826727686559,25,0.164117665441389
Q03591,CFHR1,0.637982653586732,0.314459159491678,0.042476101998058,26,0.164117665441389
O60704,TPST2,-0.234070773556675,0.11538541028651,0.042499110193788,25,0.164117665441389
Q86YL5,TDRP,-0.171623128576536,0.0846658824999702,0.0426559088340382,26,0.164117665441389
Q6PL24,TMED8,-0.217902350826933,0.107500688290788,0.0426638818670284,26,0.164117665441389
Q5JSL3,DOCK11,-0.197246746105479,0.0973284876355778,0.0427024605226138,25,0.164117665441389
Q9UFN0,NIPSNAP3A,-0.111648275775058,0.0551215610570167,0.0428168787352268,26,0.16414907604448
P09603,CSF1,0.252764073191767,0.124966620642391,0.043108966284625,26,0.164859784430063
P28074,PSMB5,0.333643417966339,0.165509255819515,0.0438146618872237,26,0.167144821273483
P01700,IGLV1-47,0.58763614629784,0.292267419411666,0.0443665403227739,24,0.16883326305095
P08514,ITGA2B,-0.290079407790009,0.144522155590023,0.0447323950240518,26,0.169807248924226
P0DP08;A0A0C4DH41;P01825;P0DP06;P01824;P06331,IGHV4-30-4;IGHV4-34;IGHV4-38-2;IGHV4-39;IGHV4-59;IGHV4-61,0.474704458332436,0.23681282349103,0.0450105832446407,26,0.170001775730506
P55212,CASP6,0.243462931262243,0.121456394181727,0.0450133646861656,25,0.170001775730506
P07942,LAMB1,0.284710183023507,0.142099851226133,0.0451137398378688,26,0.170001775730506
Q8NBM8,PCYOX1L,-0.205889938358715,0.102886548870775,0.0453777760089946,26,0.170517299791322
P09622,DLD,-0.176215557252131,0.0881465522312811,0.0455953449573783,26,0.170517299791322
Q12797,ASPH,0.216316684577738,0.10821014070058,0.0456037412596772,26,0.170517299791322
Q92954,PRG4,0.289599414804574,0.144928158600212,0.0456920143130145,26,0.170517299791322
P21912,SDHB,-0.289767775917186,0.145274566164689,0.0460841747256125,26,0.171279751116257
P43304,GPD2,-0.213026910626024,0.106850969108155,0.0461867595448154,26,0.171279751116257
Q16706,MAN2A1,0.254250500941789,0.127552725350476,0.0462289036993393,25,0.171279751116257
P38646,HSPA9,-0.174196526062304,0.087492776422927,0.0464828874501677,26,0.171808758637581
P08571,CD14,0.281184484819125,0.141412492239294,0.0467675584774573,26,0.172448395817832
P07357,C8A,0.375726852635674,0.190153134029074,0.0481641531377666,26,0.177175277613927
Q9Y3I0,RTCB,-0.160134157393551,0.0811214473443318,0.0483811537673321,26,0.177550789953749
P09172,DBH,0.399570811885442,0.20258007066642,0.0485629030065138,24,0.177702080306447
P01011,SERPINA3,0.335152077174176,0.169990980505432,0.0486567254577491,26,0.177702080306447
Q9H270,VPS11,-0.198663774639734,0.100851454298186,0.0488538166569296,25,0.177702080306447
P29622,SERPINA4,0.345358548634258,0.175343127435217,0.0488824492752361,26,0.177702080306447
P01008,SERPINC1,0.436985562662311,0.22208606481841,0.049109402321704,26,0.17793550742644
P00751,CFB,0.512001009132966,0.260288246630951,0.0491769978453658,26,0.17793550742644
A0A0C4DH24,IGKV6-21,0.509726400227761,0.259726827760491,0.049698702823149,26,0.179403027714405
Q9UI09,NDUFA12,-0.226118454475258,0.115345902501772,0.0499547797136847,25,0.179907073794039
Q9Y3E5,PTRH2,-0.183360145727986,0.0936864693460243,0.0503277374336466,25,0.180749285045741
P23470,PTPRG,0.238263250799532,0.12178898626907,0.0504226160871937,26,0.180749285045741
P14625,HSP90B1,0.102957987659957,0.0527046274373938,0.0507615049060093,26,0.181302406376043
P14314,PRKCSH,0.161373433438583,0.0826256359619179,0.050811612919629,26,0.181302406376043
Q9H4G4,GLIPR2,0.467756820593424,0.23965096943838,0.0509589517910121,26,0.181409171698419
P07602,PSAP,0.229760065459594,0.117958870834774,0.0514391252473377,26,0.182697582775027
P11597,CETP,0.27898702485635,0.143605779243162,0.0520489836654701,26,0.184417757425247
Q9UI12,ATP6V1H,-0.160599337872704,0.0827067276365556,0.0521621747539371,25,0.184417757425247
P06702,S100A9,0.465600633723884,0.239969699155671,0.0523496057578408,26,0.184551168417875
Q14393,GAS6,0.318462740565323,0.16419720629282,0.0524388109614544,26,0.184551168417875
P05160,F13B,0.2368005350267,0.12227576291137,0.0527929648010853,26,0.184625285158404
Q9Y4L1,HYOU1,0.142231650620992,0.0734463672642896,0.0528018940197008,26,0.184625285158404
P10606,COX5B,-0.241355579892385,0.124644931860937,0.0528254713203396,26,0.184625285158404
O94929,ABLIM3,-0.14638224123815,0.0756330298518155,0.0529378649353871,26,0.184625285158404
Q9NR12,PDLIM7,-0.139960271631058,0.0723934244798051,0.0531957415922307,26,0.184777733672076
P19827,ITIH1,0.13277555778573,0.0687154911232756,0.0533285666367792,26,0.184777733672076
O00116,AGPS,-0.183710467923213,0.0950806021859285,0.0533403684257256,26,0.184777733672076
A0A0B4J1V2,IGHV2-26,0.624237904089325,0.323554242243258,0.0536918257505116,26,0.185320413862917
P51452,DUSP3,0.179039310751549,0.0928549226766565,0.0538350095004668,25,0.185320413862917
P06681,C2,0.449494433905147,0.233205715143349,0.0539224639116097,26,0.185320413862917
O00461,GOLIM4,0.196736487564171,0.102207893321156,0.0542461381814757,26,0.185320413862917
O95197,RTN3,-0.289676513641009,0.150492889004076,0.0542478969605294,26,0.185320413862917
Q6Q788,APOA5,0.31382624032647,0.163135760956106,0.0543906781744242,26,0.185320413862917
P05106,ITGB3,-0.328962690338359,0.171103781628426,0.054531361933875,26,0.185320413862917
O75882,ATRN,0.424146897870854,0.220650364766552,0.0545733196522419,26,0.185320413862917
P62820,RAB1A,-0.256130602942504,0.13324645119496,0.0545765620114093,26,0.185320413862917
P01860,IGHG3,0.760711447597369,0.397095876802753,0.0554049357350239,24,0.187720670418009
P04040,CAT,0.157143713514185,0.0821981706964985,0.0559061435289934,26,0.188974803292354
Q15063,POSTN,0.333506406477184,0.174530067053653,0.0560197151507431,26,0.188974803292354
P18084,ITGB5,-0.163284752781527,0.0855185957781031,0.0562172246786792,26,0.189227913134116
Q3YEC7,RABL6,-0.275255099442055,0.144418180727318,0.0566555539150991,26,0.189451950024051
P17936,IGFBP3,0.440237927147282,0.231084537627363,0.0567677626514965,25,0.189451950024051
P04179,SOD2,-0.157772153965843,0.0828226006445699,0.056787762447319,26,0.189451950024051
P08575,PTPRC,0.230385169218881,0.120995305051884,0.0568993045615716,26,0.189451950024051
Q9UDY2,TJP2,-0.19817105252268,0.104080845644808,0.0569087797123277,26,0.189451950024051
P58546,MTPN,-0.262005930482041,0.137668808836576,0.0570195189392775,25,0.189451950024051
Q9ULH1,ASAP1,-0.119912986428963,0.0630626706620187,0.0572379673565812,26,0.189769655720854
A0A0C4DH31,IGHV1-18,0.481058296751756,0.254207388206419,0.0584396777547135,26,0.193131977187751
P04406,GAPDH,-0.195129839138954,0.103138718940589,0.0585021134782315,26,0.193131977187751
P06756,ITGAV,0.182894931232255,0.097150210883786,0.0597546742558439,26,0.196846421589081
Q9ULQ0,STRIP2,-0.249094469303205,0.132434239580213,0.0599866450294458,25,0.197163041207357
P10124,SRGN,-0.283545349003062,0.150820779526279,0.0601060145039904,26,0.197163041207357
P01133,EGF,-0.133345683867892,0.0710503867179319,0.0605487562273293,26,0.198194551633949
Q6ZRP7,QSOX2,0.339997176840757,0.181356346137847,0.0608276051970649,23,0.198557689037756
P16150,SPN,0.356675163665327,0.190571500410143,0.0612608420626899,25,0.198557689037756
Q6PJW8,CNST,-0.206543097474308,0.110368199536671,0.0612895975978639,26,0.198557689037756
P00387,CYB5R3,-0.257049425000165,0.137366645374463,0.0613083296436196,26,0.198557689037756
O75787,ATP6AP2,0.229531786115372,0.122674386967118,0.0613360333933837,26,0.198557689037756
P20810,CAST,-0.213143859557265,0.114005035338678,0.0615393298370169,26,0.198557689037756
Q9H0E2,TOLLIP,0.13768669439914,0.0736506483947699,0.0615593094168836,26,0.198557689037756
P13671,C6,0.415629196868891,0.222748658369165,0.0620538026584394,26,0.199735677306852
P50148,GNAQ,-0.211648941840641,0.113518011156234,0.0622581834731275,26,0.199976909492686
Q6YHK3,CD109,0.180707033885041,0.097219001313375,0.0630608101070362,26,0.202134754388736
Q13200,PSMD2,-0.143900734802394,0.0776123248459897,0.0637253646713702,26,0.203434047078793
Q5T4S7,UBR4,-0.138241794532057,0.074574212005325,0.0637752245453976,26,0.203434047078793
P42704,LRPPRC,-0.185614988358918,0.100161997704103,0.0638611733548313,26,0.203434047078793
Q14012,CAMK1,-0.134102075720186,0.0726190066103504,0.0647975088451809,26,0.205992080588075
Q99832,CCT7,0.180407910328351,0.097949737088802,0.0654983083527798,26,0.207792374548347
Q6PGP7,SKIC3,-0.168512517613843,0.0916582428738141,0.0659906281099,25,0.208925246782368
P04920,SLC4A2,-0.119993250593942,0.0653144676292602,0.0661860002823399,26,0.209115276965675
O75915,ARL6IP5,-0.388815449486153,0.212000731013389,0.0666497169388043,26,0.210150638102964
A0A0C4DH33,IGHV1-24,0.322761090243703,0.176223360601373,0.0670191737975985,26,0.210885180279612
O95292,VAPB,-0.214608258127874,0.117533208747639,0.0678597218916034,26,0.213096077891316
Q99460,PSMD1,-0.143928861983838,0.0791089428273209,0.0688541819966672,26,0.215780347230935
Q9BWP8,COLEC11,0.179611219562617,0.0990170409517213,0.0696865775132284,26,0.217946887161818
P01861,IGHG4,0.357219729952614,0.197402113501995,0.0703571596389902,26,0.219599619479272
Q13477,MADCAM1,0.371861290282946,0.205655717458472,0.0705794472875936,26,0.219714833508747
O15127,SCAMP2,-0.18282313790669,0.101144858700041,0.070678493368186,26,0.219714833508747
Q9Y6D6,ARFGEF1,0.128169337228422,0.0712661527909315,0.0721041151181683,26,0.223696501722028
P06396,GSN,-0.178966562430966,0.0997306095086613,0.0727334247288918,26,0.225196675763803
P19021,PAM,0.289393473150968,0.161611051419145,0.0733448640418446,26,0.226084585343282
O95445,APOM,0.283450561631933,0.158375384538006,0.0734959209648628,26,0.226084585343282
P62826,RAN,0.207783425787217,0.116129992595598,0.0735775615024036,25,0.226084585343282
Q32MZ4,LRRFIP1,-0.210368835923895,0.117586393019977,0.0736055316683954,25,0.226084585343282
P24043,LAMA2,0.26026976255881,0.145846913208993,0.0743358363771919,26,0.227874736513416
P53634,CTSC,0.19164352940621,0.107758672580357,0.0753297970141664,26,0.230315825572477
P02751,FN1,-0.246632817725136,0.138823048835791,0.0756343257108716,26,0.230315825572477
P19652,ORM2,0.311446108755634,0.175320128119585,0.0756600282021936,26,0.230315825572477
Q0ZGT2,NEXN,-0.183712643448183,0.10348318831395,0.0758500570764686,26,0.230315825572477
Q5T447,HECTD3,-0.131705286884538,0.0741991507095047,0.0758938942221319,26,0.230315825572477
Q12805,EFEMP1,0.285615389153729,0.161006395470566,0.0760733795822043,26,0.230315825572477
A0A075B6K5,IGLV3-9,0.288732490452136,0.162858185749813,0.0762440443422799,26,0.230315825572477
P53621,COPA,-0.083983996070053,0.0473928649071915,0.0763811101868533,26,0.230315825572477
Q7L576,CYFIP1,-0.18673651735041,0.105410166536695,0.076473798393968,26,0.230315825572477
P50570,DNM2,0.145178956559901,0.0820365159388112,0.0767792951254061,26,0.230786013557884
P48735,IDH2,-0.259302293019186,0.146622976891033,0.0769778552737606,26,0.230933565821282
P25789,PSMA4,0.221264611900652,0.125328081878394,0.0774826062090256,26,0.23199733835842
P62834,RAP1A,-0.208651933588875,0.118520861137784,0.0783288456045785,26,0.233993486901596
P15169,CPN1,0.126927888155923,0.0721511448791676,0.0785444995115025,26,0.233993486901596
P55103,INHBC,0.346774529885726,0.197160236264065,0.0786036373475265,25,0.233993486901596
P49747,COMP,0.255375155483966,0.145272791145916,0.0787643900369334,26,0.234021120398196
P11279,LAMP1,0.489765864493865,0.278916648209415,0.0790956141269641,24,0.234248951465763
O43488,AKR7A2,-0.142088586398903,0.0809311348706836,0.0791443059321217,26,0.234248951465763
P00740,F9,0.206072328690611,0.117756926391489,0.08012167308243,26,0.235612066315097
Q6P2E9,EDC4,0.113724491983116,0.0650069175952277,0.0802182065406712,25,0.235612066315097
P02746,C1QB,0.322410950132365,0.184349817524082,0.0803068489900094,26,0.235612066315097
A0A0C4DH72,IGKV1-6,0.28886498115076,0.165195345389277,0.0803555789237213,24,0.235612066315097
Q99685,MGLL,-0.150994124208769,0.0863534835573663,0.0803673520699391,26,0.235612066315097
Q15208,STK38,-0.155871056703506,0.0893044881071322,0.0809172073472167,26,0.236774782862594
P01024,C3,0.178535237349959,0.1025325640561,0.0816390654237418,26,0.238435455727186
P01717,IGLV3-25,0.2414423802619,0.138776447185982,0.0818952595743649,26,0.238466112211195
Q14118,DAG1,0.251848895751681,0.144787749509502,0.0819582560415174,25,0.238466112211195
P13073,COX4I1,0.138797568396637,0.0799927202876143,0.08271822519541,25,0.238793084810801
Q53GQ0,HSD17B12,-0.198694559754051,0.114548237438537,0.0828129373623819,26,0.238793084810801
Q92820,GGH,0.308745099265335,0.178005795016859,0.0828353337784871,26,0.238793084810801
P51148,RAB5C,-0.159260319906453,0.0918248991108158,0.0828486511019469,26,0.238793084810801
Q16181,SEPTIN7,-0.128238405640143,0.0739718343902523,0.0829870797461868,26,0.238793084810801
Q9Y4G6,TLN2,-0.429257486919037,0.247846674303499,0.0832828680027596,24,0.238793084810801
P35914,HMGCL,-0.134526891263098,0.0776795368758409,0.0833058092943728,26,0.238793084810801
P00738,HP,0.362035232357167,0.209050003232747,0.0833071020796259,26,0.238793084810801
Q9BRK5,SDF4,0.310117439478159,0.179283582743386,0.0836732940008164,26,0.239398591169002
P13804,ETFA,-0.116330895517991,0.0673111911184136,0.0839425358648314,26,0.239403215582256
Q9NRW7,VPS45,0.165045138371263,0.0955111824697082,0.0839848173757817,26,0.239403215582256
Q9NXR1,NDE1,0.215485308981086,0.125230903010437,0.0853045599625557,25,0.242717394368598
Q9NZN3,EHD3,-0.129778661371893,0.0754678331191435,0.0854951124152157,26,0.242812405664537
Q27J81,INF2,-0.163202798693763,0.0949691055390257,0.0857085424641427,26,0.242971923132295
P08238,HSP90AB1,-0.224306885387746,0.130638637014971,0.0859786885816816,26,0.24329134406355
P53396,ACLY,-0.163965953410135,0.095653411287834,0.0864979975775341,26,0.244313356960311
P62195,PSMC5,-0.0905017366669104,0.0530068263045316,0.0877551543088467,26,0.247313874479785
P24593,IGFBP5,0.273647737607558,0.160338671785299,0.0878804641355354,26,0.247313874479785
Q6VY07,PACS1,-0.100014898692379,0.0587372741278441,0.0886148469949064,26,0.248497558187942
Q13423,NNT,-0.198531144698428,0.116605369087863,0.0886448077755431,26,0.248497558187942
Q8WWA1,TMEM40,-0.287357063751901,0.168849873000911,0.0887835936050122,26,0.248497558187942
Q2M3D2,EXOC3L2,-0.103505551527516,0.0609455799308822,0.0894459760838946,26,0.249898793941442
P49411,TUFM,-0.131455512568838,0.0778120247835893,0.0911431015179748,26,0.253339196069789
Q9UI10,EIF2B4,-0.156816421356981,0.0928901427355759,0.0913743257080464,26,0.253339196069789
P20645,M6PR,-0.140031045964245,0.0829964697181132,0.0915662858021241,25,0.253339196069789
Q15942,ZYX,-0.18438658976314,0.109289395918814,0.0915762974286767,26,0.253339196069789
Q9Y490,TLN1,-0.219207517131673,0.129953472885304,0.091638856601896,26,0.253339196069789
P25705,ATP5F1A,-0.225148226559796,0.133605163759021,0.0919546039919231,26,0.253339196069789
O43815,STRN,-0.169295989231856,0.100469434402347,0.0919789851001821,26,0.253339196069789
O00571,DDX3X,-0.137568181035292,0.0816429911834528,0.0919891838156321,26,0.253339196069789
Q9H299,SH3BGRL3,-0.278331488933768,0.165343784157526,0.0923073214873919,26,0.253763010138827
Q15762,CD226,-0.14130110101882,0.0840291973994921,0.0926519667088858,26,0.254258061394722
Q8NEU8,APPL2,-0.190060761081816,0.113126132676701,0.0929420816230852,26,0.254601978914303
P42892,ECE1,-0.164642253409615,0.0980816637224481,0.0932253088979459,26,0.25476950245624
Q96I24,FUBP3,-0.178371614958543,0.106295564054219,0.0933330345567845,26,0.25476950245624
P08865,RPSA,0.37489865399252,0.224012893162207,0.094217424473731,24,0.256727065259558
Q9UBX5,FBLN5,0.173947200602225,0.103990650624633,0.0943825068397597,26,0.256727065259558
Q9NPG4,PCDH12,0.227014343046438,0.136037536033951,0.0951644509577592,26,0.258399080368608
P17301,ITGA2,-0.137267944912418,0.0823976860675887,0.0957293695023641,26,0.259207135740779
Q15084,PDIA6,-0.196118454500666,0.117748018552495,0.0957975886783072,26,0.259207135740779
Q9BXS5,AP1M1,-0.122810635126448,0.0737953027038577,0.096071135194941,26,0.259492838944377
P23229,ITGA6,-0.222934103326168,0.134211113842173,0.0966993162971091,26,0.260733758602153
Q9H8J5,MANSC1,0.214322908633674,0.129119792446562,0.0969393007442719,26,0.260925469773345
Q04837,SSBP1,0.112773252663354,0.0680280007394608,0.097368428598492,26,0.261624734234209
P56385,ATP5ME,-0.144324184735227,0.0873913035677257,0.0986424813897153,25,0.264587905810955
P54136,RARS1,-0.0864303228745819,0.0524092056265744,0.0991181534321414,25,0.265403027820898
Q9Y3C8,UFC1,-0.168010796495332,0.101992358283096,0.0994988459101567,22,0.265522881559118
O75947,ATP5PD,-0.217555496290324,0.132132671479447,0.0996623349168827,26,0.265522881559118
Q99418,CYTH2,-0.134480387238449,0.0816807701167469,0.0996784927535849,25,0.265522881559118
O15231,ZNF185,-0.158640510940766,0.0964059396278797,0.0998570453334658,26,0.265540679931506
Q9H2K8,TAOK3,-0.103754257000883,0.063110849175163,0.100176133784636,25,0.265931489170554
P31937,HIBADH,-0.132565944503639,0.0807197136789372,0.100527953030374,24,0.266407697138812
O00468,AGRN,0.202188009376846,0.123255502708727,0.10092256020103,26,0.266995471764712
P08709,F7,0.199116343548958,0.121467308725934,0.101159391748374,26,0.267164547438013
P05121,SERPINE1,0.217747953998449,0.132949957825584,0.101459477231371,26,0.267396180911497
Q9H9H4,VPS37B,-0.135518695035678,0.0827757756473597,0.101593241550193,26,0.267396180911497
Q13586,STIM1,-0.15964326019719,0.0977253922601916,0.102344890158332,26,0.268709079438235
Q9H444,CHMP4B,-0.321845208490298,0.19707161217499,0.102439901481631,26,0.268709079438235
P35443,THBS4,0.165945929884844,0.101754076495027,0.102921363889877,26,0.268972230766459
P10599,TXN,0.225165465516225,0.138158602993447,0.103152076711779,25,0.268972230766459
O95870,ABHD16A,-0.244481246450116,0.150080279900751,0.103312355304102,26,0.268972230766459
Q8TC12,RDH11,-0.221764504717402,0.136170727211201,0.103402611588755,26,0.268972230766459
P11166,SLC2A1,0.278902345586619,0.171259254372333,0.103410682896619,26,0.268972230766459
O43242,PSMD3,-0.0941477215776878,0.0579093960685599,0.103997259529647,26,0.269577456499608
Q13043,STK4,-0.146798098563299,0.0903141026912498,0.104073687189327,26,0.269577456499608
P22352,GPX3,0.303480134150952,0.186759305591704,0.104166822996936,26,0.269577456499608
P61604,HSPE1,0.12514456376116,0.0772281435624469,0.105135039280334,25,0.270878675465892
P25774,CTSS,0.280089482509466,0.172852769928042,0.105147803009995,26,0.270878675465892
P23142,FBLN1,0.162495514941896,0.100295301975116,0.105195602122676,26,0.270878675465892
P21810,BGN,0.302017139294347,0.186815104425306,0.105950961391689,26,0.271960609618765
P40227,CCT6A,-0.193596382411992,0.119756365650633,0.10596782329482,26,0.271960609618765
Q9UBW5,BIN2,-0.211046513597301,0.130617985454318,0.106147541922581,26,0.271970070100144
Q9NSD9,FARSB,-0.211068774592686,0.13089774927675,0.106859568797553,26,0.273341115550032
P56537,EIF6,-0.154798097811955,0.0960668901252604,0.107101838631222,26,0.273508001132624
Q96BY6,DOCK10,-0.150119776009359,0.0932832421607809,0.107552974588593,26,0.274206841154085
P52209,PGD,0.148407876118387,0.0925430255530581,0.108788236319645,26,0.276598316201246
Q9NX40,OCIAD1,-0.207772167019843,0.129583221973123,0.108849046116736,25,0.276598316201246
O14950;P19105,MYL12A;MYL12B,-0.402034385734195,0.250996469547457,0.109210206838164,26,0.277060376953963
P24844,MYL9,-0.120337185361112,0.0753624735230441,0.110315066622221,26,0.279404553985789
P04114,APOB,0.140492959735859,0.088080381576807,0.110700174036809,26,0.27992106200797
P20936,RASA1,-0.171137425854422,0.107408061332313,0.111084218832288,26,0.28043319950308
A0A0A0MS15,IGHV3-49,0.35874718202295,0.225303096881406,0.111320242760413,26,0.280570595538071
Q9UNF0,PACSIN2,0.169671922717079,0.106617515896091,0.111517880057457,26,0.280610952261843
Q9NZB2,FAM120A,-0.147527820179953,0.0929510922483929,0.112477472215498,25,0.282565357029178
Q9H4A9,DPEP2,0.253840925733663,0.160101929939204,0.112853747098403,26,0.283050388420507
P51884,LUM,0.158518239814948,0.100115819593939,0.113342038206317,26,0.28352549610646
P03952,KLKB1,0.316038581242655,0.199705921031314,0.113530947853367,26,0.28352549610646
P12259,F5,0.146748884697173,0.0927472728122542,0.113593710090549,26,0.28352549610646
P06312,IGKV4-1,0.302117579598085,0.191051810836833,0.1138006663476,26,0.283583918559744
Q15691,MAPRE1,-0.164854988744677,0.104484785933037,0.11461399753104,26,0.284732805472693
Q9UBC2,EPS15L1,-0.161492597717218,0.102358309050035,0.114630294500981,26,0.284732805472693
Q86UT6,NLRX1,-0.146853482790833,0.0931434107319646,0.114878740073932,26,0.284891899541291
Q9UNS2,COPS3,-0.156191585235927,0.0991824059129821,0.115304636204342,26,0.28548984444825
P10301,RRAS,0.203358881689883,0.129209084928072,0.11551647026517,24,0.285556714495499
P60985,KRTDAP,0.343986283363569,0.219117700043459,0.11644537988858,26,0.287393150044498
O60240,PLIN1,0.279386918680959,0.178086655810808,0.116688563246159,26,0.287534019482163
P26927,MST1,0.358802378082839,0.229022333158103,0.117191887999088,23,0.288314437832152
P27105,STOM,-0.233136929472094,0.149084214585214,0.117866065357571,26,0.289303504939952
A0A075B6S2,IGKV2D-29,0.185557722780629,0.11869176860755,0.117968419490078,26,0.289303504939952
Q86VR2,RETREG3,-0.200313971439884,0.128521569729172,0.119090617095466,26,0.291592715392227
O94919,ENDOD1,-0.205803739177962,0.132201580563891,0.119531777317077,26,0.292114310075983
Q9NRR3,CDC42SE2,-0.189414485432949,0.121723019264858,0.119681785293267,24,0.292114310075983
P82909,KGD4,-0.245385599531452,0.157779580478941,0.119888189601701,25,0.292156550370075
P11169,SLC2A3,-0.247429141913132,0.159254514963058,0.120262883347772,26,0.292608117751665
Q15848,ADIPOQ,0.354164405747582,0.228209990946716,0.120680573388845,26,0.29285638733209
P09619,PDGFRB,0.299831052922196,0.193232665191486,0.120744025068312,26,0.29285638733209
Q14764,MVP,-0.105863468103717,0.0684700795086615,0.122073795240804,26,0.295250661341945
Q9NZN5,ARHGEF12,-0.200638558228094,0.129818991906845,0.122219213509782,26,0.295250661341945
Q14C86,GAPVD1,-0.135549740212072,0.0877769262995561,0.122527168415824,26,0.295250661341945
O43681,GET3,0.139116015923787,0.0901821037450575,0.122924889518542,26,0.295250661341945
Q9BZF9,UACA,-0.104422681650003,0.0677035419809988,0.122988121139318,26,0.295250661341945
A0A0C4DH34,IGHV4-28,0.601511963524748,0.390113879563718,0.123100778865092,26,0.295250661341945
P49593,PPM1F,-0.237628945554958,0.154132500198409,0.123141985089009,26,0.295250661341945
Q99714,HSD17B10,-0.128903589575984,0.0836366427942667,0.123259984832074,25,0.295250661341945
Q8WVM8,SCFD1,-0.103885336139375,0.0674406322874197,0.123463653828928,26,0.295280720070734
Q9UHQ9,CYB5R1,-0.123972507215722,0.08071655254106,0.124563047440913,26,0.29744962642382
P68871,HBB,0.420285898243208,0.274569306962729,0.125841158302918,26,0.300037946879643
P78344,EIF4G2,-0.169392698026433,0.110930630219866,0.126757367270045,26,0.301756752592017
Q12768,WASHC5,-0.140610705132089,0.0922311758749791,0.127372280655605,26,0.302754113250631
Q9P0J0,NDUFA13,-0.194223380429355,0.127521923267575,0.127744008949728,26,0.303171265479769
Q9GZZ9,UBA5,-0.298904033401844,0.196580616565567,0.128381263135461,26,0.304169806257802
P30044,PRDX5,-0.206613190609157,0.135946640583546,0.128558500638411,26,0.304169806257802
Q99439,CNN2,-0.229088248026829,0.150995000695293,0.129218481440963,26,0.30480276166468
O95140,MFN2,-0.168982039669026,0.111378841100345,0.129220588278554,25,0.30480276166468
Q04756,HGFAC,0.369557363524909,0.243917042199765,0.129748480100166,26,0.305292260825664
P00746,CFD,0.219271072841009,0.144861103160344,0.130111016906741,26,0.305292260825664
O60674,JAK2,0.134170895894038,0.0886494159917644,0.130152687437552,25,0.305292260825664
O15439,ABCC4,-0.161810832488622,0.106929997874529,0.130218511251853,26,0.305292260825664
Q14432,PDE3A,-0.147073283782899,0.0972874575669302,0.130600168433579,26,0.305560562394568
P34897,SHMT2,-0.20560667557241,0.136052055630183,0.130728499509909,26,0.305560562394568
Q8N6T3,ARFGAP1,-0.178613797398103,0.11851776874398,0.131794394379852,26,0.306867111976222
Q96CV9,OPTN,-0.207008663551271,0.13736978523303,0.131824844125247,22,0.306867111976222
Q8IZP0,ABI1,-0.156089615377061,0.103595876040715,0.131883341328292,26,0.306867111976222
Q562R1,ACTBL2,-0.229249180415073,0.152282178695989,0.132215214242433,26,0.306989461046605
Q02818,NUCB1,0.142189163550507,0.0944801067436448,0.132333321072517,26,0.306989461046605
P30041,PRDX6,-0.162513206210596,0.108045900029451,0.132552360821385,26,0.307036577914603
P04632,CAPNS1,0.167414250159417,0.111681966079387,0.133866703029477,26,0.30928361680257
Q9Y6C9,MTCH2,-0.174060002387219,0.116132097016687,0.133922808829074,26,0.30928361680257
Q16762,TST,-0.178687517371507,0.11945393815686,0.134687633833271,26,0.31058566309314
O14548,COX7A2L,0.16291082904146,0.109027839263391,0.135119921672908,26,0.310631394510385
Q92558,WASF1,-0.172177623973414,0.115280748500715,0.135293135586363,24,0.310631394510385
Q13283,G3BP1,-0.121987676556593,0.0817107623689569,0.135457984370792,26,0.310631394510385
O95563,MPC2,-0.167918874227282,0.112492220157097,0.135511689255663,26,0.310631394510385
Q9BZL4,PPP1R12C,-0.105617392661789,0.0710510215110839,0.137146733890242,26,0.313913635348776
P25398,RPS12,0.188358392276648,0.126865096856052,0.137619587186219,25,0.314529973672646
P08195,SLC3A2,-0.129959171630872,0.0876013073670123,0.137933639457589,26,0.31478208709302
Q15746,MYLK,-0.108228179555914,0.0730622529425791,0.138522768615709,26,0.315660291314557
P15144,ANPEP,0.335451021264935,0.226600047201687,0.13877557989069,22,0.315770649383088
Q92973,TNPO1,-0.164478185608426,0.111243965857122,0.139264423230347,26,0.316416961604243
P07195,LDHB,0.284112913501329,0.192386610444882,0.139734319823848,26,0.317018390789787
Q9Y5X1,SNX9,-0.135057082662618,0.0916378250451786,0.140531756629607,26,0.318360064505489
Q9Y6C2,EMILIN1,-0.168450533552996,0.11445425931954,0.141082552950157,26,0.319137219217554
Q01813,PFKP,-0.115132530638948,0.0782675795098939,0.141287933944859,26,0.319137219217554
Q13496,MTM1,-0.150132039360426,0.102141139822691,0.141602688902079,26,0.319208444455455
P00491,PNP,-0.142204320718401,0.0967791637739834,0.14173268148637,26,0.319208444455455
Q969X5,ERGIC1,-0.226119397973489,0.153976594710102,0.141960050154182,26,0.319255134626218
O14639,ABLIM1,0.169394252089333,0.115548929629855,0.142649415612576,26,0.320233458080373
Q96KP1,EXOC2,-0.16121655285542,0.110014783374798,0.142809613344581,26,0.320233458080373
P49327,FASN,-0.112685855178981,0.077026056150027,0.143478977924461,26,0.321268146222163
P12955,PEPD,0.22691685971559,0.155283831927997,0.143932076824854,26,0.321816293334875
P01023,A2M,0.238720901633971,0.163597596847534,0.144511265808911,26,0.322644372362381
P11310,ACADM,-0.18331481550718,0.12604128295869,0.145834618712229,26,0.324515200959946
P41236,PPP1R2,0.202893131549469,0.139541777789637,0.145947524834732,26,0.324515200959946
Q6UXV4,APOOL,-0.0804732220828733,0.0553605839558259,0.146051839015979,26,0.324515200959946
Q16799,RTN1,-0.186188369834936,0.128174295577391,0.146329670108144,26,0.324515200959946
Q9Y6K9,IKBKG,-0.12386959947406,0.0852888619263755,0.146403265902635,25,0.324515200959946
P68036,UBE2L3,-0.116501747666522,0.0802567967758932,0.146609456485464,26,0.324515200959946
Q9Y6K0,CEPT1,-0.180218668815244,0.12430434096015,0.147109283549984,25,0.325155712567561
P30530,AXL,0.165226801235842,0.114154273815359,0.147785157935664,26,0.326182955729431
A5YKK6,CNOT1,-0.0960604044691604,0.06658861463852,0.149134584511068,26,0.328193154309393
Q12906,ILF3,0.216930494979118,0.150418252830775,0.149251040340395,25,0.328193154309393
Q709C8,VPS13C,-0.106044584254653,0.0735659254937443,0.14944615340974,26,0.328193154309393
Q8N1G4,LRRC47,-0.122894681383605,0.0852761198533463,0.149545618533212,26,0.328193154309393
Q6PEY2,TUBA3E,-0.202718577773613,0.141052698717095,0.15066592745856,26,0.329364131880753
P43686,PSMC4,-0.0917417341713843,0.0638663540814721,0.150870283127198,26,0.329364131880753
Q9Y6I9,TEX264,-0.272304132965185,0.18956861806909,0.15087689708679,24,0.329364131880753
Q9Y3B3,TMED7,-0.222822647496916,0.15514222980101,0.15093191286186,26,0.329364131880753
P22694,PRKACB,-0.0958775297267262,0.0668962114799094,0.151792663238211,26,0.330775267564225
Q7Z434,MAVS,-0.239968518068623,0.167582638376167,0.152160592249637,26,0.331110021162943
Q06033,ITIH3,0.145402203469483,0.10168921318242,0.152754762201305,26,0.331684004161402
P35611,ADD1,-0.107844214601192,0.0754727412673254,0.153028351322638,26,0.331684004161402
P02786,TFRC,0.249693819987506,0.174851637171278,0.153282505185956,26,0.331684004161402
P04430,IGKV1-16,0.331734330610986,0.232339345473299,0.153349168725232,25,0.331684004161402
P40763,STAT3,-0.138495645888312,0.0970343345921024,0.15349777538861,26,0.331684004161402
Q15904,ATP6AP1,-0.205326855189763,0.14406727137728,0.154095023519724,23,0.332247133474693
Q9Y251,HPSE,0.154850236994567,0.108675083390145,0.154188475534857,26,0.332247133474693
P31040,SDHA,-0.156693021369317,0.110179025460854,0.154977651746765,26,0.332597683778249
P61201,COPS2,-0.106907873746946,0.0752046376519242,0.155154143368163,26,0.332597683778249
P50991,CCT4,-0.132804620656475,0.093427914220814,0.15518127780074,26,0.332597683778249
Q9Y6Y8,SEC23IP,-0.178432183907089,0.125536273228445,0.15521225242985,26,0.332597683778249
Q14520,HABP2,0.099806031821965,0.0703472309253165,0.155968191775184,26,0.333643410666912
Q9NYQ6,CELSR1,0.288792168634254,0.203632783263446,0.156132159166458,26,0.333643410666912
Q9NZQ3,NCKIPSD,-0.125109855726708,0.0883733317906983,0.156864253587907,26,0.334582079332542
A0A0C4DH38,IGHV5-51,0.458812631954458,0.324325927401874,0.157166656069707,26,0.334582079332542
Q14152,EIF3A,-0.111686013958232,0.0789590767968466,0.157221093589272,26,0.334582079332542
Q12907,LMAN2,0.103965460814736,0.07361092704099,0.157842661030217,25,0.335442794073845
Q9Y678,COPG1,-0.110808058983688,0.0786197663813806,0.158711811045642,26,0.336519576152831
P58166,INHBE,0.202552460422506,0.143738859762723,0.15878496505852,26,0.336519576152831
O15116,LSM1,-0.298194251893799,0.211793974746416,0.159147378892904,26,0.336825616971968
Q6P1M0,SLC27A4,-0.166678069185269,0.118629039645839,0.160010578918752,26,0.338022913297104
Q05682,CALD1,-0.193196916809471,0.137549285962054,0.160150661833968,26,0.338022913297104
P01266,TG,0.177630524622925,0.12672251652447,0.160996427129093,24,0.339344447359411
Q13813,SPTAN1,-0.104534435573324,0.0747097696049035,0.161750906137509,26,0.340470231583721
Q02978,SLC25A11,-0.158740654363575,0.113743498766314,0.162834379853559,26,0.3422845127534
P17655,CAPN2,0.156870231814979,0.112636698794262,0.163707570456161,26,0.343521673352411
P28066,PSMA5,0.194010036936067,0.139395957966862,0.163985702202729,26,0.343521673352411
O15371,EIF3D,-0.08150966466318,0.0585944859144945,0.164200924700574,26,0.343521673352411
Q13131,PRKAA1,-0.121186274002103,0.0871396373551585,0.164312308483775,26,0.343521673352411
P54920,NAPA,-0.186446092295493,0.134500061736946,0.165681060062432,26,0.345915186211428
P50454,SERPINH1,0.142763745363435,0.103258518215558,0.166791952075478,26,0.347764596432676
P0DP01,IGHV1-8,0.399044481669842,0.288807655669283,0.167064957742687,22,0.347864366189287
Q9BX68,HINT2,-0.185881259367005,0.134939907697036,0.168354196802085,26,0.350077031035291
P04843,RPN1,-0.11121978086609,0.0808191291639467,0.168773144426927,26,0.35047648943495
P41091,EIF2S3,-0.10524555065691,0.0766320896492778,0.169631927302683,26,0.351434421450015
Q9NR31,SAR1A,-0.152780061762763,0.111281656400175,0.169779313564132,26,0.351434421450015
Q15389,ANGPT1,0.115914833870549,0.0844570321520625,0.169916836778745,25,0.351434421450015
Q9UPN3,MACF1,-0.0893259821899091,0.0652154904707654,0.170779012950044,26,0.352745421133446
O43639,NCK2,0.168818920858893,0.123441180989866,0.171435383849257,25,0.353628395256479
Q9Y277,VDAC3,-0.218555422323966,0.160317678277269,0.172799121085039,26,0.355365794677358
P05062,ALDOB,0.311040420229103,0.228200028010747,0.172877287403291,26,0.355365794677358
Q13094,LCP2,-0.10388858341776,0.0762356445905666,0.17296768776529,26,0.355365794677358
P53992,SEC24C,-0.186176678099637,0.136946070710073,0.173991682643437,25,0.356994886698685
Q9BUF5,TUBB6,0.143290066158281,0.105613491772847,0.174863785827738,26,0.358182809945444
Q14247,CTTN,-0.0993375463846549,0.0732467663700706,0.17503431812868,26,0.358182809945444
P53618,COPB1,-0.0971585750515776,0.0717278710655952,0.175562807178292,26,0.358789070225477
A0A0B4J1U3,IGLV1-36,0.349156705182479,0.257921893661465,0.175822409518556,22,0.358844944129682
P06858,LPL,0.218902124310443,0.162481746482677,0.177902520743097,26,0.36259480839829
Q9H9B4,SFXN1,-0.176468548273453,0.131095508718507,0.178268094315837,25,0.36259480839829
O95782,AP2A1,-0.102584594953382,0.0762268317889291,0.17837326877848,26,0.36259480839829
P01834,IGKC,0.167683223273391,0.124663861657135,0.17859847844084,26,0.36259480839829
A0A0A0MRZ8;P04433,IGKV3-11;IGKV3D-11,0.374242362129145,0.278536548577756,0.179077008142004,26,0.36308920942178
Q9BXX0,EMILIN2,0.183054685644482,0.137057951550356,0.18167984601011,23,0.367883829732136
P40926,MDH2,-0.229475255246514,0.172146750358945,0.18252487059609,26,0.369111158469843
P07737,PFN1,0.332523200684418,0.249626698525469,0.182833285487488,26,0.369251537357084
P49619,DGKG,0.0942569171294364,0.0708060309564624,0.183123542575234,24,0.369354925951354
A0A075B6P5;P01615,IGKV2-28;IGKV2D-28,0.245262011045,0.184686716841617,0.184181593049792,26,0.371004643105514
Q92619,ARHGAP45,-0.0973729666710944,0.0734161701828474,0.18473538526465,26,0.371635638325369
P05771,PRKCB,0.182333533003744,0.137811738127203,0.185814617703591,26,0.373053165274271
P68371,TUBB4B,-0.186787500968347,0.1412807202002,0.186134239208724,26,0.373053165274271
Q9BUL8,PDCD10,-0.291814662713838,0.220735380505507,0.186164395098034,25,0.373053165274271
P23381,WARS1,0.261843036213731,0.198245784939111,0.186568053896078,25,0.373377776255752
A1L4H1,SSC5D,0.288680552622219,0.218817768508301,0.187077587989216,26,0.373458964616074
Q92556,ELMO1,-0.170272717090132,0.129069724202366,0.187092063827082,25,0.373458964616074
Q8WUD1,RAB2B,-0.199112479804346,0.151099698035201,0.187585460918621,24,0.373505546658722
Q9NQT8,KIF13B,-0.0988747232532572,0.0750510249775026,0.187693408261129,26,0.373505546658722
Q9Y230,RUVBL2,0.124923870009054,0.0948656586275142,0.187888812135679,26,0.373505546658722
P36955,SERPINF1,0.248462636848511,0.188762226981333,0.188082404725233,26,0.373505546658722
O95674,CDS2,-0.148766510130145,0.113377347103821,0.189474217250172,26,0.375786477087953
P02775,PPBP,-0.186987607505065,0.142675269687756,0.189999101503052,26,0.376344374131046
Q9BW04,SARG,-0.131632425638526,0.100645436857658,0.190913098398635,26,0.377670597984496
Q9NV70,EXOC1,-0.142730694917387,0.109478271954613,0.192323826836124,25,0.379974824119963
P12830,CDH1,0.273436025813734,0.210125842289433,0.193156980429525,26,0.381133505445231
P50552,VASP,-0.131143618257752,0.101169811836489,0.194881710154319,26,0.384046227281152
Q16795,NDUFA9,-0.154387557626029,0.119257933748098,0.195469144353215,26,0.384713156720659
Q17RC7,EXOC3L4,-0.115022012119417,0.0890485859486047,0.196469018918892,25,0.386189102073394
P10155,RO60,-0.133399155537891,0.103410924024409,0.197053802281793,26,0.386846409816227
O60669,SLC16A7,-0.214542027169345,0.166617174757357,0.197873214214307,24,0.386900253736676
Q15005,SPCS2,-0.151048098751334,0.117366686124853,0.198102681635882,25,0.386900253736676
Q8ND76,CCNY,-0.0951721094836674,0.0739767155590809,0.198263598169416,26,0.386900253736676
P05023,ATP1A1,-0.0930450725884321,0.072348768517461,0.19842108388908,26,0.386900253736676
Q14643,ITPR1,-0.130700789690811,0.101662571179776,0.198571059709117,26,0.386900253736676
P51571,SSR4,-0.119591748011388,0.0930398121271565,0.198658647081867,26,0.386900253736676
O75396,SEC22B,-0.256611137238609,0.199739748573789,0.198887543511332,26,0.386900253736676
O00217,NDUFS8,-0.18814644507895,0.146512791702561,0.19908459658295,26,0.386900253736676
P02730,SLC4A1,0.263559210134091,0.206117053203389,0.201007275927044,26,0.390146031793069
P16157,ANK1,-0.100182946224963,0.0784059762840347,0.201338893700503,26,0.390299361063084
P25786,PSMA1,0.11131069338251,0.0876102113528429,0.203898782111472,26,0.394400559464919
Q05193,DNM1,-0.0976472881875492,0.0768673104861557,0.203965078972473,26,0.394400559464919
Q15907;P62491,RAB11A;RAB11B,-0.180125703634434,0.141906086280442,0.204323262373262,26,0.394599300458361
P04004,VTN,-0.0946465009824669,0.0747033582524654,0.205167993117062,26,0.395736016686468
P26641,EEF1G,-0.0931023207468757,0.073566112354483,0.205670695395637,26,0.39608240424463
P50502,ST13,0.146622555339463,0.115934725315857,0.205979173824685,26,0.39608240424463
Q16891,IMMT,-0.120375335457465,0.0952098573179728,0.206116668616623,26,0.39608240424463
Q9Y371,SH3GLB1,0.0827328402536482,0.0655284892584708,0.206751790828675,26,0.396809337677396
O94804,STK10,-0.101905991486491,0.0810664602182672,0.208729288172513,23,0.399626424593923
O75116,ROCK2,-0.0916189856335135,0.0728843427727064,0.208736909156826,26,0.399626424593923
Q96AX2,RAB37,-0.117801716631864,0.0942711728447449,0.211443923463099,26,0.40430799721595
Q9Y478,PRKAB1,-0.127369183870562,0.10199796728671,0.211759316774349,26,0.404410561701322
P37802,TAGLN2,0.123755904015657,0.099253402736961,0.212445856588,26,0.405220800528962
P07954,FH,-0.126428885779406,0.101523313518212,0.21301460652106,26,0.405552192569948
Q9H0U4,RAB1B,-0.166470208345737,0.133714760072366,0.213144582761681,26,0.405552192569948
Q8IY17,PNPLA6,-0.163873029670075,0.132086881950935,0.21473664061825,26,0.408078855787448
O15372,EIF3H,0.134644953473153,0.108892456637302,0.216274707392494,26,0.410496834055778
P30622,CLIP1,-0.0880398955278422,0.0712474281321167,0.216572975471268,26,0.410558585402588
P35232,PHB1,-0.151289186196449,0.122868742698558,0.218207933262546,26,0.41315105011107
P15153,RAC2,0.125894701959954,0.102451222317881,0.219137138037796,26,0.414402543780165
Q96DZ9,CMTM5,-0.215876981974243,0.176337002266835,0.220865616854062,24,0.417137854316087
Q9NTJ5,SACM1L,-0.179628783415851,0.14687436772592,0.221326014614671,26,0.417137854316087
Q5M775,SPECC1,-0.161264018601415,0.131877606509553,0.221393553747049,26,0.417137854316087
Q13464,ROCK1,-0.0771216835074488,0.0631404406068663,0.221922923783996,26,0.417625964977191
Q8NBR6,MINDY2,-0.124644989958823,0.102151135026594,0.222388417612433,26,0.417992828724098
P08185,SERPINA6,0.408820772555378,0.335577007691849,0.223124362169691,26,0.418866512214061
P05067,APP,-0.128937854611251,0.10597546949601,0.223727354873458,26,0.418899443916715
P14618,PKM,-0.082917400235025,0.0682191087169934,0.224191800316547,26,0.418899443916715
O00139,KIF2A,-0.117180683240649,0.0964599884242971,0.22443807275799,26,0.418899443916715
P55160,NCKAP1L,-0.0919881622373483,0.0757236025033617,0.224446764350609,26,0.418899443916715
P19634,SLC9A1,-0.104041466839777,0.0856589612536013,0.224518276806786,26,0.418899443916715
Q969V3,NCLN,-0.0974873972503347,0.0803323375073589,0.2249191865148,26,0.418899443916715
P18428,LBP,0.163432437713477,0.134741428171642,0.225155116832888,26,0.418899443916715
Q9NXH8,TOR4A,-0.106753785040551,0.0880424456029023,0.225310963038699,26,0.418899443916715
P41250,GARS1,-0.0884362587910386,0.0732661010727494,0.227410726039148,26,0.422295158329909
Q7L1W4,LRRC8D,-0.136951299034165,0.113605010646186,0.228008780248521,26,0.42289743755578
P19086,GNAZ,-0.0921616205955061,0.0765260619500347,0.228467163065168,26,0.423169514626163
P02749,APOH,0.266588585819046,0.221473187476027,0.228703265186308,26,0.423169514626163
P20851,C4BPB,0.280197193138465,0.23320382724406,0.229552660658486,26,0.423849069650178
P05156,CFI,0.328443017021281,0.273397141128412,0.229619204723106,26,0.423849069650178
P61758,VBP1,-0.177268592006212,0.147988709067952,0.230974584248503,25,0.425842163083457
P05198,EIF2S1,-0.151479278535582,0.126840585271388,0.232380468572072,26,0.427923508872289
Q96M96,FGD4,0.0888486504841436,0.074518786966314,0.233144156406442,24,0.42853581064915
P99999,CYCS,-0.260550343034055,0.218696209048648,0.233504344771241,23,0.42853581064915
P29144,TPP2,0.0924157145521304,0.0776125105563234,0.233758737296723,26,0.42853581064915
P48047,ATP5PO,-0.110168671376962,0.0925343956838814,0.233822452024099,26,0.42853581064915
Q96G23,CERS2,-0.0755417626694427,0.0635883862826255,0.234841093948425,24,0.429892760841608
O75636,FCN3,0.252976140939078,0.213378377903324,0.235790049275086,26,0.430976926346809
Q14624,ITIH4,0.247753729192177,0.209063186631059,0.235991248989903,26,0.430976926346809
P20618,PSMB1,0.145757727388192,0.123160839105857,0.236621098885735,26,0.431616998557805
Q9HBH5,RDH14,-0.14917650963379,0.126205739778984,0.237201534438725,26,0.432165531495083
A0A0B4J1V0,IGHV3-15,0.323557286054529,0.274509368328909,0.238527677566532,25,0.434069801932028
P43652,AFM,0.379489420675128,0.322815647836983,0.239770428468892,26,0.435818014099339
P61026,RAB10,-0.19570721725244,0.166901476203088,0.24095974399673,26,0.436619042580319
P49257,LMAN1,-0.193537505039679,0.165070419313105,0.241014753232696,25,0.436619042580319
Q92614,MYO18A,-0.107266883755913,0.0914977800476234,0.241058927715865,26,0.436619042580319
P35813,PPM1A,-0.106214962010325,0.0906551278891272,0.241342560914242,26,0.436620909382323
P07093,SERPINE2,0.100024689292683,0.0854363034029749,0.24169863580884,26,0.436753675233519
P14770,GP9,-0.306925482197266,0.262436932490428,0.242193818460449,26,0.437137207384805
Q96A49,SYAP1,-0.112302302842757,0.0960974524706408,0.242553000279602,26,0.437274662114335
P27987,ITPKB,-0.12456949880581,0.106868842391641,0.243764186409589,26,0.438946000003282
Q9Y4D1,DAAM1,-0.0928923958517339,0.0798021738076868,0.244410475779595,26,0.439597421512775
Q06481,APLP2,0.123835431590552,0.106549855690889,0.245142079164085,26,0.440400595707572
P11226,MBL2,0.176526130962292,0.152530012098695,0.247141384577542,26,0.443476700548551
P09486,SPARC,-0.159177914110713,0.137676634305517,0.247610678198494,26,0.443803361736281
P34096,RNASE4,0.129916250112986,0.112485964573793,0.248108771346359,26,0.444180824716251
Q99627,COPS8,-0.134003598758909,0.116287056955768,0.249176541294987,26,0.445208083304202
P42566,EPS15,0.170934901003958,0.148427829421136,0.249470489796925,26,0.445208083304202
O00161,SNAP23,-0.261776946415857,0.227391132384826,0.249642233036435,26,0.445208083304202
O43294,TGFB1I1,-0.13528521981498,0.117563160757892,0.249837156309088,26,0.445208083304202
P19971,TYMP,0.179996492652563,0.156511916785547,0.250123376251163,24,0.445208083304202
O95467,GNAS,0.182112502409373,0.158632678447036,0.250962871068729,23,0.446091822530898
P02747,C1QC,0.336371961875138,0.293148401315291,0.251197336959147,26,0.446091822530898
Q14847,LASP1,-0.236561942760617,0.206416702043218,0.251778309963212,26,0.44637285396406
Q13107,USP4,-0.161445652319152,0.140918614825138,0.251933416606253,26,0.44637285396406
Q5T0N5,FNBP1L,-0.130341520657072,0.113940469558246,0.252646846783771,26,0.447124144651692
Q15555,MAPRE2,-0.105923884968808,0.0926960634863172,0.253162752116395,26,0.447524544645114
P0DOY3,IGLC3,0.231598975394576,0.202853524624389,0.253576473082088,26,0.447571872616141
P08240,SRPRA,-0.126815224814429,0.111330574822993,0.254666815429727,26,0.447571872616141
P01031,C5,0.208878802442608,0.183630554652142,0.255331493980268,26,0.447571872616141
P05388,RPLP0,0.16244476014445,0.142881148809056,0.255570781129423,26,0.447571872616141
P31323,PRKAR2B,-0.127974726803997,0.11258012969609,0.255645543133146,26,0.447571872616141
P55083,MFAP4,0.293269968060985,0.258101864927265,0.255849155325678,25,0.447571872616141
P49795,RGS19,-0.140343545144979,0.123525117060513,0.255892154683802,26,0.447571872616141
Q13724,MOGS,-0.121042954114512,0.106572820369041,0.256049921316761,25,0.447571872616141
Q9Y266,NUDC,-0.104506212383097,0.0920621503758921,0.256304000440052,24,0.447571872616141
Q9Y613,FHOD1,-0.118760443076817,0.104633539346668,0.256369808726748,26,0.447571872616141
Q8TD19,NEK9,-0.109599428319113,0.0965635359861006,0.256376121207304,26,0.447571872616141
O00151,PDLIM1,-0.123645808693809,0.109039999270971,0.25681590083846,26,0.44783359683456
Q13884,SNTB1,-0.133052360859365,0.117621180209451,0.257973491357365,25,0.449345032860349
Q16851,UGP2,-0.120443547586008,0.106638090812075,0.258703480286585,26,0.450109095768889
O75154,RAB11FIP3,-0.163514438316322,0.14498661339004,0.259408659559818,26,0.450568538911835
Q9BZ72,PITPNM2,-0.163387049880989,0.144916891282011,0.259550808822999,25,0.450568538911835
P10646,TFPI,0.226124959127969,0.201181174362351,0.2610186790981,26,0.45255221727652
Q8NBS9,TXNDC5,0.122011685723183,0.108665634968666,0.261514975716485,26,0.45255221727652
Q9UHG3,PCYOX1,0.178226071464535,0.158820132075154,0.261782446589649,25,0.45255221727652
Q93008,USP9X,-0.120679067984217,0.107557716330258,0.261865166501753,25,0.45255221727652
O14791,APOL1,0.273876543800945,0.244728463183223,0.263095875141808,26,0.454171091725243
Q86TP1,PRUNE1,-0.0910306077408993,0.0821215989659715,0.267652166074539,26,0.460728737837485
Q92974,ARHGEF2,-0.0857567621189043,0.0773693763779216,0.26768606220023,25,0.460728737837485
P28070,PSMB4,0.154063417462991,0.139095055859403,0.268029218501213,26,0.460728737837485
P41222,PTGDS,0.240048816282558,0.216752739276422,0.268087466223883,26,0.460728737837485
O00629,KPNA4,0.236942710906608,0.215489280709996,0.271525259025401,26,0.466118361326939
P06737,PYGL,0.0934077126667952,0.0850091869941397,0.271857272718478,26,0.466170351109932
Q14008,CKAP5,-0.084083842170479,0.0766013445338269,0.272343799490352,26,0.466486884936356
P80303,NUCB2,-0.12885077279248,0.117566876524789,0.273088169282543,26,0.467217209758678
Q9UEY8,ADD3,0.0692858363859481,0.0632560554559997,0.273374988752003,26,0.467217209758678
P07900,HSP90AA1,-0.112828217763265,0.103108817356814,0.273839418398963,26,0.467445453271144
P17858,PFKL,-0.106330888653251,0.0972714578801527,0.274334289175471,26,0.467445453271144
Q969X1,TMBIM1,-0.134692759565851,0.123281588439544,0.27458622334223,26,0.467445453271144
O43149,ZZEF1,-0.0760785877866976,0.0696524402094053,0.274718751825371,26,0.467445453271144
P02748,C9,-0.0703633194243083,0.0645207732035183,0.275469643022832,26,0.467560973949144
P28065,PSMB9,0.166446785365368,0.152688209782466,0.275665150458136,26,0.467560973949144
P39656,DDOST,-0.113171770992221,0.103823287558194,0.275694528975838,26,0.467560973949144
Q9H0R4,HDHD2,-0.0956880009071502,0.0882743495158819,0.278371800514565,26,0.47154070783724
P18085,ARF4,-0.166221704232752,0.153528750147103,0.278952806589839,26,0.47154070783724
P27338,MAOB,-0.121659086956996,0.11236993133379,0.278956768260995,26,0.47154070783724
P04217,A1BG,0.250256616361698,0.23134485190503,0.279364930321555,26,0.47171455447738
P18054,ALOX12,-0.121842735245411,0.112919632951729,0.280578050478511,26,0.472456425842375
P60660,MYL6,-0.179077999339391,0.166059537388037,0.280856914292553,26,0.472456425842375
Q07812,BAX,-0.113990371538949,0.105739490759412,0.281020248779311,25,0.472456425842375
O14656,TOR1A,0.133250922894331,0.123607777635158,0.281027479190384,22,0.472456425842375
Q9UNN5,FAF1,0.120987494394428,0.112496572514757,0.282161152288551,26,0.473846717701969
P16885,PLCG2,-0.105913000516717,0.0987809679526486,0.283629998221752,26,0.475796251088607
Q9Y6E0,STK24,-0.0932803741686165,0.0871053851875726,0.28421843729662,26,0.475968024982543
Q8N699,MYCT1,0.133971426020123,0.125136565255966,0.284348535313196,26,0.475968024982543
O94769,ECM2,0.168250890604589,0.157304109866164,0.284803933457844,26,0.47621436925581
P02760,AMBP,0.141831160618377,0.132910680006506,0.285919296573171,26,0.477006284674888
Q9C0H2,TTYH3,-0.167272053295501,0.156767883263071,0.285969756668775,26,0.477006284674888
O15067,PFAS,-0.105395916185237,0.0988253621455999,0.286203770804933,26,0.477006284674888
P51648,ALDH3A2,-0.186194328839867,0.174941688728567,0.287182749421344,25,0.478122142086182
P01780,IGHV3-7,0.311175993698171,0.294173805376765,0.290148272259547,26,0.482370523485909
Q96CW1,AP2M1,-0.0873613255385108,0.0826241137685022,0.290358955884722,26,0.482370523485909
Q12982,BNIP2,-0.113366499208866,0.107377698087113,0.29107183107523,26,0.483035423212922
Q9Y2Q0,ATP8A1,-0.0736227616068733,0.0698128161764707,0.291620325943116,26,0.483040047110219
P09669,COX6C,0.1722032318964,0.16341777364849,0.291992478371402,26,0.483040047110219
P54709,ATP1B3,-0.0892479634993449,0.0846982385466929,0.292012559223912,26,0.483040047110219
P12109,COL6A1,0.131589259855981,0.12581197059628,0.295597956486472,26,0.487965328948086
Q14139,UBE4A,-0.0721245891737326,0.0690318311070365,0.296114530739511,26,0.487965328948086
P35613,BSG,0.0801620183288253,0.0767465143075262,0.296252407212082,26,0.487965328948086
Q7Z460,CLASP1,-0.128143152298971,0.122683539771134,0.296253384176896,25,0.487965328948086
P37840,SNCA,-0.11898250176434,0.114191421830734,0.297431816581775,26,0.489384618337425
P34931,HSPA1L,0.205450576613679,0.197673115234408,0.298644283611487,24,0.490841537962637
P42574,CASP3,-0.16805071881548,0.161792277773492,0.298952677814137,26,0.490841537962637
O14980,XPO1,-0.121143724908174,0.116904320516864,0.30007905163455,26,0.492167871311443
P56192,MARS1,-0.111566397652,0.108004496505387,0.301613635913063,25,0.494160198818327
P13645,KRT10,-0.324857497865976,0.31548720463155,0.303150374456389,23,0.496151831075339
P08603,CFH,0.207633630851035,0.202047627190899,0.304115923624062,26,0.497205398940927
Q13459,MYO9B,-0.0662790892621287,0.0647744731582073,0.30619980427959,25,0.500083189864658
Q86UP2,KTN1,-0.057945379011066,0.0568055856744605,0.307697724274433,26,0.501998927142554
O14744,PRMT5,0.112039134045676,0.110009544435533,0.308464524347276,26,0.502331864458969
O15357,INPPL1,-0.0771826085760318,0.0758176606500627,0.308676514205018,25,0.502331864458969
Q16698,DECR1,-0.218350746543166,0.214754066439176,0.309273371544482,25,0.502331864458969
O14974,PPP1R12A,-0.0640684672457145,0.0630260248861281,0.309372370712462,26,0.502331864458969
O75298,RTN2,-0.171404365204149,0.168669548278806,0.309527465996724,26,0.502331864458969
Q99613;B5ME19,EIF3C;EIF3CL,0.117210421157979,0.115765957507383,0.31130982451387,26,0.504694311515141
P10321,HLA-C,0.244859940993157,0.242061563262175,0.311748190778387,22,0.504875214625375
Q96IX5,ATP5MK,-0.143732461129037,0.14224815314064,0.312287099714369,25,0.505218396920104
P01591,JCHAIN,0.466079210383251,0.462121979028331,0.313184175573372,26,0.505670781741117
Q9Y2L6,FRMD4B,-0.0825184583077154,0.0818241182485797,0.313221319175566,26,0.505670781741117
P78417,GSTO1,0.101145196947267,0.100553599673955,0.314471661287295,26,0.506489604857908
Q9H479,FN3K,-0.125925947738221,0.125213945045008,0.314566500678391,26,0.506489604857908
O00592,PODXL,0.299969982556278,0.298500842453417,0.31493454077478,23,0.506489604857908
O15126,SCAMP1,-0.0854988599884144,0.0851238980641635,0.315183491044042,26,0.506489604857908
O75955,FLOT1,-0.0979228118726487,0.0975304690283628,0.315367637458452,26,0.506489604857908
P02765,AHSG,0.319932236310397,0.319048140111122,0.31597134318437,26,0.506577674863857
Q9ULC5,ACSL5,0.125523520123998,0.125241917031173,0.316223601802604,26,0.506577674863857
P12236,SLC25A6,-0.152805673777512,0.152520377642661,0.316406120546034,26,0.506577674863857
Q9HBL0,TNS1,-0.0810797210266073,0.0815902121707433,0.32034789032592,26,0.512190745086057
Q6UXB8,PI16,0.113465100050679,0.114307597852032,0.320890516000806,26,0.512190745086057
P20340,RAB6A,-0.168523600815998,0.169780547697773,0.320906563911523,26,0.512190745086057
Q14BN4,SLMAP,0.102964781462402,0.104031527051166,0.322298314585402,26,0.51343474645371
Q15276,RABEP1,-0.0843644506543294,0.0853236847635553,0.322781702663641,25,0.51343474645371
P01718,IGLV3-27,0.216543197187358,0.219070557117283,0.322925818955999,26,0.51343474645371
O75592,MYCBP2,-0.0950232542811393,0.0961500782846669,0.323015257963111,24,0.51343474645371
P00367,GLUD1,-0.0846600146366625,0.0858402399097912,0.324010002998961,26,0.514486592634527
P05543,SERPINA7,0.25464013108992,0.258898673317995,0.325336171826857,26,0.516061997405025
Q05209,PTPN12,-0.0673209958969029,0.0687706437556234,0.327619241174541,26,0.518721856191716
P61019,RAB2A,-0.0997294266203376,0.10189067941636,0.327684486500398,25,0.518721856191716
P02675,FGB,-0.0932557705646312,0.0953977037327984,0.328298258121812,26,0.518737873262761
Q6DD88,ATL3,-0.114590638441667,0.11728660573835,0.328562294781385,26,0.518737873262761
P52597,HNRNPF,-0.127168453435757,0.130203923639435,0.328724232401065,26,0.518737873262761
P51809,VAMP7,-0.0782368025366948,0.0801562085928799,0.329037615402916,26,0.518737873262761
Q8WWI5,SLC44A1,-0.087261304582585,0.0897713975054873,0.331031118497482,26,0.520035096726105
O15144,ARPC2,-0.0385044335563326,0.0396179320375165,0.331103245889109,26,0.520035096726105
P19404,NDUFV2,-0.212652394537777,0.218815592318159,0.331133224240328,25,0.520035096726105
Q9NT62,ATG3,0.205711970599751,0.211706235930056,0.331206818885752,26,0.520035096726105
P55056,APOC4,0.129279013863676,0.133301307804559,0.332133456110187,26,0.520583177169374
P19784,CSNK2A2,-0.110484232851631,0.114012438957239,0.332518147283543,26,0.520583177169374
P60709;P63261,ACTB;ACTG1,-0.104944657242694,0.108367904998029,0.332839212502933,26,0.520583177169374
P28288,ABCD3,0.151430971758971,0.156499956183338,0.333239024215415,26,0.520583177169374
O14920,IKBKB,-0.147612626472959,0.152554300468218,0.333240622796447,25,0.520583177169374
Q9H4M9,EHD1,0.0920318428619407,0.0953885285999064,0.334639794137596,26,0.522074825374616
O75821,EIF3G,0.192121168564837,0.199223821692504,0.334871295758087,24,0.522074825374616
O95822,MLYCD,-0.145844185127559,0.152238359366197,0.338063298940869,24,0.526058404504897
P04275,VWF,-0.21638127778472,0.225948971104917,0.338236496598656,26,0.526058404504897
Q00013,MPP1,-0.0909334169909257,0.0949957751185373,0.338447931441986,26,0.526058404504897
P00748,F12,0.273816305606983,0.286677130715046,0.339507765673421,26,0.527175374839633
Q6ZU35,CRACD,-0.105493138951078,0.110764922922249,0.340891292693673,26,0.528515320427746
O75563,SKAP2,-0.0889093119696316,0.0933839889449599,0.34105487020483,26,0.528515320427746
P61224,RAP1B,-0.217801088785098,0.229317844302986,0.342224966428441,26,0.529797167466875
P07384,CAPN1,-0.0595368922885275,0.0627955517678316,0.343075065379181,26,0.530581557568403
P27797,CALR,0.0845991080388498,0.0894617708723627,0.344329502948671,26,0.531785244397496
Q86UE4,MTDH,-0.0934657228933397,0.0988815219917625,0.344541766758507,26,0.531785244397496
P13598,ICAM2,0.180331856150104,0.191036175657017,0.345186483831628,26,0.53206226016848
P61106,RAB14,-0.10423761174356,0.110513300932755,0.345571828138837,26,0.53206226016848
Q86UN3,RTN4RL2,0.116584267942083,0.123650082723884,0.345754374892656,26,0.53206226016848
P63241;Q6IS14;Q9GZV4,EIF5A;EIF5A2;EIF5AL1,-0.243350333066168,0.25881066336521,0.347082193354387,26,0.533188951455075
O14618,CCS,-0.11390986953962,0.121257202426083,0.347521800174722,26,0.533188951455075
Q969T9,WBP2,0.142465779869748,0.151658315321167,0.347532321914435,25,0.533188951455075
P00505,GOT2,-0.134652885344601,0.143440828947196,0.347866966386223,25,0.533188951455075
Q14315,FLNC,-0.235437940768346,0.251750062240948,0.349682613525714,26,0.535440671850572
Q9NV96,TMEM30A,-0.0663664811300051,0.0710163215830174,0.350033486044905,26,0.535447263306315
Q14112,NID2,-0.0814811505516405,0.0875717603821984,0.352138104678745,26,0.538133898841405
P26038,MSN,0.120525617554407,0.130192252690649,0.354575359464523,26,0.541148534780859
P23284,PPIB,0.158739920593804,0.171555593865167,0.35481130468156,26,0.541148534780859
O75964,ATP5MG,-0.124226992257459,0.135786942833452,0.360261459089225,26,0.548919087073819
Q99598,TSNAX,-0.132233645388798,0.144783888259097,0.361075630020312,25,0.549617584612199
Q06323,PSME1,-0.0731639657434363,0.0802966007666933,0.362205073299661,26,0.550626613621204
P17980,PSMC3,-0.0893921487933598,0.0982102871538536,0.362710894533477,26,0.550626613621204
O00560,SDCBP,0.093223283518565,0.102497811396395,0.363078412673222,24,0.550626613621204
P02549,SPTA1,0.146410679631462,0.161005419544322,0.363164090148872,26,0.550626613621204
Q9UHY1,NRBP1,0.0807258420623376,0.0888936902500059,0.363816583464948,26,0.550812055804467
O95866,MPIG6B,0.264296249951118,0.291148715078893,0.36399942328567,26,0.550812055804467
Q8TC07,TBC1D15,-0.111482226333519,0.123289994013105,0.365874680965214,26,0.552369353990151
P05452,CLEC3B,0.263050357373975,0.291154475531736,0.36627463861762,26,0.552369353990151
Q9H3U1,UNC45A,-0.054963414893482,0.060847638616247,0.366368938179947,26,0.552369353990151
Q08380,LGALS3BP,0.0904869186371719,0.10019634512509,0.36647494601642,26,0.552369353990151
P08670,VIM,0.156130630680553,0.173006893684604,0.366816153523557,26,0.552369353990151
P42229,STAT5A,-0.0486214043223788,0.0540208919275352,0.368094622494532,26,0.553271112250347
P11142,HSPA8,-0.0885856700538923,0.0984307723965305,0.36813119960735,26,0.553271112250347
A2RUS2,DENND3,-0.06313615557275,0.0703575976094446,0.36952638114198,26,0.554828239907054
Q96HC4,PDLIM5,-0.0717408197002171,0.0801573430517965,0.370787103523011,26,0.555616961783027
Q9P2J5,LARS1,-0.0871033698656374,0.0973514420749004,0.370930811018903,25,0.555616961783027
Q9UNW1,MINPP1,0.177641279721513,0.198624426966695,0.371130553113323,26,0.555616961783027
Q96A26,FAM162A,-0.112548533086568,0.125986850521012,0.371677502734795,26,0.555897136229679
Q14126,DSG2,0.120523165616003,0.135142104385642,0.372486507954766,26,0.556109194095639
P46379,BAG6,-0.0722870851522865,0.081098385515907,0.372741173229769,26,0.556109194095639
Q9NYU2,UGGT1,-0.040312939356284,0.0452417556493934,0.372899110086137,26,0.556109194095639
Q9Y3P9,RABGAP1,-0.0752017610845614,0.0845317229701649,0.373665835081306,25,0.5567152509167
P07814,EPRS1,-0.0582711442524823,0.066108240888122,0.378074016173745,25,0.562666407715734
Q9NVK5,FGFR1OP2,0.0686830383007641,0.0779788875748317,0.378431396655676,24,0.562666407715734
P14406,COX7A2,-0.153183602123545,0.174050721179753,0.378800276622839,26,0.562666407715734
P16671,CD36,-0.088927689637603,0.101108830787004,0.379116977625941,26,0.562666407715734
Q9HBB8,CDHR5,0.172098674841863,0.1959177813246,0.379714235974082,25,0.563011990959652
Q68D51,DENND2C,0.0496503603987396,0.056680980769271,0.381050930821772,25,0.564452241725443
Q15019,SEPTIN2,-0.0633062970589993,0.0723576519263173,0.381623901710275,26,0.564759509714918
O14880,MGST3,0.104958749252081,0.121018953604473,0.385782134199586,26,0.57036688740513
Q00341,HDLBP,-0.0660757273150561,0.0763531806564736,0.386821546221177,26,0.571356872764549
P11586,MTHFD1,-0.0515402409053044,0.05976926914339,0.388511406327422,26,0.573304797302642
Q96AG4,LRRC59,-0.201225462236158,0.234162351128455,0.390152049306078,26,0.574469824242469
P27169,PON1,0.10980634227285,0.127852337075743,0.390421713119287,26,0.574469824242469
P60953,CDC42,-0.0944647895215549,0.11002296231953,0.390565882782748,26,0.574469824242469
Q96E17,RAB3C,-0.107275870691511,0.125021830548764,0.390860928581621,25,0.574469824242469
P04003,C4BPA,0.0826613661708419,0.0963963488252871,0.391160035665422,26,0.574469824242469
P02750,LRG1,0.282806885476844,0.330495844923284,0.392161076825923,26,0.575393032949717
P56377,AP1S2,-0.17454509163333,0.204153968633255,0.392568913847563,26,0.575444944871428
O60613,SELENOF,-0.0919951939398945,0.108123313152283,0.39486052916165,25,0.578255466876539
Q9NRL3,STRN4,-0.0832555761773066,0.0981318619740971,0.39621238064878,25,0.579685727369664
Q8NE71,ABCF1,-0.0861058887397474,0.101706872154704,0.397213449854505,24,0.580600548746651
P25311,AZGP1,0.188438830130132,0.223376974668449,0.398897933439571,26,0.582511632480281
Q8TDZ2,MICAL1,-0.0723897686172356,0.0861495052347303,0.400751006696309,26,0.584665066426626
Q9Y2A7,NCKAP1,-0.0827036887617173,0.0989036200393357,0.40303965903179,26,0.587375534882379
Q93034,CUL5,-0.107682487661393,0.128896772132535,0.403483254069315,25,0.587375534882379
Q99747,NAPG,-0.0684080483418033,0.0819313286236541,0.403749396792936,26,0.587375534882379
P27708,CAD,-0.0811872816260062,0.0975264761530543,0.405147083395804,26,0.588198643974019
Q63ZY3,KANK2,-0.143516429117333,0.172416521078689,0.40519329185895,24,0.588198643974019
P60900,PSMA6,0.115017490005757,0.138329169979961,0.405704351899352,25,0.588198643974019
P31146,CORO1A,0.133069211453019,0.160192482163617,0.406152592095006,26,0.588198643974019
P84095,RHOG,0.107430850400407,0.129346524538745,0.406218739883676,26,0.588198643974019
P0DMM9;P0DMN0,SULT1A3;SULT1A4,0.0715164465657426,0.0866376645756514,0.409107077014005,26,0.591671366614166
Q15366,PCBP2,-0.0982945708681576,0.119147829434981,0.409382971463135,25,0.591671366614166
Q7Z7H5,TMED4,0.162154889721504,0.196850476732183,0.410083616417682,26,0.592130081649831
P01889,HLA-B,0.114029993931417,0.138905030255313,0.411691524426207,26,0.593896736917357
P01714,IGLV3-19,0.226215355262098,0.276917722839557,0.413982961914361,25,0.59664522029635
P01876,IGHA1,0.0532703292654196,0.0653751794812081,0.415163743507095,26,0.59753738406127
O76074,PDE5A,-0.0719930242018388,0.0884540969230206,0.415700720439297,26,0.59753738406127
Q13033,STRN3,-0.0688660644247068,0.0846233306777242,0.415762257518359,26,0.59753738406127
Q92882,OSTF1,-0.0932479843342141,0.115140475958329,0.418019053713055,26,0.599640741421988
Q15370,ELOB,-0.173770891684846,0.214721546880636,0.418351327012919,24,0.599640741421988
Q86YW5,TREML1,-0.243483277792026,0.300887349378205,0.418390109548804,26,0.599640741421988
Q9BSJ8,ESYT1,-0.110990236441105,0.137294847229078,0.418855816937686,26,0.599751841676297
Q96RT1,ERBIN,-0.0788023758183262,0.0976526706652012,0.419686126343695,26,0.599788078750442
P12074,COX6A1,0.0862203196654829,0.106932138018287,0.420064840445612,25,0.599788078750442
Q9UIJ7,AK3,-0.0940602442308439,0.116712344886398,0.42029178850835,25,0.599788078750442
Q9UPU5,USP24,-0.0531377388229612,0.0659548360980129,0.420433973648368,26,0.599788078750442
P98172,EFNB1,-0.0760467125379322,0.0947574254892903,0.422240121110622,24,0.601713895511234
P28331,NDUFS1,-0.0706208075439802,0.0880577440434507,0.422562832770025,26,0.601713895511234
Q8WXF7,ATL1,-0.0748115767611077,0.093420405139806,0.423244238887131,26,0.602129234880864
Q8NCA5,FAM98A,-0.123127994519387,0.155375505325534,0.428095801608061,24,0.608471033564355
P30048,PRDX3,0.10164085380726,0.128632098249727,0.429430179087099,26,0.609806642177911
Q9BT78,COPS4,0.054329996294747,0.0689319018686401,0.430597790335539,26,0.610903201164746
Q9Y450,HBS1L,-0.0915081774341704,0.116570833887059,0.432453202270898,26,0.612972658264713
P02766,TTR,-0.0458822913177148,0.0587961899466875,0.435178039201199,26,0.616269542223512
Q13162,PRDX4,-0.160270007593929,0.206114005825464,0.436817001710064,26,0.618024054617261
Q8IY22,CMIP,0.0699591913109905,0.0901117924309007,0.437536454565448,26,0.618162006784789
Q93052,LPP,-0.0766198851847372,0.0987295807061607,0.437714715483857,26,0.618162006784789
P49720,PSMB3,0.11656849689988,0.150865071278315,0.439719344624257,26,0.620425924606829
P15498,VAV1,-0.0722684212698539,0.0938933769570986,0.441486154379943,26,0.622350463975375
Q6WCQ1,MPRIP,0.0602813874211396,0.0785867702937767,0.443041156905822,26,0.62374920137828
O43306,ADCY6,-0.0786952241230175,0.10289471880715,0.444382873413909,26,0.62374920137828
Q16401,PSMD5,-0.0578439560877452,0.0756629607260996,0.444572307879157,26,0.62374920137828
O15269,SPTLC1,-0.0875473881137353,0.11455192058703,0.444712643505554,25,0.62374920137828
O14672,ADAM10,-0.134667127197364,0.176212590173902,0.444729585112352,26,0.62374920137828
O95168,NDUFB4,-0.0685580497291272,0.0897422667774325,0.444900724866579,25,0.62374920137828
Q96BM9,ARL8A,-0.0816788471322824,0.107378625221346,0.446858936670946,26,0.625926615735822
P35908,KRT2,-0.253991675670714,0.334477427749904,0.447632056397572,24,0.62644160066508
P00488,F13A1,-0.0736590728227216,0.0971208333357515,0.448195334265449,26,0.626662254696939
P51812,RPS6KA3,-0.058593513431438,0.0776077629715786,0.450251669736512,26,0.628706084709385
Q96A65,EXOC4,-0.0494075313355231,0.0654725165758401,0.450470961665559,26,0.628706084709385
P05165,PCCA,-0.0655131482473701,0.0869154882646647,0.450995213568495,25,0.628869679569787
Q04917,YWHAH,-0.0940996900450371,0.12501477269258,0.451625062476895,26,0.629180091548064
P01042,KNG1,0.0467316653740966,0.062166814888083,0.452223066587353,26,0.629445619709424
Q9Y394,DHRS7,0.0857311526162153,0.114327693015049,0.45333171112819,26,0.629642132752917
Q02487,DSC2,0.153520183160016,0.204836173753895,0.453569220458113,26,0.629642132752917
Q99426,TBCB,-0.101363917890611,0.135402388094157,0.454090806350296,25,0.629642132752917
Q99471,PFDN5,0.100696373236146,0.134613536603213,0.454435747097486,26,0.629642132752917
Q8IUI8,CRLF3,0.0976616581084443,0.130690475893948,0.454897890586564,25,0.629642132752917
Q5JSH3,WDR44,0.0775741273402158,0.10383937717645,0.455028028516262,26,0.629642132752917
O15400,STX7,0.0869704599887082,0.116465946253706,0.455216998242724,26,0.629642132752917
P42858,HTT,-0.0546373995723759,0.0735200642124309,0.457382934640862,26,0.632072123452712
P20674,COX5A,-0.0688125652792084,0.0935333268693333,0.461912660346531,26,0.637761447931537
Q13546,RIPK1,-0.0909418952819281,0.12461143075539,0.465510123381267,24,0.642154589842909
O00203,AP3B1,0.0692452850941534,0.0949812906790271,0.465976390201379,26,0.642224373649537
P0CG47;P0CG48;P62979;P62987,RPS27A;UBA52;UBB;UBC,-0.128093641077383,0.176463085352011,0.467903247078758,26,0.644305273383851
P48740,MASP1,0.0686861674611098,0.0947445666751396,0.468475622061363,26,0.644518999185045
P35858,IGFALS,0.102127677237918,0.141749333522746,0.471228999567286,26,0.647730252963929
P25787,PSMA2,0.0859493067988135,0.119556115584104,0.472200395992134,26,0.648488543829197
A0FGR8,ESYT2,-0.0544002318202877,0.0762409574432412,0.475517681916794,26,0.652464314885832
Q9P2E9,RRBP1,-0.0605592971169797,0.0850684160244283,0.476533314099269,25,0.653277702114792
P07948,LYN,-0.0660384545227229,0.0928998552181945,0.477173240544356,26,0.653575050213679
P49755,TMED10,-0.102494384147057,0.144414688540601,0.477876106200003,26,0.653958001841456
Q8WXE9,STON2,0.0755990913071607,0.106737028015091,0.478774948086591,25,0.654608225481224
P38606,ATP6V1A,-0.0519883536051563,0.073528685642052,0.479536281710808,25,0.655069456448451
Q8NFH8,REPS2,0.0831353190179122,0.117998803566491,0.481094217330885,25,0.655941854229588
P14868,DARS1,-0.0518277303909416,0.0735711198919603,0.481147881226562,25,0.655941854229588
Q16539,MAPK14,0.0816642268367285,0.116004505616336,0.481448584269484,26,0.655941854229588
O00159,MYO1C,-0.0633109277004367,0.0900458969887098,0.48199580220793,26,0.656108823269825
P67812,SEC11A,-0.0890218066893068,0.127085199504208,0.483621862462854,24,0.657220698080723
P62873;P62879,GNB1;GNB2,0.144410355858616,0.206176018589956,0.4836633875196,26,0.657220698080723
Q9H3N1,TMX1,0.101250486147227,0.145140499657933,0.485425340444276,26,0.659035282061869
Q93050,ATP6V0A1,-0.0565049204286307,0.081124211403015,0.486101039627494,26,0.659373227589533
P13796,LCP1,0.0780354898541721,0.112536238110744,0.488042604902284,26,0.661426161907043
Q5VZK9,CARMIL1,-0.0817855007794385,0.118641558436643,0.490603345222675,24,0.664313907422466
Q14258,TRIM25,-0.0574491452606046,0.0835021621357816,0.491455362738426,26,0.664341656827006
Q71U36,TUBA1A,0.165165948419166,0.240083989221553,0.491483827672018,26,0.664341656827006
P45974,USP5,-0.0702356241484317,0.102431496209706,0.492912484023336,26,0.665034262264058
Q01518,CAP1,0.0535501674405298,0.0781271611608918,0.493076919373772,26,0.665034262264058
Q15057,ACAP2,0.0980436478619199,0.14311074904017,0.493287549873534,26,0.665034262264058
P11177,PDHB,-0.0614380559279749,0.089892731674672,0.494316431678655,26,0.665081518457681
P35606,COPB2,-0.038522921108772,0.0563682207773763,0.494344268780795,26,0.665081518457681
P53814,SMTN,-0.0806582554530805,0.118176913691923,0.494909407364822,26,0.665081518457681
P13611,VCAN,0.185773420158008,0.272272259634481,0.495044495939374,25,0.665081518457681
P02545,LMNA,-0.0583966419388654,0.0858226536763557,0.496229769570665,25,0.66609469503621
P68400;Q8NEV1,CSNK2A1;CSNK2A3,-0.0695199422604664,0.102478841055903,0.497528646093355,26,0.667258470672078
P02671,FGA,-0.0489466712669895,0.0722636836536158,0.498193875824689,26,0.667259044811864
O00264,PGRMC1,-0.0989230358151875,0.146115237277902,0.498392839943619,26,0.667259044811864
P24539,ATP5PB,-0.0976718827255163,0.145316034330061,0.501498238502613,26,0.670713407112154
P0C7P3,SLFN14,-0.0517403385636365,0.077040922330668,0.501841228881327,26,0.670713407112154
P31946,YWHAB,-0.0888222434189762,0.132671111827816,0.503181704244324,26,0.671923710507762
Q9NS28,RGS18,0.0888598705250366,0.133126707534247,0.50446339441092,26,0.673053492543066
P32004,L1CAM,0.0797767525000906,0.120569750578172,0.50818610778812,26,0.676902598048121
Q9P260,RELCH,-0.0417009844562033,0.0630300622316243,0.508224604359754,26,0.676902598048121
Q9UJU6,DBNL,-0.0873433410079102,0.132176173133314,0.508734149352435,26,0.676997640611121
O43865,AHCYL1,-0.0616172805754604,0.0939053157008061,0.511718657133382,26,0.680383240336554
P07951,TPM2,-0.127639753555464,0.194885367022149,0.512501326210908,26,0.680837961303399
Q92823,NRCAM,0.123006769174248,0.188243432854953,0.513469301883537,23,0.681218222966185
P61073,CXCR4,-0.115200473203131,0.176434333010614,0.513797007284721,26,0.681218222966185
O60610,DIAPH1,-0.0495126371447157,0.0758871439057046,0.514110322316228,26,0.681218222966185
Q7Z2W4,ZC3HAV1,-0.0464482198991627,0.0713656449475082,0.515144316436159,26,0.682003400937331
P01619,IGKV3-20,0.114884970577373,0.176924288749379,0.516115155986529,26,0.682703695204784
P32119,PRDX2,0.129189873698169,0.199405745731913,0.517066203160035,25,0.682873545267904
Q13637,RAB32,0.0705358953695092,0.10906587850822,0.517808366686611,25,0.682873545267904
Q96T51,RUFY1,-0.0601925669023081,0.0930997656708916,0.517930782951949,26,0.682873545267904
P61769,B2M,-0.102082764348304,0.157921739490059,0.518011517834293,26,0.682873545267904
P62136,PPP1CA,-0.0745437878030856,0.115460945084785,0.518526085129066,26,0.682969140259512
Q00722,PLCB2,-0.0611767536282687,0.0948989589661988,0.519153070684256,26,0.683212516360457
Q6IAN0,DHRS7B,-0.0581849737894241,0.0905396007300916,0.52045338648763,26,0.684185722131679
Q8N3D4,EHBP1L1,0.0549392703196787,0.0856010876430999,0.520999315271456,26,0.684185722131679
Q6UWL2,SUSD1,-0.0806659864506346,0.125752893832384,0.52122109705436,26,0.684185722131679
Q9Y265,RUVBL1,-0.0710450758618395,0.111074634390143,0.52242249735187,26,0.685180609854533
Q8WUW1,BRK1,-0.0759502666139582,0.119048358001758,0.52348781928208,26,0.685460498596016
Q9UL46,PSME2,-0.0627998050698652,0.098444040944885,0.523523228701164,26,0.685460498596016
O14523,C2CD2L,-0.0610715419305354,0.0960931504390165,0.525072887453672,26,0.68690737605074
P02763,ORM1,0.14904663388411,0.234792860689974,0.525558513486211,26,0.686961001130454
P51149,RAB7A,0.0686763329871595,0.108584469222963,0.527080324627792,26,0.688367795054894
Q9H2U2,PPA2,0.114349937441615,0.181233013241425,0.528069726119514,25,0.689077472005616
P17987,TCP1,0.0469646938190698,0.0745807753355703,0.528880532608186,26,0.689553099476495
P11182,DBT,-0.072440339000781,0.115291613116023,0.529792556288199,26,0.689676457703873
P46939,UTRN,0.0294060585359865,0.0468094577399942,0.529867932229448,26,0.689676457703873
P36776,LONP1,-0.0916129106393401,0.146034037357424,0.530436758259649,25,0.689684845748348
O95671,ASMTL,0.0600999095860537,0.0958783037948949,0.530767172553259,23,0.689684845748348
Q96QK1,VPS35,-0.068211360729474,0.109652195007674,0.533895721845567,26,0.692614847197092
Q96SB3,PPP1R9B,-0.0522331735423777,0.083971392140479,0.533918629781059,26,0.692614847197092
P31943,HNRNPH1,0.0593605964339318,0.0958989811646957,0.535922355318084,25,0.694630905173187
Q96P70,IPO9,-0.0632638738912888,0.102400065431647,0.536700014834885,26,0.69505576103931
P0DMV8;P0DMV9,HSPA1A;HSPA1B,0.0404437306556209,0.0658365519326389,0.53901372264036,25,0.697467505426597
Q13790,APOF,0.0812207855093317,0.132724597889971,0.540570999454088,26,0.698897233603821
P09493,TPM1,-0.0925330919168947,0.151847618284386,0.54227176098532,24,0.70050992535311
P22392,NME2,-0.0831832910780463,0.136740786625093,0.542969751096634,26,0.700825618583375
P51692,STAT5B,-0.0755375254839094,0.125195056565034,0.546270096476877,26,0.704261633323672
P13716,ALAD,0.0607263427669491,0.100779342384335,0.546796536310746,26,0.704261633323672
Q92747,ARPC1A,-0.0873101818137879,0.14499883329019,0.547078268222901,24,0.704261633323672
O75844,ZMPSTE24,-0.0626742794302506,0.104183152296762,0.547455159625715,26,0.704261633323672
P05155,SERPING1,0.0378025534278156,0.0632321121660686,0.549948096306165,26,0.706880040593198
O15260,SURF4,-0.0719362120920365,0.120895069662343,0.551823313972631,25,0.708700764827693
P62937,PPIA,-0.073047723326101,0.12302280642783,0.552663392792563,26,0.709190151050258
Q86VS8,HOOK3,-0.0530734469304941,0.0895802352684068,0.553537062790043,26,0.709721794199682
Q9Y624,F11R,0.0512140828808902,0.0865835913262433,0.554186316880212,26,0.709965057694798
P13861,PRKAR2A,-0.0717020172302065,0.121688597544939,0.555710054707846,26,0.710875370380982
P27348,YWHAQ,-0.108436206424605,0.184081645794467,0.555817118071344,26,0.710875370380982
Q99829,CPNE1,-0.0774902266819199,0.131916211129391,0.556921634602422,25,0.711698863077536
Q9Y2D4,EXOC6B,-0.0797794985904753,0.136093868079667,0.557734836023289,26,0.712149026161968
Q01970,PLCB3,-0.104686742286044,0.179280911727501,0.559270262490699,25,0.713364346234123
P61163,ACTR1A,-0.073040467534553,0.125193467804942,0.559610089084632,26,0.713364346234123
P55884,EIF3B,-0.0537286610620954,0.0923679334477696,0.560781650815863,26,0.714268467032571
Q9Y2X7,GIT1,-0.0611875980428436,0.10541343352359,0.561608825537137,26,0.714732813389519
P04196,HRG,0.0848316684288381,0.146875688471448,0.563551353139202,26,0.716490349085982
Q10472,GALNT1,-0.0784054396269473,0.135876928751616,0.563917323293563,25,0.716490349085982
P00450,CP,-0.052189772083841,0.0907544340556296,0.565246790234567,26,0.717589392697129
O43396,TXNL1,-0.0764888235976092,0.133540127956999,0.566795137555469,26,0.718964275470607
Q14155,ARHGEF7,-0.0602931032248903,0.105546235282319,0.567831368993514,25,0.719687830266595
P49913,CAMP,0.117180279985493,0.205606451742231,0.568728492030116,26,0.720117504765227
P47756,CAPZB,-0.0871932725979744,0.153138922673466,0.569102571727082,26,0.720117504765227
P40967,PMEL,0.150200623656783,0.267273493791668,0.574134067025632,26,0.725889634660066
P41240,CSK,-0.0754450120193105,0.135065513174515,0.576447797901309,26,0.728219008796012
Q00325,SLC25A3,-0.0965815550729801,0.174155143347186,0.579187488848496,26,0.730966744860379
Q04759,PRKCQ,-0.0395105527773826,0.071316854505548,0.579569101911951,26,0.730966744860379
P21291,CSRP1,0.0815067887742793,0.147776774488911,0.581254341542275,26,0.732303756549518
Q9BX10,GTPBP2,-0.0500071948833219,0.0908468200206977,0.582006514242715,25,0.732303756549518
P22314,UBA1,-0.0478351358096712,0.0869111700090173,0.582051141128031,26,0.732303756549518
Q14162,SCARF1,-0.0715521374045974,0.130522365496401,0.583555757023544,25,0.733599385355065
Q8TD55,PLEKHO2,-0.0775702294863982,0.143102313505357,0.587776261272942,26,0.738304328184305
P05556,ITGB1,-0.0597619128612673,0.110493802966723,0.588602619754877,26,0.738741712040037
O60271,SPAG9,-0.0432394605459033,0.0803254495616541,0.590367622148002,26,0.740355500177486
A0A087WSY6,IGKV3D-15,0.0923978823947319,0.172980203397824,0.593235732324738,26,0.741744126731874
P34932,HSPA4,0.0578369563006103,0.108309198116638,0.593342527337594,26,0.741744126731874
P42338,PIK3CB,-0.0926686200733455,0.173716346528387,0.593723567856955,24,0.741744126731874
P09543,CNP,0.0719478557881294,0.134910787709905,0.593826272922699,25,0.741744126731874
Q684P5,RAP1GAP2,-0.0490161009844623,0.0919232528977481,0.59387539467141,26,0.741744126731874
Q6IAA8,LAMTOR1,-0.101251041743658,0.19019694082223,0.594484699408739,25,0.741905380118337
P00747,PLG,0.0902779152900833,0.169894270717358,0.595157526311609,26,0.742145583657333
Q8TF42,UBASH3B,-0.129545612386571,0.244762532523694,0.596617747549645,26,0.743366467713065
P02745,C1QA,0.143277371918578,0.271377355574988,0.597524584172925,26,0.743896440408678
P54819,AK2,-0.0549786377267776,0.104427212116589,0.59855608085079,25,0.744219797991414
Q9Y333,LSM2,0.0896562796979156,0.170383695437785,0.598747708028043,24,0.744219797991414
P42224,STAT1,-0.0532688546533509,0.101793437713537,0.600763117550078,25,0.745765702125352
P06730,EIF4E,0.0577810283935207,0.110474688476995,0.600956827926255,24,0.745765702125352
P55145,MANF,-0.047846672949637,0.0929476538064335,0.606713682235624,25,0.752305488807414
Q5SW96,LDLRAP1,0.0682337387966287,0.132795137032943,0.607372886303343,26,0.752518932909916
P25788,PSMA3,0.107569368513892,0.20975045737961,0.60806009851584,26,0.752525090978535
P36542,ATP5F1C,-0.0805537662418184,0.157200384514999,0.608351999114687,26,0.752525090978535
Q8N766,EMC1,0.052677585288804,0.103007189453138,0.609072975393327,26,0.752814197586152
O14818,PSMA7,0.0536328279902885,0.105300345946044,0.610519583422967,26,0.7538354273843
Q9UJW0,DCTN4,-0.0571030178923622,0.112225309538416,0.610875051835044,25,0.7538354273843
P19367,HK1,-0.0477337849179485,0.094279355267224,0.612644966035933,26,0.755416179190356
P13798,APEH,-0.0460672429210744,0.0913227418209788,0.613949145416734,26,0.756248492000289
P43250,GRK6,0.0493027350556207,0.0978332621370108,0.614298936867549,26,0.756248492000289
P02774,GC,-0.0643661162903892,0.12805670137844,0.615219070878219,26,0.756284702850541
P22234,PAICS,-0.0479006178393746,0.0953223218972807,0.615307360183256,26,0.756284702850541
P61020,RAB5B,-0.0705233535645918,0.140990603934921,0.616934990053921,26,0.757682479835698
P02787,TF,0.124257210964893,0.25148861897573,0.621244868558678,26,0.762208390545361
Q9Y5M8,SRPRB,-0.0578534850563602,0.117213321436389,0.621606842774857,26,0.762208390545361
O43169,CYB5B,-0.0806921503544318,0.1640299910225,0.622765050277892,26,0.76225981992015
P61978,HNRNPK,0.033801614808138,0.0687652899144492,0.623037121500067,26,0.76225981992015
O00534,VWA5A,0.0625669998167665,0.127454829386629,0.623500373192092,25,0.76225981992015
P33176,KIF5B,-0.0564526122510943,0.115128875247607,0.623891362648739,26,0.76225981992015
P47712,PLA2G4A,-0.0445165907778195,0.0908454028118614,0.624115645436239,26,0.76225981992015
Q9UBF2,COPG2,-0.0417026434603909,0.0854466484864084,0.625511054636073,25,0.763360647245444
Q15363,TMED2,-0.0624733740378269,0.128306348711737,0.626323604483027,26,0.763748988892089
Q53T59,HS1BP3,0.0599372816125104,0.123283336228907,0.626843062602025,26,0.763779599148366
O43432,EIF4G3,0.061990429989943,0.128480987979263,0.629459901031585,25,0.766363709293774
Q9BS26,ERP44,0.058109481415209,0.120704316876924,0.630217970954856,26,0.766682492224608
P11021,HSPA5,0.0321911665508353,0.0670465244104576,0.631133697751772,26,0.76687250699292
O75069,TMCC2,-0.056436097698985,0.117726511652729,0.631666128546689,26,0.76687250699292
P04792,HSPB1,-0.0456884571288075,0.095361901592156,0.63186323715339,26,0.76687250699292
Q13976,PRKG1,0.0294358276236444,0.0617896961124795,0.633798467819357,26,0.768617451162407
Q16512,PKN1,-0.0492308371075414,0.104236000722264,0.636711479263603,26,0.771544498401778
P49588,AARS1,-0.0581032990481111,0.123581973906149,0.638240720185745,26,0.772350788314678
P61225,RAP2B,-0.0616323153259465,0.131141042326497,0.638376670988895,26,0.772350788314678
Q5T2T1,MPP7,-0.0473244686595255,0.101282374621366,0.640319053187932,24,0.774011280527605
O75369,FLNB,-0.158560759361069,0.339785982609519,0.640751085951331,24,0.774011280527605
P01597;P04432,IGKV1-39;IGKV1D-39,0.11345810371005,0.244013868534358,0.641955947842927,24,0.774387394058407
Q8TEW0,PARD3,0.0271386822565254,0.0583861517512216,0.642064887889203,26,0.774387394058407
Q32P28,P3H1,0.0406636818343958,0.087721375175691,0.64296660308957,26,0.774870048185168
Q15018,ABRAXAS2,-0.0792185006275877,0.171341091778903,0.64383475616348,26,0.775311534117363
P07359,GP1BA,0.0502646935764845,0.109571448751141,0.646421625454429,26,0.777820413806147
Q9NVA2,SEPTIN11,0.0453375600440293,0.099112365460977,0.647357722370125,26,0.778340607830228
O00186,STXBP3,0.0628112375198259,0.137755727379615,0.648418032070585,25,0.779009222044366
Q14141,SEPTIN6,0.099624640852619,0.219854163247582,0.650448178393187,26,0.780294662850079
P23528,CFL1,0.0381194648072248,0.0841358602420644,0.650498074919677,26,0.780294662850079
Q8WWZ8,OIT3,0.122191840830857,0.270925770985126,0.65197806177338,26,0.781163781414172
O95573,ACSL3,-0.0360651141524264,0.0800271328571044,0.65223383690892,26,0.781163781414172
Q14166,TTLL12,0.0443909620918384,0.0991523740272464,0.654366487744716,26,0.783110940019818
P02790,HPX,0.117031893862165,0.2645336604732,0.658193755252774,26,0.786236769277056
Q9BY43,CHMP4A,0.0667464029694086,0.150985858246273,0.658438147003932,26,0.786236769277056
Q9P107,GMIP,-0.0400778195444437,0.0906783059235429,0.658505099964085,25,0.786236769277056
Q969X0,RILPL2,-0.0676249517637972,0.157190711692793,0.667043185972037,26,0.795816001796755
P06733,ENO1,0.0638085266016785,0.149276618450556,0.669050444374611,26,0.797594858455845
Q4KMQ2,ANO6,-0.0355679862787264,0.0841641658532316,0.672585307686987,26,0.801190671068924
Q9Y6N5,SQOR,-0.0523638742559422,0.124822994091396,0.674847077204484,26,0.803265588814274
Q8NG06,TRIM58,0.0301884785872129,0.0723686680313889,0.676569819360021,26,0.80469620547439
Q8NEZ2,VPS37A,-0.0693384042534592,0.167449901663034,0.678812243790265,26,0.806742243581508
P98194,ATP2C1,-0.041248654701222,0.101129564869287,0.683362300993149,26,0.811525561133294
Q14677,CLINT1,-0.0361133992407986,0.0888251055954822,0.684325686864848,26,0.812045457915661
Q9UPN7,PPP6R1,0.0612202217199577,0.150895021919162,0.684952760252342,26,0.812165782494142
P07339,CTSD,0.047222258163845,0.116911509081969,0.686275565417749,26,0.812585628966755
Q9UKE5,TNIK,-0.0421994898317719,0.104676359382072,0.686843392502189,26,0.812585628966755
Q12912,IRAG2,0.0568988021494733,0.141157838883797,0.686884680537593,24,0.812585628966755
Q99442,SEC62,0.0347333160784638,0.0875447416436565,0.691552331961951,26,0.817481524775221
P09104,ENO2,0.0749818294054811,0.190213052755553,0.693433991109487,26,0.819079140874738
Q9BSJ2,TUBGCP2,-0.053573348176211,0.136698960009806,0.695126558459196,26,0.820451132787974
O94979,SEC31A,-0.0360455283919762,0.0929162200160347,0.698063542209959,25,0.822685950169423
P40306,PSMB10,-0.0486705391696538,0.125600446675832,0.698383927569279,24,0.822685950169423
P17812,CTPS1,-0.048103810969419,0.12423908178657,0.698617454124455,24,0.822685950169423
P61158,ACTR3,-0.0505145167208757,0.131177697409686,0.700174705761102,26,0.823891790099697
Q9UH62,ARMCX3,-0.0406564114631194,0.106122190843663,0.70163863201652,26,0.824524360742405
P02655,APOC2,0.052981744923015,0.138471415663855,0.702002546422089,26,0.824524360742405
P00492,HPRT1,0.0474113805922517,0.124232880366615,0.702733520985648,26,0.824524360742405
P02768,ALB,-0.0570564305673065,0.149816030334477,0.703319531435005,26,0.824524360742405
Q06124,PTPN11,0.0270802709472143,0.0712214385587215,0.70377736639411,26,0.824524360742405
P21926,CD9,0.0524615703802698,0.138195518711749,0.704228653694922,26,0.824524360742405
Q15435,PPP1R7,0.04088705895391,0.107866372808245,0.704648598265862,25,0.824524360742405
Q9Y385,UBE2J1,-0.0499284104227465,0.132106412041148,0.705474530960772,26,0.824524360742405
P55039,DRG2,-0.0542226886334257,0.143489571478636,0.705515342978291,25,0.824524360742405
P04070,PROC,0.0374620837829352,0.0993973264261879,0.706253667748462,26,0.824763353493102
P55957,BID,0.0566890678008918,0.151616246970882,0.708479928248975,24,0.825716407217174
P04439,HLA-A,-0.0450512940156488,0.120726750302905,0.709023817569742,26,0.825716407217174
P34913,EPHX2,-0.0316629751093424,0.0848991233316463,0.709186998388247,26,0.825716407217174
Q8WUM4,PDCD6IP,-0.0314609148844142,0.0843635793293053,0.709207554936693,26,0.825716407217174
Q9H939,PSTPIP2,-0.0429018476900435,0.116138143956183,0.71182692007659,26,0.827694025035125
Q8TBF2,PRXL2B,-0.0504724848617805,0.13689415688634,0.712353476746212,24,0.827694025035125
P31150,GDI1,0.0552758838000796,0.150196257610015,0.712855059302184,25,0.827694025035125
Q08495,DMTN,-0.03154166634512,0.0857659934917115,0.713049027392719,26,0.827694025035125
Q15118,PDK1,-0.0452639562969857,0.123725539467773,0.714483234080823,24,0.828603065194028
P36507,MAP2K2,0.0295145812814679,0.0808005867205673,0.714904780520155,25,0.828603065194028
Q9BR76,CORO1B,-0.0506908991050795,0.139389566606798,0.716109294723919,26,0.82937695678295
P11908,PRPS2,0.0328617466161692,0.0906551479360779,0.716984559519945,26,0.829768647534318
Q9Y6W5,WASF2,0.0369828374641178,0.102442652924372,0.718091859685806,24,0.829970570664037
P22891,PROZ,0.0316321585458222,0.0876672321950521,0.718233432348102,26,0.829970570664037
Q9Y2Q3,GSTK1,-0.0366150817972281,0.102646926903677,0.721309673404323,26,0.832902425567772
Q9P270,SLAIN2,0.0382997011998781,0.10771631103568,0.722169480465064,26,0.833272477459689
Q5T5C0,STXBP5,0.0529558365546573,0.151942499107772,0.727445561273547,25,0.838733874751963
Q16610,ECM1,-0.0599926010766789,0.174685305431325,0.731273156574754,26,0.842518290013419
P30566,ADSL,-0.0427561709361838,0.125125435251288,0.732571801647438,26,0.8426852737696
P69905,HBA1,0.0850198451002506,0.249396560540465,0.733177181575034,26,0.8426852737696
Q14318,FKBP8,-0.0299796349713573,0.0882888630767625,0.734185613783634,26,0.8426852737696
Q16644,MAPKAPK3,-0.0309087736553812,0.0911090487659072,0.734421167016754,26,0.8426852737696
Q66K74,MAP1S,0.0380218240094461,0.112078684941203,0.734427251838354,25,0.8426852737696
O60268,KIAA0513,-0.0486041568594931,0.143740655103483,0.735259304377839,26,0.8426852737696
P13639,EEF2,-0.0500189307009407,0.148160250819065,0.73566448944622,26,0.8426852737696
Q16718,NDUFA5,0.0458279653413991,0.135808719350572,0.735781510883619,25,0.8426852737696
P00338,LDHA,0.0371530869046528,0.110622218788817,0.736979792617221,25,0.843166040159656
P21964,COMT,0.023819097625281,0.0710849685006264,0.737565308323186,26,0.843166040159656
P61204;P84077,ARF1;ARF3,-0.0704933799199522,0.210605853011211,0.737838502456864,26,0.843166040159656
Q96T76,MMS19,-0.0385601817236885,0.115589766624731,0.738685103439764,26,0.843509597054276
P00734,F2,0.0239539663495709,0.0724168652340267,0.740811548671912,26,0.844841811680362
O95373,IPO7,-0.0384966316893204,0.116444164487865,0.740945407654945,26,0.844841811680362
Q9Y5K6,CD2AP,-0.0438133461432983,0.133603845483773,0.742960984581698,26,0.846515281105253
Q99719,SEPTIN5,-0.0446488933504938,0.137875671012413,0.746063366144818,26,0.848806469904277
P12931,SRC,-0.0282584448184974,0.0873663998691199,0.746356350904964,26,0.848806469904277
Q92616,GCN1,-0.0300237904186671,0.0929243511783743,0.746620059935219,25,0.848806469904277
P28290,ITPRID2,0.0394522616309453,0.122974069653121,0.748348523959292,26,0.849878745258103
Q8N4C8,MINK1,-0.0297259052976447,0.0927768277616708,0.7486634124895,26,0.849878745258103
O75695,RP2,0.058314168735971,0.185689649621143,0.753489876880241,23,0.854729706152697
Q14644,RASA3,0.0228775683038264,0.0738327383940179,0.756669935428538,26,0.85609877329568
O43852,CALU,0.0389581980741422,0.125838995262194,0.756874553581866,26,0.85609877329568
P05141,SLC25A5,-0.0443183186481419,0.143310622300673,0.757133969737137,26,0.85609877329568
Q16881,TXNRD1,0.028028278852956,0.0906386589357805,0.75714585012938,25,0.85609877329568
Q8TCJ2,STT3B,-0.0425578580673825,0.137813178349691,0.757467328864204,26,0.85609877329568
P16109,SELP,0.0429017782294696,0.139392747537103,0.758252588595088,26,0.856359831417698
Q8IWA5,SLC44A2,-0.0290536288884494,0.0947669047220675,0.759163149070893,25,0.85676191768775
O00410,IPO5,0.0288044505951666,0.094663349057952,0.760912273377906,26,0.858109096619609
Q9Y3F4,STRAP,-0.0282241776639474,0.093153956401543,0.761901896803329,26,0.858598417623007
Q16543,CDC37,-0.0410772426595358,0.136756540438488,0.763896725557043,26,0.860218980310227
E9PAV3,NACA,0.0535274199401452,0.180367500709843,0.766643140382145,25,0.862272925503174
P0DJI9,SAA2,-0.084786021664837,0.285941862840506,0.766836892971755,26,0.862272925503174
Q9HC35,EML4,-0.0200099146942238,0.068007541902696,0.768581532876571,26,0.863606158759493
Q9H9Q2,COPS7B,0.0442017866430549,0.151419276938931,0.770350461018219,26,0.864964725489207
Q13501,SQSTM1,0.0326295498309401,0.113765370493617,0.77425441380995,25,0.86871682595234
Q12931,TRAP1,0.0910354436827169,0.320014456029541,0.776047991201438,26,0.870097348625705
P13667,PDIA4,0.0222535308344645,0.078639242944604,0.777190239563474,26,0.870400398726551
O75390,CS,-0.0376272199476097,0.133436487617922,0.777954253595096,26,0.870400398726551
P61923,COPZ1,0.0416098069934804,0.147699535997053,0.778158769439141,25,0.870400398726551
P45880,VDAC2,-0.0390034307000719,0.138713005865728,0.778571748246015,26,0.870400398726551
O00743,PPP6C,0.0326753587158961,0.117918339519266,0.781702105234924,26,0.872241461190091
P48556,PSMD8,-0.0319339470718726,0.11531180037374,0.781829526753378,26,0.872241461190091
O95299,NDUFA10,0.0208392113052754,0.0752785772887795,0.781912248380762,24,0.872241461190091
Q15008,PSMD6,0.0276831903477801,0.100460578899049,0.782883946680185,25,0.872695308528777
P51970,NDUFA8,-0.0356320396001563,0.129787197950525,0.78366811571413,26,0.872939609789713
P07237,P4HB,0.0217030050277605,0.0796615020293136,0.785283474597033,26,0.873090864111021
P30085,CMPK1,-0.0212875372108099,0.0781726879234032,0.785380396960972,25,0.873090864111021
Q7L5N1,COPS6,0.0178126037560511,0.0654490854978864,0.785499224022213,26,0.873090864111021
O14828,SCAMP3,-0.028189318602856,0.104428207763402,0.787206647778244,26,0.874302185419725
Q99733,NAP1L4,0.0399457338308338,0.148347455578823,0.787720803950975,26,0.874302185419725
Q06187,BTK,-0.0278223055477622,0.104576412255881,0.790202534991323,26,0.875864097575753
Q9UN37,VPS4A,0.0327663889545464,0.12319552636266,0.790261845968026,25,0.875864097575753
Q16531,DDB1,0.0210022572670433,0.0796017648120549,0.791901975138,26,0.876684481314744
Q92598,HSPH1,-0.0242807757778211,0.0921343133938335,0.792136916450086,26,0.876684481314744
Q06830,PRDX1,0.021213369966521,0.081264323594411,0.794060418272189,26,0.877750476105821
P35998,PSMC2,-0.0321292126705069,0.123188469377778,0.794236353136529,26,0.877750476105821
Q15404,RSU1,0.0331071203359042,0.130049146575927,0.799052208628111,26,0.881697382368258
P46976,GYG1,0.0347628350977911,0.136849154782945,0.799477776622776,26,0.881697382368258
O15533,TAPBP,0.0288094305336889,0.113797596934066,0.800141649320512,26,0.881697382368258
P98171,ARHGAP4,0.0164977124312818,0.0653069556678373,0.800563420221617,26,0.881697382368258
P49908,SELENOP,0.031174930896142,0.123469187963854,0.800661118098813,26,0.881697382368258
P48736,PIK3CG,0.023565798634519,0.0940004907203261,0.802047083840936,24,0.882253084894273
Q9ULV4,CORO1C,0.019974709232689,0.0797834788168982,0.802307821538158,26,0.882253084894273
P0DP23;P0DP24;P0DP25,CALM1;CALM2;CALM3,-0.0553771301060436,0.222203383998887,0.80319199248761,24,0.882279791532017
P04264,KRT1,0.098521690151417,0.395902600053803,0.803474217919448,25,0.882279791532017
Q8N392,ARHGAP18,0.019268712624692,0.0800531404739865,0.809788396975051,26,0.888564844455213
O15173,PGRMC2,0.0298856666654096,0.124535576695669,0.810348133228088,26,0.888564844455213
P05546,SERPIND1,-0.0294783929694347,0.123536931712679,0.811400190495837,26,0.889087442777353
P41226,UBA7,0.0262445579792541,0.110752996553671,0.812684124019798,26,0.889234103530106
P18433,PTPRA,-0.0216555051952694,0.0913875348173971,0.812685148339488,26,0.889234103530106
P02679,FGG,0.0198931196895665,0.0869781351745027,0.819091190588301,26,0.895609263594427
Q00765,REEP5,-0.0215672556922162,0.0950988418518062,0.820588762470006,26,0.896612190959094
Q9UHB6,LIMA1,-0.0196110319982263,0.0869958647912352,0.821648761677313,25,0.897135927061094
Q5SW79,CEP170,0.0127831054297416,0.0588591783009233,0.828067155710851,26,0.903505477099763
O60496,DOK2,-0.0190482404048642,0.0884685105198627,0.829524880983857,26,0.903671944488384
P29692,EEF1D,0.0219017487193754,0.101761645838873,0.829591145863718,26,0.903671944488384
Q6ZVM7,TOM1L2,-0.0251328398123593,0.117315627216031,0.830365622058519,26,0.903671944488384
Q96K76,USP47,-0.0180103299818539,0.0841666090399438,0.830559327620392,26,0.903671944488384
Q5T1M5,FKBP15,-0.0190684327139019,0.0902662544370162,0.832694906895911,26,0.904641869915739
P09871,C1S,0.0151249280760985,0.0716114713670439,0.832724833009952,26,0.904641869915739
Q9C0I1,MTMR12,0.0125623223821091,0.059653040770132,0.833207366271907,25,0.904641869915739
P49368,CCT3,-0.0289638306917455,0.13975914510095,0.835821617058594,26,0.906842976373263
P36957,DLST,0.016248673651707,0.0835320442061215,0.845768545746369,26,0.916221347452713
Q5TCZ1,SH3PXD2A,-0.0229605865302738,0.118526032829089,0.846396957804354,26,0.916221347452713
Q9UIB8,CD84,-0.0269929968602208,0.139357961082775,0.846414389153322,26,0.916221347452713
Q9H7M9,VSIR,0.0265787063527382,0.138051397285226,0.847328938380049,26,0.916221347452713
O14773,TPP1,0.0221258030408322,0.115000293486206,0.847430618453027,26,0.916221347452713
P04075,ALDOA,-0.0144185625275392,0.0755885327811654,0.848720946275934,26,0.916974728668754
Q86Y82,STX12,0.0137571356805544,0.0726899000988859,0.849890713222999,26,0.917596891634894
Q66K14,TBC1D9B,0.00871464819089246,0.0466817050645112,0.851909732636403,26,0.919023678978984
Q92530,PSMF1,0.0227308635916621,0.122173041453871,0.852401897719666,25,0.919023678978984
Q3LXA3,TKFC,0.0179095584888727,0.0968393560998171,0.853275384117701,26,0.919148571191962
P49721,PSMB2,-0.0232586409325865,0.126138349847916,0.853707572595771,26,0.919148571191962
Q9Y2G3,ATP11B,0.0190086556036299,0.10380447405901,0.854704012176919,25,0.919285711063804
P48507,GCLM,0.011751976483999,0.0650836394811152,0.856707231629905,26,0.919285711063804
Q9UNH7,SNX6,0.0202517768264866,0.112166572174686,0.856720089583634,26,0.919285711063804
Q9Y6G9,DYNC1LI1,0.0150460219923283,0.0840593768017952,0.857943366633042,25,0.919285711063804
P10515,DLAT,-0.0234188744652281,0.131012484364339,0.85813165225489,25,0.919285711063804
P00390,GSR,0.015707463380469,0.0879387929931422,0.858237552196354,26,0.919285711063804
P14780,MMP9,-0.0227253799974252,0.127891014783998,0.858963825597264,25,0.919285711063804
Q9Y262,EIF3L,0.0159167112039463,0.0901360001327616,0.859833979599981,26,0.919285711063804
A0M8Q6,IGLC7,0.0226926645682162,0.129010202304674,0.860373906091241,26,0.919285711063804
Q14165,MLEC,0.0165656493852932,0.0942892412654712,0.860537720362861,26,0.919285711063804
P55084,HADHB,-0.0177758502086309,0.101264651277937,0.860656481268968,26,0.919285711063804
P55786,NPEPPS,-0.0109557250838403,0.0625565561959995,0.86097503165652,26,0.919285711063804
Q07021,C1QBP,-0.0258476232989825,0.151197274409511,0.864260744668244,26,0.922156664718534
P06241,FYN,0.0173981938569003,0.103048927784898,0.865926976044601,26,0.923296879219399
Q9BYE9,CDHR2,-0.0236131669728784,0.151393066229486,0.876054635502304,26,0.93340955699793
Q96RI0,F2RL3,-0.0260563944424167,0.167983669312754,0.876732498655077,25,0.93340955699793
Q13347,EIF3I,0.0137454437128441,0.0889732829806402,0.877223739003879,26,0.93340955699793
P11274,BCR,-0.0144577561795304,0.0945365172249878,0.878451086823558,25,0.934072215514381
Q8IVB4,SLC9A9,0.019319411566617,0.127902233002371,0.879937635387677,25,0.935009385607951
Q13418,ILK,-0.0117165933924412,0.0781795970511769,0.880869025847206,26,0.935355769714043
Q9NYJ8,TAB2,-0.0118382671275444,0.0800286001334515,0.882401598626623,26,0.936339608432784
P10644,PRKAR1A,-0.0176391583155372,0.121024981563956,0.884120266721166,26,0.936982911855499
Q8NBF2,NHLRC2,-0.0168868392441292,0.115964492898551,0.884220767304413,26,0.936982911855499
O15155,BET1,0.0255672268611899,0.177066042036901,0.885189565007862,23,0.937213321386988
P49137,MAPKAPK2,-0.0199671785263298,0.138845280705474,0.885651423446604,25,0.937213321386988
P63010,AP2B1,0.0130794319751528,0.0925224736219274,0.887581666620246,26,0.937952575049008
P06753,TPM3,0.0245710918969041,0.174758379648228,0.888185660183614,26,0.937952575049008
O60762,DPM1,-0.0129227336276015,0.0926260230904082,0.889043084005379,26,0.937952575049008
P47755,CAPZA2,-0.0274106797263903,0.196662295772103,0.889150321998817,26,0.937952575049008
O43312,MTSS1,0.0171955782508955,0.123745116309597,0.889482032987811,26,0.937952575049008
P50990,CCT8,0.0101926289490638,0.0736921422711197,0.889992540467214,26,0.937952575049008
Q12765,SCRN1,0.0249720665072653,0.183003356854511,0.891460112987909,26,0.93885881020199
Q6P3W7,SCYL2,-0.00938976424772776,0.0702822862776662,0.893718312590996,26,0.940342916727735
Q14344,GNA13,-0.0127242598989956,0.0955740709058549,0.894086566131419,26,0.940342916727735
Q15642,TRIP10,0.0139022982141353,0.105480584557063,0.895142807732279,26,0.940813359147191
O60763,USO1,0.0180375435693385,0.138216543004526,0.896169224544975,26,0.941251836792649
P62191,PSMC1,0.0115011182092685,0.0896337656218505,0.897901799927983,26,0.942384019543469
Q86VP6,CAND1,-0.00991337883984925,0.0776922594041109,0.89846709436086,26,0.942384019543469
Q15365,PCBP1,0.0155568596837402,0.123597621648867,0.899837218904636,26,0.943074669314514
Q92835,INPP5D,-0.0175531249528283,0.141244355753797,0.901097638247255,25,0.943074669314514
P19823,ITIH2,-0.00826192858305096,0.0665812221591477,0.901245624454771,26,0.943074669314514
P05386,RPLP1,0.021386106878639,0.174005872981774,0.902182712774398,26,0.943074669314514
Q8IYB7,DIS3L2,0.0148081011089708,0.120650730521859,0.90231672621306,26,0.943074669314514
O60331,PIP5K1C,-0.00930191431389132,0.0763564683114743,0.903039817734366,26,0.943074669314514
Q8NF50,DOCK8,-0.0160460052813146,0.132207908773399,0.903398388728467,26,0.943074669314514
P49902,NT5C2,-0.00632838060499593,0.0535808004313599,0.905981205938405,26,0.945132318146412
P61981,YWHAG,0.0169443057931263,0.146090412761939,0.907664379538999,26,0.946249302555839
P61006,RAB8A,-0.013675982812421,0.121079534657413,0.910069872374782,26,0.947833559402364
Q9Y274,ST3GAL6,-0.0226794321000086,0.202972607649095,0.911032402858732,26,0.947833559402364
Q9NZP8,C1RL,-0.0171373610259156,0.153447976770812,0.911075634193318,26,0.947833559402364
Q9UPT5,EXOC7,0.00899778003439769,0.082837285592805,0.913503953656223,25,0.947833559402364
Q96MK2,RIPOR3,0.0131244663027786,0.121158227235229,0.913737883409628,26,0.947833559402364
Q01433,AMPD2,-0.00930434811675564,0.0861358445451101,0.913980249214111,26,0.947833559402364
Q99501,GAS2L1,0.0135339226497358,0.125607803846493,0.914196015756287,26,0.947833559402364
Q12913,PTPRJ,-0.0059738382904524,0.0557507384750683,0.914667894222366,26,0.947833559402364
P29350,PTPN6,-0.00678131917935142,0.0633144716077457,0.914705396161117,26,0.947833559402364
O15145,ARPC3,-0.0215042465863794,0.205216104598677,0.91654379475025,26,0.949101985850628
P02743,APCS,0.01258969254659,0.121384909379931,0.917393844486524,26,0.949345940878553
Q9NR28,DIABLO,0.0116717483664473,0.116959422932639,0.92050855231892,26,0.951851190759549
P09211,GSTP1,-0.0195761879432265,0.19750979798297,0.9210469451039,24,0.951851190759549
Q05655,PRKCD,0.00737514356780864,0.0765856442546194,0.923282870797922,26,0.952964814333771
P50453,SERPINB9,0.0100199397352489,0.105449995937255,0.924298330055057,26,0.952964814333771
P14317,HCLS1,0.0097167816761927,0.102695079661735,0.924618417348451,26,0.952964814333771
P00558,PGK1,-0.0105161887588357,0.111715658624965,0.925003089406966,26,0.952964814333771
Q9H6Q3,SLA2,-0.0129698814329057,0.138161380412488,0.925208557605603,26,0.952964814333771
Q99704,DOK1,-0.00955207295153066,0.104460701091698,0.927141561317957,26,0.954319595094099
Q13098,GPS1,-0.00982809704634635,0.110650372600369,0.929224022248852,26,0.955826307839198
P51570,GALK1,0.0114863703153743,0.143765339836016,0.936319447165278,26,0.962161542334049
Q9GZY8,MFF,-0.013664635507399,0.17186459829342,0.936628452861107,26,0.962161542334049
Q9BV40,VAMP8,-0.0182322736821004,0.239498660837226,0.939318195339265,25,0.963912094430545
Q6IBS0,TWF2,0.00534622994978651,0.0705332137821155,0.939580332823561,25,0.963912094430545
O60749,SNX2,-0.00605771757888353,0.0838905974347737,0.94243500018078,26,0.96619912095508
P0C0L5,C4B,-0.00492773408449016,0.0719498520815973,0.945396811422631,26,0.968274710915433
Q9H425,C1orf198,-0.0073311227817393,0.107666099814726,0.945712970078568,25,0.968274710915433
Q93009,USP7,0.00608870198173928,0.0933983956511335,0.948022206704551,26,0.96939556794456
P47985,UQCRFS1,0.00899678387997893,0.138114737635208,0.948062591044809,26,0.96939556794456
P31948,STIP1,0.0040565409559701,0.0666924105568775,0.951498877595919,26,0.970047734933474
P16930,FAH,-0.0103657587288351,0.170558054886423,0.951537966624322,26,0.970047734933474
P62258,YWHAE,-0.00482415678601673,0.0794383332452388,0.951575574549435,26,0.970047734933474
P11413,G6PD,0.00469267726571532,0.0775534814805888,0.951750313183566,26,0.970047734933474
P22061,PCMT1,0.00417618562138809,0.0691459703450747,0.951839719196859,26,0.970047734933474
Q0VDG4,SCRN3,0.0112522147461551,0.193344744814846,0.953591172153801,26,0.97119206392724
P68104;Q5VTE0,EEF1A1;EEF1A1P5,0.00425464201723208,0.0742522181999912,0.954306328553061,26,0.971280156531277
Q7LDG7,RASGRP2,-0.00558197608071887,0.105001263161553,0.957603599323703,26,0.973994444341752
Q15006,EMC2,-0.00700703533251086,0.136316869788801,0.959004749246539,25,0.974777853674936
Q53HC9,EIPR1,0.00485539912507494,0.102524059035273,0.962227399334493,25,0.977341683758597
P62256,UBE2H,-0.00571856052591627,0.122584624910009,0.962792260634683,26,0.977341683758597
P46109,CRKL,-0.00384174584367856,0.0862633463768174,0.964477882409107,26,0.978409933238391
O75489,NDUFS3,0.00440119785677607,0.10299106317988,0.965913748352415,25,0.979223583467507
Q9UBQ0,VPS29,-0.00367916205849747,0.0890664829736838,0.967050321605905,25,0.979732948774507
P62333,PSMC6,0.00420699585858587,0.106931350471708,0.968616955879937,26,0.980677062145808
P50225,SULT1A1,0.00603952494930281,0.157923872282148,0.969493723347031,26,0.980921940125189
P27816,MAP4,-0.00461106393228384,0.132758547370977,0.972292879010074,26,0.98311027360639
O60664,PLIN3,-0.00267371409479848,0.0952100352086154,0.977596533484844,26,0.98782645142844
Q9Y210,TRPC6,0.00273001991240517,0.10490997185171,0.979239390829827,26,0.988839777014433
P40925,MDH1,-0.00477350054278989,0.207110491114433,0.981611915532343,22,0.990588118548315
Q9BVK6,TMED9,0.00366489586921995,0.18341021039958,0.984057761868822,26,0.991326041361922
O15551,CLDN3,0.00332220688962813,0.168249246343248,0.984246197820316,26,0.991326041361922
P31689,DNAJA1,0.00160263738540713,0.0812764662947692,0.984268056601416,25,0.991326041361922
Q9UEU0,VTI1B,-0.00153628357068271,0.0848164168195512,0.98554867129089,25,0.991969183807443
O95721,SNAP29,0.00142044416719518,0.0863372988913993,0.9868735835096,26,0.992585598080525
P29122,PCSK6,0.00148597769181124,0.0944391735219742,0.987445996278166,26,0.992585598080525
P51665,PSMD7,-0.000891504701219441,0.106458051155682,0.993318405555128,26,0.997839360586913
Q96CS3,FAF2,-0.000951788711359244,0.156887508157536,0.995159507162063,26,0.99794876737765
Q9UK55,SERPINA10,-0.00045937333244467,0.0931935207603444,0.996067050559513,26,0.99794876737765
Q9UDT6,CLIP2,0.000344976094309008,0.0794098375784412,0.996533801829698,25,0.99794876737765
P51572,BCAP31,-0.000350927200326054,0.0829646626536879,0.99662508649809,26,0.99794876737765
Q9H446,RWDD1,-0.00059334484068099,0.141611900763467,0.996656924313084,26,0.99794876737765
Q9NRW1,RAB6B,-2.66125828702346e-05,0.124876962709137,0.999829962481679,26,0.999969600101054
P53801,PTTG1IP,5.98777726245495e-06,0.15715693787781,0.999969600101054,26,0.999969600101054
