Protein.Group,Genes,n_obs,n_ID,est_ri,se_ri,p_ri,q_ri,logLik_ri,rs_default_ok,rs_error,rs_fitted,rs_converged,rs_singular,est_rs,se_rs,p_rs,logLik_rs,LRT_chisq,LRT_p,sd_slope,cor_int_slope,sigma_ri,sigma_rs,q_rs,q_ri_sub
O00231,PSMD11,51,26,-0.256466798453908,0.0524167216865384,9.9389607229375e-07,0.00153556943169384,-0.0213680459996688,FALSE,number of observations (=51) <= number of random effects (=52) for term (1 + SampleCode | ID2); the random-effects parameters and the residual variance (or scale parameter) are probably unidentifiable,TRUE,TRUE,FALSE,-0.256705615620991,0.052239924326175,8.92487151428344e-07,0.390648726854394,0.824033545708126,0.662313167076863,0.0766454214940114,-0.852371586502197,0.185078924499828,0.17691975048028,0.00137889264895679,0.00153556943169384
Q4LDE5,SVEP1,52,26,0.456307633517632,0.098106659001677,3.3010793989958e-06,0.00198417263180398,-30.1590452312952,FALSE,number of observations (=52) <= number of random effects (=52) for term (1 + SampleCode | ID2); the random-effects parameters and the residual variance (or scale parameter) are probably unidentifiable,TRUE,FALSE,FALSE,0.456041816737527,0.0981497878565196,3.37800392141083e-06,-30.027598984348,0.262892493894491,0.876826405967129,0.255080599166692,-0.176944280351051,0.351320878435727,0.301671595581969,0.00247444691182996,0.00198417263180398
Q16820,MEP1B,39,21,0.608664768072802,0.131769264970623,3.85276239185238e-06,0.00198417263180398,-37.2584392432537,FALSE,number of observations (=39) <= number of random effects (=42) for term (1 + SampleCode | ID2); the random-effects parameters and the residual variance (or scale parameter) are probably unidentifiable,TRUE,FALSE,FALSE,0.60989775350956,0.133365284591269,4.80475128510671e-06,-36.6904535552683,1.13597137597085,0.566665731452395,0.174296619723384,-0.947185832149692,0.393385028380636,0.383342938844027,0.00247444691182996,0.00198417263180398
Q9HDC9,APMAP,52,26,0.447444361273234,0.101465228957557,1.03452031723441e-05,0.00399583472531791,-36.1565252714621,FALSE,number of observations (=52) <= number of random effects (=52) for term (1 + SampleCode | ID2); the random-effects parameters and the residual variance (or scale parameter) are probably unidentifiable,TRUE,FALSE,FALSE,0.447250828149058,0.101470984259025,1.04487560633754e-05,-35.8230198070369,0.667010928850374,0.716407983871437,0.198815391462805,0.270561806809638,0.362581528079584,0.334272183528064,0.00403583202947874,0.00399583472531791
Q9NYL9,TMOD3,52,26,-0.519910123944678,0.122739506047908,2.27655822146905e-05,0.00554715131857844,-35.3715506481227,FALSE,number of observations (=52) <= number of random effects (=52) for term (1 + SampleCode | ID2); the random-effects parameters and the residual variance (or scale parameter) are probably unidentifiable,TRUE,FALSE,FALSE,-0.51839939754634,0.122736901246228,2.40362609929716e-05,-35.0174736712842,0.708153953676899,0.701820941318824,0.41966051347742,-0.743245980668545,0.440590825393088,0.325763321985287,0.00525182406395716,0.00554715131857844
P39060,COL18A1,46,25,0.565156445159529,0.133619407813716,2.34108771395803e-05,0.00554715131857844,-39.4422670945412,FALSE,number of observations (=46) <= number of random effects (=50) for term (1 + SampleCode | ID2); the random-effects parameters and the residual variance (or scale parameter) are probably unidentifiable,TRUE,TRUE,FALSE,0.565978747426546,0.133631536294876,2.281775991152e-05,-39.434576733331,0.015380722420403,0.992339133959636,0.139746665015526,-0.302633779710116,0.439163971514942,0.428298061678168,0.00525182406395716,0.00554715131857844
P24821,TNC,52,26,0.482477222237641,0.115280710956454,2.84867360478117e-05,0.00554715131857844,-31.8903198154247,FALSE,number of observations (=52) <= number of random effects (=52) for term (1 + SampleCode | ID2); the random-effects parameters and the residual variance (or scale parameter) are probably unidentifiable,TRUE,FALSE,FALSE,0.482770315755003,0.115265805607474,2.81024532015602e-05,-31.792319549259,0.196000532331269,0.906648662435173,0.367475788788813,-0.47354067114652,0.413844365103566,0.322030972269329,0.00525182406395716,0.00554715131857844
O60462,NRP2,52,26,0.529404599754793,0.126550072944036,2.87231136237072e-05,0.00554715131857844,-46.1879577043077,FALSE,number of observations (=52) <= number of random effects (=52) for term (1 + SampleCode | ID2); the random-effects parameters and the residual variance (or scale parameter) are probably unidentifiable,TRUE,TRUE,FALSE,0.531182508161769,0.126616026477017,2.72602855434926e-05,-45.1559398414454,2.06403572572466,0.3562872958184,0.397174472922366,0.132071816464492,0.452571224362587,0.355436434693274,0.00525182406395716,0.00554715131857844
Q9BTV4,TMEM43,50,26,-0.289543987760543,0.0702264075502733,3.73957916898586e-05,0.0055883506230472,-19.2768627165288,FALSE,number of observations (=50) <= number of random effects (=52) for term (1 + SampleCode | ID2); the random-effects parameters and the residual variance (or scale parameter) are probably unidentifiable,TRUE,FALSE,FALSE,-0.290170009008131,0.0724762643862663,6.23711189307709e-05,-18.7596011760316,1.03452308099438,0.596150849653142,0.107225373335111,-0.948328978581587,0.241992143887596,0.239296519334063,0.00525182406395716,0.0055883506230472
P11717,IGF2R,50,26,0.464720917003399,0.113768904254296,4.4118643311044e-05,0.0055883506230472,-36.9792028251257,FALSE,number of observations (=50) <= number of random effects (=52) for term (1 + SampleCode | ID2); the random-effects parameters and the residual variance (or scale parameter) are probably unidentifiable,TRUE,TRUE,FALSE,0.460079013162794,0.113588507523137,5.11299213359549e-05,-36.6629324943819,0.632540661487653,0.728862389621129,0.16294641742406,-0.809367928099115,0.396527790940222,0.378963488910785,0.00525182406395716,0.0055883506230472
Q14392,LRRC32,45,25,-0.293776143953075,0.0722487994059745,4.77913889168989e-05,0.0055883506230472,-13.250833668189,FALSE,number of observations (=45) <= number of random effects (=50) for term (1 + SampleCode | ID2); the random-effects parameters and the residual variance (or scale parameter) are probably unidentifiable,TRUE,TRUE,FALSE,-0.294036579914084,0.0725640525343171,5.07606093719929e-05,-13.1746715330509,0.152324270276349,0.926665949266992,0.102901680330007,0.13615000300494,0.233135349131325,0.221639849093885,0.00525182406395716,0.0055883506230472
Q07507,DPT,48,26,0.920456628801519,0.227047468642543,5.03433444702731e-05,0.0055883506230472,-62.7367809319282,FALSE,number of observations (=48) <= number of random effects (=52) for term (1 + SampleCode | ID2); the random-effects parameters and the residual variance (or scale parameter) are probably unidentifiable,TRUE,FALSE,FALSE,0.921634557966327,0.227085894161951,4.93829217803688e-05,-62.6800777585319,0.113406346792715,0.94487449163229,0.553570602764701,-0.569863085725098,0.774727291908561,0.668811249966166,0.00525182406395716,0.0055883506230472
Q9H7D0,DOCK5,47,26,-0.282359031496154,0.0700253688850623,5.52479309347795e-05,0.0055883506230472,-9.76342505777116,FALSE,number of observations (=47) <= number of random effects (=52) for term (1 + SampleCode | ID2); the random-effects parameters and the residual variance (or scale parameter) are probably unidentifiable,TRUE,FALSE,FALSE,-0.275649926237865,0.0696124447538177,7.50190223711887e-05,-9.25344229543883,1.01996552466466,0.600505930044707,0.111437759983596,-0.958514206037873,0.232198355116438,0.220012287522134,0.00525182406395716,0.0055883506230472
Q6P4E1,GOLM2,45,26,0.641711068547642,0.159447659846049,5.7075255313566e-05,0.0055883506230472,-38.5241719055797,FALSE,number of observations (=45) <= number of random effects (=52) for term (1 + SampleCode | ID2); the random-effects parameters and the residual variance (or scale parameter) are probably unidentifiable,TRUE,TRUE,FALSE,0.644015558896501,0.159816133592173,5.58414146362751e-05,-34.0939982667033,8.86034727775274,0.0119124210337936,0.61721082255682,-0.0280080407072389,0.52839242478438,0.309474799424109,0.00525182406395716,0.0055883506230472
P56134,ATP5MF,52,26,-0.672572962624956,0.16717728161139,5.74341159256385e-05,0.0055883506230472,-47.5432013075071,FALSE,number of observations (=52) <= number of random effects (=52) for term (1 + SampleCode | ID2); the random-effects parameters and the residual variance (or scale parameter) are probably unidentifiable,TRUE,FALSE,FALSE,-0.674324623840335,0.166985968240765,5.3860327485689e-05,-45.8020994580425,3.48220369892933,0.175327110065641,0.510985393589269,0.0573641691658963,0.600743959251844,0.479330282459397,0.00525182406395716,0.0055883506230472
P50402,EMD,52,26,-0.359141529655189,0.0896670577120983,6.19444810143622e-05,0.0055883506230472,-22.5977925671879,FALSE,number of observations (=52) <= number of random effects (=52) for term (1 + SampleCode | ID2); the random-effects parameters and the residual variance (or scale parameter) are probably unidentifiable,TRUE,FALSE,FALSE,-0.360621718983614,0.08952764258503,5.62416563229898e-05,-21.7510241284199,1.69353687753605,0.42879838362323,0.28023181718858,-0.0634609026838991,0.321480768619017,0.252601110470797,0.00525182406395716,0.0055883506230472
Q9NS62,THSD1,46,25,0.698845780252937,0.175044203899979,6.54090213558975e-05,0.0055883506230472,-52.1339243097313,FALSE,number of observations (=46) <= number of random effects (=50) for term (1 + SampleCode | ID2); the random-effects parameters and the residual variance (or scale parameter) are probably unidentifiable,TRUE,TRUE,FALSE,0.724901015676848,0.181008755863376,6.20741075918989e-05,-50.1614170444444,3.94501453057376,0.139107638853672,0.593642249853045,0.503582819961608,0.574070947288992,0.417591869190533,0.00525182406395716,0.0055883506230472
O60313,OPA1,50,26,-0.232194254707463,0.0581605912610677,6.54368152222182e-05,0.0055883506230472,-12.7799956182167,FALSE,number of observations (=50) <= number of random effects (=52) for term (1 + SampleCode | ID2); the random-effects parameters and the residual variance (or scale parameter) are probably unidentifiable,TRUE,FALSE,FALSE,-0.232003349763463,0.0582794771540604,6.86618720199625e-05,-12.2758695089259,1.00825221858155,0.604033203853583,0.0698472734145484,-0.951932394817721,0.200590648120512,0.196480764434542,0.00525182406395716,0.0055883506230472
Q14697,GANAB,52,26,-0.160728012361175,0.0403803075337076,6.88120455406172e-05,0.0055883506230472,6.63146765665259,FALSE,number of observations (=52) <= number of random effects (=52) for term (1 + SampleCode | ID2); the random-effects parameters and the residual variance (or scale parameter) are probably unidentifiable,TRUE,FALSE,FALSE,-0.160762378740696,0.0403766558863353,6.84622872728699e-05,6.64865293580797,0.0343705583107763,0.982961545477211,0.061610081888669,-0.0201179635638304,0.143845932785553,0.137070998206902,0.00525182406395716,0.0055883506230472
P26022,PTX3,51,26,0.474060538455654,0.119776034371434,7.56143148327916e-05,0.0055883506230472,-45.8922394205872,FALSE,number of observations (=51) <= number of random effects (=52) for term (1 + SampleCode | ID2); the random-effects parameters and the residual variance (or scale parameter) are probably unidentifiable,TRUE,FALSE,FALSE,0.473820485298223,0.119852836661357,7.70638471963221e-05,-45.7350528782973,0.314373084579756,0.854544635235467,0.314692087256827,-0.0592203802618584,0.421562789400071,0.357507024389424,0.00525182406395716,0.0055883506230472
P48444,ARCN1,51,26,-0.273711516101348,0.0693307353478214,7.88363687027385e-05,0.0055883506230472,-12.2210388992607,FALSE,number of observations (=51) <= number of random effects (=52) for term (1 + SampleCode | ID2); the random-effects parameters and the residual variance (or scale parameter) are probably unidentifiable,TRUE,FALSE,FALSE,-0.273473695360612,0.0692504080293437,7.84602047167603e-05,-12.1648160232738,0.112445751973834,0.945328421404788,0.0998403788077354,-0.483504913470775,0.245206920153835,0.234785911478819,0.00525182406395716,0.0055883506230472
Q9BXN1,ASPN,52,26,0.493601415477774,0.125099333868477,7.95752192278566e-05,0.0055883506230472,-38.2610781140967,FALSE,number of observations (=52) <= number of random effects (=52) for term (1 + SampleCode | ID2); the random-effects parameters and the residual variance (or scale parameter) are probably unidentifiable,TRUE,FALSE,FALSE,0.493001392970203,0.125136614188304,8.15817330323443e-05,-38.11412000644,0.293916215313516,0.863330143581478,0.343942970374703,-0.655678230273287,0.448783838241686,0.377387042774691,0.00525182406395716,0.0055883506230472
P09668,CTSH,40,23,0.735011181976525,0.186791071892027,8.32183703630636e-05,0.0055901035743884,-39.7738899299091,FALSE,number of observations (=40) <= number of random effects (=46) for term (1 + SampleCode | ID2); the random-effects parameters and the residual variance (or scale parameter) are probably unidentifiable,TRUE,TRUE,FALSE,0.737377636232206,0.18658951950685,7.75426698981223e-05,-39.7351630865848,0.0774536866485107,0.962013453656547,0.374495970559204,-0.545371784481446,0.560541376398495,0.493712122721694,0.00525182406395716,0.0055901035743884
Q9Y6Z7,COLEC10,52,26,0.871243906168311,0.222284373306845,8.8732356145949e-05,0.00571214542689547,-64.116746172432,FALSE,number of observations (=52) <= number of random effects (=52) for term (1 + SampleCode | ID2); the random-effects parameters and the residual variance (or scale parameter) are probably unidentifiable,TRUE,TRUE,FALSE,0.882203791443193,0.220160219686791,6.14691076755981e-05,-59.4586019620082,9.31628842084757,0.00948404647508252,0.805939859548941,-0.99807852159899,0.798412055854099,0.549567570439078,0.00525182406395716,0.00571214542689547
P55285,CDH6,51,26,0.633058487160948,0.163276650584474,0.000105659493017768,0.00648137914431768,-52.1930782878387,FALSE,number of observations (=51) <= number of random effects (=52) for term (1 + SampleCode | ID2); the random-effects parameters and the residual variance (or scale parameter) are probably unidentifiable,TRUE,TRUE,FALSE,0.633106759192234,0.164040152588814,0.000113636857631891,-51.9682865256425,0.449583524392523,0.798682517337246,0.371604214353084,-0.694638073167357,0.579073147359285,0.520463745131394,0.00651257971488214,0.00648137914431768
O95810,CAVIN2,52,26,-0.359201676051702,0.0928783371966095,0.000109982519935627,0.00648137914431768,-27.8281337876035,FALSE,number of observations (=52) <= number of random effects (=52) for term (1 + SampleCode | ID2); the random-effects parameters and the residual variance (or scale parameter) are probably unidentifiable,TRUE,TRUE,FALSE,-0.362043579800505,0.0923153094104906,8.78844015547896e-05,-26.4775204981013,2.70122657900443,0.259081320058764,0.296002747906331,0.140413163558193,0.332520529795502,0.2559397762946,0.005431256016086,0.00648137914431768
Q9NR99,MXRA5,51,26,0.595791877991551,0.154339864165445,0.000113266819997785,0.00648137914431768,-44.9854001442654,FALSE,number of observations (=51) <= number of random effects (=52) for term (1 + SampleCode | ID2); the random-effects parameters and the residual variance (or scale parameter) are probably unidentifiable,TRUE,FALSE,FALSE,0.601156666055648,0.156023636600119,0.000116686741236808,-44.5826472353946,0.805505817741604,0.668477253718091,0.410848213690436,-0.194593563811705,0.546892790582948,0.469339701201437,0.00651257971488214,0.00648137914431768
Q9HBW9,ADGRL4,46,26,0.488297427743311,0.128222333281754,0.000139977014266929,0.00746091807814948,-32.37942145975,FALSE,number of observations (=46) <= number of random effects (=52) for term (1 + SampleCode | ID2); the random-effects parameters and the residual variance (or scale parameter) are probably unidentifiable,TRUE,TRUE,FALSE,0.491861549702331,0.128145951233412,0.000123893216226089,-32.1900032707654,0.378836377969179,0.827440407868444,0.298533275247768,-0.677247676694016,0.426529227235319,0.370345804313138,0.00660051789894165,0.00746091807814948
Q15833,STXBP2,52,26,-0.270492844996221,0.0710310671353603,0.000140043122502482,0.00746091807814948,-19.513871403545,FALSE,number of observations (=52) <= number of random effects (=52) for term (1 + SampleCode | ID2); the random-effects parameters and the residual variance (or scale parameter) are probably unidentifiable,TRUE,FALSE,FALSE,-0.270250154012195,0.0710559301215678,0.000142755834572246,-19.5078890866266,0.0119646338368185,0.994035541510108,0.0875167770889769,-0.245927385808028,0.253550246010872,0.245984188914378,0.00735192548047066,0.00746091807814948
P78509,RELN,52,26,0.381656589756366,0.101121685538453,0.000160502056289123,0.00802525699692618,-28.1131272466198,FALSE,number of observations (=52) <= number of random effects (=52) for term (1 + SampleCode | ID2); the random-effects parameters and the residual variance (or scale parameter) are probably unidentifiable,TRUE,TRUE,FALSE,0.380179022467058,0.101266397258835,0.000173863667427408,-27.5309778959647,1.16429870131026,0.558696241001892,0.299139467269808,-0.103314256221099,0.362648048071714,0.295284348031015,0.00866514084436596,0.00802525699692618
P12814,ACTN1,52,26,-0.424373296856919,0.112463824702735,0.000161024574048357,0.00802525699692618,-27.9548102089665,FALSE,number of observations (=52) <= number of random effects (=52) for term (1 + SampleCode | ID2); the random-effects parameters and the residual variance (or scale parameter) are probably unidentifiable,TRUE,TRUE,FALSE,-0.431175466107612,0.11198816753341,0.000118027334638641,-25.4167777055426,5.07606500684787,0.0790217219099938,0.393360825762351,-0.0215435754377895,0.404030877104303,0.290963646949191,0.00651257971488214,0.00802525699692618
P14151,SELL,52,26,0.740508479497052,0.199424005210918,0.000204625565219424,0.00978296421251141,-57.6351729920568,FALSE,number of observations (=52) <= number of random effects (=52) for term (1 + SampleCode | ID2); the random-effects parameters and the residual variance (or scale parameter) are probably unidentifiable,TRUE,FALSE,FALSE,0.737101020189056,0.200117805237245,0.000230201841196167,-57.3007832359085,0.668779512296695,0.715774750243786,0.691969070313582,-0.802387692342721,0.716458147667917,0.526935282744583,0.0101617669899451,0.00978296421251141
Q9HCL0,PCDH18,52,26,0.592432174838194,0.159774166034985,0.000208956517160438,0.00978296421251141,-50.4503122643519,FALSE,number of observations (=52) <= number of random effects (=52) for term (1 + SampleCode | ID2); the random-effects parameters and the residual variance (or scale parameter) are probably unidentifiable,TRUE,FALSE,FALSE,0.593958570672189,0.159811698375682,0.00020190968339017,-50.3533534489739,0.193917630756005,0.907593384254024,0.454168368770693,-0.374859951010405,0.573280718697158,0.47505249724111,0.0094530442678125,0.00978296421251141
Q99715,COL12A1,51,26,0.3797452050481,0.103051826726916,0.000228709405998436,0.0101305235734647,-29.9132353808608,FALSE,number of observations (=51) <= number of random effects (=52) for term (1 + SampleCode | ID2); the random-effects parameters and the residual variance (or scale parameter) are probably unidentifiable,TRUE,TRUE,FALSE,0.379236474971012,0.101722837491949,0.000192902009450546,-29.3577241027779,1.11102255616567,0.573778825651296,0.292021253365416,0.016614712886565,0.365167368262094,0.293842242165191,0.00931355014378417,0.0101305235734647
Q9UNM6,PSMD13,49,26,-0.236189265234705,0.064110089135461,0.000229494061534799,0.0101305235734647,-13.0496685001943,FALSE,number of observations (=49) <= number of random effects (=52) for term (1 + SampleCode | ID2); the random-effects parameters and the residual variance (or scale parameter) are probably unidentifiable,TRUE,FALSE,FALSE,-0.233862769319007,0.0634467591741956,0.00022783434119951,-12.1685745447389,1.76218791091091,0.414329405755387,0.161195125349569,0.315455480992386,0.217595718470927,0.184338229068711,0.0101617669899451,0.0101305235734647
Q9NY65,TUBA8,52,26,-0.486483156426967,0.133880593247956,0.000279375622061718,0.0119898704468154,-35.7399067200614,FALSE,number of observations (=52) <= number of random effects (=52) for term (1 + SampleCode | ID2); the random-effects parameters and the residual variance (or scale parameter) are probably unidentifiable,TRUE,TRUE,TRUE,-0.488421801596625,0.133906231563177,0.000264813375522852,-35.0988783024111,1.28205683530068,0.526750425955243,0.320676188257787,,0.481122850644428,0.424504701968323,0.0113649073661891,0.0119898704468154
P13591,NCAM1,52,26,0.370202217996261,0.102905516801266,0.000321295040324263,0.0131670339361277,-34.7862335215409,FALSE,number of observations (=52) <= number of random effects (=52) for term (1 + SampleCode | ID2); the random-effects parameters and the residual variance (or scale parameter) are probably unidentifiable,TRUE,FALSE,FALSE,0.370264826531488,0.102894143361254,0.000320054841532944,-34.7860396065057,0.000387830070380346,0.999806103765115,0.126717633933108,-0.199730355586545,0.368133339434854,0.357020493232841,0.0133644521667135,0.0131670339361277
P01137,TGFB1,52,26,-0.220048741137333,0.0612022499005792,0.000323849378364305,0.0131670339361277,-9.77254069895789,FALSE,number of observations (=52) <= number of random effects (=52) for term (1 + SampleCode | ID2); the random-effects parameters and the residual variance (or scale parameter) are probably unidentifiable,TRUE,FALSE,FALSE,-0.218906701664834,0.0614021455385744,0.000363674289726902,-9.12758448574426,1.28991242642725,0.524685515896213,0.153427762549429,0.246358553029517,0.218715091436799,0.190815491995251,0.0139686301713697,0.0131670339361277
Q15436,SEC23A,50,26,-0.276029767990908,0.0776956762695266,0.000381292720623027,0.0148028950331893,-15.3568132334269,FALSE,number of observations (=50) <= number of random effects (=52) for term (1 + SampleCode | ID2); the random-effects parameters and the residual variance (or scale parameter) are probably unidentifiable,TRUE,FALSE,FALSE,-0.276395950116834,0.0776566425152091,0.000371978374304306,-15.34659032327,0.0204458203139524,0.989829166180748,0.197683890547567,-0.339859684801695,0.271577574552984,0.232662952526279,0.0139686301713697,0.0148028950331893
O75791,GRAP2,51,26,-0.251841011578899,0.0709139719278958,0.000383246473351178,0.0148028950331893,-10.9124176650247,FALSE,number of observations (=51) <= number of random effects (=52) for term (1 + SampleCode | ID2); the random-effects parameters and the residual variance (or scale parameter) are probably unidentifiable,TRUE,TRUE,FALSE,-0.249504863263349,0.0702985433715154,0.000386376902338761,-10.5070075789306,0.810820172188318,0.666703349018496,0.101347613557534,-0.935301076471771,0.251274603857728,0.239233064650744,0.0139686301713697,0.0148028950331893
P22105,TNXB,52,26,0.37351407369792,0.105464012374235,0.000397669088544236,0.0149853351658743,-28.0574518914545,FALSE,number of observations (=52) <= number of random effects (=52) for term (1 + SampleCode | ID2); the random-effects parameters and the residual variance (or scale parameter) are probably unidentifiable,TRUE,TRUE,FALSE,0.375521163295472,0.105338468195869,0.0003639941777106,-27.4784353921219,1.15803299866523,0.560449297858825,0.300531947607982,-0.115434093147979,0.378510003241383,0.312729559337049,0.0139686301713697,0.0149853351658743
P33151,CDH5,52,26,0.543188322634644,0.153777697225826,0.000411968169272725,0.0151545433696752,-43.9252327139934,FALSE,number of observations (=52) <= number of random effects (=52) for term (1 + SampleCode | ID2); the random-effects parameters and the residual variance (or scale parameter) are probably unidentifiable,TRUE,TRUE,FALSE,0.550511496393593,0.155655360172066,0.000405108519767933,-42.5568313329608,2.73680276206522,0.25451350462684,0.471433347752764,-0.0567449467149271,0.552494603799266,0.449324156085252,0.0140231164406799,0.0151545433696752
P30101,PDIA3,52,26,0.30804524158557,0.0877047412173409,0.000444248532290398,0.0156284117097196,-15.8853034998673,FALSE,number of observations (=52) <= number of random effects (=52) for term (1 + SampleCode | ID2); the random-effects parameters and the residual variance (or scale parameter) are probably unidentifiable,TRUE,FALSE,FALSE,0.307860518503506,0.0877427126521181,0.000450347625131395,-15.8766085025569,0.0173899946208564,0.991342694855149,0.314693215739249,-0.673334256221522,0.31501140201885,0.223171369332945,0.0146572491098857,0.0156284117097196
Q9C0C9,UBE2O,52,26,-0.235465346077703,0.0670497388552557,0.000445080980729877,0.0156284117097196,0.218800094160492,FALSE,number of observations (=52) <= number of random effects (=52) for term (1 + SampleCode | ID2); the random-effects parameters and the residual variance (or scale parameter) are probably unidentifiable,TRUE,FALSE,FALSE,-0.237176785480299,0.066842849529882,0.000387763719404912,1.18316729420217,1.92873440008335,0.381224362188001,0.186053956892485,-0.168484367309627,0.240954724731903,0.201022366521471,0.0139686301713697,0.0156284117097196
Q96JQ0,DCHS1,38,21,0.540509045405785,0.154215090456726,0.000456772424480311,0.0156825199071574,-27.9339496317846,FALSE,number of observations (=38) <= number of random effects (=42) for term (1 + SampleCode | ID2); the random-effects parameters and the residual variance (or scale parameter) are probably unidentifiable,TRUE,TRUE,FALSE,0.53838915863585,0.153574408724564,0.00045537084613237,-27.4678249720824,0.932249319404377,0.627429064051732,0.372920484178442,-0.133484550391647,0.471238632356092,0.388001194727978,0.0146572491098857,0.0156825199071574
P05154,SERPINA5,52,26,0.564844065313143,0.161845818636376,0.000482996444775205,0.0160685360952871,-47.8581511657006,FALSE,number of observations (=52) <= number of random effects (=52) for term (1 + SampleCode | ID2); the random-effects parameters and the residual variance (or scale parameter) are probably unidentifiable,TRUE,TRUE,FALSE,0.564303218313435,0.161897836046748,0.000491123981637528,-47.546479001859,0.623344327683199,0.732221537580269,0.542793128408752,-0.7757074940188,0.581287805659077,0.436914684699891,0.0151757310325996,0.0160685360952871
P05090,APOD,52,26,0.605839576142732,0.173751758144829,0.00048881630840032,0.0160685360952871,-58.4600066491345,FALSE,number of observations (=52) <= number of random effects (=52) for term (1 + SampleCode | ID2); the random-effects parameters and the residual variance (or scale parameter) are probably unidentifiable,TRUE,FALSE,FALSE,0.609352342125757,0.173700932215907,0.000451396514892634,-58.2540282162647,0.411956865739569,0.813850628516126,0.476577094137164,-0.157822794884731,0.62258621619706,0.523295761942327,0.0146572491098857,0.0160685360952871
Q8N2S1,LTBP4,44,25,0.651542254969988,0.1874358314676,0.000508797349055674,0.0161201040585561,-43.1797980159609,FALSE,number of observations (=44) <= number of random effects (=50) for term (1 + SampleCode | ID2); the random-effects parameters and the residual variance (or scale parameter) are probably unidentifiable,TRUE,FALSE,FALSE,0.653117546378111,0.187162887901995,0.000483802706708519,-43.0906570423282,0.178281947265475,0.914716613560746,0.554129680205972,-0.524869277735351,0.614996252410083,0.472727557622621,0.0151757310325996,0.0161201040585561
P49748,ACADVL,51,26,-0.277891808531071,0.0800093992741671,0.000514216207269848,0.0161201040585561,-23.0963967465228,FALSE,number of observations (=51) <= number of random effects (=52) for term (1 + SampleCode | ID2); the random-effects parameters and the residual variance (or scale parameter) are probably unidentifiable,TRUE,FALSE,FALSE,-0.276890666455723,0.0798256747982118,0.000522998986983501,-22.9667356593539,0.259322174337932,0.878393079164528,0.0817384776432254,-0.677455365196805,0.282149191459643,0.275990829589618,0.0158437928409708,0.0161201040585561
O43707,ACTN4,52,26,-0.242201134714537,0.0698113321438284,0.000521686215487252,0.0161201040585561,-2.25543034896551,FALSE,number of observations (=52) <= number of random effects (=52) for term (1 + SampleCode | ID2); the random-effects parameters and the residual variance (or scale parameter) are probably unidentifiable,TRUE,FALSE,FALSE,-0.244711270461742,0.0692336882574036,0.000408440284679996,-0.476180788244244,3.55849912144252,0.168764747455135,0.218471845120849,-0.0353227228218974,0.250856500604656,0.19508909802759,0.0140231164406799,0.0161201040585561
Q02952,AKAP12,52,26,0.561485885337332,0.162256329403539,0.000539199678001708,0.01633457848064,-53.5478253983494,FALSE,number of observations (=52) <= number of random effects (=52) for term (1 + SampleCode | ID2); the random-effects parameters and the residual variance (or scale parameter) are probably unidentifiable,TRUE,TRUE,FALSE,0.55854302681775,0.162375719611626,0.000582104116174291,-50.991374265923,5.11290226485285,0.0775795721120951,0.626923353287541,0.0121931227326172,0.581708594002524,0.37808384186116,0.016351833808896,0.01633457848064
Q99542,MMP19,52,26,0.372572754700569,0.108078570480029,0.000566345554663791,0.0167101066695434,-33.2944424733358,FALSE,number of observations (=52) <= number of random effects (=52) for term (1 + SampleCode | ID2); the random-effects parameters and the residual variance (or scale parameter) are probably unidentifiable,TRUE,FALSE,FALSE,0.372609233715306,0.108074668632618,0.000565377795054204,-33.2942497908482,0.000385364975201696,0.999807336074477,0.27300508939142,-0.403369112242079,0.387341800798729,0.335791767993082,0.0161760869140508,0.0167101066695434
P55072,VCP,52,26,-0.29439936192499,0.0855234600348595,0.000576741444255248,0.0167101066695434,-27.7767425534452,FALSE,number of observations (=52) <= number of random effects (=52) for term (1 + SampleCode | ID2); the random-effects parameters and the residual variance (or scale parameter) are probably unidentifiable,TRUE,TRUE,FALSE,-0.2950087724142,0.085405929706118,0.000551937245236601,-26.4453122799698,2.66286054695084,0.264099256877425,0.249154437631653,0.302319423673948,0.305528010898174,0.249319817877606,0.0160894913941613,0.0167101066695434
O95831,AIFM1,45,25,-0.193116604631097,0.0561561992171575,0.000584042563207344,0.0167101066695434,-10.9059813986671,FALSE,number of observations (=45) <= number of random effects (=50) for term (1 + SampleCode | ID2); the random-effects parameters and the residual variance (or scale parameter) are probably unidentifiable,TRUE,FALSE,FALSE,-0.159893657724052,0.0592740006047818,0.0069855059631327,-8.93981656745435,3.9323296624254,0.139992723711512,0.155932452525547,-0.980643336529739,0.179792207494221,0.162402418642609,0.0677167930378627,0.0167101066695434
P78371,CCT2,52,26,-0.23173183012272,0.0676999009628797,0.000619506743808856,0.0171433490051522,-0.283000014578065,FALSE,number of observations (=52) <= number of random effects (=52) for term (1 + SampleCode | ID2); the random-effects parameters and the residual variance (or scale parameter) are probably unidentifiable,TRUE,TRUE,FALSE,-0.233565064513908,0.0704715318753639,0.000918669731599659,1.21771070070248,3.00142143056109,0.222971634474044,0.236447837181761,-0.593401096746503,0.243291193663003,0.190458697595187,0.0218697540326431,0.0171433490051522
Q6UVK1,CSPG4,52,26,0.459436129300609,0.134255311499331,0.000621377051319434,0.0171433490051522,-42.9615959005684,FALSE,number of observations (=52) <= number of random effects (=52) for term (1 + SampleCode | ID2); the random-effects parameters and the residual variance (or scale parameter) are probably unidentifiable,TRUE,TRUE,FALSE,0.459121277715239,0.134124869918453,0.000619139534841616,-39.5707968371354,6.78159812686587,0.0336817522871585,0.523716328507207,0.0719256677658749,0.481454172958494,0.307729745127831,0.0167819400233385,0.0171433490051522
O14786,NRP1,52,26,0.41065041361397,0.120475224650462,0.000653000028128107,0.0173614642884635,-41.6138812560865,FALSE,number of observations (=52) <= number of random effects (=52) for term (1 + SampleCode | ID2); the random-effects parameters and the residual variance (or scale parameter) are probably unidentifiable,TRUE,FALSE,FALSE,0.413806982565034,0.120755264064948,0.000610685755933178,-40.9349885029631,1.35778550624678,0.507178253117788,0.35710189840945,0.0290230469464792,0.431270899155131,0.35099995930976,0.0167819400233385,0.0173614642884635
Q14974,KPNB1,52,26,-0.212297985646854,0.0623531784894028,0.000662207577274475,0.0173614642884635,-20.3013127470796,FALSE,number of observations (=52) <= number of random effects (=52) for term (1 + SampleCode | ID2); the random-effects parameters and the residual variance (or scale parameter) are probably unidentifiable,TRUE,TRUE,FALSE,-0.21588972616128,0.0624052318615382,0.00054121706532669,-20.0540927708247,0.494439952509822,0.780968880025194,0.14182864226157,0.185042948779868,0.221431666882718,0.197641273766779,0.0160803916524949,0.0173614642884635
Q9HCN6,GP6,52,26,-0.264665199199909,0.0777411452162625,0.000662994429138735,0.0173614642884635,-21.0292482206174,FALSE,number of observations (=52) <= number of random effects (=52) for term (1 + SampleCode | ID2); the random-effects parameters and the residual variance (or scale parameter) are probably unidentifiable,TRUE,FALSE,FALSE,-0.264571925985639,0.0777570646901747,0.000667613150587793,-21.0261442022139,0.00620803680708093,0.99690079408095,0.0687162626686528,-0.0164824811981658,0.277994056816152,0.273770989281833,0.0177838330630714,0.0173614642884635
P16070,CD44,52,26,0.723256531895242,0.213309327512165,0.000697279677209655,0.0179549516881486,-59.9612491402517,FALSE,number of observations (=52) <= number of random effects (=52) for term (1 + SampleCode | ID2); the random-effects parameters and the residual variance (or scale parameter) are probably unidentifiable,TRUE,FALSE,FALSE,0.725977696770976,0.233205028905509,0.00185167923137337,-59.1189523140998,1.68459365230383,0.430720097262579,0.9426531686718,-0.765804874886177,0.766563616368393,0.509456411616963,0.0353190668206402,0.0179549516881486
Q0VD83,APOBR,51,26,0.36982911796159,0.109616683426228,0.000741275218923133,0.018774921528463,-39.1608462113152,FALSE,number of observations (=51) <= number of random effects (=52) for term (1 + SampleCode | ID2); the random-effects parameters and the residual variance (or scale parameter) are probably unidentifiable,TRUE,FALSE,FALSE,0.369401386180751,0.109553056597443,0.000746529469361322,-39.1026615860537,0.116369250522951,0.943475741900378,0.193428332255831,0.00464944504057209,0.38655539198024,0.36084044945033,0.0195489496637838,0.018774921528463
P61160,ACTR2,52,26,-0.222313934925965,0.0663372340193287,0.000804420371673225,0.0200456366812118,-13.024843744413,FALSE,number of observations (=52) <= number of random effects (=52) for term (1 + SampleCode | ID2); the random-effects parameters and the residual variance (or scale parameter) are probably unidentifiable,TRUE,FALSE,FALSE,-0.222321869127613,0.0663152954467211,0.00080085934481077,-12.2179527985562,1.61378189171376,0.446243306314218,0.181160364448834,0.184666597351977,0.237184678672706,0.199607948117456,0.0206221281288773,0.0200456366812118
P51693,APLP1,48,25,0.801805066100535,0.23987378858753,0.000829937784206144,0.0201679506366785,-58.7750876472716,FALSE,number of observations (=48) <= number of random effects (=50) for term (1 + SampleCode | ID2); the random-effects parameters and the residual variance (or scale parameter) are probably unidentifiable,TRUE,TRUE,TRUE,0.803672591608241,0.242108363643026,0.00090186971395412,-58.1355794567442,1.27901638105489,0.527551815232294,0.559256687306224,,0.823281133575935,0.726715693205524,0.0218697540326431,0.0201679506366785
Q14517,FAT1,51,26,0.43691779473881,0.130783197554241,0.00083543614287859,0.0201679506366785,-41.7156922449527,FALSE,number of observations (=51) <= number of random effects (=52) for term (1 + SampleCode | ID2); the random-effects parameters and the residual variance (or scale parameter) are probably unidentifiable,TRUE,FALSE,FALSE,0.437191511370098,0.130784547183925,0.000829263937932555,-41.7045873704126,0.0222097490800763,0.988956556972545,0.328023745907864,-0.352271934992733,0.463553092183724,0.40111803720417,0.0207370709361821,0.0201679506366785
Q99983,OMD,52,26,0.447339341530492,0.134305893627293,0.000866123822848521,0.0205696341301766,-57.3692840306215,FALSE,number of observations (=52) <= number of random effects (=52) for term (1 + SampleCode | ID2); the random-effects parameters and the residual variance (or scale parameter) are probably unidentifiable,TRUE,TRUE,FALSE,0.447046778866499,0.133771538410401,0.000832167247924461,-51.3213401381675,12.095887784908,0.00236271501179496,0.485699045075216,0.78735362081587,0.477939441206056,0.332486198630466,0.0207370709361821,0.0205696341301766
Q86SQ4,ADGRG6,44,25,0.488094346695579,0.146718788058358,0.000878702817211429,0.0205696341301766,-30.6895905734494,FALSE,number of observations (=44) <= number of random effects (=50) for term (1 + SampleCode | ID2); the random-effects parameters and the residual variance (or scale parameter) are probably unidentifiable,TRUE,FALSE,FALSE,0.496119925139103,0.156290846217584,0.00150178852823461,-30.3909560015861,0.59726914372667,0.741830445627336,0.548533131607181,-0.752051694471511,0.486048027302765,0.34878465074864,0.0301332893002918,0.0205696341301766
Q8NI99,ANGPTL6,52,26,0.370634203078389,0.111577554398083,0.0008945060512428,0.0206270425249273,-35.178539242299,FALSE,number of observations (=52) <= number of random effects (=52) for term (1 + SampleCode | ID2); the random-effects parameters and the residual variance (or scale parameter) are probably unidentifiable,TRUE,FALSE,FALSE,0.368887588890888,0.111416455231706,0.000929998736315556,-34.5638477542214,1.22938297615501,0.540807715202948,0.333431983600456,-0.0305612754895213,0.399845013248002,0.322288938246063,0.0218697540326431,0.0206270425249273
O75558,STX11,51,26,-0.205636390367063,0.0621464692229537,0.000936636163435132,0.0212809245956953,-12.9628313084396,FALSE,number of observations (=51) <= number of random effects (=52) for term (1 + SampleCode | ID2); the random-effects parameters and the residual variance (or scale parameter) are probably unidentifiable,TRUE,FALSE,FALSE,-0.216518837339736,0.0610326323418124,0.000388770936808346,-10.9906207972158,3.94442102244744,0.139148925736441,0.192653716520248,0.452832551729657,0.218624717128733,0.16446464921196,0.0139686301713697,0.0212809245956953
P05019,IGF1,50,26,0.538654089313378,0.163264818562954,0.000969379563950891,0.0217056728449874,-56.0328675990974,FALSE,number of observations (=50) <= number of random effects (=52) for term (1 + SampleCode | ID2); the random-effects parameters and the residual variance (or scale parameter) are probably unidentifiable,TRUE,FALSE,FALSE,0.537813301988865,0.163703558850047,0.00101878256059496,-55.9901745911299,0.0853860159349438,0.958205506375021,0.241062306710414,0.0240980746039659,0.570402597700763,0.545048999723953,0.0231473390605766,0.0217056728449874
P11047,LAMC1,51,26,0.386527042640103,0.117517687448192,0.00100509471056106,0.022183876111669,-35.7257672783898,FALSE,number of observations (=51) <= number of random effects (=52) for term (1 + SampleCode | ID2); the random-effects parameters and the residual variance (or scale parameter) are probably unidentifiable,TRUE,TRUE,FALSE,0.383048850289805,0.11758727743242,0.00112370327751899,-33.3516513034502,4.74823194987904,0.0930967527062518,0.43270816534926,0.0558813275607686,0.416695059882109,0.280185395727278,0.0251611820835774,0.022183876111669
P08567,PLEK,52,26,-0.427190586682462,0.130366449896909,0.00104974158427603,0.0226161760465772,-37.013566450376,FALSE,number of observations (=52) <= number of random effects (=52) for term (1 + SampleCode | ID2); the random-effects parameters and the residual variance (or scale parameter) are probably unidentifiable,TRUE,FALSE,FALSE,-0.428959418267206,0.130314673060075,0.000995766914002379,-36.6885475290166,0.650037842718788,0.72251368257168,0.315494623557406,-0.162859150825107,0.468173922692496,0.411417891019543,0.0229620877930399,0.0226161760465772
P10645,CHGA,52,26,0.479752821279129,0.146457545789012,0.00105395771867544,0.0226161760465772,-55.8488519680518,FALSE,number of observations (=52) <= number of random effects (=52) for term (1 + SampleCode | ID2); the random-effects parameters and the residual variance (or scale parameter) are probably unidentifiable,TRUE,TRUE,FALSE,0.483774373038742,0.146172376913233,0.000934241919841064,-55.2042065465934,1.28929084291676,0.524848609171361,0.431923899861251,0.0818678715822711,0.523182629522885,0.423647387491886,0.0218697540326431,0.0226161760465772
P49746,THBS3,52,26,0.442226137909145,0.135491641427902,0.00109904344794553,0.0232605770832307,-42.4262013532149,FALSE,number of observations (=52) <= number of random effects (=52) for term (1 + SampleCode | ID2); the random-effects parameters and the residual variance (or scale parameter) are probably unidentifiable,TRUE,FALSE,FALSE,0.439758717765888,0.135962882140799,0.00121897432839923,-40.7577212722115,3.33696016200673,0.18853340347991,0.46376038294836,-0.0229133327501716,0.486062820862048,0.361417280590761,0.0261571574635667,0.0232605770832307
P00451,F8,52,26,0.272010370056768,0.083534567982122,0.00112889859034579,0.0234996745573549,-31.0194831367292,FALSE,number of observations (=52) <= number of random effects (=52) for term (1 + SampleCode | ID2); the random-effects parameters and the residual variance (or scale parameter) are probably unidentifiable,TRUE,TRUE,FALSE,0.270695012008548,0.0833671402103203,0.00116619012768679,-29.3146187493578,3.40972877474269,0.181797038478018,0.260882284327559,0.379745140663001,0.297603106833065,0.233144137957875,0.0253769541869871,0.0234996745573549
Q5VWC8,HACD4,50,26,-0.398269239301008,0.122420367962524,0.00114076090084247,0.0234996745573549,-28.9869749070748,FALSE,number of observations (=50) <= number of random effects (=52) for term (1 + SampleCode | ID2); the random-effects parameters and the residual variance (or scale parameter) are probably unidentifiable,TRUE,FALSE,FALSE,-0.398401057328916,0.122542598123806,0.00114950121314719,-28.7936482842017,0.386653245746103,0.824212723442047,0.470913976127681,-0.629972961683155,0.432056446939011,0.276012344575955,0.0253711339187487,0.0234996745573549
P07585,DCN,46,25,0.42670605558019,0.131816061939095,0.00120737346468634,0.0245446316176368,-33.15305097594,FALSE,number of observations (=46) <= number of random effects (=50) for term (1 + SampleCode | ID2); the random-effects parameters and the residual variance (or scale parameter) are probably unidentifiable,TRUE,FALSE,FALSE,0.425751764259433,0.132826402855951,0.00134910145785557,-32.8551312953604,0.595839361159278,0.742360963355551,0.375158037767058,-0.261926086235959,0.437934838226163,0.350668992578878,0.0285529007176283,0.0245446316176368
P07437,TUBB,52,26,-0.376495502374362,0.117569211628128,0.00136320377087646,0.0273525951429109,-33.9468547896758,FALSE,number of observations (=52) <= number of random effects (=52) for term (1 + SampleCode | ID2); the random-effects parameters and the residual variance (or scale parameter) are probably unidentifiable,TRUE,FALSE,FALSE,-0.37344300511233,0.118192778100761,0.00157980812263531,-33.3320090794166,1.22969142051839,0.540724317088319,0.324273946305323,-0.826894949987954,0.421923144501276,0.357031004949798,0.0312923531983533,0.0273525951429109
P01019,AGT,52,26,0.278290311228057,0.0874850976714731,0.00146766381485246,0.0288318291732275,-26.5677141917787,FALSE,number of observations (=52) <= number of random effects (=52) for term (1 + SampleCode | ID2); the random-effects parameters and the residual variance (or scale parameter) are probably unidentifiable,TRUE,FALSE,FALSE,0.279208097192687,0.0873587668588075,0.00139294720749693,-26.4838123261684,0.167803731220644,0.919521488347663,0.0875911676116084,0.398617741601941,0.312933503764721,0.306265665223141,0.0290824788592263,0.0288318291732275
P51575,P2RX1,49,26,-0.422054917290142,0.132733972062342,0.00147424887034626,0.0288318291732275,-45.7151181859165,FALSE,number of observations (=49) <= number of random effects (=52) for term (1 + SampleCode | ID2); the random-effects parameters and the residual variance (or scale parameter) are probably unidentifiable,TRUE,FALSE,FALSE,-0.422823698083765,0.132866278520804,0.00146097706622701,-45.7018231370592,0.0265900977147169,0.986792939934634,0.18070989720873,-0.0424631081902437,0.453361672225227,0.43526042742316,0.02993449648644,0.0288318291732275
O00391,QSOX1,52,26,0.444356019494006,0.140019034143318,0.00150592098357308,0.0290830989952551,-38.0710700485447,FALSE,number of observations (=52) <= number of random effects (=52) for term (1 + SampleCode | ID2); the random-effects parameters and the residual variance (or scale parameter) are probably unidentifiable,TRUE,FALSE,FALSE,0.444420101865898,0.157621882277819,0.00480935824505742,-36.9921763080755,2.1577874809383,0.339971414308692,0.66865061077013,-0.82818558786923,0.503182389748941,0.313322782259645,0.0576004534001063,0.0290830989952551
P08493,MGP,48,26,1.1762386671944,0.371525717330373,0.00154567603641113,0.0291387055134898,-89.3920767246582,FALSE,number of observations (=48) <= number of random effects (=52) for term (1 + SampleCode | ID2); the random-effects parameters and the residual variance (or scale parameter) are probably unidentifiable,TRUE,FALSE,FALSE,1.08813092481322,0.36332634876025,0.00274522834131158,-85.3416341537003,8.10088514191588,0.01741466570846,1.28441922727067,0.634990286347377,1.26088735056221,0.841760472741158,0.0446460819718567,0.0291387055134898
P98160,HSPG2,52,26,0.280658193605543,0.0886903611712188,0.00155364435809034,0.0291387055134898,-27.6059370193757,FALSE,number of observations (=52) <= number of random effects (=52) for term (1 + SampleCode | ID2); the random-effects parameters and the residual variance (or scale parameter) are probably unidentifiable,TRUE,FALSE,FALSE,0.278017492332947,0.0890621638203609,0.00179864002411745,-25.7108042807876,3.79026547717615,0.150298383327055,0.294170971137276,0.249663496967075,0.317192179352007,0.241616673451439,0.0347362354657683,0.0291387055134898
P35030,PRSS3,41,25,0.621351455048898,0.196488328713141,0.00156538029619395,0.0291387055134898,-44.5333321888577,FALSE,number of observations (=41) <= number of random effects (=50) for term (1 + SampleCode | ID2); the random-effects parameters and the residual variance (or scale parameter) are probably unidentifiable,TRUE,FALSE,FALSE,0.621491052068839,0.195434480361578,0.001472505976032,-44.085381184596,0.895902008523436,0.638935988405487,0.465254074561349,-0.00748753468483579,0.601608407037173,0.503112586508231,0.02993449648644,0.0291387055134898
Q05707,COL14A1,42,24,0.607176603364287,0.19351846425885,0.0017035796804068,0.0313336976931965,-39.8153985907559,FALSE,number of observations (=42) <= number of random effects (=48) for term (1 + SampleCode | ID2); the random-effects parameters and the residual variance (or scale parameter) are probably unidentifiable,TRUE,FALSE,FALSE,0.604651522383051,0.197708651458076,0.00222599789987694,-39.7892387307837,0.0523197199444354,0.9741793448774,0.67401375766185,-0.747531005668691,0.624407016964501,0.427527518630309,0.0404751227763198,0.0313336976931965
P24534,EEF1B2,52,26,-0.299016261818982,0.0954392244847046,0.00172997501521052,0.0314448399823558,-22.7794559682575,FALSE,number of observations (=52) <= number of random effects (=52) for term (1 + SampleCode | ID2); the random-effects parameters and the residual variance (or scale parameter) are probably unidentifiable,TRUE,FALSE,FALSE,-0.29481525871048,0.0955129195898302,0.00202423608885657,-19.8331469519998,5.89261803251546,0.0525332479125606,0.364418073790076,-0.0112744339913547,0.342540236026272,0.226506648262185,0.0376800573166675,0.0314448399823558
P15531,NME1,52,26,0.342777744983864,0.110014713717171,0.00183481139053462,0.0329625999811162,-25.5305288602013,FALSE,number of observations (=52) <= number of random effects (=52) for term (1 + SampleCode | ID2); the random-effects parameters and the residual variance (or scale parameter) are probably unidentifiable,TRUE,FALSE,FALSE,0.345532883469103,0.122740463845011,0.00487543891818741,-24.6785322570472,1.70399320630814,0.426562405309401,0.511873083796091,-0.86643172770797,0.395356723422977,0.253066290494186,0.0579427163738427,0.0329625999811162
Q8IZF2,ADGRF5,52,26,0.371360103469629,0.119709676833518,0.00192105784690817,0.0341153376261279,-35.2011280700868,FALSE,number of observations (=52) <= number of random effects (=52) for term (1 + SampleCode | ID2); the random-effects parameters and the residual variance (or scale parameter) are probably unidentifiable,TRUE,TRUE,FALSE,0.373107329428941,0.119416136909847,0.00178150062544945,-35.0631674591279,0.275921221917756,0.871133004163751,0.355203123990168,-0.370539947061262,0.429560376065003,0.347162876114522,0.0347362354657683,0.0341153376261279
Q8IUK5,PLXDC1,52,26,0.407248353930293,0.131484909517956,0.00195291406141036,0.0342869571008979,-40.0055863440346,FALSE,number of observations (=52) <= number of random effects (=52) for term (1 + SampleCode | ID2); the random-effects parameters and the residual variance (or scale parameter) are probably unidentifiable,TRUE,FALSE,FALSE,0.405995009590997,0.131446607805499,0.00201055578453249,-39.8397306459892,0.331711396090896,0.847168473436058,0.377223765532472,-0.68544496947957,0.471825572660672,0.389082270744032,0.0376800573166675,0.0342869571008979
Q14254,FLOT2,51,26,-0.316475244733787,0.102471546471126,0.0020122339243161,0.0349314765513301,-20.9881809848542,FALSE,number of observations (=51) <= number of random effects (=52) for term (1 + SampleCode | ID2); the random-effects parameters and the residual variance (or scale parameter) are probably unidentifiable,TRUE,FALSE,FALSE,-0.320339728875161,0.116138714180503,0.00581115517805058,-19.0350634029523,3.90623516380373,0.141831211201284,0.460010081263253,-0.842373067763808,0.365165146078363,0.257149699342001,0.0598066937555884,0.0349314765513301
P49247,RPIA,49,26,-0.336379202857956,0.109181038173949,0.00206354730747449,0.035424228778312,-22.2454526227226,FALSE,number of observations (=49) <= number of random effects (=52) for term (1 + SampleCode | ID2); the random-effects parameters and the residual variance (or scale parameter) are probably unidentifiable,TRUE,FALSE,FALSE,-0.335005483173032,0.109899208409372,0.00230141956947036,-22.0215142506262,0.447876744192733,0.799364396003369,0.398604795361304,-0.807207964033384,0.381002362087657,0.262904588260944,0.0404751227763198,0.035424228778312
P17252,PRKCA,52,26,-0.29884805010035,0.0973234698506214,0.00213580599107036,0.0362617610571836,-19.1566836370881,FALSE,number of observations (=52) <= number of random effects (=52) for term (1 + SampleCode | ID2); the random-effects parameters and the residual variance (or scale parameter) are probably unidentifiable,TRUE,FALSE,FALSE,-0.296935048826547,0.102895301369827,0.00390422725765608,-18.8166686644588,0.680029945258546,0.711759665769221,0.419474783088594,-0.823624728681414,0.349748564098575,0.221235602416402,0.0513005465295538,0.0362617610571836
Q96KN2,CNDP1,52,26,0.721134987139656,0.235424131968894,0.00219034057332503,0.0367834368020345,-73.8993120041984,FALSE,number of observations (=52) <= number of random effects (=52) for term (1 + SampleCode | ID2); the random-effects parameters and the residual variance (or scale parameter) are probably unidentifiable,TRUE,FALSE,FALSE,0.718771899220115,0.235275611956699,0.00225044879113904,-73.8067730570218,0.185077894353299,0.911613705493023,0.498762738490448,-0.567290490615617,0.843693121524571,0.765929453796653,0.0404751227763198,0.0367834368020345
Q8WUJ3,CEMIP,51,26,0.34306608125599,0.11235835414715,0.00226323974319982,0.0375059366322565,-29.294024379689,FALSE,number of observations (=51) <= number of random effects (=52) for term (1 + SampleCode | ID2); the random-effects parameters and the residual variance (or scale parameter) are probably unidentifiable,TRUE,FALSE,FALSE,0.343078427175333,0.112692247895762,0.00233157665183978,-28.9974279788883,0.593192801601461,0.743343964856573,0.304537014243041,-0.276431682783059,0.399520144288255,0.337109682254893,0.0404751227763198,0.0375059366322565
Q9H2G2,SLK,51,26,-0.153172297325281,0.0502063665625255,0.00228191459121819,0.0375059366322565,-5.95807622541079,FALSE,number of observations (=51) <= number of random effects (=52) for term (1 + SampleCode | ID2); the random-effects parameters and the residual variance (or scale parameter) are probably unidentifiable,TRUE,FALSE,FALSE,-0.141048200884977,0.0521642618749499,0.00685259553405973,-3.93008119690805,4.05599005700548,0.131599109280019,0.125286949225881,-0.997803396803371,0.17597478955589,0.162301062706982,0.0670079753172297,0.0375059366322565
A2RRP1,NBAS,50,26,-0.276673499186648,0.0909225362263839,0.00234264682867624,0.0380988352663662,-17.0504421397899,FALSE,number of observations (=50) <= number of random effects (=52) for term (1 + SampleCode | ID2); the random-effects parameters and the residual variance (or scale parameter) are probably unidentifiable,TRUE,FALSE,FALSE,-0.276478086289439,0.0907741355622308,0.0023207724044948,-17.0328351725876,0.0352139344045739,0.982547129726147,0.279404942280193,-0.647125875907819,0.319884758477353,0.251265723087904,0.0404751227763198,0.0380988352663662
O94985,CLSTN1,52,26,0.464758612845765,0.153201038127413,0.00241613081067399,0.0388846052342846,-44.5440322747208,FALSE,number of observations (=52) <= number of random effects (=52) for term (1 + SampleCode | ID2); the random-effects parameters and the residual variance (or scale parameter) are probably unidentifiable,TRUE,FALSE,FALSE,0.464258459643145,0.153214236077279,0.00244451631775096,-44.481706542685,0.12465146407159,0.939576786680978,0.52549921388146,-0.715492030043991,0.550307107247007,0.406002982903344,0.0417695746175898,0.0388846052342846
P98095,FBLN2,51,26,0.436252503982788,0.144135450727455,0.00247252052496251,0.0393818990831658,-52.9246663631146,FALSE,number of observations (=51) <= number of random effects (=52) for term (1 + SampleCode | ID2); the random-effects parameters and the residual variance (or scale parameter) are probably unidentifiable,TRUE,FALSE,FALSE,0.436151427023427,0.1441317762814,0.0024776299533215,-52.9230481690966,0.00323638803595827,0.998383114552026,0.182786215809929,-0.111775992389022,0.50836929648816,0.491549544041079,0.0417695746175898,0.0393818990831658
Q76LX8,ADAMTS13,52,26,0.275294310791778,0.0914224583792221,0.00260189234877473,0.0408605071825396,-31.6745318174795,FALSE,number of observations (=52) <= number of random effects (=52) for term (1 + SampleCode | ID2); the random-effects parameters and the residual variance (or scale parameter) are probably unidentifiable,TRUE,FALSE,FALSE,0.277608971905406,0.0911199205127637,0.0023141994561511,-30.7903953167753,1.76827300140845,0.413070705587577,0.258531963159059,0.21414082318862,0.326522339237085,0.269356354438474,0.0404751227763198,0.0408605071825396
P48426,PIP4K2A,52,26,-0.284177218651792,0.0945205914544362,0.00264264301755269,0.0408605071825396,-17.961959952228,FALSE,number of observations (=52) <= number of random effects (=52) for term (1 + SampleCode | ID2); the random-effects parameters and the residual variance (or scale parameter) are probably unidentifiable,TRUE,FALSE,FALSE,-0.282627834971742,0.0949885170731337,0.00292616763330082,-14.8607471482546,6.20242560794677,0.0449945996597962,0.328433281892746,0.0558298955921579,0.339649644866387,0.250463698290142,0.0459219318522063,0.0408605071825396
O60229,KALRN,51,26,-0.278085121167072,0.0925720194247612,0.00266466916255846,0.0408605071825396,-24.7594638373498,FALSE,number of observations (=51) <= number of random effects (=52) for term (1 + SampleCode | ID2); the random-effects parameters and the residual variance (or scale parameter) are probably unidentifiable,TRUE,FALSE,FALSE,-0.275619813568213,0.094341848104916,0.00348349038930083,-21.7417229397448,6.03548179520999,0.0489115899346954,0.285954952649199,-0.99767991525879,0.327955653841487,0.269547075549906,0.0495017162872207,0.0408605071825396
Q9HCM2,PLXNA4,51,26,-0.301164818321334,0.100327668057567,0.00268377683446919,0.0408605071825396,-19.869795374508,FALSE,number of observations (=51) <= number of random effects (=52) for term (1 + SampleCode | ID2); the random-effects parameters and the residual variance (or scale parameter) are probably unidentifiable,TRUE,FALSE,FALSE,-0.296999433986188,0.110395456790608,0.00713828957945676,-19.1335778363775,1.47243507626098,0.478921998059847,0.451437531248225,-0.870027393131189,0.357244555494397,0.230718482374037,0.0681130708145931,0.0408605071825396
P52907,CAPZA1,52,26,-0.299768157898677,0.100077006806178,0.00274107680480439,0.0408605071825396,-27.6640783885266,FALSE,number of observations (=52) <= number of random effects (=52) for term (1 + SampleCode | ID2); the random-effects parameters and the residual variance (or scale parameter) are probably unidentifiable,TRUE,FALSE,FALSE,-0.299750066573682,0.100083285880269,0.00274439219757149,-27.6591115228334,0.00993373138627618,0.995045448787709,0.268240020798416,-0.430339274343262,0.358889644802956,0.304696806584149,0.0446460819718567,0.0408605071825396
P63000,RAC1,52,26,-0.353124456316088,0.117948957813248,0.0027545861725986,0.0408605071825396,-29.1516971676921,FALSE,number of observations (=52) <= number of random effects (=52) for term (1 + SampleCode | ID2); the random-effects parameters and the residual variance (or scale parameter) are probably unidentifiable,TRUE,FALSE,FALSE,-0.349969114575912,0.139301844769775,0.0119944413212311,-26.585577546988,5.13223924140817,0.0768331093268032,0.60336139164623,-0.935936504057938,0.423869789018249,0.263661996214015,0.0860196124201502,0.0408605071825396
Q9NY97,B3GNT2,52,26,0.454802583994107,0.151971850640209,0.00276542722072634,0.0408605071825396,-43.2640279880361,FALSE,number of observations (=52) <= number of random effects (=52) for term (1 + SampleCode | ID2); the random-effects parameters and the residual variance (or scale parameter) are probably unidentifiable,TRUE,FALSE,FALSE,0.455185590305291,0.151934022388033,0.00273598046247612,-43.2380674898879,0.0519209962962464,0.974373578409322,0.521134427795021,-0.640562836415611,0.546012967363887,0.402724410904819,0.0446460819718567,0.0408605071825396
Q8NBJ4,GOLM1,52,26,0.508560283274547,0.17005014163005,0.00278385293198502,0.0408605071825396,-58.6725366299653,FALSE,number of observations (=52) <= number of random effects (=52) for term (1 + SampleCode | ID2); the random-effects parameters and the residual variance (or scale parameter) are probably unidentifiable,TRUE,FALSE,FALSE,0.506231081577065,0.170271970827571,0.00294833855178332,-57.8168874163495,1.71129842723148,0.425007181048508,0.511249836771516,0.0585422069552708,0.608975139358429,0.491285840931757,0.0459219318522063,0.0408605071825396
Q6EMK4,VASN,52,26,0.532288715237607,0.178172260579992,0.00281274011277871,0.0408605071825396,-50.6016383248,FALSE,number of observations (=52) <= number of random effects (=52) for term (1 + SampleCode | ID2); the random-effects parameters and the residual variance (or scale parameter) are probably unidentifiable,TRUE,FALSE,FALSE,0.534168589658478,0.184515358975501,0.00379180623952061,-50.4958423622979,0.211591925004214,0.899608183154043,0.707140553645874,-0.721524351447013,0.640292546039463,0.435921104562158,0.0513005465295538,0.0408605071825396
Q9H159,CDH19,50,26,0.459487834584866,0.154061643616231,0.00285910817098175,0.0408605071825396,-49.5206250938035,FALSE,number of observations (=50) <= number of random effects (=52) for term (1 + SampleCode | ID2); the random-effects parameters and the residual variance (or scale parameter) are probably unidentifiable,TRUE,TRUE,FALSE,0.45837646715913,0.154088082130134,0.00293209146506358,-48.2034139332133,2.63442232118047,0.26788133922924,0.487999119014002,0.0872531902687872,0.538545764103718,0.413839826006205,0.0459219318522063,0.0408605071825396
P02652,APOA2,52,26,0.392460421980518,0.131676422695237,0.00287786485962165,0.0408605071825396,-42.9088721078956,FALSE,number of observations (=52) <= number of random effects (=52) for term (1 + SampleCode | ID2); the random-effects parameters and the residual variance (or scale parameter) are probably unidentifiable,TRUE,FALSE,FALSE,0.392503534713386,0.131680529285676,0.00287566266084462,-42.906952997276,0.00383822123936284,0.998082729695659,0.335384606121495,-0.404588782353117,0.472035916249083,0.408152359986843,0.0459219318522063,0.0408605071825396
Q6E0U4,DMKN,52,26,0.417173276203478,0.13999218825465,0.00288271539346072,0.0408605071825396,-46.8215468439345,FALSE,number of observations (=52) <= number of random effects (=52) for term (1 + SampleCode | ID2); the random-effects parameters and the residual variance (or scale parameter) are probably unidentifiable,TRUE,TRUE,FALSE,0.415288690108235,0.140539794229843,0.00312715218787508,-46.3219359110671,0.999221865734953,0.606766686769403,0.406367130535309,-0.0889433239912163,0.501701924613014,0.41378281327972,0.0469072828181262,0.0408605071825396
P18206,VCL,52,26,0.260339765950786,0.0876323203733346,0.00297006730556504,0.0417159453372544,-28.9771251999071,FALSE,number of observations (=52) <= number of random effects (=52) for term (1 + SampleCode | ID2); the random-effects parameters and the residual variance (or scale parameter) are probably unidentifiable,TRUE,FALSE,FALSE,0.260230669244013,0.0876519736077963,0.00298859797634528,-28.6527700990175,0.648710201779089,0.722993461169726,0.217961333273312,0.059503437260298,0.313073447261836,0.272620550766319,0.0459219318522063,0.0417159453372544
Q92673,SORL1,47,26,0.720220076837356,0.242695462112239,0.0030014660872325,0.0417755051053057,-57.9113987050221,FALSE,number of observations (=47) <= number of random effects (=52) for term (1 + SampleCode | ID2); the random-effects parameters and the residual variance (or scale parameter) are probably unidentifiable,TRUE,TRUE,TRUE,0.730327743740165,0.241439575108741,0.00248724975069143,-56.0394880334274,3.74382134318923,0.153829463260356,0.742167451380119,,0.829625309920716,0.641902222241396,0.0417695746175898,0.0417755051053057
Q9Y2B0,CNPY2,51,26,-0.432332305165401,0.14587216740657,0.00303890244716231,0.0417755051053057,-39.6194729971088,FALSE,number of observations (=51) <= number of random effects (=52) for term (1 + SampleCode | ID2); the random-effects parameters and the residual variance (or scale parameter) are probably unidentifiable,TRUE,TRUE,FALSE,-0.423372409555292,0.149343176600056,0.00458405717387795,-35.7201266889244,7.79869261636887,0.0202551477434063,0.545513388776271,-0.0482013111134319,0.518009287923341,0.361312023795248,0.0557666797924523,0.0417755051053057
Q99623,PHB2,52,26,-0.292005303231468,0.098580300161407,0.00305542529249161,0.0417755051053057,-23.8119362537012,FALSE,number of observations (=52) <= number of random effects (=52) for term (1 + SampleCode | ID2); the random-effects parameters and the residual variance (or scale parameter) are probably unidentifiable,TRUE,FALSE,FALSE,-0.291657267360939,0.0985759262544545,0.00308932839145436,-23.8085757259386,0.00672105552531122,0.996645112490921,0.322595325645037,-0.6083507116435,0.35388542794243,0.270539280933511,0.0467942388705587,0.0417755051053057
Q13561,DCTN2,52,26,-0.191951159161929,0.0649450745066113,0.00312069352251245,0.0421430138887654,-8.88973629394165,FALSE,number of observations (=52) <= number of random effects (=52) for term (1 + SampleCode | ID2); the random-effects parameters and the residual variance (or scale parameter) are probably unidentifiable,TRUE,FALSE,FALSE,-0.184136352086286,0.066442570003753,0.00558224876536388,-4.67712376993836,8.42522504800659,0.014807632465672,0.264230863902841,0.291682997492326,0.232550034090313,0.14808258859164,0.0591646978742951,0.0421430138887654
P19320,VCAM1,52,26,0.389623951590364,0.131897153932146,0.00313685863896959,0.0421430138887654,-38.6873856640483,FALSE,number of observations (=52) <= number of random effects (=52) for term (1 + SampleCode | ID2); the random-effects parameters and the residual variance (or scale parameter) are probably unidentifiable,TRUE,FALSE,FALSE,0.389347269694728,0.131927754552659,0.0031652571610483,-38.6467334906589,0.0813043467788361,0.960163042129211,0.436434514900811,-0.655514111714023,0.47352469289035,0.359315934575064,0.0470223299405733,0.0421430138887654
O00194,RAB27B,52,26,-0.36702769211476,0.12462415153378,0.00322874552493437,0.0430035503105484,-34.2479968624449,FALSE,number of observations (=52) <= number of random effects (=52) for term (1 + SampleCode | ID2); the random-effects parameters and the residual variance (or scale parameter) are probably unidentifiable,TRUE,FALSE,FALSE,-0.366263756025228,0.124625545380298,0.00329364485453773,-34.1925186952655,0.110956334358761,0.946032678006722,0.406852744585373,-0.702515923234062,0.447604410801892,0.342934191350187,0.0480064273609508,0.0430035503105484
P01599,IGKV1-17,52,26,0.770655012437687,0.262300673915897,0.00330273527270147,0.043592475124822,-84.6402622491962,FALSE,number of observations (=52) <= number of random effects (=52) for term (1 + SampleCode | ID2); the random-effects parameters and the residual variance (or scale parameter) are probably unidentifiable,TRUE,FALSE,FALSE,0.765610962058445,0.263135202908645,0.00361923380898029,-84.3677937164225,0.54493706554743,0.761497391008915,0.337775986976257,-0.779899291837563,0.937776315312694,0.910307018112971,0.0499260378113798,0.043592475124822
Q8N307,MUC20,48,26,0.439192559929178,0.149621852614837,0.00333171257881607,0.043592475124822,-45.9067435690207,FALSE,number of observations (=48) <= number of random effects (=52) for term (1 + SampleCode | ID2); the random-effects parameters and the residual variance (or scale parameter) are probably unidentifiable,TRUE,TRUE,FALSE,0.447473894960502,0.153154440088796,0.0034810794899979,-44.0592717593937,3.69494361925399,0.157635194737587,0.523342883519123,0.308062090620948,0.505208733332672,0.363505334493095,0.0495017162872207,0.043592475124822
Q04637,EIF4G1,52,26,-0.173995186886676,0.0593243469392744,0.00335760811641024,0.043592475124822,-1.08540884145435,FALSE,number of observations (=52) <= number of random effects (=52) for term (1 + SampleCode | ID2); the random-effects parameters and the residual variance (or scale parameter) are probably unidentifiable,TRUE,FALSE,FALSE,-0.174548008320362,0.0592214722460358,0.00320482165921507,-0.95405298561735,0.262711711673992,0.876905666861646,0.154253411804461,-0.232434625835389,0.212696492152523,0.182163606260305,0.0471566615570217,0.043592475124822
P16284,PECAM1,52,26,-0.330768544089012,0.113345996844199,0.00352035987399755,0.0453246333777184,-32.7891472659431,FALSE,number of observations (=52) <= number of random effects (=52) for term (1 + SampleCode | ID2); the random-effects parameters and the residual variance (or scale parameter) are probably unidentifiable,TRUE,FALSE,FALSE,-0.330897094221107,0.113353913788379,0.00350987121876957,-32.7885186065325,0.00125731882121727,0.999371538154316,0.314290229766019,-0.496076427461408,0.406667102613289,0.340604732836013,0.0495017162872207,0.0453246333777184
Q8NE86,MCU,52,26,-0.295064892325062,0.1014273522651,0.00362441384953678,0.0458027129936234,-23.3475691005689,FALSE,number of observations (=52) <= number of random effects (=52) for term (1 + SampleCode | ID2); the random-effects parameters and the residual variance (or scale parameter) are probably unidentifiable,TRUE,FALSE,FALSE,-0.291905545329465,0.101481422676729,0.00402184607018185,-22.3147279989594,2.06568220321905,0.355994107010102,0.334603416130034,-0.881815973709415,0.36430878620662,0.277455652779525,0.0513644613801169,0.0458027129936234
Q9Y240,CLEC11A,51,26,0.495137217156358,0.170227952929511,0.00362967883030299,0.0458027129936234,-55.3182787163941,FALSE,number of observations (=51) <= number of random effects (=52) for term (1 + SampleCode | ID2); the random-effects parameters and the residual variance (or scale parameter) are probably unidentifiable,TRUE,FALSE,FALSE,0.49291947623392,0.169189756424302,0.00357502518200188,-55.0148942805263,0.606768871735724,0.738315206958,0.483216841884205,-0.12768796383522,0.603292797183808,0.490845570110409,0.0497604856413776,0.0458027129936234
P68366,TUBA4A,52,26,-0.48211024289932,0.165831377377178,0.00364642957813312,0.0458027129936234,-46.8691113325825,FALSE,number of observations (=52) <= number of random effects (=52) for term (1 + SampleCode | ID2); the random-effects parameters and the residual variance (or scale parameter) are probably unidentifiable,TRUE,TRUE,FALSE,-0.480440337520637,0.167415357323662,0.00410795550385477,-46.2529645777515,1.2322935096621,0.540021268098909,0.598045956839642,-0.856762509224986,0.595943467790229,0.428201974936705,0.0515999288898831,0.0458027129936234
Q8WWA0,ITLN1,52,26,0.453389364014166,0.156622837662221,0.00379418902581588,0.0472743713297221,-53.8437046592389,FALSE,number of observations (=52) <= number of random effects (=52) for term (1 + SampleCode | ID2); the random-effects parameters and the residual variance (or scale parameter) are probably unidentifiable,TRUE,FALSE,FALSE,0.452273646069293,0.15662843882949,0.00388245456519218,-53.5129728334387,0.6614636516004,0.718397798965104,0.432690997191541,-0.0933419368810099,0.561025250449352,0.470325492770615,0.0513005465295538,0.0472743713297221
P01130,LDLR,51,26,0.410555112544033,0.142025025890987,0.00384355840552885,0.0475063818923366,-48.264954512475,FALSE,number of observations (=51) <= number of random effects (=52) for term (1 + SampleCode | ID2); the random-effects parameters and the residual variance (or scale parameter) are probably unidentifiable,TRUE,TRUE,FALSE,0.409994429946109,0.142667492644512,0.00405596394069532,-47.8800146498413,0.769879725267316,0.680491557944225,0.217618123645829,-0.845207585358185,0.502516490985318,0.482365150409693,0.0513644613801169,0.0475063818923366
P13727,PRG2,52,26,0.306747322938897,0.106280455160919,0.00389916437367123,0.0478111822009687,-36.2694308097428,FALSE,number of observations (=52) <= number of random effects (=52) for term (1 + SampleCode | ID2); the random-effects parameters and the residual variance (or scale parameter) are probably unidentifiable,TRUE,FALSE,FALSE,0.306577185937778,0.106277660144838,0.00391809999384295,-35.9036768724655,0.731507874554751,0.693673467393601,0.279413943380158,0.00777021905670938,0.380243495626634,0.324911508417193,0.0513005465295538,0.0478111822009687
Q14767,LTBP2,51,26,0.477308346654165,0.165863411589359,0.00400561341596933,0.0487297065171072,-60.5745299538288,FALSE,number of observations (=51) <= number of random effects (=52) for term (1 + SampleCode | ID2); the random-effects parameters and the residual variance (or scale parameter) are probably unidentifiable,TRUE,FALSE,FALSE,0.477490878256287,0.165880566745017,0.00399543278316382,-60.572400174375,0.00425955890750629,0.997872486917265,0.246239543564653,-0.234465756712094,0.584230974043155,0.557635664730915,0.0513644613801169,0.0487297065171072
P43251,BTD,52,26,0.522785699252047,0.183077606518844,0.00429635104854557,0.0517097892430426,-61.357780657873,FALSE,number of observations (=52) <= number of random effects (=52) for term (1 + SampleCode | ID2); the random-effects parameters and the residual variance (or scale parameter) are probably unidentifiable,TRUE,FALSE,FALSE,0.525360395699315,0.183508269395223,0.00419822221058468,-61.3352226546086,0.0451160065288008,0.977694526074539,0.440100426488094,-0.276377159080179,0.655953809654076,0.579213104552282,0.0523084944786559,0.0517097892430426
P06727,APOA4,52,26,0.316101489439169,0.110844057940778,0.00434768786421922,0.0517097892430426,-28.992291808573,FALSE,number of observations (=52) <= number of random effects (=52) for term (1 + SampleCode | ID2); the random-effects parameters and the residual variance (or scale parameter) are probably unidentifiable,TRUE,FALSE,FALSE,0.316277257244477,0.110806129713574,0.00431277103571808,-28.9774982320081,0.0295871531298104,0.985315310783155,0.368293770398372,-0.580955693257872,0.398018026143981,0.300809576253911,0.0533058500014755,0.0517097892430426
Q8WXG6,MADD,48,26,-0.154907288412836,0.0543299585016538,0.0043550251276781,0.0517097892430426,4.55661077455974,FALSE,number of observations (=48) <= number of random effects (=52) for term (1 + SampleCode | ID2); the random-effects parameters and the residual variance (or scale parameter) are probably unidentifiable,TRUE,FALSE,FALSE,-0.154227594359979,0.0550266792073346,0.00506644494005395,4.85074340245296,0.588265255786439,0.745177653546838,0.143977796273682,-0.132039331172159,0.184140148892204,0.154490690044113,0.0579826476472841,0.0517097892430426
Q13201,MMRN1,52,26,-0.3688101983497,0.129643797501351,0.00444398293206674,0.0517097892430426,-34.0677095953462,FALSE,number of observations (=52) <= number of random effects (=52) for term (1 + SampleCode | ID2); the random-effects parameters and the residual variance (or scale parameter) are probably unidentifiable,TRUE,FALSE,FALSE,-0.369251730084579,0.133964411396206,0.0058451849560478,-33.9930942376509,0.149230715390544,0.928100404359817,0.483138831575773,-0.736810382963907,0.465897199205692,0.339467742141555,0.0598066937555884,0.0517097892430426
Q15738,NSDHL,49,26,-0.323312422778422,0.113734845234268,0.00447351560635291,0.0517097892430426,-28.6035073513571,FALSE,number of observations (=49) <= number of random effects (=52) for term (1 + SampleCode | ID2); the random-effects parameters and the residual variance (or scale parameter) are probably unidentifiable,TRUE,FALSE,FALSE,-0.314721467670869,0.11198315271981,0.00494744496618705,-27.7064385303597,1.79413764199474,0.407763136482811,0.304409806571458,-0.895341757413911,0.392669177596996,0.3263800806781,0.0579826476472841,0.0517097892430426
A0A0B4J1X5,IGHV3-74,48,25,0.684874259492112,0.241016934191571,0.0044887456884095,0.0517097892430426,-77.4195288100267,FALSE,number of observations (=48) <= number of random effects (=50) for term (1 + SampleCode | ID2); the random-effects parameters and the residual variance (or scale parameter) are probably unidentifiable,TRUE,FALSE,FALSE,0.697809903954633,0.24035043092909,0.00369250292236168,-76.5806342723852,1.67778907528287,0.432188027045035,0.346210716838417,-0.999972945366951,0.820326258018018,0.780895202319817,0.0504859912836176,0.0517097892430426
Q96EE4,CCDC126,50,26,0.499261231880936,0.175807702211556,0.00451397987436539,0.0517097892430426,-48.2838395387087,FALSE,number of observations (=50) <= number of random effects (=52) for term (1 + SampleCode | ID2); the random-effects parameters and the residual variance (or scale parameter) are probably unidentifiable,TRUE,FALSE,FALSE,0.502449676910252,0.177475630279184,0.00463895065420199,-47.5961986858295,1.37528170575837,0.502760757683177,0.425923557883467,0.168163318443418,0.618618533725298,0.543481119302584,0.0559935840682974,0.0517097892430426
P27487,DPP4,52,26,0.481048862788579,0.169412814070748,0.00451833109890664,0.0517097892430426,-47.9801927363112,FALSE,number of observations (=52) <= number of random effects (=52) for term (1 + SampleCode | ID2); the random-effects parameters and the residual variance (or scale parameter) are probably unidentifiable,TRUE,FALSE,FALSE,0.476526612743681,0.176101626322314,0.00681041559516325,-47.6715849561714,0.617215560279476,0.734468786784544,0.701789326347597,-0.82267481270548,0.608813974184098,0.393289627671512,0.0670079753172297,0.0517097892430426
P55809,OXCT1,44,25,-0.318739162179067,0.112363663084518,0.00455860290267169,0.0517870697399101,-27.8839119949619,FALSE,number of observations (=44) <= number of random effects (=50) for term (1 + SampleCode | ID2); the random-effects parameters and the residual variance (or scale parameter) are probably unidentifiable,TRUE,TRUE,FALSE,-0.324783881577642,0.112442461120521,0.0038715154242662,-27.8026512750848,0.162521439754229,0.921953288558966,0.249140865626782,-0.134228596029827,0.360297556449878,0.314595311593458,0.0513005465295538,0.0517870697399101
Q5JRA6,MIA3,48,26,0.706343975088443,0.249417711362183,0.00462618993953673,0.0518390465930685,-69.3433536900021,FALSE,number of observations (=48) <= number of random effects (=52) for term (1 + SampleCode | ID2); the random-effects parameters and the residual variance (or scale parameter) are probably unidentifiable,TRUE,TRUE,FALSE,0.7098960014431,0.249554575187522,0.00444599227034953,-68.8766507817585,0.933405816487323,0.62706635898751,0.682241693109095,-0.0326927149156863,0.843735633625015,0.692893299586911,0.0545163337911907,0.0518390465930685
O94826,TOMM70,49,26,-0.232085511025681,0.0819600946297816,0.00463028377336146,0.0518390465930685,-8.06745778183604,FALSE,number of observations (=49) <= number of random effects (=52) for term (1 + SampleCode | ID2); the random-effects parameters and the residual variance (or scale parameter) are probably unidentifiable,TRUE,FALSE,FALSE,-0.239529906079604,0.0893333830104454,0.00733359861349567,-7.75332481110995,0.628265941452177,0.730421896971774,0.361347500212037,-0.831661087554828,0.285276458901334,0.181426491263799,0.0686691506536413,0.0518390465930685
Q70J99,UNC13D,52,26,-0.238803533224178,0.0844469967171585,0.00468615961684592,0.0520871698419205,-18.5618796998611,FALSE,number of observations (=52) <= number of random effects (=52) for term (1 + SampleCode | ID2); the random-effects parameters and the residual variance (or scale parameter) are probably unidentifiable,TRUE,FALSE,FALSE,-0.241643724788136,0.0840763362698388,0.00405181769010611,-17.9274262765211,1.26890684668007,0.53022521785926,0.262262743389129,-0.136515588083361,0.302868218302069,0.237800165600294,0.0513644613801169,0.0520871698419205
P52306,RAP1GDS1,51,26,-0.187409093990803,0.0663745852391367,0.00475014155576979,0.0524212050261737,-14.9072391768017,FALSE,number of observations (=51) <= number of random effects (=52) for term (1 + SampleCode | ID2); the random-effects parameters and the residual variance (or scale parameter) are probably unidentifiable,TRUE,FALSE,FALSE,-0.197789651822648,0.0677857961353145,0.00352439403986684,-13.5629512901436,2.68857577331611,0.260725307738281,0.209560598243006,0.369486507740445,0.233794545105447,0.186008444387613,0.0495017162872207,0.0524212050261737
Q96C24,SYTL4,52,26,-0.294273028900011,0.104434307874598,0.00483567508527206,0.0529866525301088,-26.3051072057447,FALSE,number of observations (=52) <= number of random effects (=52) for term (1 + SampleCode | ID2); the random-effects parameters and the residual variance (or scale parameter) are probably unidentifiable,TRUE,FALSE,FALSE,-0.292036489270649,0.1044106294928,0.00515795966095824,-26.1422364974547,0.325741416580094,0.849701040613438,0.350249007182657,-0.718729685156412,0.374957155801842,0.281454266330968,0.0585959387954447,0.0529866525301088
Q9H251,CDH23,50,26,0.632883824334031,0.225028186499557,0.00491634240036439,0.0534911902011478,-61.8404910241067,FALSE,number of observations (=50) <= number of random effects (=52) for term (1 + SampleCode | ID2); the random-effects parameters and the residual variance (or scale parameter) are probably unidentifiable,TRUE,FALSE,FALSE,0.632153703627546,0.224990862295401,0.00495898364026039,-61.8339594811565,0.0130630859003276,0.993489741211807,0.711986414019855,-0.645090701736625,0.789421708903924,0.607918452007298,0.0579826476472841,0.0534911902011478
P07203,GPX1,52,26,-0.398182395769548,0.142340847305901,0.00515178294619462,0.0556608716914034,-45.9107990582147,FALSE,number of observations (=52) <= number of random effects (=52) for term (1 + SampleCode | ID2); the random-effects parameters and the residual variance (or scale parameter) are probably unidentifiable,TRUE,FALSE,FALSE,-0.393914226078678,0.142277700592109,0.00562926251619507,-45.5210120288134,0.779574058802623,0.67720108306162,0.271866430123223,-0.834860513167593,0.51046692009843,0.472769896782394,0.0591646978742951,0.0556608716914034
P30273,FCER1G,51,26,0.513980475832659,0.184154737218019,0.00525414135253792,0.0558323161799787,-54.9890623128236,FALSE,number of observations (=51) <= number of random effects (=52) for term (1 + SampleCode | ID2); the random-effects parameters and the residual variance (or scale parameter) are probably unidentifiable,TRUE,FALSE,FALSE,0.511559896822139,0.183435753137819,0.0052908828237039,-54.7611121386047,0.45590034843778,0.79616392833681,0.501345580302606,-0.743461046431503,0.654601884162722,0.548586098013635,0.059091933896548,0.0558323161799787
Q9Y315,DERA,50,26,-0.201649073357219,0.0722563833049789,0.00525870351665264,0.0558323161799787,-7.63126982832189,FALSE,number of observations (=50) <= number of random effects (=52) for term (1 + SampleCode | ID2); the random-effects parameters and the residual variance (or scale parameter) are probably unidentifiable,TRUE,FALSE,FALSE,-0.203215800037857,0.0724979156040888,0.00506206998400229,-7.49970575184701,0.263128152949765,0.876723096012495,0.203419172177849,-0.338694146887778,0.253879537306528,0.209413963986673,0.0579826476472841,0.0558323161799787
Q9UNZ2,NSFL1C,48,25,-0.346624484895165,0.124252547849834,0.0052760635354543,0.0558323161799787,-48.0999820714707,FALSE,number of observations (=48) <= number of random effects (=50) for term (1 + SampleCode | ID2); the random-effects parameters and the residual variance (or scale parameter) are probably unidentifiable,TRUE,FALSE,FALSE,-0.34542721976235,0.123648818408149,0.00521224586816797,-48.0502916514886,0.0993808399641267,0.95152395171053,0.213783467234904,-0.3557240967428,0.420956422815133,0.391373755463215,0.0587804369804345,0.0558323161799787
Q9NQC3,RTN4,52,26,-0.459530885700682,0.165278957870119,0.00543028331006534,0.0566850647272756,-58.1373629977567,FALSE,number of observations (=52) <= number of random effects (=52) for term (1 + SampleCode | ID2); the random-effects parameters and the residual variance (or scale parameter) are probably unidentifiable,TRUE,TRUE,FALSE,-0.454418196818248,0.166584390304734,0.00637474664575799,-57.8216626116748,0.631400772163659,0.729277919252623,0.237562325598734,-0.824854878278384,0.591634504097379,0.572446553483694,0.0639544387512734,0.0566850647272756
Q08830,FGL1,51,26,0.420123303845883,0.151106773097662,0.00543074365659382,0.0566850647272756,-49.8510821692565,FALSE,number of observations (=51) <= number of random effects (=52) for term (1 + SampleCode | ID2); the random-effects parameters and the residual variance (or scale parameter) are probably unidentifiable,TRUE,FALSE,FALSE,0.422708148237851,0.150562288773514,0.00499230237995738,-49.7302953058293,0.241573726854568,0.886222825960783,0.294197286637194,-0.598792680353421,0.535286960024244,0.491946765568144,0.0579826476472841,0.0566850647272756
P23471,PTPRZ1,49,26,0.464776999988896,0.167410605737849,0.00549865670813741,0.0566850647272756,-46.048313417957,FALSE,number of observations (=49) <= number of random effects (=52) for term (1 + SampleCode | ID2); the random-effects parameters and the residual variance (or scale parameter) are probably unidentifiable,TRUE,FALSE,FALSE,0.464759934531048,0.167369628628063,0.00548889259560964,-46.0469926038996,0.0026416281147732,0.99868005783359,0.547220099638149,-0.624096480198745,0.580906798158978,0.433179235348758,0.059091933896548,0.0566850647272756
Q7Z7G0,ABI3BP,52,26,0.485024701412508,0.174721396076091,0.00550340434245394,0.0566850647272756,-53.6899608381902,FALSE,number of observations (=52) <= number of random effects (=52) for term (1 + SampleCode | ID2); the random-effects parameters and the residual variance (or scale parameter) are probably unidentifiable,TRUE,FALSE,FALSE,0.487013984130428,0.174958826083801,0.00537606176610515,-53.6410150422508,0.0978915918788346,0.952232743180962,0.571699797779036,-0.510392985798486,0.627195698703142,0.480662555660023,0.059091933896548,0.0566850647272756
O43157,PLXNB1,52,26,0.371144102516931,0.133908999171612,0.00557790784558154,0.0570719710028045,-47.6760935346318,FALSE,number of observations (=52) <= number of random effects (=52) for term (1 + SampleCode | ID2); the random-effects parameters and the residual variance (or scale parameter) are probably unidentifiable,TRUE,TRUE,FALSE,0.370965473105181,0.133918358025389,0.0056041359341433,-47.6695123953952,0.0131622784731746,0.993440469031912,0.197703863890204,-0.313248716669751,0.479232868332926,0.458435364507538,0.0591646978742951,0.0570719710028045
Q14203,DCTN1,52,26,-0.207075167645299,0.0747799264504991,0.00562065960855441,0.0570989993283153,-6.91779371874268,FALSE,number of observations (=52) <= number of random effects (=52) for term (1 + SampleCode | ID2); the random-effects parameters and the residual variance (or scale parameter) are probably unidentifiable,TRUE,FALSE,FALSE,-0.208327119141047,0.0749459604570302,0.0054409511162244,-6.60792868550566,0.619730066474046,0.733545953866331,0.219102827872088,-0.424242832194722,0.268637242062165,0.220215253578682,0.059091933896548,0.0570989993283153
Q96F07,CYFIP2,42,26,-0.745974868970187,0.269609486982239,0.0056597018155295,0.0570989993283153,-53.8497122907651,FALSE,number of observations (=42) <= number of random effects (=52) for term (1 + SampleCode | ID2); the random-effects parameters and the residual variance (or scale parameter) are probably unidentifiable,TRUE,TRUE,TRUE,-0.754321169041979,0.280862420469844,0.00723711283551677,-48.2056371210491,11.2881503394319,0.00353841932571152,1.02596433211627,,0.872142434337653,0.523949138277058,0.0681788983589842,0.0570989993283153
Q9H267,VPS33B,41,25,-0.194828843357537,0.0705509972315363,0.00575308613571903,0.0570989993283153,3.53280230593902,FALSE,number of observations (=41) <= number of random effects (=50) for term (1 + SampleCode | ID2); the random-effects parameters and the residual variance (or scale parameter) are probably unidentifiable,TRUE,TRUE,TRUE,-0.187702781934203,0.0730122119230557,0.0101451917460361,5.53025506472785,3.99490551757766,0.135680454277714,0.212636077771469,,0.22199410686716,0.169981129859559,0.0779816977493817,0.0570989993283153
Q15042,RAB3GAP1,51,26,-0.205911270273638,0.0745869446103725,0.00576797798162404,0.0570989993283153,-8.05352978343059,FALSE,number of observations (=51) <= number of random effects (=52) for term (1 + SampleCode | ID2); the random-effects parameters and the residual variance (or scale parameter) are probably unidentifiable,TRUE,FALSE,FALSE,-0.207048446582677,0.0748444959939537,0.00566821405211421,-7.61476060445294,0.8775383579553,0.644829602681528,0.195568120185435,-0.158997811062833,0.26527195194123,0.226790515332459,0.0591715588548409,0.0570989993283153
A0A0A0MT36,IGKV6D-21,43,23,0.636071981638171,0.230404970991837,0.00576830126111049,0.0570989993283153,-61.4306148725124,FALSE,number of observations (=43) <= number of random effects (=46) for term (1 + SampleCode | ID2); the random-effects parameters and the residual variance (or scale parameter) are probably unidentifiable,TRUE,FALSE,FALSE,0.629163553161678,0.230022959077716,0.00623384689712219,-61.2660067566386,0.329216231747466,0.848226045286677,0.200816130041358,-0.843402037961523,0.732680680471865,0.716832564537745,0.0633637727371959,0.0570989993283153
Q9BWM7,SFXN3,51,26,-0.265535496831616,0.0962521110088237,0.00580229313562816,0.0570989993283153,-25.3301061149621,FALSE,number of observations (=51) <= number of random effects (=52) for term (1 + SampleCode | ID2); the random-effects parameters and the residual variance (or scale parameter) are probably unidentifiable,TRUE,FALSE,FALSE,-0.266249084828853,0.0956575075593756,0.00537994138442888,-23.7071793632008,3.24585350352263,0.197320345479067,0.247455858433738,-0.947929033639628,0.341343829180707,0.292650354188277,0.059091933896548,0.0570989993283153
Q16836,HADH,50,26,-0.300985691401639,0.109201842294324,0.00584713776790245,0.0571761256418309,-29.485837493146,FALSE,number of observations (=50) <= number of random effects (=52) for term (1 + SampleCode | ID2); the random-effects parameters and the residual variance (or scale parameter) are probably unidentifiable,TRUE,FALSE,FALSE,-0.297812014624367,0.107052391297934,0.00540370737619915,-28.4941177245721,1.98343953714792,0.370938214279493,0.22561805554188,-0.995926720408475,0.38294030937566,0.342918467357508,0.059091933896548,0.0571761256418309
P55291,CDH15,50,26,0.432938678901725,0.157333840473367,0.00592831810503296,0.0574057722061739,-56.6109919594107,FALSE,number of observations (=50) <= number of random effects (=52) for term (1 + SampleCode | ID2); the random-effects parameters and the residual variance (or scale parameter) are probably unidentifiable,TRUE,FALSE,FALSE,0.432204021674416,0.160838944572625,0.00720570011368464,-54.665888860328,3.89020619816542,0.142972482246437,0.496493501202907,0.428857987030372,0.546469635382027,0.42777968818533,0.0681788983589842,0.0574057722061739
O00187,MASP2,52,26,0.433590007664823,0.157623055177959,0.00594493433850345,0.0574057722061739,-48.5270817893985,FALSE,number of observations (=52) <= number of random effects (=52) for term (1 + SampleCode | ID2); the random-effects parameters and the residual variance (or scale parameter) are probably unidentifiable,TRUE,FALSE,FALSE,0.437673630123013,0.158747945971952,0.00583281225684365,-47.1614863160536,2.73119094668981,0.255228648871263,0.481502980111748,0.102256069033748,0.565784377020803,0.457239570389145,0.0598066937555884,0.0574057722061739
P30153,PPP2R1A,52,26,-0.196698861661529,0.0718164142735886,0.00616428110879263,0.0591541261682274,-7.08449207358315,FALSE,number of observations (=52) <= number of random effects (=52) for term (1 + SampleCode | ID2); the random-effects parameters and the residual variance (or scale parameter) are probably unidentifiable,TRUE,FALSE,FALSE,-0.19563323104952,0.0718840336807967,0.00649841056428771,-1.11547794936431,11.9380282484377,0.00255676082545407,0.304155106757797,0.0198261667746464,0.257827852933054,0.14332013873552,0.064774479495642,0.0591541261682274
A0A075B6J9,IGLV2-18,51,26,0.434080257927756,0.15867090270568,0.0062242657453072,0.0593610529413557,-65.5784559685063,FALSE,number of observations (=51) <= number of random effects (=52) for term (1 + SampleCode | ID2); the random-effects parameters and the residual variance (or scale parameter) are probably unidentifiable,TRUE,TRUE,FALSE,0.419027493466233,0.159108929132359,0.00844877400289219,-64.1216418326801,2.9136282716523,0.232977327777676,0.340618408123865,-0.968129518349254,0.555634513872955,0.507791103905769,0.0714179686241063,0.0593610529413557
P58335,ANTXR2,50,26,0.472632612930567,0.173357309032451,0.00640391493199045,0.060275039100655,-46.239973534174,FALSE,number of observations (=50) <= number of random effects (=52) for term (1 + SampleCode | ID2); the random-effects parameters and the residual variance (or scale parameter) are probably unidentifiable,TRUE,FALSE,FALSE,0.478508145110884,0.196963599261184,0.0151228245547902,-44.9130427229028,2.65386162254241,0.265290238881862,0.818110059186734,-0.864382032090069,0.610095935712282,0.391883848542368,0.0980032884003178,0.060275039100655
P01593;P01594,IGKV1-33;IGKV1D-33,48,26,0.88744090516947,0.325614368329795,0.00642167540829408,0.060275039100655,-73.6860177773422,FALSE,number of observations (=48) <= number of random effects (=52) for term (1 + SampleCode | ID2); the random-effects parameters and the residual variance (or scale parameter) are probably unidentifiable,TRUE,TRUE,FALSE,0.906053973885065,0.344037663175888,0.00844875679373546,-71.6246965564553,4.12264244177385,0.127285686242093,1.31482063041373,-0.591758169003228,1.12320570909096,0.749203635521679,0.0714179686241063,0.060275039100655
Q9BX67,JAM3,41,23,-0.240628665001075,0.0883394885678701,0.00645144188717961,0.060275039100655,-17.9264932900304,FALSE,number of observations (=41) <= number of random effects (=46) for term (1 + SampleCode | ID2); the random-effects parameters and the residual variance (or scale parameter) are probably unidentifiable,TRUE,FALSE,FALSE,-0.241262346265676,0.0883957689832109,0.00634607178395506,-17.9105094516748,0.0319676767110693,0.984143225299668,0.130431046261145,-0.066163478965397,0.27111016224144,0.254462926637807,0.0639544387512734,0.060275039100655
P23219,PTGS1,51,26,-0.260034177489722,0.0955079124913737,0.00647615306841989,0.060275039100655,-28.2927866142302,FALSE,number of observations (=51) <= number of random effects (=52) for term (1 + SampleCode | ID2); the random-effects parameters and the residual variance (or scale parameter) are probably unidentifiable,TRUE,TRUE,FALSE,-0.259340770487051,0.0961861366526839,0.00701274232107316,-27.3875477390864,1.81047775028753,0.404445261642986,0.175451558383051,-0.998343532288357,0.337859303671594,0.318617887357417,0.0677167930378627,0.060275039100655
Q9ULI3,HEG1,52,26,0.330772714959942,0.121732931201638,0.00658368198784035,0.0609089141988823,-42.6147522807023,FALSE,number of observations (=52) <= number of random effects (=52) for term (1 + SampleCode | ID2); the random-effects parameters and the residual variance (or scale parameter) are probably unidentifiable,TRUE,TRUE,FALSE,0.324875062931515,0.122209025835632,0.00785229640701931,-41.578396295982,2.07271196944052,0.354745025809031,0.224715462491244,-0.994200316169967,0.435678839141174,0.407896376606488,0.0709784905754114,0.0609089141988823
P10721,KIT,51,26,0.43958951183059,0.162270694757985,0.00674885964340534,0.0620654056491741,-44.3918390651965,FALSE,number of observations (=51) <= number of random effects (=52) for term (1 + SampleCode | ID2); the random-effects parameters and the residual variance (or scale parameter) are probably unidentifiable,TRUE,FALSE,FALSE,0.426608061929965,0.180500077935763,0.0181042748160253,-43.7544785100809,1.27472111023113,0.528686021687317,0.730811179244003,-0.8501518562219,0.577809923632636,0.385188233119732,0.107168983106356,0.0620654056491741
P22792,CPN2,52,26,0.252200205484233,0.0932426214057522,0.00683509018722836,0.0624864753802829,-29.8212526374932,FALSE,number of observations (=52) <= number of random effects (=52) for term (1 + SampleCode | ID2); the random-effects parameters and the residual variance (or scale parameter) are probably unidentifiable,TRUE,TRUE,FALSE,0.24582374656889,0.0928842646958046,0.008131516396018,-28.6868272878584,2.26885069926966,0.321606879754453,0.17450062929374,-0.999962557412495,0.333538297707374,0.308783258760874,0.0709784905754114,0.0624864753802829
P23526,AHCY,47,26,-0.241802363245084,0.0896366498330398,0.00698447293009475,0.0634765333940964,-18.5236468607532,FALSE,number of observations (=47) <= number of random effects (=52) for term (1 + SampleCode | ID2); the random-effects parameters and the residual variance (or scale parameter) are probably unidentifiable,TRUE,FALSE,FALSE,-0.24143286735238,0.0901357402716337,0.00739422299841897,-18.366738701091,0.313816319324367,0.854782558731854,0.223468769657151,-0.185907739495313,0.300521428388091,0.255890004590745,0.0688197260997428,0.0634765333940964
P08311,CTSG,50,26,0.430950858552592,0.160303632333661,0.00718079824023483,0.0648489539151875,-48.1416192956446,FALSE,number of observations (=50) <= number of random effects (=52) for term (1 + SampleCode | ID2); the random-effects parameters and the residual variance (or scale parameter) are probably unidentifiable,TRUE,FALSE,FALSE,0.431387366807523,0.160358003629281,0.00714195305628743,-47.9942055982623,0.294827394764468,0.862936908822028,0.441395052863205,-0.312990245584536,0.560876106937892,0.466139881316245,0.0681130708145931,0.0648489539151875
Q8NBX0,SCCPDH,48,26,-0.488775870159603,0.181974779108381,0.00723230637063023,0.0648489539151875,-45.9184127953668,FALSE,number of observations (=48) <= number of random effects (=52) for term (1 + SampleCode | ID2); the random-effects parameters and the residual variance (or scale parameter) are probably unidentifiable,TRUE,FALSE,FALSE,-0.50925072219039,0.193885103239357,0.00862529606057229,-45.814518604971,0.207788380791641,0.901320660758291,0.701733144003407,-0.791621936012163,0.629830254438088,0.457600045586852,0.0714666218059999,0.0648489539151875
Q8TER0,SNED1,51,26,0.354285352730627,0.131968920065907,0.00726140390118281,0.0648489539151875,-33.6617171199354,FALSE,number of observations (=51) <= number of random effects (=52) for term (1 + SampleCode | ID2); the random-effects parameters and the residual variance (or scale parameter) are probably unidentifiable,TRUE,FALSE,FALSE,0.35708070644285,0.142983260157831,0.012512178194335,-30.4130791573886,6.49727592509355,0.0388270557372512,0.564547612603495,-0.790363266354257,0.468178865806802,0.319405354682118,0.087077996893007,0.0648489539151875
P80108,GPLD1,52,26,0.475986103300637,0.177880412677174,0.00745339956050425,0.0661810478217187,-55.0275375029935,FALSE,number of observations (=52) <= number of random effects (=52) for term (1 + SampleCode | ID2); the random-effects parameters and the residual variance (or scale parameter) are probably unidentifiable,TRUE,FALSE,FALSE,0.481326747992647,0.177364235850323,0.00665211957170525,-54.2108909253182,1.63329315535066,0.441911087043355,0.494297444426314,0.00991340317866779,0.638455153786873,0.532181277099928,0.0658815688351578,0.0661810478217187
Q9NRY5,FAM114A2,51,26,-0.24536455156075,0.0920481129019871,0.00768483358563516,0.0676177270041347,-15.5172193287755,FALSE,number of observations (=51) <= number of random effects (=52) for term (1 + SampleCode | ID2); the random-effects parameters and the residual variance (or scale parameter) are probably unidentifiable,TRUE,FALSE,FALSE,-0.247694325328581,0.0966510313831983,0.0103840931436432,-15.2274904286639,0.579457800223086,0.748466449247629,0.385157334237054,-0.820028872282385,0.328020448130573,0.212247818297871,0.0782606044240423,0.0676177270041347
P04899,GNAI2,52,26,-0.232382346469845,0.0872354910985106,0.00772517815714551,0.0676177270041347,-13.466380047001,FALSE,number of observations (=52) <= number of random effects (=52) for term (1 + SampleCode | ID2); the random-effects parameters and the residual variance (or scale parameter) are probably unidentifiable,TRUE,FALSE,FALSE,-0.230296710460723,0.0955508861822922,0.0159437938807409,-12.8141254089538,1.30450927609437,0.520870078375559,0.394921875733183,-0.855442389714784,0.31349568400066,0.200455382989291,0.100134803031482,0.0676177270041347
P68133,ACTA1,52,26,-0.407578089192611,0.153102511804955,0.00776489389878204,0.0676177270041347,-44.5743783354209,FALSE,number of observations (=52) <= number of random effects (=52) for term (1 + SampleCode | ID2); the random-effects parameters and the residual variance (or scale parameter) are probably unidentifiable,TRUE,FALSE,FALSE,-0.408152372893798,0.153186139651478,0.00771209700117008,-44.5619589283569,0.0248388141280032,0.987657395495705,0.51441446969637,-0.622028311850596,0.549943878972261,0.412867063803973,0.070504082052117,0.0676177270041347
P10809,HSPD1,52,26,-0.264042926007489,0.0993589474856503,0.00787307636025864,0.0676177270041347,-20.2330240386762,FALSE,number of observations (=52) <= number of random effects (=52) for term (1 + SampleCode | ID2); the random-effects parameters and the residual variance (or scale parameter) are probably unidentifiable,TRUE,FALSE,FALSE,-0.261301325376509,0.116063870992815,0.0243628715136948,-16.8818498874657,6.70234830242103,0.0350431839387351,0.515637281726109,-0.944414240861925,0.357063401734336,0.204181051402213,0.126310860700196,0.0676177270041347
O95967,EFEMP2,51,26,0.531653076049248,0.200126442656619,0.00789363493096243,0.0676177270041347,-60.1412045134237,FALSE,number of observations (=51) <= number of random effects (=52) for term (1 + SampleCode | ID2); the random-effects parameters and the residual variance (or scale parameter) are probably unidentifiable,TRUE,TRUE,FALSE,0.532043256884169,0.200252912674801,0.00788730034920071,-59.9087450196819,0.464918987483685,0.792581853221727,0.570849313471953,-0.289633631290193,0.710950274846181,0.584277481809317,0.0709784905754114,0.0676177270041347
Q6V0I7,FAT4,52,26,0.367182506177394,0.13828123446319,0.0079230524799092,0.0676177270041347,-41.0676163331081,FALSE,number of observations (=52) <= number of random effects (=52) for term (1 + SampleCode | ID2); the random-effects parameters and the residual variance (or scale parameter) are probably unidentifiable,TRUE,FALSE,FALSE,0.364234097067466,0.13814271140124,0.00837289634125424,-40.7306256662584,0.673981333699231,0.713915502952377,0.436493591392316,-0.764375224679074,0.496455729563694,0.388309729213578,0.0714179686241063,0.0676177270041347
P23368,ME2,51,26,-0.2959305551612,0.111517152487113,0.00796198895397129,0.0676177270041347,-27.0186847386449,FALSE,number of observations (=51) <= number of random effects (=52) for term (1 + SampleCode | ID2); the random-effects parameters and the residual variance (or scale parameter) are probably unidentifiable,TRUE,FALSE,FALSE,-0.295026511469608,0.11138928349909,0.0080824097145732,-26.809751220179,0.417867036931966,0.811449180236511,0.373980910712171,-0.768657509721279,0.396996659227906,0.296296978467158,0.0709784905754114,0.0676177270041347
Q07954,LRP1,52,26,0.312745302757951,0.117859824947913,0.00796532447556797,0.0676177270041347,-32.9924914161427,FALSE,number of observations (=52) <= number of random effects (=52) for term (1 + SampleCode | ID2); the random-effects parameters and the residual variance (or scale parameter) are probably unidentifiable,TRUE,FALSE,FALSE,0.311753377448731,0.117770267449463,0.00811777942239533,-30.842665944038,4.29965094420942,0.116504489282544,0.416830295286889,-0.0251278180309116,0.423109281758977,0.303428881912692,0.0709784905754114,0.0676177270041347
P35579,MYH9,52,26,-0.382477306746195,0.144617804066682,0.0081752345230105,0.0688707459128668,-41.2383841211022,FALSE,number of observations (=52) <= number of random effects (=52) for term (1 + SampleCode | ID2); the random-effects parameters and the residual variance (or scale parameter) are probably unidentifiable,TRUE,FALSE,FALSE,-0.380174726966526,0.144707554815243,0.00860923975961279,-41.0681451690236,0.340477904157254,0.843463245218702,0.495545470299366,-0.761414991441924,0.519517540341405,0.384054447156603,0.0714666218059999,0.0688707459128668
P11362,FGFR1,52,26,0.247190475787484,0.0935447817673209,0.0082300648114349,0.0688707459128668,-19.9801891566562,FALSE,number of observations (=52) <= number of random effects (=52) for term (1 + SampleCode | ID2); the random-effects parameters and the residual variance (or scale parameter) are probably unidentifiable,TRUE,FALSE,FALSE,0.246432669768039,0.0935878544266853,0.00845921570110774,-19.9411858963116,0.0780065206892004,0.961747573512747,0.307034687659557,-0.677179024215913,0.335918005760475,0.25654989096858,0.0714179686241063,0.0688707459128668
Q5SQ64,LY6G6F,52,26,-0.369925281897801,0.140043897803899,0.00825409801301451,0.0688707459128668,-42.3378356051766,FALSE,number of observations (=52) <= number of random effects (=52) for term (1 + SampleCode | ID2); the random-effects parameters and the residual variance (or scale parameter) are probably unidentifiable,TRUE,FALSE,FALSE,-0.36840574358914,0.139881371789874,0.00844597663066309,-42.2510518253606,0.173567559632033,0.91687532115283,0.4514736971649,-0.669038005372125,0.502690655274163,0.387579470716365,0.0714179686241063,0.0688707459128668
P13489,RNH1,48,26,0.467768412853745,0.17766267384759,0.00846587658636075,0.0688707459128668,-44.5043161869103,FALSE,number of observations (=48) <= number of random effects (=52) for term (1 + SampleCode | ID2); the random-effects parameters and the residual variance (or scale parameter) are probably unidentifiable,TRUE,FALSE,FALSE,0.466808911657668,0.192983602022635,0.0155673247922282,-43.5393755704254,1.92988123296971,0.381005824532713,0.801320643749539,-0.876541598457328,0.611545891460709,0.36716484193332,0.0985717901802971,0.0688707459128668
Q9P0L0,VAPA,52,26,-0.314307690896939,0.119396786352023,0.00847681123525027,0.0688707459128668,-32.9363812785516,FALSE,number of observations (=52) <= number of random effects (=52) for term (1 + SampleCode | ID2); the random-effects parameters and the residual variance (or scale parameter) are probably unidentifiable,TRUE,FALSE,FALSE,-0.31333679016835,0.119422377831749,0.0086962620708919,-32.8268632547731,0.219036047557083,0.896266010116449,0.393092588510197,-0.70472938544068,0.428719337663648,0.326561877093168,0.0714666218059999,0.0688707459128668
P62993,GRB2,51,26,-0.205471291673758,0.0781735393101026,0.00857877002475975,0.0688707459128668,-23.314354928093,FALSE,number of observations (=51) <= number of random effects (=52) for term (1 + SampleCode | ID2); the random-effects parameters and the residual variance (or scale parameter) are probably unidentifiable,TRUE,FALSE,FALSE,-0.208171384711701,0.0779555158064876,0.00757639008736404,-23.1021449194029,0.424420017380179,0.808794825787935,0.0710770952903958,-0.904275084881116,0.275339365726991,0.27059332837389,0.0696757302677229,0.0688707459128668
P62805,H4C1,50,26,0.732416447484698,0.278670894941557,0.00858257156090729,0.0688707459128668,-76.103492430165,FALSE,number of observations (=50) <= number of random effects (=52) for term (1 + SampleCode | ID2); the random-effects parameters and the residual variance (or scale parameter) are probably unidentifiable,TRUE,FALSE,FALSE,0.772260991796741,0.260236839913671,0.00300201625700507,-66.6375320200501,18.9319208202298,7.74436169104515e-05,1.14299420355314,0.794367008141973,0.975735622345147,0.460525264772772,0.0459219318522063,0.0688707459128668
Q9NXR7,BABAM2,52,26,-0.281574701506304,0.107185569209057,0.00861455589279475,0.0688707459128668,-31.5783390799942,FALSE,number of observations (=52) <= number of random effects (=52) for term (1 + SampleCode | ID2); the random-effects parameters and the residual variance (or scale parameter) are probably unidentifiable,TRUE,FALSE,FALSE,-0.281453138853618,0.107202645582317,0.00865393708850532,-31.5755864191849,0.00550532161872042,0.99725112428758,0.286646431599306,-0.430030535653126,0.38433273269369,0.326611183191571,0.0714666218059999,0.0688707459128668
P16615,ATP2A2,52,26,-0.249674494209981,0.0950535793110575,0.00862246192980739,0.0688707459128668,-23.2482135502789,FALSE,number of observations (=52) <= number of random effects (=52) for term (1 + SampleCode | ID2); the random-effects parameters and the residual variance (or scale parameter) are probably unidentifiable,TRUE,TRUE,FALSE,-0.247848354419537,0.0954232634932582,0.00939440186905956,-21.7597189201721,2.97698926021368,0.225712180240844,0.24066317964872,-0.981836394291726,0.341081161268884,0.297397440715815,0.0744325686548565,0.0688707459128668
P01602,IGKV1-5,52,26,0.616877601157166,0.234888502368096,0.00863295787938955,0.0688707459128668,-71.4489024405063,FALSE,number of observations (=52) <= number of random effects (=52) for term (1 + SampleCode | ID2); the random-effects parameters and the residual variance (or scale parameter) are probably unidentifiable,TRUE,FALSE,FALSE,0.624273109204343,0.235661131225907,0.00807234668973802,-70.3249450382331,2.2479148045463,0.324991125794415,0.731947314420964,0.00388257066621654,0.842517765374941,0.668709656256843,0.0709784905754114,0.0688707459128668
Q9NQ75,CASS4,52,26,-0.198137149201612,0.0754730646164476,0.00865803590068223,0.0688707459128668,-5.93493802156059,FALSE,number of observations (=52) <= number of random effects (=52) for term (1 + SampleCode | ID2); the random-effects parameters and the residual variance (or scale parameter) are probably unidentifiable,TRUE,FALSE,FALSE,-0.19854492420608,0.07786171726713,0.0107732661216761,-5.81533809062634,0.239199861868498,0.887275337135276,0.296947159221303,-0.708717880449824,0.271225389088951,0.185103429467815,0.0804091601835246,0.0688707459128668
Q8NBZ7,UXS1,46,25,-0.249300435990078,0.0949892051122878,0.00867728933542767,0.0688707459128668,-12.6712210056333,FALSE,number of observations (=46) <= number of random effects (=50) for term (1 + SampleCode | ID2); the random-effects parameters and the residual variance (or scale parameter) are probably unidentifiable,TRUE,FALSE,FALSE,-0.235076761183442,0.109718459254166,0.0321496333415584,-10.3286343978608,4.68517321554511,0.0960787983770233,0.46041384800456,-0.930241801271182,0.318708876098219,0.18766533015639,0.147392235942753,0.0688707459128668
P42768,WAS,51,26,-0.267097907345342,0.101793471015813,0.00869242424142979,0.0688707459128668,-41.6427997733565,FALSE,number of observations (=51) <= number of random effects (=52) for term (1 + SampleCode | ID2); the random-effects parameters and the residual variance (or scale parameter) are probably unidentifiable,TRUE,TRUE,FALSE,-0.282628535819496,0.101820913356183,0.00550759772239671,-40.6265016174506,2.03259631181183,0.361932280207667,0.323535288519965,0.252283022678422,0.356915127394817,0.272256128441611,0.059091933896548,0.0688707459128668
O14617,AP3D1,48,26,-0.18098157681294,0.0690886361601231,0.00880442206430871,0.0694022045375355,-5.06310050808872,FALSE,number of observations (=48) <= number of random effects (=52) for term (1 + SampleCode | ID2); the random-effects parameters and the residual variance (or scale parameter) are probably unidentifiable,TRUE,FALSE,FALSE,-0.18131360340826,0.0690965544002194,0.00868881121788074,-4.90522412583883,0.315752764499791,0.853955339481713,0.166347683243369,-0.671447240190664,0.235255287470457,0.204726714498175,0.0714666218059999,0.0694022045375355
Q92859,NEO1,52,26,0.285858965851976,0.109296268785341,0.00891098723067228,0.0696853566038631,-30.5739626237447,FALSE,number of observations (=52) <= number of random effects (=52) for term (1 + SampleCode | ID2); the random-effects parameters and the residual variance (or scale parameter) are probably unidentifiable,TRUE,TRUE,FALSE,0.286228254872363,0.109216061052286,0.0087735955587492,-30.5311791991292,0.0855668492311139,0.958118872561586,0.326437730420949,-0.448486732508354,0.392179774214763,0.316690016720796,0.0717206621072355,0.0696853566038631
P13224,GP1BB,52,26,-0.39249408592621,0.1501104844016,0.00893055055505819,0.0696853566038631,-45.6109140736101,FALSE,number of observations (=52) <= number of random effects (=52) for term (1 + SampleCode | ID2); the random-effects parameters and the residual variance (or scale parameter) are probably unidentifiable,TRUE,FALSE,FALSE,-0.387720465526532,0.149894781601033,0.00969231176481094,-45.1283084008185,0.965211345583128,0.617173143559331,0.470522229077546,-0.79311830869797,0.538880429386446,0.423061982975384,0.0758621065438557,0.0696853566038631
Q8IYD1,GSPT2,44,25,-0.31065928771638,0.119034552179971,0.00905886900647146,0.0703314201758714,-28.7967677340618,FALSE,number of observations (=44) <= number of random effects (=50) for term (1 + SampleCode | ID2); the random-effects parameters and the residual variance (or scale parameter) are probably unidentifiable,TRUE,TRUE,FALSE,-0.308533378234887,0.120146787789205,0.0102295931116546,-28.5915045768168,0.410526314490085,0.814432964273343,0.296736310710032,-0.136089465141597,0.381611971344254,0.322882747347876,0.0780200050541232,0.0703314201758714
Q96P48,ARAP1,52,26,-0.182913058618164,0.0701699050379568,0.00914149772509184,0.0706180699263344,-2.79984937849766,FALSE,number of observations (=52) <= number of random effects (=52) for term (1 + SampleCode | ID2); the random-effects parameters and the residual variance (or scale parameter) are probably unidentifiable,TRUE,FALSE,FALSE,-0.182710300215246,0.0701567025531189,0.00920575404220909,-2.79065801947659,0.0183827180421279,0.990850752400104,0.259486876046432,-0.709077342358041,0.252127882941779,0.172854458518658,0.0737838319412732,0.0706180699263344
Q13045,FLII,52,26,-0.160668049575797,0.061712735770227,0.00922818828475664,0.0709330890544727,-13.9250846688992,FALSE,number of observations (=52) <= number of random effects (=52) for term (1 + SampleCode | ID2); the random-effects parameters and the residual variance (or scale parameter) are probably unidentifiable,TRUE,FALSE,FALSE,-0.161492419903786,0.0617174328874591,0.00887994505158161,-13.6238552026226,0.602458932553166,0.739907969338637,0.0669330021873513,-0.844721142938973,0.220053749983246,0.215019889659608,0.0722079742352294,0.0709330890544727
Q6ZNJ1,NBEAL2,51,26,-0.225996644215878,0.0868649877236792,0.00927629412565394,0.0709498733868086,-15.9042832029576,FALSE,number of observations (=51) <= number of random effects (=52) for term (1 + SampleCode | ID2); the random-effects parameters and the residual variance (or scale parameter) are probably unidentifiable,TRUE,FALSE,FALSE,-0.224738050037841,0.0867538632700249,0.00958296659487741,-15.7634791960791,0.281608013756944,0.868659546310743,0.285499007030018,-0.718477729478223,0.308923929948882,0.233881195115046,0.0755392009647225,0.0709498733868086
Q9UJZ1,STOML2,50,26,-0.37764477905726,0.145533018851703,0.00946162713246347,0.072010906008158,-37.5378861013317,FALSE,number of observations (=50) <= number of random effects (=52) for term (1 + SampleCode | ID2); the random-effects parameters and the residual variance (or scale parameter) are probably unidentifiable,TRUE,TRUE,FALSE,-0.375112570112423,0.158065926447425,0.0176375780009066,-36.1580721069542,2.75962798875516,0.251625352437445,0.527647834161913,-0.968335741087485,0.512640319561502,0.417207547510871,0.106886994185166,0.072010906008158
P07476,IVL,52,26,0.307318806917612,0.118551468892698,0.00953416593293743,0.0720849060498136,-38.0359713042218,FALSE,number of observations (=52) <= number of random effects (=52) for term (1 + SampleCode | ID2); the random-effects parameters and the residual variance (or scale parameter) are probably unidentifiable,TRUE,FALSE,FALSE,0.305992104123531,0.118750330598202,0.00997287348434748,-37.9760423837727,0.119857840898078,0.941831476163503,0.262826068869065,-0.537468707218877,0.424887096497287,0.382926155612154,0.0770404476665843,0.0720849060498136
Q08174,PCDH1,51,26,0.403795890682028,0.155834576028393,0.0095646639095222,0.0720849060498136,-42.198904847807,FALSE,number of observations (=51) <= number of random effects (=52) for term (1 + SampleCode | ID2); the random-effects parameters and the residual variance (or scale parameter) are probably unidentifiable,TRUE,FALSE,FALSE,0.405457340554068,0.171022814060676,0.0177506287719722,-39.9564062120536,4.48499727150687,0.10619283539718,0.784506775274951,-0.896804113532492,0.55349142106474,0.257658713326598,0.106886994185166,0.0720849060498136
Q8TDL5,BPIFB1,50,26,0.376361267476207,0.145512020039469,0.00969669447315386,0.072725208548654,-58.409039836601,FALSE,number of observations (=50) <= number of random effects (=52) for term (1 + SampleCode | ID2); the random-effects parameters and the residual variance (or scale parameter) are probably unidentifiable,TRUE,TRUE,FALSE,0.378663456450231,0.141552515299625,0.00747127520599963,-56.0112767908048,4.79552609159234,0.0909211123404162,0.319200659013906,-0.999829108318974,0.501995633906222,0.441714075467954,0.0691204801992182,0.072725208548654
Q03518,TAP1,45,25,0.315773518817996,0.122362320647605,0.00986163812497472,0.0736049802081447,-23.4485700522401,FALSE,number of observations (=45) <= number of random effects (=50) for term (1 + SampleCode | ID2); the random-effects parameters and the residual variance (or scale parameter) are probably unidentifiable,TRUE,FALSE,FALSE,0.308569331265199,0.135970249606249,0.0232447062283447,-22.6575484036882,1.58204329710392,0.453381362177632,0.540213861010373,-0.884204676385135,0.407440976918161,0.259660729736732,0.124943228078166,0.0736049802081447
P05387,RPLP2,45,25,0.251365909832441,0.0974713330817527,0.00991240437475173,0.0736281959566895,-14.0070808944013,FALSE,number of observations (=45) <= number of random effects (=50) for term (1 + SampleCode | ID2); the random-effects parameters and the residual variance (or scale parameter) are probably unidentifiable,TRUE,FALSE,FALSE,0.25601344564356,0.0969374794064152,0.00826577866553358,-12.912037901249,2.19008598630459,0.334525224345517,0.309777321055898,-0.906911394219139,0.324715072741422,0.239127880063628,0.0714179686241063,0.0736281959566895
Q06828,FMOD,51,26,0.367314062278439,0.142914223009341,0.0101648181003148,0.0746052792400597,-46.7647667251403,FALSE,number of observations (=51) <= number of random effects (=52) for term (1 + SampleCode | ID2); the random-effects parameters and the residual variance (or scale parameter) are probably unidentifiable,TRUE,FALSE,FALSE,0.368278492714478,0.142685344363845,0.0098499345316935,-46.6682210107981,0.19309142868444,0.907968389473318,0.277975997455859,-0.55948611094853,0.504179788106166,0.464031927642702,0.0764731098063641,0.0746052792400597
Q13576,IQGAP2,52,26,-0.192453329734294,0.0748978076807924,0.0101831998404767,0.0746052792400597,-9.58260582409538,FALSE,number of observations (=52) <= number of random effects (=52) for term (1 + SampleCode | ID2); the random-effects parameters and the residual variance (or scale parameter) are probably unidentifiable,TRUE,FALSE,FALSE,-0.194802478820286,0.0745017157051338,0.00892958825543011,-8.33800896824538,2.4891937117,0.288057013225402,0.216748862899195,0.112999496131935,0.268864854077157,0.219244778413062,0.0722314861499451,0.0746052792400597
Q32P44,EML3,48,26,0.278943941667255,0.108578060881859,0.0101973746468989,0.0746052792400597,-28.4366117783938,FALSE,number of observations (=48) <= number of random effects (=52) for term (1 + SampleCode | ID2); the random-effects parameters and the residual variance (or scale parameter) are probably unidentifiable,TRUE,FALSE,FALSE,0.277477019858199,0.108155599297838,0.0103016705702532,-28.3829937255274,0.10723610573266,0.947794044595432,0.220735812411204,-0.52815043852976,0.367758498096107,0.332955804654592,0.0780200050541232,0.0746052792400597
P05060,CHGB,46,26,0.434041906437592,0.169038130336079,0.0102370998051085,0.0746052792400597,-46.2107144744625,FALSE,number of observations (=46) <= number of random effects (=52) for term (1 + SampleCode | ID2); the random-effects parameters and the residual variance (or scale parameter) are probably unidentifiable,TRUE,FALSE,FALSE,0.435556415579799,0.169708523329162,0.0102731514653954,-46.0401403294766,0.341148289971869,0.843180569699392,0.347063208347816,-0.666397751497645,0.559141300417886,0.505560743284673,0.0780200050541232,0.0746052792400597
Q96FS4,SIPA1,46,26,0.417947247796339,0.162941549890313,0.0103171840724746,0.0748359126383721,-40.6653063984929,FALSE,number of observations (=46) <= number of random effects (=52) for term (1 + SampleCode | ID2); the random-effects parameters and the residual variance (or scale parameter) are probably unidentifiable,TRUE,TRUE,FALSE,0.415998617166963,0.162480090218962,0.0104580280308583,-39.2896272075639,2.75135838185813,0.25266792774906,0.461626723293789,-0.924298224841835,0.546728375231936,0.436415705927013,0.078435210231437,0.0748359126383721
P01859,IGHG2,52,26,0.401188162481739,0.156654931983017,0.0104381172179616,0.0753593042137885,-61.3315269911869,FALSE,number of observations (=52) <= number of random effects (=52) for term (1 + SampleCode | ID2); the random-effects parameters and the residual variance (or scale parameter) are probably unidentifiable,TRUE,FALSE,FALSE,0.417127509035109,0.157432111681967,0.00805941095706695,-60.7707404743044,1.12157303376506,0.570759974907812,0.380435910555001,0.348977050363163,0.558957538859243,0.493362679646768,0.0709784905754114,0.0753593042137885
Q92187,ST8SIA4,51,26,0.411355521528779,0.160891538500399,0.0105662518975206,0.0759295775891599,-43.9965912550488,FALSE,number of observations (=51) <= number of random effects (=52) for term (1 + SampleCode | ID2); the random-effects parameters and the residual variance (or scale parameter) are probably unidentifiable,TRUE,FALSE,FALSE,0.41157464663477,0.164098524606197,0.0121384116610965,-43.8876363744059,0.217909761285924,0.896770878310886,0.622435490888944,-0.680786463631172,0.573349228957185,0.384810747161404,0.0860196124201502,0.0759295775891599
Q93084,ATP2A3,52,26,-0.295163041214831,0.11565265233017,0.0107060084421872,0.0764582266277857,-34.9811495987417,FALSE,number of observations (=52) <= number of random effects (=52) for term (1 + SampleCode | ID2); the random-effects parameters and the residual variance (or scale parameter) are probably unidentifiable,TRUE,TRUE,FALSE,-0.28758304344694,0.115992545625053,0.0131631861676374,-32.3553588334968,5.25158153048977,0.0723824968347124,0.335469389433908,-0.999999993187219,0.414776926152173,0.342333338161996,0.0903872116844436,0.0764582266277857
P04844,RPN2,52,26,-0.294109550444639,0.115287995098341,0.0107387929956178,0.0764582266277857,-34.0942190648308,FALSE,number of observations (=52) <= number of random effects (=52) for term (1 + SampleCode | ID2); the random-effects parameters and the residual variance (or scale parameter) are probably unidentifiable,TRUE,FALSE,FALSE,-0.291887196350388,0.115342688165244,0.0113864836123561,-33.9341405121851,0.320157105291372,0.852076853446098,0.306578264081181,-0.67084980645507,0.413574970958038,0.352494467534034,0.0839094865787483,0.0764582266277857
O60279,SUSD5,52,26,0.351348712688818,0.138175181241809,0.010997530157198,0.0779412114351878,-54.3722724965897,FALSE,number of observations (=52) <= number of random effects (=52) for term (1 + SampleCode | ID2); the random-effects parameters and the residual variance (or scale parameter) are probably unidentifiable,TRUE,TRUE,FALSE,0.326026493890523,0.146898266597773,0.0264593010988264,-51.2515699397924,6.24140511359471,0.0441261563959973,0.428512962555869,-0.999999816655565,0.493149703017972,0.430418943883596,0.132185902274618,0.0779412114351878
P49641,MAN2A2,51,26,0.23963937613398,0.0946104715632514,0.0113121471092872,0.0798048734422319,-29.3363306888276,FALSE,number of observations (=51) <= number of random effects (=52) for term (1 + SampleCode | ID2); the random-effects parameters and the residual variance (or scale parameter) are probably unidentifiable,TRUE,FALSE,FALSE,0.245756724492886,0.0970574515386371,0.0113389808661993,-27.030658940919,4.61134349581728,0.0996918103907147,0.324560857023039,0.333560530106912,0.334280345173765,0.252890087333841,0.0839094865787483,0.0798048734422319
Q9Y5S2,CDC42BPB,51,26,-0.134837281315673,0.0532843868129272,0.011389313578969,0.0799840430886688,9.69096211409187,FALSE,number of observations (=51) <= number of random effects (=52) for term (1 + SampleCode | ID2); the random-effects parameters and the residual variance (or scale parameter) are probably unidentifiable,TRUE,FALSE,FALSE,-0.133894322898789,0.0530512619391296,0.0116071873326626,9.88242506045711,0.382925892730476,0.825750221586739,0.183207482557714,-0.742179164904293,0.189578916859724,0.137660776265597,0.084991016251013,0.0799840430886688
P35542,SAA4,52,26,0.442006695286363,0.175118987196594,0.011601592029903,0.0811061524262453,-69.2488222798431,FALSE,number of observations (=52) <= number of random effects (=52) for term (1 + SampleCode | ID2); the random-effects parameters and the residual variance (or scale parameter) are probably unidentifiable,TRUE,TRUE,FALSE,0.461277623191757,0.174128727143279,0.00807157570224159,-66.8646230055006,4.76839854868496,0.0921627471178443,0.571488705082259,0.477315857317113,0.623993312264985,0.471931725242893,0.0709784905754114,0.0811061524262453
P04278,SHBG,51,26,0.484857056789378,0.192345498055876,0.0117101312218434,0.0814961835033698,-55.1253925788656,FALSE,number of observations (=51) <= number of random effects (=52) for term (1 + SampleCode | ID2); the random-effects parameters and the residual variance (or scale parameter) are probably unidentifiable,TRUE,TRUE,FALSE,0.494082120907681,0.189834051199694,0.00924913775707257,-52.8435811007264,4.56362295627828,0.102099088830216,0.661809326513917,-0.0312713364922048,0.684009598441956,0.490965285860953,0.0737838319412732,0.0814961835033698
Q99798,ACO2,50,26,-0.194707314910511,0.0774359526558953,0.0119224826381527,0.0822070388278004,-8.59524976928309,FALSE,number of observations (=50) <= number of random effects (=52) for term (1 + SampleCode | ID2); the random-effects parameters and the residual variance (or scale parameter) are probably unidentifiable,TRUE,FALSE,FALSE,-0.19474764768583,0.077746806052007,0.012248747399633,-8.33163893986611,0.52722165883397,0.768272470530653,0.22977262170515,-0.403681353806824,0.272549721176926,0.219058844117771,0.0860196124201502,0.0822070388278004
Q15293,RCN1,51,26,0.326326408986779,0.129799051502769,0.0119340205047603,0.0822070388278004,-49.128084749265,FALSE,number of observations (=51) <= number of random effects (=52) for term (1 + SampleCode | ID2); the random-effects parameters and the residual variance (or scale parameter) are probably unidentifiable,TRUE,TRUE,FALSE,0.326727538522397,0.129864304434936,0.0118723845565256,-49.1175073357415,0.0211548270470843,0.989478330598883,0.13661571280123,-0.281204843933681,0.458677691472081,0.448502226847461,0.0860196124201502,0.0822070388278004
Q86TH1,ADAMTSL2,52,26,0.313070689446315,0.124581867728864,0.0119718988584175,0.0822070388278004,-31.99667446851,FALSE,number of observations (=52) <= number of random effects (=52) for term (1 + SampleCode | ID2); the random-effects parameters and the residual variance (or scale parameter) are probably unidentifiable,TRUE,FALSE,FALSE,0.313122556233201,0.12823085291336,0.014611570129331,-31.8221442549593,0.349060427101463,0.839851478950607,0.492291026496816,-0.688667849506097,0.447706287268286,0.30221055418727,0.0960633014885805,0.0822070388278004
P31930,UQCRC1,51,26,-0.290671585413529,0.115749675191239,0.0120318558891079,0.0822531741091668,-28.3330126913404,FALSE,number of observations (=51) <= number of random effects (=52) for term (1 + SampleCode | ID2); the random-effects parameters and the residual variance (or scale parameter) are probably unidentifiable,TRUE,FALSE,FALSE,-0.290784625618565,0.115725535724343,0.0119808025797777,-28.3290888351744,0.0078477123321008,0.996083832098387,0.411878778406489,-0.660509116631447,0.412209358367773,0.291467035435071,0.0860196124201502,0.0822531741091668
P10643,C7,52,26,0.552338850666284,0.22032610275346,0.0121789934620394,0.0828922682768763,-61.6442489016964,FALSE,number of observations (=52) <= number of random effects (=52) for term (1 + SampleCode | ID2); the random-effects parameters and the residual variance (or scale parameter) are probably unidentifiable,TRUE,FALSE,FALSE,0.56861604636341,0.218519751775131,0.00926476595249644,-56.9846179232112,9.31926195697042,0.00946995637464144,0.853186098572771,-0.0138148590956651,0.7917796004369,0.5037297950215,0.0737838319412732,0.0828922682768763
O15031,PLXNB2,51,26,0.167384740891913,0.0670175113135972,0.0125027696819177,0.0840812638087479,0.819333066957721,FALSE,number of observations (=51) <= number of random effects (=52) for term (1 + SampleCode | ID2); the random-effects parameters and the residual variance (or scale parameter) are probably unidentifiable,TRUE,FALSE,FALSE,0.166750835280965,0.0697960178328981,0.0168889344302853,0.940154371747042,0.241642609578642,0.886192303765205,0.262573798142799,-0.78511650568622,0.238114438352832,0.165075992037991,0.104373614779163,0.0840812638087479
Q14515,SPARCL1,52,26,0.283802125955929,0.113674404080907,0.0125382195122523,0.0840812638087479,-40.8369219896501,FALSE,number of observations (=52) <= number of random effects (=52) for term (1 + SampleCode | ID2); the random-effects parameters and the residual variance (or scale parameter) are probably unidentifiable,TRUE,FALSE,FALSE,0.281918727574519,0.113842394185021,0.0132716682797858,-40.1001164764721,1.47361102635604,0.478640486644229,0.298316446919285,0.216724172007902,0.40647701026548,0.348307179554765,0.0907288827091553,0.0840812638087479
P50851,LRBA,52,26,-0.201563852532284,0.0807549402527305,0.0125604698925167,0.0840812638087479,-18.3995449757889,FALSE,number of observations (=52) <= number of random effects (=52) for term (1 + SampleCode | ID2); the random-effects parameters and the residual variance (or scale parameter) are probably unidentifiable,TRUE,FALSE,FALSE,-0.199063610966241,0.0806339550138648,0.013559279188162,-17.9305416866383,0.938006578301284,0.625625525376328,0.128001076590209,-0.905247838532227,0.289386434908841,0.274500259564253,0.0916006321814789,0.0840812638087479
P60174,TPI1,51,26,0.374183729397908,0.149958765023497,0.0125870494538765,0.0840812638087479,-49.919653533981,FALSE,number of observations (=51) <= number of random effects (=52) for term (1 + SampleCode | ID2); the random-effects parameters and the residual variance (or scale parameter) are probably unidentifiable,TRUE,FALSE,FALSE,0.375808433004046,0.150026117732388,0.0122467529179369,-49.6260482680846,0.587210531792806,0.745570735561344,0.422866909535769,-0.142427217332853,0.531039115787742,0.437806958144176,0.0860196124201502,0.0840812638087479
P63104,YWHAZ,52,26,-0.315145719701879,0.126353781503743,0.0126257949538055,0.0840812638087479,-39.5387376911029,FALSE,number of observations (=52) <= number of random effects (=52) for term (1 + SampleCode | ID2); the random-effects parameters and the residual variance (or scale parameter) are probably unidentifiable,TRUE,FALSE,FALSE,-0.317250749917261,0.126373689634124,0.0120588420422045,-39.1602353439885,0.757004694228812,0.684886363546539,0.385698048485203,-0.230394443794414,0.453162703652662,0.36204024812923,0.0860196124201502,0.0840812638087479
Q9UBP4,DKK3,50,26,0.397722802445083,0.159613105486903,0.0127100124285656,0.0842788377773987,-57.6832780330791,FALSE,number of observations (=50) <= number of random effects (=52) for term (1 + SampleCode | ID2); the random-effects parameters and the residual variance (or scale parameter) are probably unidentifiable,TRUE,FALSE,FALSE,0.401652192562692,0.160660316917512,0.0124190251116736,-56.7421829849428,1.88219009627244,0.390200313196851,0.44632356563084,0.251103921376271,0.552369982649135,0.453486984648248,0.0868207864141887,0.0842788377773987
Q9Y287,ITM2B,43,26,0.339856229837208,0.136527708420983,0.0128000698583616,0.0844943283382773,-27.6287864314869,FALSE,number of observations (=43) <= number of random effects (=52) for term (1 + SampleCode | ID2); the random-effects parameters and the residual variance (or scale parameter) are probably unidentifiable,TRUE,FALSE,FALSE,0.34576964742642,0.133731119178062,0.00972213404251355,-27.357649297521,0.542274267931738,0.762511922950926,0.318683850884174,-0.792306296703243,0.433677655618742,0.362170807766493,0.0758621065438557,0.0844943283382773
P07996,THBS1,52,26,-0.332389018774339,0.133676911414032,0.0129002830704601,0.0844943283382773,-35.6607352729856,FALSE,number of observations (=52) <= number of random effects (=52) for term (1 + SampleCode | ID2); the random-effects parameters and the residual variance (or scale parameter) are probably unidentifiable,TRUE,FALSE,FALSE,-0.335578694636054,0.138182103355515,0.0151603792412142,-35.0512610302148,1.2189484855416,0.543636614831774,0.374186301026228,-0.764660929496448,0.480390885075823,0.420501960938215,0.0980032884003178,0.0844943283382773
Q6NVY1,HIBCH,44,26,-0.277322212487441,0.111538476170828,0.0129065770147789,0.0844943283382773,-19.4708537958377,FALSE,number of observations (=44) <= number of random effects (=52) for term (1 + SampleCode | ID2); the random-effects parameters and the residual variance (or scale parameter) are probably unidentifiable,TRUE,FALSE,FALSE,-0.277570280913922,0.11069370240427,0.0121570487134527,-18.2644364653946,2.41283466088616,0.299267537791105,0.301296470166988,0.11106716704359,0.368452962413566,0.296157665051961,0.0860196124201502,0.0844943283382773
Q8IVT5,KSR1,48,26,-0.281386109180489,0.113322659964312,0.0130261903850546,0.0849175702316851,-23.0557289587807,FALSE,number of observations (=48) <= number of random effects (=52) for term (1 + SampleCode | ID2); the random-effects parameters and the residual variance (or scale parameter) are probably unidentifiable,TRUE,FALSE,FALSE,-0.271609618929019,0.12526618039502,0.0301389278284936,-22.3070188379021,1.49742024175734,0.472976241622957,0.504325544318168,-0.788795231168756,0.391170854439525,0.248596147983902,0.142399521391506,0.0849175702316851
P08294,SOD3,50,26,0.494528351672218,0.200140023354568,0.0134769041373396,0.0870356136473496,-63.2149169880304,FALSE,number of observations (=50) <= number of random effects (=52) for term (1 + SampleCode | ID2); the random-effects parameters and the residual variance (or scale parameter) are probably unidentifiable,TRUE,TRUE,FALSE,0.492935089670222,0.199709303638395,0.0135770516307823,-63.1818550742739,0.0661238275130245,0.967478657496638,0.404706002638687,-0.179229883616198,0.698297976029798,0.636403803181856,0.0916006321814789,0.0870356136473496
P40939,HADHA,52,26,-0.344330078934662,0.139396075541908,0.0135054070431387,0.0870356136473496,-37.8392006912758,FALSE,number of observations (=52) <= number of random effects (=52) for term (1 + SampleCode | ID2); the random-effects parameters and the residual variance (or scale parameter) are probably unidentifiable,TRUE,FALSE,FALSE,-0.343389217479401,0.141715893826266,0.0153894566559952,-37.756356091709,0.16568919913361,0.920494181300586,0.554958710092168,-0.767690073447918,0.500943681278412,0.324802658069923,0.0982508699731924,0.0870356136473496
Q9GZX9,TWSG1,43,25,0.398663535596761,0.161417445786831,0.0135200953238601,0.0870356136473496,-36.8166367151594,FALSE,number of observations (=43) <= number of random effects (=50) for term (1 + SampleCode | ID2); the random-effects parameters and the residual variance (or scale parameter) are probably unidentifiable,TRUE,TRUE,FALSE,0.398665098374642,0.160683224861232,0.0130991460427614,-36.8003714168655,0.0325305965878329,0.983866267386223,0.455201503992009,-0.511205608245606,0.519008545865259,0.405000963968925,0.090349020696725,0.0870356136473496
Q13103,SPP2,52,26,0.323343085446538,0.131011892706198,0.0135853707200813,0.0870929367739652,-36.1720629360171,FALSE,number of observations (=52) <= number of random effects (=52) for term (1 + SampleCode | ID2); the random-effects parameters and the residual variance (or scale parameter) are probably unidentifiable,TRUE,FALSE,FALSE,0.325431238285264,0.130949133328044,0.0129488523841818,-35.2366939055382,1.87073806095796,0.39244101611009,0.364137467838926,-0.032931308087989,0.470631591027845,0.393783638633234,0.0897129010473582,0.0870929367739652
O43150,ASAP2,52,26,-0.206538522105836,0.0838172651318253,0.0137337670310765,0.0874141654970941,-11.3878234616081,FALSE,number of observations (=52) <= number of random effects (=52) for term (1 + SampleCode | ID2); the random-effects parameters and the residual variance (or scale parameter) are probably unidentifiable,TRUE,TRUE,FALSE,-0.206903241453549,0.0934992621630789,0.0269054816485792,-9.58689287475318,3.60186117370987,0.165145134800624,0.34266330827066,-0.912394696412639,0.301211703318019,0.233450340485036,0.13323387547133,0.0874141654970941
P40197,GP5,52,26,-0.280886377542549,0.114006984525396,0.0137486357383779,0.0874141654970941,-35.0441539791817,FALSE,number of observations (=52) <= number of random effects (=52) for term (1 + SampleCode | ID2); the random-effects parameters and the residual variance (or scale parameter) are probably unidentifiable,TRUE,FALSE,FALSE,-0.280526238951372,0.114017816220527,0.0138793083090229,-35.024525753582,0.0392564511993641,0.980563153828782,0.282346669064877,-0.504572543573395,0.408752500985755,0.356735617128651,0.0928291399889193,0.0874141654970941
Q00610,CLTC,52,26,-0.310070551742507,0.126072242665321,0.0139143392794216,0.0881051401094521,-32.6150597796867,FALSE,number of observations (=52) <= number of random effects (=52) for term (1 + SampleCode | ID2); the random-effects parameters and the residual variance (or scale parameter) are probably unidentifiable,TRUE,FALSE,FALSE,-0.307820575610888,0.130459968750618,0.0182994752612789,-32.0875910245053,1.05493751036271,0.590096760205088,0.500488942702609,-0.849263371215689,0.453062204960027,0.307890550370388,0.107911027781206,0.0881051401094521
Q9UGP4,LIMD1,39,24,-0.306288442584138,0.124875295856343,0.0141767059470609,0.0894000436253432,-34.4855087581494,FALSE,number of observations (=39) <= number of random effects (=48) for term (1 + SampleCode | ID2); the random-effects parameters and the residual variance (or scale parameter) are probably unidentifiable,TRUE,TRUE,FALSE,-0.316871659986744,0.125244071155665,0.0114051729330338,-34.4258674847327,0.119282546833531,0.942102430160211,0.232198146880187,0.0130752809899886,0.353788218101405,0.314411439077543,0.0839094865787483,0.0894000436253432
P57075,UBASH3A,47,26,-0.249312251453074,0.102199258920855,0.014708734164235,0.092378025543671,-30.5731429306092,FALSE,number of observations (=47) <= number of random effects (=52) for term (1 + SampleCode | ID2); the random-effects parameters and the residual variance (or scale parameter) are probably unidentifiable,TRUE,FALSE,FALSE,-0.252063081532434,0.102065045875472,0.0135252189665911,-30.3808405872201,0.384604686778225,0.825057380133483,0.112752517314532,-0.762475191668463,0.338920203560655,0.331158966966147,0.0916006321814789,0.092378025543671
Q02108,GUCY1A1,52,26,-0.240305057206299,0.0986042273481791,0.0148069569010675,0.0926184146240862,-19.8365297177295,FALSE,number of observations (=52) <= number of random effects (=52) for term (1 + SampleCode | ID2); the random-effects parameters and the residual variance (or scale parameter) are probably unidentifiable,TRUE,FALSE,FALSE,-0.243626941368242,0.101644962175952,0.0165370408788767,-16.8866590944225,5.89974124661397,0.0523464779245599,0.37099252797339,-0.494931143694275,0.354351185608236,0.254650336509053,0.102981482797723,0.0926184146240862
P01871,IGHM,52,26,0.171871448624806,0.0708761591241781,0.015310312854884,0.0950203568378225,-28.7739020080212,FALSE,number of observations (=52) <= number of random effects (=52) for term (1 + SampleCode | ID2); the random-effects parameters and the residual variance (or scale parameter) are probably unidentifiable,TRUE,FALSE,FALSE,0.172993990461448,0.070512273647566,0.0141517465082921,-25.1807448022016,7.18631441163925,0.0275113342185514,0.198782991140184,-0.944417319337598,0.251350316690086,0.208188959729107,0.0942433118763418,0.0950203568378225
O15117,FYB1,52,26,-0.169765492542657,0.0700102040987746,0.0153139604224063,0.0950203568378225,-7.72096966224684,FALSE,number of observations (=52) <= number of random effects (=52) for term (1 + SampleCode | ID2); the random-effects parameters and the residual variance (or scale parameter) are probably unidentifiable,TRUE,FALSE,FALSE,-0.170409187153377,0.0698434211994029,0.0146923623281521,-5.0793959763912,5.28314737171128,0.0712490576521455,0.263106938232117,-0.0219526124256017,0.251186507288546,0.168146527126323,0.096185168631335,0.0950203568378225
P02647,APOA1,52,26,0.113698741685082,0.0469916823405977,0.0155397090410548,0.0956952339154999,7.28616194044821,FALSE,number of observations (=52) <= number of random effects (=52) for term (1 + SampleCode | ID2); the random-effects parameters and the residual variance (or scale parameter) are probably unidentifiable,TRUE,FALSE,FALSE,0.117259131505731,0.0466813235541406,0.0120080815916883,10.3267854175788,6.08124695426121,0.0478050748299002,0.162523650400977,0.404423881372222,0.168213938226666,0.121568919873204,0.0860196124201502,0.0956952339154999
P22695,UQCRC2,52,26,-0.233387055806166,0.0964652872723489,0.0155466043448482,0.0956952339154999,-18.6961224935558,FALSE,number of observations (=52) <= number of random effects (=52) for term (1 + SampleCode | ID2); the random-effects parameters and the residual variance (or scale parameter) are probably unidentifiable,TRUE,FALSE,FALSE,-0.235185483220545,0.104069071561979,0.0238275841474107,-18.0920985389865,1.20804790913864,0.546607680286202,0.393410717583643,-0.758420086134338,0.346664537964428,0.25047245243813,0.124943228078166,0.0956952339154999
O60256,PRPSAP2,43,25,-0.265754320437558,0.109944478057291,0.0156417777985498,0.0958989948363472,-18.1984501769969,FALSE,number of observations (=43) <= number of random effects (=50) for term (1 + SampleCode | ID2); the random-effects parameters and the residual variance (or scale parameter) are probably unidentifiable,TRUE,FALSE,FALSE,-0.266528922412205,0.112364322057425,0.017691770898471,-17.8566716691676,0.683557015658536,0.710505558700709,0.280816452331123,-0.326310759593434,0.355597077343225,0.299724149126893,0.106886994185166,0.0958989948363472
Q9H4B7,TUBB1,52,26,-0.30620883501559,0.127079197929831,0.0159704322486195,0.0975269479214117,-39.6588923104336,FALSE,number of observations (=52) <= number of random effects (=52) for term (1 + SampleCode | ID2); the random-effects parameters and the residual variance (or scale parameter) are probably unidentifiable,TRUE,TRUE,FALSE,-0.306490657420349,0.127024730959511,0.0158286619727808,-39.6512620084607,0.0152606039457623,0.99239873488096,0.337886996409157,-0.428969579218948,0.455793426520856,0.38791665369629,0.0998174806038626,0.0975269479214117
P55157,MTTP,43,24,0.446622598004083,0.185671133718386,0.0161525694296522,0.0981292206347413,-39.6458932039294,FALSE,number of observations (=43) <= number of random effects (=48) for term (1 + SampleCode | ID2); the random-effects parameters and the residual variance (or scale parameter) are probably unidentifiable,TRUE,FALSE,FALSE,0.477463488646989,0.217252610651397,0.027968054141175,-38.1904080323687,2.91097034312145,0.233287152148106,0.914602669978333,-0.910804022675551,0.608388867454327,0.337376341864795,0.135033261400361,0.0981292206347413
Q9Y6F6,IRAG1,52,26,-0.243747379884207,0.101372744027883,0.0161960849591321,0.0981292206347413,-28.0002323887447,FALSE,number of observations (=52) <= number of random effects (=52) for term (1 + SampleCode | ID2); the random-effects parameters and the residual variance (or scale parameter) are probably unidentifiable,TRUE,FALSE,FALSE,-0.246136232154523,0.101479318914264,0.0152880859984383,-27.6891280295898,0.622208718309736,0.73263741445828,0.317226241431965,-0.264850775675389,0.363580203619144,0.286657274935571,0.098008684097872,0.0981292206347413
P16452,EPB42,51,26,0.484824420522327,0.202105606830838,0.0164458980602825,0.0992535644653767,-61.7588283575375,FALSE,number of observations (=51) <= number of random effects (=52) for term (1 + SampleCode | ID2); the random-effects parameters and the residual variance (or scale parameter) are probably unidentifiable,TRUE,FALSE,FALSE,0.48159017142281,0.200141021468095,0.0161170462006603,-59.4555846272679,4.60648746053924,0.0999341579578343,0.579392480957443,-0.97530264998709,0.714509067011571,0.582350297356736,0.100813102753118,0.0992535644653767
P10909,CLU,52,26,0.18617755766159,0.0778195960946097,0.0167374423583022,0.100620032854385,-13.7440380887398,FALSE,number of observations (=52) <= number of random effects (=52) for term (1 + SampleCode | ID2); the random-effects parameters and the residual variance (or scale parameter) are probably unidentifiable,TRUE,FALSE,FALSE,0.184350202779694,0.0778155871312785,0.0178331073739589,-13.1809974013886,1.12608137470252,0.569474833635575,0.178544917291042,-0.834378306872519,0.279155291900374,0.249052553379189,0.106886994185166,0.100620032854385
P50416,CPT1A,51,26,-0.236391586172612,0.0989445393456097,0.0168882236159622,0.101068253816082,-28.4055999072169,FALSE,number of observations (=51) <= number of random effects (=52) for term (1 + SampleCode | ID2); the random-effects parameters and the residual variance (or scale parameter) are probably unidentifiable,TRUE,FALSE,FALSE,-0.228991397766036,0.0984471359196501,0.0200167302139675,-26.4583538819755,3.89449205048273,0.142666430814193,0.252320825829759,-0.999320293010467,0.350466438878623,0.302165691638399,0.113281495166959,0.101068253816082
Q96PD5,PGLYRP2,52,26,0.393142343891638,0.164636198902851,0.016942833487615,0.101068253816082,-46.4929803224686,FALSE,number of observations (=52) <= number of random effects (=52) for term (1 + SampleCode | ID2); the random-effects parameters and the residual variance (or scale parameter) are probably unidentifiable,TRUE,TRUE,TRUE,0.405436535859663,0.165695367037273,0.0144099153792489,-33.5934842095659,25.7989922258054,2.49930937837783e-06,0.755207451481763,,0.591648389163469,0.26617453142957,0.0951423900040152,0.101068253816082
Q99961,SH3GL1,45,25,0.280404145936275,0.117747248103833,0.0172466350257707,0.102399617094261,-21.8764982614465,FALSE,number of observations (=45) <= number of random effects (=50) for term (1 + SampleCode | ID2); the random-effects parameters and the residual variance (or scale parameter) are probably unidentifiable,TRUE,FALSE,FALSE,0.29088372662014,0.124628866449619,0.019595741949778,-21.7237731213264,0.305450280240166,0.858365619661626,0.467720057762369,-0.779302913315329,0.393452815776861,0.258065755047178,0.111983000532637,0.102399617094261
P08697,SERPINF2,52,26,0.394715576664387,0.165826019473876,0.0172985760916519,0.102399617094261,-46.8674312194634,FALSE,number of observations (=52) <= number of random effects (=52) for term (1 + SampleCode | ID2); the random-effects parameters and the residual variance (or scale parameter) are probably unidentifiable,TRUE,FALSE,FALSE,0.394851823907863,0.166414762169762,0.0176587385904287,-46.7246103492858,0.285641740355274,0.866909344304696,0.625639049564362,-0.638954581646326,0.5959242132467,0.402466852768405,0.106886994185166,0.102399617094261
P30740,SERPINB1,52,26,-0.111369044424856,0.0468198028374603,0.0173750378234799,0.102459669607926,4.12618242705124,FALSE,number of observations (=52) <= number of random effects (=52) for term (1 + SampleCode | ID2); the random-effects parameters and the residual variance (or scale parameter) are probably unidentifiable,TRUE,TRUE,FALSE,-0.111248670455664,0.046817123630915,0.0174901346629832,4.29054765896034,0.328730463818189,0.84843209081303,0.0657827850148474,0.374412578802845,0.16731450538272,0.160708974333083,0.106886994185166,0.102459669607926
P24557,TBXAS1,52,26,-0.344613209794433,0.145142969978411,0.017582174476436,0.103012748560545,-39.9399960663991,FALSE,number of observations (=52) <= number of random effects (=52) for term (1 + SampleCode | ID2); the random-effects parameters and the residual variance (or scale parameter) are probably unidentifiable,TRUE,FALSE,FALSE,-0.339892228504647,0.15031006007401,0.023742296154188,-39.0088740992736,1.86224393425107,0.394111282320582,0.621824713951486,-0.860399207734631,0.521596131096304,0.314363111453234,0.124943228078166,0.103012748560545
O00429,DNM1L,52,26,-0.142449980896999,0.0600212528909926,0.0176287121225815,0.103012748560545,-17.1337079503055,FALSE,number of observations (=52) <= number of random effects (=52) for term (1 + SampleCode | ID2); the random-effects parameters and the residual variance (or scale parameter) are probably unidentifiable,TRUE,TRUE,FALSE,-0.144512571854638,0.0597206039874297,0.0155285775959622,-16.0019314530324,2.26355299454637,0.322459898158558,0.0947732651622619,-0.999333017573712,0.213338404475533,0.201741412562682,0.0985717901802971,0.103012748560545
Q9Y4I1,MYO5A,51,26,-0.211993903957194,0.0893551921605516,0.0176688533129737,0.103012748560545,-17.3876012987306,FALSE,number of observations (=51) <= number of random effects (=52) for term (1 + SampleCode | ID2); the random-effects parameters and the residual variance (or scale parameter) are probably unidentifiable,TRUE,FALSE,FALSE,-0.205980104475846,0.0896675539941639,0.0216100344306881,-13.957577777649,6.86004704216338,0.0323861790059862,0.313192726296807,-0.997583838872891,0.317771569095578,0.232430181744265,0.118816737350224,0.103012748560545
Q8IZ83,ALDH16A1,51,26,-0.158624272811133,0.0669213161182422,0.017773170533154,0.10323138523956,-7.39639704881201,FALSE,number of observations (=51) <= number of random effects (=52) for term (1 + SampleCode | ID2); the random-effects parameters and the residual variance (or scale parameter) are probably unidentifiable,TRUE,FALSE,FALSE,-0.158969544765621,0.0672500290909786,0.0180857247398654,-7.27983057953001,0.233132938564001,0.889970939281279,0.150509181550225,-0.606041827942744,0.237223987790754,0.213745582257,0.107168983106356,0.10323138523956
P07333,CSF1R,51,26,0.407374617437827,0.172267811649161,0.0180410268673523,0.104394706030185,-53.6323821233961,FALSE,number of observations (=51) <= number of random effects (=52) for term (1 + SampleCode | ID2); the random-effects parameters and the residual variance (or scale parameter) are probably unidentifiable,TRUE,FALSE,FALSE,0.408186256252203,0.172596077426188,0.018031048849034,-52.8864841596973,1.49179592739773,0.474308197113027,0.543465775884098,-0.137394047673588,0.611513071375733,0.474808607517272,0.107168983106356,0.104394706030185
A0A075B6S5,IGKV1-27,47,26,0.454458671048045,0.192327763746385,0.0181306797388257,0.104522015658529,-48.5561090847782,FALSE,number of observations (=47) <= number of random effects (=52) for term (1 + SampleCode | ID2); the random-effects parameters and the residual variance (or scale parameter) are probably unidentifiable,TRUE,FALSE,FALSE,0.4553408834859,0.192229647933455,0.017849090291115,-48.5095062797037,0.0932056101488428,0.954466431533449,0.603539084263912,-0.5817788309827,0.654414820051274,0.496418790835692,0.106886994185166,0.104522015658529
Q07866,KLC1,50,26,0.245016427482636,0.1038514175536,0.0183095527930096,0.104563118531684,-26.5541671473886,FALSE,number of observations (=50) <= number of random effects (=52) for term (1 + SampleCode | ID2); the random-effects parameters and the residual variance (or scale parameter) are probably unidentifiable,TRUE,FALSE,FALSE,0.24941443332807,0.101891488584229,0.0143714003471271,-25.4050897352486,2.29815482428005,0.316929029415555,0.245987051390601,-0.942666011273242,0.364664951520223,0.312344857235321,0.0951423900040152,0.104563118531684
Q6EEV6;P55854;P61956,SUMO2;SUMO3;SUMO4,41,25,0.325083527118048,0.137885582505254,0.018391891689809,0.104563118531684,-34.1870503191584,FALSE,number of observations (=41) <= number of random effects (=50) for term (1 + SampleCode | ID2); the random-effects parameters and the residual variance (or scale parameter) are probably unidentifiable,TRUE,FALSE,FALSE,0.333629671691076,0.140721902225351,0.017747522042997,-33.9997752640202,0.374550110276459,0.829215624996882,0.289140600928822,0.14784621852751,0.416051704826623,0.376289195783985,0.106886994185166,0.104563118531684
Q02153,GUCY1B1,50,26,-0.129041180270875,0.0547454195425751,0.0184176050123732,0.104563118531684,-3.88099896078107,FALSE,number of observations (=50) <= number of random effects (=52) for term (1 + SampleCode | ID2); the random-effects parameters and the residual variance (or scale parameter) are probably unidentifiable,TRUE,FALSE,FALSE,-0.126599067057613,0.0540848322453479,0.0192450528240274,-3.784784262393,0.192429396776124,0.908268991245351,0.0841289568319954,-0.544454038019402,0.189525339836661,0.178076972452777,0.111361822521057,0.104563118531684
Q9BXJ4,C1QTNF3,52,26,0.485934562455842,0.206252049220224,0.0184717761951086,0.104563118531684,-65.455693227651,FALSE,number of observations (=52) <= number of random effects (=52) for term (1 + SampleCode | ID2); the random-effects parameters and the residual variance (or scale parameter) are probably unidentifiable,TRUE,TRUE,FALSE,0.480512346499104,0.205953496257369,0.01964232565977,-65.2961248015048,0.319136852292473,0.852511631315037,0.498830496207286,-0.653772148221437,0.739596655758471,0.648929247936663,0.111983000532637,0.104563118531684
P06576,ATP5F1B,52,26,-0.28155556013234,0.119530304324282,0.0184969938586185,0.104563118531684,-34.2059824264184,FALSE,number of observations (=52) <= number of random effects (=52) for term (1 + SampleCode | ID2); the random-effects parameters and the residual variance (or scale parameter) are probably unidentifiable,TRUE,FALSE,FALSE,-0.280540293380592,0.119466717177019,0.0188607650695036,-34.1359141257392,0.140136601358321,0.932330138949554,0.398448958594187,-0.658923693820749,0.429042777285914,0.323290072590514,0.109961818990125,0.104563118531684
Q9H7J1,PPP1R3E,50,26,-0.188862000486706,0.0802106394536556,0.0185438799208295,0.104563118531684,-23.4207549195205,FALSE,number of observations (=50) <= number of random effects (=52) for term (1 + SampleCode | ID2); the random-effects parameters and the residual variance (or scale parameter) are probably unidentifiable,TRUE,FALSE,FALSE,-0.194888349538887,0.0813554974952891,0.0165970156741961,-22.5003093197838,1.84089119947335,0.398341500663666,0.140248692896254,-0.988851955837933,0.278656494799814,0.267928601336049,0.102981482797723,0.104563118531684
O15143,ARPC1B,52,26,0.354459219801737,0.150670604735512,0.0186454861306051,0.104753731170127,-50.6901115816394,FALSE,number of observations (=52) <= number of random effects (=52) for term (1 + SampleCode | ID2); the random-effects parameters and the residual variance (or scale parameter) are probably unidentifiable,TRUE,TRUE,FALSE,0.367560181057073,0.149357561362733,0.013857306243165,-45.6460858031913,10.0880515568963,0.00644773883117509,0.514817950134467,-0.999028947420428,0.539961021329812,0.393904982036592,0.0928291399889193,0.104753731170127
Q14571,ITPR2,51,26,-0.182466428060899,0.077706893085382,0.0188675818819895,0.105617442056789,-10.4449777326243,FALSE,number of observations (=51) <= number of random effects (=52) for term (1 + SampleCode | ID2); the random-effects parameters and the residual variance (or scale parameter) are probably unidentifiable,TRUE,FALSE,FALSE,-0.181140850032995,0.0769824245972282,0.018621850205386,-10.1113193622503,0.667316740747864,0.716298449203439,0.269138509685488,-0.744344664106654,0.276315182049735,0.197458456037425,0.109394519267382,0.105617442056789
Q02218,OGDH,51,26,-0.192963200624607,0.0823870603018372,0.0191727908944059,0.106938490728726,-9.86218544833588,FALSE,number of observations (=51) <= number of random effects (=52) for term (1 + SampleCode | ID2); the random-effects parameters and the residual variance (or scale parameter) are probably unidentifiable,TRUE,FALSE,FALSE,-0.195005666985396,0.0876360023043321,0.0260693197293153,-7.92497742366009,3.87441604935159,0.144105728276307,0.348243537296793,-0.934429388551734,0.29359255272452,0.194698807082075,0.131624506476445,0.106938490728726
P43121,MCAM,52,26,0.433357599181032,0.185596492745047,0.019546295135621,0.108629589872426,-53.614922006687,FALSE,number of observations (=52) <= number of random effects (=52) for term (1 + SampleCode | ID2); the random-effects parameters and the residual variance (or scale parameter) are probably unidentifiable,TRUE,TRUE,FALSE,0.43565596426544,0.185719744653348,0.0189877769052878,-53.1429473083812,0.943949396611586,0.623769295138054,0.506601853331624,-0.336957447897636,0.666828613375551,0.563034535387973,0.110286147814547,0.108629589872426
P51659,HSD17B4,52,26,-0.301534209921911,0.129234038990326,0.0196354791624115,0.108734105039161,-35.0415479192718,FALSE,number of observations (=52) <= number of random effects (=52) for term (1 + SampleCode | ID2); the random-effects parameters and the residual variance (or scale parameter) are probably unidentifiable,TRUE,FALSE,FALSE,-0.296727755767827,0.129378368838611,0.0218199168315156,-32.2644117608933,5.55427231675704,0.0622164304871195,0.46407199117635,-0.961516584543769,0.464295249785023,0.329715259553213,0.119545289023729,0.108734105039161
Q9HBI1,PARVB,52,26,-0.279063454301306,0.119704085950661,0.0197387265433901,0.108915473248349,-39.725998494776,FALSE,number of observations (=52) <= number of random effects (=52) for term (1 + SampleCode | ID2); the random-effects parameters and the residual variance (or scale parameter) are probably unidentifiable,TRUE,FALSE,FALSE,-0.279790704399369,0.119745781823817,0.0194631609002575,-39.7087455772825,0.0345058349869589,0.982895061840314,0.311389665273354,-0.323346541369191,0.428807362859403,0.368130354035084,0.111786556099992,0.108915473248349
P12111,COL6A3,52,26,0.304615371109398,0.130837936341439,0.0199020996645527,0.109426135166313,-37.1339024982862,FALSE,number of observations (=52) <= number of random effects (=52) for term (1 + SampleCode | ID2); the random-effects parameters and the residual variance (or scale parameter) are probably unidentifiable,TRUE,FALSE,FALSE,0.31456640431435,0.129293121893942,0.0149755040200165,-29.1384904361773,15.9908241242179,0.000337005245615332,0.560066781969905,0.179354178716807,0.469875977833224,0.243845005162484,0.0976251211431453,0.109426135166313
Q9UP79,ADAMTS8,45,25,0.549271668030731,0.236344980605426,0.0201241486270401,0.110254644073677,-53.1092077420541,FALSE,number of observations (=45) <= number of random effects (=50) for term (1 + SampleCode | ID2); the random-effects parameters and the residual variance (or scale parameter) are probably unidentifiable,TRUE,TRUE,FALSE,0.573786905170281,0.236560954634736,0.0152858363809093,-51.2656695768224,3.6870763304634,0.158256496727267,0.737059501572165,-0.105229947020405,0.787624428188661,0.596911899920744,0.098008684097872,0.110254644073677
Q9Y224,RTRAF,46,26,-0.142982379967719,0.0616143463882544,0.0203083302038409,0.110870565953831,-6.24883581925284,FALSE,number of observations (=46) <= number of random effects (=52) for term (1 + SampleCode | ID2); the random-effects parameters and the residual variance (or scale parameter) are probably unidentifiable,TRUE,TRUE,FALSE,-0.143292283196387,0.0616958155683741,0.0202027582560789,-6.24842103854116,0.000829561423351777,0.999585305297951,0.0657039683722797,-0.101714978793138,0.198562127497986,0.193316989861558,0.113917012794314,0.110870565953831
P80748,IGLV3-21,44,24,0.518441953290553,0.224576809151625,0.0209697623027298,0.114078460414498,-58.5579620718252,FALSE,number of observations (=44) <= number of random effects (=48) for term (1 + SampleCode | ID2); the random-effects parameters and the residual variance (or scale parameter) are probably unidentifiable,TRUE,TRUE,FALSE,0.520227804884827,0.227584351295489,0.0222619771521928,-58.3154470654535,0.485030012743451,0.784651972711196,0.546706665525607,-0.0223322610021447,0.727338522747842,0.619799296546737,0.121519457192915,0.114078460414498
O43182,ARHGAP6,52,26,-0.192070684495558,0.0832531768520692,0.0210510668532993,0.114118941362622,-11.036681731676,FALSE,number of observations (=52) <= number of random effects (=52) for term (1 + SampleCode | ID2); the random-effects parameters and the residual variance (or scale parameter) are probably unidentifiable,TRUE,TRUE,TRUE,-0.19409611336082,0.0833001620001239,0.0198018776714314,-8.60119495624733,4.8709735508574,0.0875551169936583,0.273693138222729,,0.299184555435064,0.228575867849728,0.112477577214565,0.114118941362622
Q8WUA8,TSKU,39,25,0.439409724686279,0.19077943971933,0.0212656711891634,0.114517642766995,-37.401253401936,FALSE,number of observations (=39) <= number of random effects (=50) for term (1 + SampleCode | ID2); the random-effects parameters and the residual variance (or scale parameter) are probably unidentifiable,TRUE,FALSE,FALSE,0.433276058827492,0.19109015690706,0.023366364575008,-36.9517810216431,0.898944760585763,0.637964665568271,0.462616744080758,-0.126504558197987,0.579018438664063,0.475287322237542,0.124943228078166,0.114517642766995
Q9UNF1,MAGED2,49,26,-0.217014778340036,0.0942269871592139,0.0212728566175583,0.114517642766995,-24.7970254917853,FALSE,number of observations (=49) <= number of random effects (=52) for term (1 + SampleCode | ID2); the random-effects parameters and the residual variance (or scale parameter) are probably unidentifiable,TRUE,FALSE,FALSE,-0.217117195512698,0.0942471175352244,0.0212394237806544,-24.7965668410832,0.000917301404342652,0.999541454461984,0.157642643726825,-0.252915761149356,0.323877092821709,0.304066716088077,0.118039243673061,0.114517642766995
P60842,EIF4A1,51,26,-0.208421532164938,0.0905545631337901,0.0213570235349589,0.114571532505248,-29.5649874264622,FALSE,number of observations (=51) <= number of random effects (=52) for term (1 + SampleCode | ID2); the random-effects parameters and the residual variance (or scale parameter) are probably unidentifiable,TRUE,FALSE,FALSE,-0.208422245757565,0.0907288507294764,0.0216074072172535,-29.4918552822659,0.146264288392715,0.929477996787204,0.154430410713551,0.0472898411809521,0.319293963578135,0.300309607793932,0.118816737350224,0.114571532505248
Q14766,LTBP1,52,26,-0.231198557872058,0.100555131232668,0.0214923431818612,0.114827203457999,-24.9960439704888,FALSE,number of observations (=52) <= number of random effects (=52) for term (1 + SampleCode | ID2); the random-effects parameters and the residual variance (or scale parameter) are probably unidentifiable,TRUE,FALSE,FALSE,-0.231197171491493,0.10056358722039,0.021504101099978,-24.9928146783632,0.00645858425114909,0.996775916430084,0.331142860409114,-0.569557728392309,0.360957858293666,0.274743407350098,0.118816737350224,0.114827203457999
Q7L7X3,TAOK1,51,26,-0.159624036931057,0.069457661996589,0.0215533262154172,0.114827203457999,-4.61648215927069,FALSE,number of observations (=51) <= number of random effects (=52) for term (1 + SampleCode | ID2); the random-effects parameters and the residual variance (or scale parameter) are probably unidentifiable,TRUE,TRUE,FALSE,-0.162196958074561,0.0699897260266717,0.0204798008732331,-2.27705595930242,4.67885239993654,0.0963829268931675,0.246529814656472,-0.0414907367806116,0.246998568470797,0.176137387385777,0.115059244905983,0.114827203457999
P08962,CD63,47,26,0.604835216439844,0.263904120013078,0.0219128656963977,0.116341503439637,-65.8613919877322,FALSE,number of observations (=47) <= number of random effects (=52) for term (1 + SampleCode | ID2); the random-effects parameters and the residual variance (or scale parameter) are probably unidentifiable,TRUE,FALSE,FALSE,0.604444120851602,0.264730825643911,0.0224162105501493,-65.6600545566912,0.402674862082023,0.817636489069022,0.744535438761316,-0.34418965849378,0.88905785620703,0.718029189334452,0.121519457192915,0.116341503439637
P07225,PROS1,52,26,0.167290242922537,0.0731574669711544,0.0222124908645403,0.11752841912916,-4.31453311754131,FALSE,number of observations (=52) <= number of random effects (=52) for term (1 + SampleCode | ID2); the random-effects parameters and the residual variance (or scale parameter) are probably unidentifiable,TRUE,FALSE,FALSE,0.166637143691223,0.0755162479961254,0.0273392476764157,-4.06541241889422,0.498241397294175,0.779485884814912,0.30537576882814,-0.807838803062666,0.262903892201156,0.164579314339949,0.133668157152096,0.11752841912916
P35916,FLT4,52,26,0.271893427377925,0.119195338568504,0.0225440486869762,0.118645522421439,-38.0568897846239,FALSE,number of observations (=52) <= number of random effects (=52) for term (1 + SampleCode | ID2); the random-effects parameters and the residual variance (or scale parameter) are probably unidentifiable,TRUE,FALSE,FALSE,0.276255185136808,0.119457900522118,0.0207460952960727,-36.7803692719205,2.55304102540684,0.279006412737297,0.382680518862011,0.131990377673765,0.427238993333687,0.332085506041739,0.115713780622499,0.118645522421439
P02654,APOC1,52,26,0.386475124989776,0.169578545194649,0.0226650951530894,0.118645522421439,-48.0310378029709,FALSE,number of observations (=52) <= number of random effects (=52) for term (1 + SampleCode | ID2); the random-effects parameters and the residual variance (or scale parameter) are probably unidentifiable,TRUE,FALSE,FALSE,0.388864002909199,0.186581894968664,0.0371468436652451,-47.234487104694,1.59310139655386,0.450881511349989,0.769302768061861,-0.78558284493783,0.609409557373844,0.393291074803629,0.159874512477078,0.118645522421439
Q01082,SPTBN1,52,26,-0.170609350197014,0.0748715294870748,0.0226852257684491,0.118645522421439,-23.7173582177804,FALSE,number of observations (=52) <= number of random effects (=52) for term (1 + SampleCode | ID2); the random-effects parameters and the residual variance (or scale parameter) are probably unidentifiable,TRUE,TRUE,FALSE,-0.172909563752881,0.074736256302727,0.0206898491497087,-23.5726112488758,0.289493937809297,0.865241198342818,0.1658996069373,0.0488203573462439,0.267018813204254,0.239312043991158,0.115713780622499,0.118645522421439
P11171,EPB41,51,26,0.410438577860672,0.180180563591932,0.0227307926451429,0.118645522421439,-55.6738769183325,FALSE,number of observations (=51) <= number of random effects (=52) for term (1 + SampleCode | ID2); the random-effects parameters and the residual variance (or scale parameter) are probably unidentifiable,TRUE,TRUE,TRUE,0.405375216780677,0.179930894541456,0.0242623340133933,-53.399981070277,4.54779169611101,0.102910474527196,0.508588511558698,-0.999999998391828,0.63971039920844,0.532557544975095,0.126310860700196,0.118645522421439
Q9P1Z2,CALCOCO1,51,26,-0.2012239353604,0.0884025702912633,0.0228326852058879,0.118776089707397,-26.7303747785936,FALSE,number of observations (=51) <= number of random effects (=52) for term (1 + SampleCode | ID2); the random-effects parameters and the residual variance (or scale parameter) are probably unidentifiable,TRUE,TRUE,FALSE,-0.1957935690581,0.0870358878616919,0.0244760744414753,-26.1943291778573,1.07209120147272,0.585057233942726,0.126247993523734,-0.951534739708136,0.312128319328572,0.295107949196423,0.126473361244412,0.118776089707397
Q2PZI1,DPY19L1,45,25,-0.290911802205423,0.128204035142486,0.02326033617647,0.12023933487706,-28.618374014261,FALSE,number of observations (=45) <= number of random effects (=50) for term (1 + SampleCode | ID2); the random-effects parameters and the residual variance (or scale parameter) are probably unidentifiable,TRUE,TRUE,FALSE,-0.290286101691995,0.128225633869447,0.0235821423185244,-28.6144762401547,0.00779554821271233,0.996109812355164,0.313218798461879,-0.587871564453045,0.423873711012772,0.36195022226408,0.124943228078166,0.12023933487706
P04180,LCAT,51,26,0.526790732157859,0.232170854328423,0.0232696188532303,0.12023933487706,-62.6604289939301,FALSE,number of observations (=51) <= number of random effects (=52) for term (1 + SampleCode | ID2); the random-effects parameters and the residual variance (or scale parameter) are probably unidentifiable,TRUE,FALSE,FALSE,0.54046679768794,0.241273170444871,0.0250869150399514,-59.1259486409378,7.06896070598458,0.0291739131878108,0.920223035475874,-0.672466456153805,0.826708875618645,0.569106743933528,0.128768384507392,0.12023933487706
P42345,MTOR,46,26,-0.164216647953488,0.0724832173896713,0.0234770090523817,0.120827833528186,-4.82843585704132,FALSE,number of observations (=46) <= number of random effects (=52) for term (1 + SampleCode | ID2); the random-effects parameters and the residual variance (or scale parameter) are probably unidentifiable,TRUE,FALSE,FALSE,-0.165802525921089,0.0726058868198755,0.0223952743896507,-4.72705212232487,0.20276746943289,0.903586228944416,0.181476328984965,-0.316194630064629,0.239357091495265,0.201737515990835,0.121519457192915,0.120827833528186
Q96J42,TXNDC15,52,26,0.286835987852432,0.126663217613881,0.0235399209656854,0.120827833528186,-35.0224447231309,FALSE,number of observations (=52) <= number of random effects (=52) for term (1 + SampleCode | ID2); the random-effects parameters and the residual variance (or scale parameter) are probably unidentifiable,TRUE,FALSE,FALSE,0.286399669288238,0.126757328247491,0.0238564739696175,-34.9183292593969,0.208230927468094,0.901121244590427,0.41021391368373,-0.542084098277845,0.454936585897503,0.350918913329567,0.124943228078166,0.120827833528186
Q16555,DPYSL2,52,26,-0.238900257948727,0.10592358699593,0.0241081144379606,0.122595572779218,-34.8815110476776,FALSE,number of observations (=52) <= number of random effects (=52) for term (1 + SampleCode | ID2); the random-effects parameters and the residual variance (or scale parameter) are probably unidentifiable,TRUE,TRUE,FALSE,-0.239368726735403,0.105750720144959,0.0236037365987814,-34.8301601778895,0.102701739576162,0.949945304944056,0.154960748161993,-0.471644994309227,0.379186498624016,0.362375904420898,0.124943228078166,0.122595572779218
Q9Y4E8,USP15,51,26,-0.152085614721789,0.0674380954389326,0.0241215018519184,0.122595572779218,-14.2489829146853,FALSE,number of observations (=51) <= number of random effects (=52) for term (1 + SampleCode | ID2); the random-effects parameters and the residual variance (or scale parameter) are probably unidentifiable,TRUE,FALSE,FALSE,-0.15084963202663,0.0677475410721018,0.0259710993443454,-14.1403344559342,0.217296917502289,0.897045710645116,0.118674065924571,0.0946026353103784,0.23686364251679,0.222452662731827,0.131558519629553,0.122595572779218
O60814;P57053;P58876;P62807;Q5QNW6;Q93079;Q99877;Q99879;Q99880,H2BC12;H2BC12L;H2BC13;H2BC14;H2BC15;H2BC18;H2BC4;H2BC5;H2BC9,48,26,0.788910923261351,0.349885131243648,0.0241476928112584,0.122595572779218,-77.1692349297266,FALSE,number of observations (=48) <= number of random effects (=52) for term (1 + SampleCode | ID2); the random-effects parameters and the residual variance (or scale parameter) are probably unidentifiable,TRUE,TRUE,TRUE,0.793098246832408,0.376447046820814,0.0351350096715389,-71.3891064061999,11.5602570470533,0.00308831846114878,1.43940948770155,,1.20774364328095,0.75255845371768,0.155540372328159,0.122595572779218
Q13740,ALCAM,52,26,0.342499015525856,0.15195759224681,0.0242017150146676,0.122595572779218,-46.6252592442323,FALSE,number of observations (=52) <= number of random effects (=52) for term (1 + SampleCode | ID2); the random-effects parameters and the residual variance (or scale parameter) are probably unidentifiable,TRUE,FALSE,FALSE,0.338558346103089,0.152304300605796,0.0262220494594706,-46.2032956143527,0.843927259759184,0.655757888953113,0.506011759799635,-0.764196613759499,0.545448049631268,0.413512831110281,0.131964385716228,0.122595572779218
Q8NFQ8,TOR1AIP2,51,26,-0.274685979529036,0.121999679806037,0.0243519680176424,0.122953564010645,-34.1496248637632,FALSE,number of observations (=51) <= number of random effects (=52) for term (1 + SampleCode | ID2); the random-effects parameters and the residual variance (or scale parameter) are probably unidentifiable,TRUE,FALSE,FALSE,-0.278691787176161,0.123254557058915,0.0237526092070361,-33.6035905569666,1.09206861359303,0.579242359090161,0.330104857598563,-0.0568444004767315,0.433618522277355,0.369481618317899,0.124943228078166,0.122953564010645
P08519,LPA,52,26,0.233403377457838,0.103779947781161,0.0245111014799106,0.123353914613882,-65.0588174005539,FALSE,number of observations (=52) <= number of random effects (=52) for term (1 + SampleCode | ID2); the random-effects parameters and the residual variance (or scale parameter) are probably unidentifiable,TRUE,FALSE,FALSE,0.243789949929283,0.104285982939347,0.0194025137238545,-63.0469331215165,4.02376855807493,0.133736440332435,0.294753812427565,0.655058827418589,0.363489399455776,0.301421695438938,0.111786556099992,0.123353914613882
Q99683,MAP3K5,44,24,-0.325739899407765,0.144963694542697,0.0246371714526146,0.123585811345096,-30.0284519840742,FALSE,number of observations (=44) <= number of random effects (=48) for term (1 + SampleCode | ID2); the random-effects parameters and the residual variance (or scale parameter) are probably unidentifiable,TRUE,FALSE,FALSE,-0.319630886282843,0.159411084189291,0.0449552263765679,-28.900175884968,2.25655219821235,0.323590614018333,0.498098611845433,-0.860832662650786,0.478799324851067,0.389831102893369,0.174951699626694,0.123585811345096
P40238,MPL,47,26,-0.346887687333287,0.154473564200736,0.0247288720579946,0.123644360289973,-41.000444577474,FALSE,number of observations (=47) <= number of random effects (=52) for term (1 + SampleCode | ID2); the random-effects parameters and the residual variance (or scale parameter) are probably unidentifiable,TRUE,FALSE,FALSE,-0.348722023088113,0.154298526137281,0.0238182929722452,-40.8839106959025,0.233067763142998,0.889999941869165,0.446146088788957,-0.403462114434971,0.52127158525631,0.41525887367924,0.124943228078166,0.123644360289973
Q96AP7,ESAM,52,26,-0.190259014829912,0.0848398400151221,0.0249247583820706,0.124221779678384,-31.7953586752906,FALSE,number of observations (=52) <= number of random effects (=52) for term (1 + SampleCode | ID2); the random-effects parameters and the residual variance (or scale parameter) are probably unidentifiable,TRUE,FALSE,FALSE,-0.189843157550596,0.0848271139953848,0.0252209963707842,-30.8367388095198,1.91723973154148,0.38342169438254,0.26420300989983,0.186372742866272,0.302259440995673,0.237745207730921,0.128979588747667,0.124221779678384
P14543,NID1,52,26,0.203725387492053,0.0909443053475453,0.0250836828360335,0.124611864892835,-24.8796011672759,FALSE,number of observations (=52) <= number of random effects (=52) for term (1 + SampleCode | ID2); the random-effects parameters and the residual variance (or scale parameter) are probably unidentifiable,TRUE,FALSE,FALSE,0.203717943240134,0.0909425119058326,0.0250861285541845,-24.8719907137167,0.0152209071183478,0.992418432617096,0.204120378615665,-0.422818186991436,0.325859828330483,0.292149683064006,0.128768384507392,0.124611864892835
Q7LGC8,CHST3,52,26,0.314619123644555,0.140739193622967,0.0253860996683433,0.12547658760586,-43.2223726823092,FALSE,number of observations (=52) <= number of random effects (=52) for term (1 + SampleCode | ID2); the random-effects parameters and the residual variance (or scale parameter) are probably unidentifiable,TRUE,FALSE,FALSE,0.316399939680962,0.140522544066516,0.0243478403831643,-42.442945431324,1.55885450197046,0.458668638099003,0.41059515733882,-0.0867166298771437,0.505086505341824,0.412450973437647,0.126310860700196,0.12547658760586
Q96RL7,VPS13A,50,26,-0.18080854541227,0.0809002367841382,0.0254201760004105,0.12547658760586,-10.5291183596759,FALSE,number of observations (=50) <= number of random effects (=52) for term (1 + SampleCode | ID2); the random-effects parameters and the residual variance (or scale parameter) are probably unidentifiable,TRUE,FALSE,FALSE,-0.176571574150781,0.0795915644295311,0.0265227376732244,-9.39005751974091,2.27812167986995,0.32011952415744,0.258863133088845,-0.893039353595458,0.284344442244744,0.214180259088942,0.132185902274618,0.12547658760586
Q8N9U0,TC2N,52,26,-0.263667986828432,0.118192457439679,0.0256919955592298,0.12641443674844,-45.4039232727166,FALSE,number of observations (=52) <= number of random effects (=52) for term (1 + SampleCode | ID2); the random-effects parameters and the residual variance (or scale parameter) are probably unidentifiable,TRUE,TRUE,FALSE,-0.264900215470406,0.118424654367525,0.0252950261427464,-45.3870504727811,0.0337455998709402,0.983268748528936,0.189661728109364,-0.0484788349037255,0.422042206424211,0.401055533577209,0.128979588747667,0.12641443674844
O15327,INPP4B,51,26,-0.200439696469557,0.0903543399871479,0.0265293590769461,0.129724393079066,-16.8600221320698,FALSE,number of observations (=51) <= number of random effects (=52) for term (1 + SampleCode | ID2); the random-effects parameters and the residual variance (or scale parameter) are probably unidentifiable,TRUE,FALSE,FALSE,-0.202702071240819,0.0906875780137179,0.0254062499173812,-15.6601587000535,2.39972686403257,0.301235348207316,0.254299782107988,0.143457177366069,0.321545077728827,0.266693367196802,0.129120579349848,0.129724393079066
P00739,HPR,52,26,0.499855134562827,0.225329902350098,0.0265326266750711,0.129724393079066,-69.4387816251612,FALSE,number of observations (=52) <= number of random effects (=52) for term (1 + SampleCode | ID2); the random-effects parameters and the residual variance (or scale parameter) are probably unidentifiable,TRUE,FALSE,FALSE,0.5075515672188,0.224217259259854,0.0235950547556492,-68.3884710229322,2.10062120445798,0.349829074544429,0.711077852033734,-0.0147941928841121,0.808189016720222,0.627840903142548,0.124943228078166,0.129724393079066
P02753,RBP4,52,26,-0.242761505735822,0.109723594081282,0.026933360423181,0.131268270832223,-43.8141816530818,FALSE,number of observations (=52) <= number of random effects (=52) for term (1 + SampleCode | ID2); the random-effects parameters and the residual variance (or scale parameter) are probably unidentifiable,TRUE,FALSE,FALSE,-0.235776611625552,0.1096217139515,0.0314903833388955,-41.5379601978824,4.55244291039887,0.102671423269848,0.351856492883972,0.45023315753397,0.391258541648599,0.302165001240198,0.146104030806587,0.131268270832223
P55290,CDH13,52,26,0.338095311389984,0.152963622773653,0.0270844320706629,0.131526321667037,-61.0420685346246,FALSE,number of observations (=52) <= number of random effects (=52) for term (1 + SampleCode | ID2); the random-effects parameters and the residual variance (or scale parameter) are probably unidentifiable,TRUE,TRUE,FALSE,0.339308678411421,0.152771491583639,0.0263495446598332,-60.9649366075082,0.154263854232909,0.925767711685048,0.128097541064888,-0.592528947660412,0.545463033475326,0.53726031957882,0.13217547564754,0.131526321667037
Q86UX7,FERMT3,52,26,-0.184112797202329,0.0833556815995339,0.0271912535392815,0.131526321667037,-29.2246152613401,FALSE,number of observations (=52) <= number of random effects (=52) for term (1 + SampleCode | ID2); the random-effects parameters and the residual variance (or scale parameter) are probably unidentifiable,TRUE,FALSE,FALSE,-0.184152181615135,0.0833539971373237,0.0271552858180058,-29.2244535662042,0.000323390271759649,0.999838317936074,0.0641984214065575,-0.0587325309013615,0.297290325988684,0.293796518430768,0.133355047524088,0.131526321667037
P27824,CANX,52,26,-0.187490620015607,0.0849198664198486,0.0272544907240504,0.131526321667037,-17.3345544895473,FALSE,number of observations (=52) <= number of random effects (=52) for term (1 + SampleCode | ID2); the random-effects parameters and the residual variance (or scale parameter) are probably unidentifiable,TRUE,FALSE,FALSE,-0.187664884838982,0.0849435798922168,0.0271545718653945,-17.3173410998039,0.0344267794869708,0.982933914238458,0.250502019661599,-0.48140353628099,0.304723496374255,0.248056670567878,0.133355047524088,0.131526321667037
O75083,WDR1,52,26,-0.20177602865718,0.0914330476584852,0.0273268279968407,0.131526321667037,-17.1759661023807,FALSE,number of observations (=52) <= number of random effects (=52) for term (1 + SampleCode | ID2); the random-effects parameters and the residual variance (or scale parameter) are probably unidentifiable,TRUE,FALSE,FALSE,-0.201900797272448,0.0914076609163704,0.0271888931845228,-17.1737162326442,0.0044997394728199,0.997752659323465,0.325784704577834,-0.661477048207431,0.32847809430576,0.234027170689916,0.133355047524088,0.131526321667037
Q4V328,GRIPAP1,51,26,-0.149330312456922,0.0677168263017085,0.027438854340621,0.131655372534967,-5.83447181965901,FALSE,number of observations (=51) <= number of random effects (=52) for term (1 + SampleCode | ID2); the random-effects parameters and the residual variance (or scale parameter) are probably unidentifiable,TRUE,FALSE,FALSE,-0.149409970120492,0.0678613677415186,0.0276869267481501,-5.7453266666289,0.178290306060219,0.914712790604524,0.17389311248393,-0.305369595588432,0.240409267140102,0.206883338665591,0.134516672408465,0.131655372534967
P02656,APOC3,52,26,0.301531067880537,0.137296511478159,0.0280773867978006,0.134302051401244,-40.5806832119012,FALSE,number of observations (=52) <= number of random effects (=52) for term (1 + SampleCode | ID2); the random-effects parameters and the residual variance (or scale parameter) are probably unidentifiable,TRUE,TRUE,FALSE,0.300684660747425,0.137430209380246,0.02867630116318,-40.4153258257626,0.330714772277133,0.847590732773196,0.44740172434672,-0.469303811669239,0.492937261999246,0.378671991533992,0.136743473139238,0.134302051401244
Q9NQ79,CRTAC1,52,26,0.316169506520315,0.144204412533635,0.0283427568473292,0.135152960892357,-39.6026496015725,FALSE,number of observations (=52) <= number of random effects (=52) for term (1 + SampleCode | ID2); the random-effects parameters and the residual variance (or scale parameter) are probably unidentifiable,TRUE,FALSE,FALSE,0.315744452278932,0.15264966038267,0.0386000280704128,-39.3738542921553,0.457590618834388,0.795491346428707,0.599425991991295,-0.805329127957485,0.518223264108121,0.348840008702504,0.162383150395135,0.135152960892357
P11277,SPTB,52,26,-0.149229309770079,0.0681315417426346,0.0285016423413107,0.135492422822538,-5.00912663970856,FALSE,number of observations (=52) <= number of random effects (=52) for term (1 + SampleCode | ID2); the random-effects parameters and the residual variance (or scale parameter) are probably unidentifiable,TRUE,FALSE,FALSE,-0.144776628018948,0.0683113715051302,0.0340597582161975,-3.51823222254833,2.98178883432046,0.225171168489048,0.202539159740134,-0.938401905892703,0.244549172831052,0.199214609846249,0.153320034847198,0.135492422822538
P55058,PLTP,52,26,0.33826458172355,0.154927889735154,0.0290087276745593,0.137480013058878,-44.7191648809981,FALSE,number of observations (=52) <= number of random effects (=52) for term (1 + SampleCode | ID2); the random-effects parameters and the residual variance (or scale parameter) are probably unidentifiable,TRUE,FALSE,FALSE,0.340138661638184,0.154860863788992,0.0280622818534558,-44.2424362913086,0.9534571793791,0.620811000936428,0.428586513290296,-0.312818356245878,0.556569403319767,0.466590568051983,0.13506612293953,0.137480013058878
P0C0L4,C4A,52,26,0.692974204282204,0.317996530065101,0.0293177092374893,0.138519451901899,-80.7246992194919,FALSE,number of observations (=52) <= number of random effects (=52) for term (1 + SampleCode | ID2); the random-effects parameters and the residual variance (or scale parameter) are probably unidentifiable,TRUE,FALSE,FALSE,0.691827656068829,0.322194476925372,0.0317744792221508,-80.605124850456,0.239148738071805,0.88729801786713,1.21250562870877,-0.779575079189477,1.14277501561858,0.778528481512366,0.146980749695278,0.138519451901899
Q8NBP7,PCSK9,52,26,0.271902639568838,0.124907800415419,0.029493497373872,0.138925162934854,-34.3619880555546,FALSE,number of observations (=52) <= number of random effects (=52) for term (1 + SampleCode | ID2); the random-effects parameters and the residual variance (or scale parameter) are probably unidentifiable,TRUE,FALSE,FALSE,0.275645150657313,0.125089359045432,0.0275534782047657,-30.8823469387517,6.95928223360563,0.0308184692791103,0.477482357562894,-0.0138313658578078,0.44862369080937,0.29696078125428,0.134290611439631,0.138925162934854
O00533,CHL1,52,26,0.331178952339354,0.15244045638486,0.0298169510569183,0.140021852227777,-42.4908463618251,FALSE,number of observations (=52) <= number of random effects (=52) for term (1 + SampleCode | ID2); the random-effects parameters and the residual variance (or scale parameter) are probably unidentifiable,TRUE,FALSE,FALSE,0.33207054010239,0.154210181371416,0.0312901400478308,-42.4258247605268,0.130043202596497,0.937047221722272,0.577798632392194,-0.678998642287476,0.547820898833232,0.37453554616266,0.146052164271597,0.140021852227777
P07360,C8G,52,26,0.432681997606854,0.199444777448931,0.0300498579202484,0.140434172716405,-61.0503500976489,FALSE,number of observations (=52) <= number of random effects (=52) for term (1 + SampleCode | ID2); the random-effects parameters and the residual variance (or scale parameter) are probably unidentifiable,TRUE,FALSE,FALSE,0.439854177762333,0.198433760643849,0.026648402706544,-57.5913467947741,6.91800660574953,0.03146110358825,0.786158642959905,-0.0184812763776824,0.715838405723339,0.446203516261861,0.132385151709359,0.140434172716405
Q15582,TGFBI,52,26,0.265972126653821,0.122627183906349,0.0300865444460389,0.140434172716405,-31.1743285515167,FALSE,number of observations (=52) <= number of random effects (=52) for term (1 + SampleCode | ID2); the random-effects parameters and the residual variance (or scale parameter) are probably unidentifiable,TRUE,FALSE,FALSE,0.272701570334892,0.129315454206728,0.0349610870314129,-25.7383855090933,10.8718860848468,0.00435712413018607,0.537877981188009,-0.576799207756209,0.44068179604083,0.268207394554569,0.155540372328159,0.140434172716405
Q99816,TSG101,48,26,-0.204128038900405,0.0942706299584671,0.0303615979708456,0.141291171279989,-17.723407986578,FALSE,number of observations (=48) <= number of random effects (=52) for term (1 + SampleCode | ID2); the random-effects parameters and the residual variance (or scale parameter) are probably unidentifiable,TRUE,FALSE,FALSE,-0.196253215987193,0.0921936373804033,0.0332785320186673,-17.3685539546766,0.709708063802722,0.701275799633098,0.265107287972041,-0.81300220943668,0.320802928716835,0.255763023712559,0.151558862916417,0.141291171279989
Q7Z6Z7,HUWE1,51,26,-0.157905754254237,0.073030524975723,0.0306036569827343,0.141989940055028,-7.40711641518703,FALSE,number of observations (=51) <= number of random effects (=52) for term (1 + SampleCode | ID2); the random-effects parameters and the residual variance (or scale parameter) are probably unidentifiable,TRUE,FALSE,FALSE,-0.158051537593043,0.0726621569257681,0.0296184168303733,-6.26009011194612,2.29405260648182,0.317579752491988,0.194479065674564,-0.932775789984417,0.259665456949852,0.219836048416116,0.140375601783316,0.141989940055028
P16112,ACAN,51,26,0.288811191351561,0.133731483480722,0.0308009372786938,0.14247738950773,-53.5010661668431,FALSE,number of observations (=51) <= number of random effects (=52) for term (1 + SampleCode | ID2); the random-effects parameters and the residual variance (or scale parameter) are probably unidentifiable,TRUE,FALSE,FALSE,0.283168422537045,0.134247072052435,0.0349180050475017,-53.0733939170432,0.855344499599809,0.652025081133036,0.369148674958321,0.090981064258757,0.469821351814463,0.391358288284832,0.155540372328159,0.14247738950773
P55010,EIF5,52,26,-0.249993819840115,0.115848506986741,0.0309327033043918,0.142659780911299,-44.7877605532284,FALSE,number of observations (=52) <= number of random effects (=52) for term (1 + SampleCode | ID2); the random-effects parameters and the residual variance (or scale parameter) are probably unidentifiable,TRUE,FALSE,FALSE,-0.248444839211375,0.115933156383115,0.0321130394397577,-44.5243742852829,0.526772535891041,0.768445014299737,0.302369834571861,0.00917185455874635,0.413569140611044,0.354401160833133,0.147392235942753,0.142659780911299
O00232,PSMD12,52,26,-0.19600054530907,0.0909463012785762,0.031152141811351,0.143244223507551,-26.2244210357957,FALSE,number of observations (=52) <= number of random effects (=52) for term (1 + SampleCode | ID2); the random-effects parameters and the residual variance (or scale parameter) are probably unidentifiable,TRUE,FALSE,FALSE,-0.199625369399666,0.0910243861546636,0.0283003427018213,-24.7828426585997,2.88315675439203,0.236554092281554,0.28987096486297,0.175106108129241,0.325678662082834,0.253679031152315,0.135788911410913,0.143244223507551
P02741,CRP,51,26,0.463964366654947,0.215854367233371,0.0316001408452258,0.144684674038516,-79.629323971893,FALSE,number of observations (=51) <= number of random effects (=52) for term (1 + SampleCode | ID2); the random-effects parameters and the residual variance (or scale parameter) are probably unidentifiable,TRUE,TRUE,FALSE,0.464235278740215,0.215809535625883,0.0314656066023561,-79.6288696446451,0.000908654495844985,0.999545775943074,0.415444681960851,-0.19739088313499,0.757098484722621,0.697696453679808,0.146104030806587,0.144684674038516
P20774,OGN,50,26,0.425628608972285,0.198080187531401,0.0316526989158696,0.144684674038516,-59.7346917388307,FALSE,number of observations (=50) <= number of random effects (=52) for term (1 + SampleCode | ID2); the random-effects parameters and the residual variance (or scale parameter) are probably unidentifiable,TRUE,TRUE,FALSE,0.426126955403118,0.20219223555723,0.0350713415286694,-58.0105107068882,3.448362063885,0.178319029578429,0.509680217025535,-0.999523136913459,0.694863253238328,0.612133666065629,0.155540372328159,0.144684674038516
Q9BUN1,MENT,52,26,0.458441600125049,0.213668156287959,0.0319066978376234,0.145415481295363,-66.6200642329548,FALSE,number of observations (=52) <= number of random effects (=52) for term (1 + SampleCode | ID2); the random-effects parameters and the residual variance (or scale parameter) are probably unidentifiable,TRUE,FALSE,FALSE,0.451646514137483,0.212880831135021,0.0338719177100617,-64.7866974260619,3.66673361378588,0.159874394425054,0.543483227352207,-0.998719216642009,0.766377046144685,0.660477210705025,0.15301787386563,0.145415481295363
P35237,SERPINB6,51,26,-0.139143767459749,0.0650316905116007,0.0323846658842341,0.147159731738652,-12.1119498307155,FALSE,number of observations (=51) <= number of random effects (=52) for term (1 + SampleCode | ID2); the random-effects parameters and the residual variance (or scale parameter) are probably unidentifiable,TRUE,TRUE,FALSE,-0.139316035567166,0.0650145861720776,0.0321257261244747,-12.1113953216551,0.00110901812074715,0.999445644651363,0.0813596245261776,-0.132660546206876,0.229411788259812,0.221989053776656,0.147392235942753,0.147159731738652
P55209,NAP1L1,52,26,-0.20888926973613,0.0982841973575401,0.0335566123878009,0.152038023868482,-32.692576502413,FALSE,number of observations (=52) <= number of random effects (=52) for term (1 + SampleCode | ID2); the random-effects parameters and the residual variance (or scale parameter) are probably unidentifiable,TRUE,FALSE,FALSE,-0.212581343061787,0.0987122457948134,0.0312758080950992,-32.0983881858709,1.18837663308403,0.552010441820749,0.280992115395136,0.0883098427519957,0.351548985931432,0.291998460424416,0.146052164271597,0.152038023868482
P35555,FBN1,52,26,0.532745857854552,0.250891674383888,0.0337195207890469,0.15232941409087,-68.399700759198,FALSE,number of observations (=52) <= number of random effects (=52) for term (1 + SampleCode | ID2); the random-effects parameters and the residual variance (or scale parameter) are probably unidentifiable,TRUE,TRUE,FALSE,0.534174057664453,0.256961454377967,0.0376348114284845,-66.4370050848712,3.92539134865359,0.140479223817628,0.883541662272114,-0.442324649259011,0.901622219129005,0.680810984875711,0.160181222195616,0.15232941409087
P13497,BMP1,50,26,0.270884344000564,0.127769805163913,0.0339978900756873,0.152980451991723,-48.6134454331655,FALSE,number of observations (=50) <= number of random effects (=52) for term (1 + SampleCode | ID2); the random-effects parameters and the residual variance (or scale parameter) are probably unidentifiable,TRUE,FALSE,FALSE,0.25971138993983,0.128815995993409,0.0437850885892731,-48.0723393533545,1.08221215962206,0.582104042636496,0.354130822535517,0.137227757223307,0.444784547025736,0.369347388636625,0.170828186541482,0.152980451991723
P23588,EIF4B,40,23,-0.366825078068414,0.173084508015947,0.0340616669806814,0.152980451991723,-36.3377321636431,FALSE,number of observations (=40) <= number of random effects (=46) for term (1 + SampleCode | ID2); the random-effects parameters and the residual variance (or scale parameter) are probably unidentifiable,TRUE,FALSE,FALSE,-0.366386658994278,0.1731787171957,0.0343740424497607,-36.3355373660017,0.00438959528280236,0.997807609165802,0.430833920162553,-0.544252387318856,0.537877856721146,0.443706866356573,0.153935929231537,0.152980451991723
Q6P3X3,TTC27,51,26,-0.170968843402337,0.0807924111615161,0.034332070531457,0.153260965495906,-21.8368085469708,FALSE,number of observations (=51) <= number of random effects (=52) for term (1 + SampleCode | ID2); the random-effects parameters and the residual variance (or scale parameter) are probably unidentifiable,TRUE,FALSE,FALSE,-0.171333357130074,0.0805209483161903,0.0333527594767519,-21.3827976969417,0.908021700058313,0.635075842617138,0.107346219320463,-0.899927263724156,0.285329672704292,0.274966603808457,0.151558862916417,0.153260965495906
P21333,FLNA,52,26,-0.299406375636692,0.141504918386922,0.034355646736138,0.153260965495906,-38.6199874494211,FALSE,number of observations (=52) <= number of random effects (=52) for term (1 + SampleCode | ID2); the random-effects parameters and the residual variance (or scale parameter) are probably unidentifiable,TRUE,TRUE,FALSE,-0.299805493266056,0.144173082854277,0.0375729669998922,-38.5606976356716,0.118579627499074,0.94243359935971,0.509541101939754,-0.697446545121371,0.50852216936649,0.372482413035311,0.160181222195616,0.153260965495906
P07358,C8B,52,26,0.33464739017672,0.158281545583692,0.0344935793210041,0.153260965495906,-44.5421680233653,FALSE,number of observations (=52) <= number of random effects (=52) for term (1 + SampleCode | ID2); the random-effects parameters and the residual variance (or scale parameter) are probably unidentifiable,TRUE,TRUE,TRUE,0.336762828727036,0.158966883624281,0.0341372763672725,-40.6432721146908,7.79779181734897,0.0202642727068092,0.582154484412728,,0.568798930679241,0.396764296386607,0.153320034847198,0.153260965495906
A0A0C4DH67,IGKV1-8,47,25,0.569779290422982,0.269587514950612,0.0345560675354999,0.153260965495906,-75.5250330581538,FALSE,number of observations (=47) <= number of random effects (=50) for term (1 + SampleCode | ID2); the random-effects parameters and the residual variance (or scale parameter) are probably unidentifiable,TRUE,FALSE,FALSE,0.63054544148785,0.268504961816413,0.0188564505671277,-74.0113520243881,3.0273620675313,0.220098295702763,0.589847306278069,-0.969297881613085,0.902582545733529,0.794681927401328,0.109961818990125,0.153260965495906
P45954,ACADSB,44,26,0.243264470901235,0.115139844044878,0.0346201145359683,0.153260965495906,-19.8549362832496,FALSE,number of observations (=44) <= number of random effects (=52) for term (1 + SampleCode | ID2); the random-effects parameters and the residual variance (or scale parameter) are probably unidentifiable,TRUE,TRUE,FALSE,0.250485005993502,0.123213699483031,0.042059448084881,-19.2507848679985,1.20830283050217,0.54653801373858,0.375401872403973,-0.758453372306063,0.379959739213601,0.310714936302545,0.168143308778561,0.153260965495906
P42356,PI4KA,47,25,0.204959839438737,0.0971213692673399,0.0348284344516325,0.153742660650778,-14.8772653673268,FALSE,number of observations (=47) <= number of random effects (=50) for term (1 + SampleCode | ID2); the random-effects parameters and the residual variance (or scale parameter) are probably unidentifiable,TRUE,FALSE,FALSE,0.2048808210676,0.105030491291931,0.0510951893363769,-14.5127290911834,0.729072552286709,0.694518641077693,0.410214961721447,-0.803216283024996,0.332072828158847,0.215265450111223,0.185746041234594,0.153742660650778
Q9Y608,LRRFIP2,52,26,-0.201762282366501,0.0958079556858146,0.035212759935137,0.154996336466629,-28.0869257093605,FALSE,number of observations (=52) <= number of random effects (=52) for term (1 + SampleCode | ID2); the random-effects parameters and the residual variance (or scale parameter) are probably unidentifiable,TRUE,FALSE,FALSE,-0.207540062370627,0.0960456738525449,0.0307071149196622,-26.6779965800487,2.81785825862359,0.244404869076438,0.308786772212517,0.150787392224912,0.343214739184418,0.266150361723115,0.144641745581946,0.154996336466629
Q05397,PTK2,50,26,-0.139326523370968,0.0662786385111684,0.0355416134283043,0.155999411212302,-10.5541162961295,FALSE,number of observations (=50) <= number of random effects (=52) for term (1 + SampleCode | ID2); the random-effects parameters and the residual variance (or scale parameter) are probably unidentifiable,TRUE,FALSE,FALSE,-0.138590829845602,0.0661384366213379,0.0361296084731972,-10.4261828474917,0.255866897275666,0.879911936534048,0.0438390578968408,-0.997065455647344,0.230755413345317,0.228226656136801,0.157649750182477,0.155999411212302
Q9UKG1,APPL1,47,25,0.159219909499638,0.0758395058822233,0.0357788084439595,0.156043193943081,-3.07394564008743,FALSE,number of observations (=47) <= number of random effects (=50) for term (1 + SampleCode | ID2); the random-effects parameters and the residual variance (or scale parameter) are probably unidentifiable,TRUE,TRUE,TRUE,0.159355814572616,0.0776867778055707,0.0402415901039884,-1.75904632357494,2.62979863302498,0.268501355531237,0.215956403847298,,0.258325351942817,0.212853924511014,0.165482384523038,0.156043193943081
Q86WI1,PKHD1L1,52,26,0.174162031772669,0.0829950267333535,0.0358642236247545,0.156043193943081,-32.6109365591441,FALSE,number of observations (=52) <= number of random effects (=52) for term (1 + SampleCode | ID2); the random-effects parameters and the residual variance (or scale parameter) are probably unidentifiable,TRUE,FALSE,FALSE,0.178726509122029,0.0835944557814844,0.032515226082391,-32.0099253067236,1.20202250484098,0.548256929520087,0.240609663714064,0.189883328793747,0.295288641889915,0.244148200636804,0.148627290820397,0.156043193943081
P21796,VDAC1,51,26,-0.291887711222513,0.139098326420118,0.0358674248657536,0.156043193943081,-36.573572024168,FALSE,number of observations (=51) <= number of random effects (=52) for term (1 + SampleCode | ID2); the random-effects parameters and the residual variance (or scale parameter) are probably unidentifiable,TRUE,FALSE,FALSE,-0.300359508957996,0.155594649550396,0.0535576152455097,-35.8073598008212,1.53242444669347,0.464770184081766,0.649031269341751,-0.863108610517717,0.495687460916483,0.314948814095045,0.188918985283819,0.156043193943081
P28062,PSMB8,52,26,0.408897800332851,0.194951881132882,0.0359555838470788,0.156043193943081,-55.2817384927159,FALSE,number of observations (=52) <= number of random effects (=52) for term (1 + SampleCode | ID2); the random-effects parameters and the residual variance (or scale parameter) are probably unidentifiable,TRUE,FALSE,FALSE,0.408681644485849,0.214825762920187,0.0571206365559044,-54.5249837860364,1.51350941335896,0.469186607122697,0.891300470408731,-0.858925268456149,0.700592987479742,0.447397239470599,0.196114185508605,0.156043193943081
P48643,CCT5,52,26,-0.207705305913113,0.0992654674710475,0.0364007303261711,0.157228748003735,-27.7610446811488,FALSE,number of observations (=52) <= number of random effects (=52) for term (1 + SampleCode | ID2); the random-effects parameters and the residual variance (or scale parameter) are probably unidentifiable,TRUE,FALSE,FALSE,-0.207048745332568,0.0992487551586104,0.0369641666328744,-26.6879095965235,2.14627016925046,0.341934840602672,0.321502746964081,-0.0418474900040211,0.355910503874228,0.273911314918127,0.159874512477078,0.157228748003735
P04908;P0C0S8;P20671;Q7L7L0;Q93077;Q96KK5;Q99878;Q9BTM1,H2AC11;H2AC12;H2AC14;H2AC25;H2AC4;H2AC6;H2AC7;H2AJ,51,26,0.817390278303432,0.390744875128043,0.0364495060332946,0.157228748003735,-89.0811556268912,FALSE,number of observations (=51) <= number of random effects (=52) for term (1 + SampleCode | ID2); the random-effects parameters and the residual variance (or scale parameter) are probably unidentifiable,TRUE,FALSE,FALSE,0.84659804669215,0.392729559641035,0.0311089017584661,-85.5568360619849,7.0486391298127,0.0294718542319337,1.46075953109919,0.0395958246453295,1.38784306872295,0.927726043779465,0.146052164271597,0.157228748003735
O15084,ANKRD28,45,26,-0.188518614889664,0.0901874915063854,0.0365911565226075,0.157228748003735,-15.4282258686566,FALSE,number of observations (=45) <= number of random effects (=52) for term (1 + SampleCode | ID2); the random-effects parameters and the residual variance (or scale parameter) are probably unidentifiable,TRUE,TRUE,FALSE,-0.187447863276785,0.0890794373475785,0.0353542401733476,-14.6333878510631,1.58967603518698,0.451654389062442,0.161199078246344,-0.995401105391113,0.293977884994072,0.271230971728864,0.155619091361316,0.157228748003735
P00742,F10,52,26,0.279721081508719,0.133897312044013,0.0367012719497824,0.157228748003735,-43.6426189009817,FALSE,number of observations (=52) <= number of random effects (=52) for term (1 + SampleCode | ID2); the random-effects parameters and the residual variance (or scale parameter) are probably unidentifiable,TRUE,FALSE,FALSE,0.279144118750605,0.133906654448691,0.0371040594389027,-42.9287740033592,1.4276897952448,0.489757505248565,0.411040959967778,-0.0826517815627028,0.480022583111888,0.382188098325895,0.159874512477078,0.157228748003735
Q5VYK3,ECPAS,45,26,-0.176241367082906,0.084379777211964,0.0367375909575069,0.157228748003735,-7.02472083056181,FALSE,number of observations (=45) <= number of random effects (=52) for term (1 + SampleCode | ID2); the random-effects parameters and the residual variance (or scale parameter) are probably unidentifiable,TRUE,FALSE,FALSE,-0.176941806875928,0.0888354886732605,0.0463938952268003,-6.33743744114202,1.37456677883958,0.50294050840811,0.26465286734426,-0.715141234662642,0.282851394831294,0.23387480624068,0.176592781115402,0.157228748003735
P11216,PYGB,52,26,0.115087200499191,0.0551608159373725,0.0369429396901663,0.157670833760516,-21.8197772817585,FALSE,number of observations (=52) <= number of random effects (=52) for term (1 + SampleCode | ID2); the random-effects parameters and the residual variance (or scale parameter) are probably unidentifiable,TRUE,FALSE,FALSE,0.114859191749978,0.0551415512000067,0.0372523135868921,-21.7893087971538,0.0609369692092798,0.969991001235408,0.0991646828894137,0.0360215576705715,0.194674720408293,0.181515037281058,0.159874512477078,0.157670833760516
P15170,GSPT1,52,26,-0.141182572286911,0.0678134878504815,0.0373493523789172,0.158966251860681,-7.34959277336961,FALSE,number of observations (=52) <= number of random effects (=52) for term (1 + SampleCode | ID2); the random-effects parameters and the residual variance (or scale parameter) are probably unidentifiable,TRUE,TRUE,FALSE,-0.140160974624417,0.0678258109898004,0.0387827718419448,-6.60704434084134,1.48509686505654,0.475899570893919,0.21486124451861,-0.124201079416795,0.243195171418081,0.190016747503506,0.162383150395135,0.158966251860681
Q9Y279,VSIG4,42,24,0.584146500935427,0.280772058058376,0.0374796192244981,0.159082449730356,-55.278488770155,FALSE,number of observations (=42) <= number of random effects (=48) for term (1 + SampleCode | ID2); the random-effects parameters and the residual variance (or scale parameter) are probably unidentifiable,TRUE,FALSE,FALSE,0.582688170350569,0.282995156741264,0.0394938517023637,-55.2191592114999,0.118659117310216,0.942396143169648,0.937623392609197,-0.656015492191467,0.902321819054863,0.617995626431122,0.16402688408643,0.159082449730356
Q9H8W4,PLEKHF2,45,26,0.218764696048158,0.105466173419128,0.0380547910807265,0.161081238958144,-18.936512594479,FALSE,number of observations (=45) <= number of random effects (=52) for term (1 + SampleCode | ID2); the random-effects parameters and the residual variance (or scale parameter) are probably unidentifiable,TRUE,FALSE,FALSE,0.216603648165131,0.0995815229571671,0.029619706266253,-17.7122770286069,2.44847113174409,0.293982344586942,0.314375638052357,-0.934647567715106,0.345870994061821,0.254805497361774,0.140375601783316,0.161081238958144
Q9NX76,CMTM6,48,25,-0.290460544480834,0.140398570012464,0.0385621953729341,0.161922862636038,-33.4472689851086,FALSE,number of observations (=48) <= number of random effects (=50) for term (1 + SampleCode | ID2); the random-effects parameters and the residual variance (or scale parameter) are probably unidentifiable,TRUE,FALSE,FALSE,-0.287637461617262,0.150239405263339,0.055552798428274,-32.985203261114,0.924131447989296,0.62998093371772,0.596075396042579,-0.840303597890574,0.485721225690843,0.309046258136656,0.192874322632996,0.161922862636038
Q7L591,DOK3,51,26,-0.167095821530757,0.0807695004664837,0.0385649991151931,0.161922862636038,-8.85090825277045,FALSE,number of observations (=51) <= number of random effects (=52) for term (1 + SampleCode | ID2); the random-effects parameters and the residual variance (or scale parameter) are probably unidentifiable,TRUE,TRUE,TRUE,-0.166887629928954,0.0811214691333357,0.0396616063873864,-8.20585066579797,1.29011517394497,0.524632329249159,0.192331799144558,,0.287828255278948,0.25440170880777,0.164281988923625,0.161922862636038
Q8N0U8,VKORC1L1,41,24,-0.345907365647172,0.167221123534017,0.0385871485655257,0.161922862636038,-38.9573669522089,FALSE,number of observations (=41) <= number of random effects (=48) for term (1 + SampleCode | ID2); the random-effects parameters and the residual variance (or scale parameter) are probably unidentifiable,TRUE,FALSE,FALSE,-0.346441350124823,0.167314132075389,0.0383957962623368,-38.9566834268407,0.00136705073644805,0.999316708182025,0.321782524071249,-0.3396954424692,0.51571371731337,0.463297032231281,0.162356381479574,0.161922862636038
Q13188,STK3,51,26,-0.164356269278376,0.079489361487912,0.0386728390373449,0.161922862636038,-15.3149343878673,FALSE,number of observations (=51) <= number of random effects (=52) for term (1 + SampleCode | ID2); the random-effects parameters and the residual variance (or scale parameter) are probably unidentifiable,TRUE,FALSE,FALSE,-0.166253438510287,0.0797778141245087,0.0371641878845922,-14.7993940341898,1.03108070735514,0.597177820188614,0.237122308515779,-0.124044418052034,0.281948493735716,0.227036157408253,0.159874512477078,0.161922862636038
Q9Y6R7,FCGBP,52,26,0.470535862469716,0.227755846060756,0.0388316783906806,0.162148494901626,-73.5660547451917,FALSE,number of observations (=52) <= number of random effects (=52) for term (1 + SampleCode | ID2); the random-effects parameters and the residual variance (or scale parameter) are probably unidentifiable,TRUE,FALSE,FALSE,0.471506926691726,0.227703338665367,0.0383861736065442,-73.5618293244978,0.00845084138791208,0.995783493835765,0.498472550494716,-0.293645234480714,0.815735617987773,0.735432097618546,0.162356381479574,0.162148494901626
Q15149,PLEC,47,24,-0.15461605098957,0.0750102032734365,0.0392775818808861,0.162911677452731,-33.7202723563605,FALSE,number of observations (=47) <= number of random effects (=48) for term (1 + SampleCode | ID2); the random-effects parameters and the residual variance (or scale parameter) are probably unidentifiable,TRUE,FALSE,FALSE,-0.147261023053521,0.0753509060401967,0.0506614395641844,-33.4811808661389,0.478182980443307,0.787342844905978,0.0645412267510874,-0.89379233691289,0.247471994512197,0.245048815684938,0.185040009755709,0.162911677452731
P15814,IGLL1,52,26,0.29972393785294,0.14547145012236,0.0393638877687145,0.162911677452731,-64.4270482771746,FALSE,number of observations (=52) <= number of random effects (=52) for term (1 + SampleCode | ID2); the random-effects parameters and the residual variance (or scale parameter) are probably unidentifiable,TRUE,FALSE,FALSE,0.306259712957485,0.145777105652259,0.0356517982948768,-64.1387185352112,0.576659483926932,0.749514405135705,0.344385300017044,0.172211786895626,0.516576878258695,0.456889876336237,0.156483035129502,0.162911677452731
Q6UX71,PLXDC2,52,26,0.263211356515186,0.127771100666228,0.0393963791941216,0.162911677452731,-33.3110948527614,FALSE,number of observations (=52) <= number of random effects (=52) for term (1 + SampleCode | ID2); the random-effects parameters and the residual variance (or scale parameter) are probably unidentifiable,TRUE,TRUE,FALSE,0.263843295856983,0.133590101134354,0.0482657303263056,-30.877972030453,4.8662456446168,0.0877623380195687,0.481597616208555,-0.613348027421209,0.459167342264897,0.339018770413279,0.180035063489642,0.162911677452731
P42025,ACTR1B,51,26,-0.12611169177436,0.0612598086445529,0.039529051989706,0.162911677452731,-19.1672843233593,FALSE,number of observations (=51) <= number of random effects (=52) for term (1 + SampleCode | ID2); the random-effects parameters and the residual variance (or scale parameter) are probably unidentifiable,TRUE,FALSE,FALSE,-0.126714253071772,0.061423268138589,0.0391156431500077,-18.8797920964312,0.574984453856239,0.750142397659098,0.121241168257393,0.268939711403665,0.214062760290658,0.196250938579807,0.163334239639897,0.162911677452731
Q7KZF4,SND1,47,26,0.15676547010916,0.0761550057796612,0.0395416692846435,0.162911677452731,-12.9542471733399,FALSE,number of observations (=47) <= number of random effects (=52) for term (1 + SampleCode | ID2); the random-effects parameters and the residual variance (or scale parameter) are probably unidentifiable,TRUE,FALSE,FALSE,0.156702219551393,0.0760308015877654,0.0392996052620886,-12.9492533944468,0.00998755778614679,0.995018669290963,0.100901701554826,-0.318021688767353,0.254288674915585,0.243876236257909,0.163660081212741,0.162911677452731
Q9HCU0,CD248,51,26,0.582406392232213,0.283216149117896,0.0397437371807841,0.163308707298701,-72.8360671679851,FALSE,number of observations (=51) <= number of random effects (=52) for term (1 + SampleCode | ID2); the random-effects parameters and the residual variance (or scale parameter) are probably unidentifiable,TRUE,FALSE,FALSE,0.593528484381921,0.304625214385744,0.0513684085073051,-72.5007856724297,0.670562991110728,0.715136750199615,1.12183211651593,-0.797513601324386,1.00926227841725,0.743795191517938,0.185942712965013,0.163308707298701
Q9H8H3,TMT1A,51,26,-0.171784109360543,0.0836315616493295,0.0399700424462551,0.163802959096722,-33.7374081594379,FALSE,number of observations (=51) <= number of random effects (=52) for term (1 + SampleCode | ID2); the random-effects parameters and the residual variance (or scale parameter) are probably unidentifiable,TRUE,TRUE,FALSE,-0.170361368563232,0.0834443856404297,0.0411896658047705,-33.6719617536562,0.130892811563385,0.936649244398546,0.143288415968091,0.107518136455282,0.292622334485747,0.27336277309808,0.166987584035489,0.163802959096722
P48449,LSS,46,26,-0.191689010019231,0.0933884326556857,0.0401114778286346,0.163947706997991,-25.4784767428302,FALSE,number of observations (=46) <= number of random effects (=52) for term (1 + SampleCode | ID2); the random-effects parameters and the residual variance (or scale parameter) are probably unidentifiable,TRUE,FALSE,FALSE,-0.197294514768484,0.0937368079188722,0.0353112468539824,-25.3951986043135,0.166556277033429,0.920095197713539,0.15163160586141,0.0997784432465609,0.301306367226454,0.281179949974991,0.155619091361316,0.163947706997991
Q16643,DBN1,52,26,-0.262707798106431,0.128172000736281,0.0403985542057686,0.164110608581169,-47.3231690953486,FALSE,number of observations (=52) <= number of random effects (=52) for term (1 + SampleCode | ID2); the random-effects parameters and the residual variance (or scale parameter) are probably unidentifiable,TRUE,TRUE,FALSE,-0.25161676129344,0.128966269995388,0.0510537542964149,-45.9020112256593,2.84231573937842,0.241434305529321,0.26707335857739,-0.998531072855348,0.458259049634043,0.421305555228246,0.185746041234594,0.164110608581169
P00736,C1R,52,26,0.324885136232415,0.158588796764606,0.0405011661703266,0.164110608581169,-55.3538485020465,FALSE,number of observations (=52) <= number of random effects (=52) for term (1 + SampleCode | ID2); the random-effects parameters and the residual variance (or scale parameter) are probably unidentifiable,TRUE,TRUE,FALSE,0.323513374486892,0.158489923551865,0.0412286056041205,-55.3063597314692,0.0949775411545772,0.953621181687856,0.300182713998903,-0.469704103653044,0.567851633232262,0.526338124272886,0.166987584035489,0.164110608581169
P67936,TPM4,52,26,-0.230800016865929,0.112716053229595,0.0405969245055128,0.164110608581169,-52.9495942512809,FALSE,number of observations (=52) <= number of random effects (=52) for term (1 + SampleCode | ID2); the random-effects parameters and the residual variance (or scale parameter) are probably unidentifiable,TRUE,TRUE,FALSE,-0.218605378776498,0.113146774188741,0.0533531671594304,-52.5344550327715,0.830278437018791,0.660248355514402,0.1293102350065,-0.999970052349402,0.399712607700185,0.39116060100796,0.188918985283819,0.164110608581169
Q15166,PON3,52,26,0.314062280440159,0.153404469201657,0.0406303581898612,0.164110608581169,-42.8186519148248,FALSE,number of observations (=52) <= number of random effects (=52) for term (1 + SampleCode | ID2); the random-effects parameters and the residual variance (or scale parameter) are probably unidentifiable,TRUE,FALSE,FALSE,0.314286270823712,0.157114015391418,0.045460251288891,-41.8375200050429,1.96226381956377,0.374886520884667,0.56510712273258,-0.896171020669379,0.551285244062238,0.399333913170538,0.176030296344202,0.164110608581169
Q9NP58,ABCB6,41,25,-0.162929968693015,0.0796041555422371,0.0406824356547494,0.164110608581169,-2.69903654955239,FALSE,number of observations (=41) <= number of random effects (=50) for term (1 + SampleCode | ID2); the random-effects parameters and the residual variance (or scale parameter) are probably unidentifiable,TRUE,FALSE,FALSE,-0.161834283710074,0.0814285889580547,0.046873864206353,-2.2135711238761,0.970930851352573,0.615410702156238,0.206525485190621,-0.318215213417707,0.252581141504502,0.210955533416771,0.177936413264903,0.164110608581169
P13807,GYS1,43,25,-0.237373417882512,0.116098961084209,0.0408964494856163,0.164117665441389,-19.2624068049076,FALSE,number of observations (=43) <= number of random effects (=50) for term (1 + SampleCode | ID2); the random-effects parameters and the residual variance (or scale parameter) are probably unidentifiable,TRUE,FALSE,FALSE,-0.229541487705314,0.123477852155825,0.0630315459392242,-18.5097501847273,1.50531324036061,0.471113319643741,0.513600179387788,-0.85405382112857,0.378713391000984,0.193587621174072,0.20732530236161,0.164117665441389
Q9Y3C5,RNF11,46,26,0.394918946907634,0.193374227623224,0.0411265183088475,0.164117665441389,-45.6235573190478,FALSE,number of observations (=46) <= number of random effects (=52) for term (1 + SampleCode | ID2); the random-effects parameters and the residual variance (or scale parameter) are probably unidentifiable,TRUE,FALSE,FALSE,0.382062289923643,0.199302664411775,0.0552385166588435,-43.6333288881991,3.98045686169742,0.136664203559631,0.692812538888545,-0.962985495656416,0.65238391102807,0.466255795686691,0.192319515647072,0.164117665441389
P10451,SPP1,52,26,0.317380053699291,0.155437609147325,0.0411665586639316,0.164117665441389,-45.6115903852452,FALSE,number of observations (=52) <= number of random effects (=52) for term (1 + SampleCode | ID2); the random-effects parameters and the residual variance (or scale parameter) are probably unidentifiable,TRUE,FALSE,FALSE,0.31674873011076,0.155443374556921,0.0415788074730947,-45.0626690171205,1.09784273624935,0.577572462582314,0.458614753172151,-0.29219362793072,0.558294092432826,0.454550788279132,0.167289733192529,0.164117665441389
Q14204,DYNC1H1,50,26,-0.137438443425131,0.0673352078246287,0.0412400755998059,0.164117665441389,-31.8193636393752,FALSE,number of observations (=50) <= number of random effects (=52) for term (1 + SampleCode | ID2); the random-effects parameters and the residual variance (or scale parameter) are probably unidentifiable,TRUE,FALSE,FALSE,-0.13655043937955,0.0672882088958926,0.0424239962000688,-31.8139111802482,0.0109049182539351,0.994562378548776,0.083535182120725,-0.159273250865374,0.228064783285952,0.220209575523138,0.168930603425532,0.164117665441389
P01009,SERPINA1,52,26,0.243542785408612,0.119320919622207,0.0412435066518238,0.164117665441389,-29.753061402842,FALSE,number of observations (=52) <= number of random effects (=52) for term (1 + SampleCode | ID2); the random-effects parameters and the residual variance (or scale parameter) are probably unidentifiable,TRUE,TRUE,FALSE,0.246125443769993,0.124526234239928,0.048098773806045,-26.560081379196,6.38596004729203,0.0410493604228995,0.473229310800734,-0.555233906964546,0.42880016884768,0.297832085473878,0.180035063489642,0.164117665441389
Q9H6X2,ANTXR1,50,26,0.301411499487254,0.147788342407527,0.0414020569798572,0.164117665441389,-45.7955386286976,FALSE,number of observations (=50) <= number of random effects (=52) for term (1 + SampleCode | ID2); the random-effects parameters and the residual variance (or scale parameter) are probably unidentifiable,TRUE,TRUE,FALSE,0.299080436488265,0.147025363720287,0.0419304463681251,-45.638192998517,0.314691260361158,0.854408698345181,0.383316249569124,-0.212471511372093,0.518145551370134,0.438241382509483,0.168143308778561,0.164117665441389
O60488,ACSL4,47,25,-0.281001673859877,0.137876459697834,0.0415430796252765,0.164117665441389,-37.2310348751766,FALSE,number of observations (=47) <= number of random effects (=50) for term (1 + SampleCode | ID2); the random-effects parameters and the residual variance (or scale parameter) are probably unidentifiable,TRUE,FALSE,FALSE,-0.28984176486596,0.140236768088358,0.0387527261558655,-35.2738686023682,3.9143325456168,0.141258141340406,0.489439396310778,-0.0199644358531057,0.466668342016146,0.321423337363363,0.162383150395135,0.164117665441389
P02649,APOE,52,26,0.15602364166687,0.0765846619648038,0.0416229827768438,0.164117665441389,-21.2471445556588,FALSE,number of observations (=52) <= number of random effects (=52) for term (1 + SampleCode | ID2); the random-effects parameters and the residual variance (or scale parameter) are probably unidentifiable,TRUE,FALSE,FALSE,0.156822762518106,0.076463826210747,0.040272735650914,-20.52404705499,1.44619500133756,0.485246873187294,0.116841726960741,-0.940577731233262,0.273713865717139,0.260674169108555,0.165482384523038,0.164117665441389
Q9NQW7,XPNPEP1,48,26,-0.221661123881944,0.108881348469773,0.0417700045100911,0.164117665441389,-21.1317492668508,FALSE,number of observations (=48) <= number of random effects (=52) for term (1 + SampleCode | ID2); the random-effects parameters and the residual variance (or scale parameter) are probably unidentifiable,TRUE,TRUE,FALSE,-0.213744323901434,0.114658209600177,0.0622954726639922,-19.5705131784783,3.122472176745,0.209876484915357,0.372401611871943,-0.612214933145851,0.375801666748408,0.294182173167956,0.206537564948214,0.164117665441389
Q9NSE4,IARS2,44,24,-0.156620770273475,0.0770142735665764,0.0419859890732619,0.164117665441389,-14.0109353509044,FALSE,number of observations (=44) <= number of random effects (=48) for term (1 + SampleCode | ID2); the random-effects parameters and the residual variance (or scale parameter) are probably unidentifiable,TRUE,TRUE,FALSE,-0.15849754047867,0.0785467911477956,0.0436043684708397,-13.0861866828834,1.84949733604213,0.39663109262631,0.197362411116387,0.283380655217516,0.246167138005437,0.206320668045024,0.170828186541482,0.164117665441389
Q4AE62,GTDC1,40,25,-0.269058652835417,0.132356194996746,0.0420689306833372,0.164117665441389,-21.809459690061,FALSE,number of observations (=40) <= number of random effects (=50) for term (1 + SampleCode | ID2); the random-effects parameters and the residual variance (or scale parameter) are probably unidentifiable,TRUE,FALSE,FALSE,-0.273147074175864,0.133901347972647,0.0413590112611339,-21.5784288862318,0.462061607658434,0.793715016196865,0.361955805994135,-0.581729167989156,0.417403440803452,0.337981793107012,0.166987584035489,0.164117665441389
Q92905,COPS5,52,26,-0.183783334203122,0.0904222286876096,0.0421028910966437,0.164117665441389,-18.9942071195864,FALSE,number of observations (=52) <= number of random effects (=52) for term (1 + SampleCode | ID2); the random-effects parameters and the residual variance (or scale parameter) are probably unidentifiable,TRUE,FALSE,FALSE,-0.183777250645391,0.090425639375328,0.0421174501600667,-18.9941676490558,7.89410612611619e-05,0.999960530248321,0.298696616052196,-0.601621716066675,0.324631302559911,0.246543807281826,0.168143308778561,0.164117665441389
O00299,CLIC1,52,26,-0.180057182649743,0.0886637127343309,0.0422765291283377,0.164117665441389,-25.9617410987167,FALSE,number of observations (=52) <= number of random effects (=52) for term (1 + SampleCode | ID2); the random-effects parameters and the residual variance (or scale parameter) are probably unidentifiable,TRUE,TRUE,FALSE,-0.182982916740014,0.0884015474780066,0.0384611233796272,-25.6031934564477,0.717095284537876,0.698690337852663,0.114250870293698,-0.914272295045361,0.317350558422566,0.306008100651841,0.162356381479574,0.164117665441389
Q8IY33,MICALL2,44,25,0.334421577289477,0.164760554634482,0.0423826727686559,0.164117665441389,-35.446866392648,FALSE,number of observations (=44) <= number of random effects (=50) for term (1 + SampleCode | ID2); the random-effects parameters and the residual variance (or scale parameter) are probably unidentifiable,TRUE,FALSE,FALSE,0.336008035200973,0.165779626129806,0.0426792362748651,-35.3930614166699,0.107609951956078,0.947616896540406,0.556710978337531,-0.651988786881305,0.540045348658944,0.372018721222044,0.169447654615717,0.164117665441389
Q03591,CFHR1,52,26,0.637982653586732,0.314459159491678,0.042476101998058,0.164117665441389,-82.5310280578806,FALSE,number of observations (=52) <= number of random effects (=52) for term (1 + SampleCode | ID2); the random-effects parameters and the residual variance (or scale parameter) are probably unidentifiable,TRUE,FALSE,FALSE,0.653668404872209,0.312101882419598,0.0362237290063297,-81.2330714222644,2.59591327123255,0.273089244137234,0.947652844275515,0.0340169044349009,1.12937464837842,0.89882520781776,0.157649750182477,0.164117665441389
O60704,TPST2,44,25,-0.234070773556675,0.11538541028651,0.042499110193788,0.164117665441389,-20.1192378784121,FALSE,number of observations (=44) <= number of random effects (=50) for term (1 + SampleCode | ID2); the random-effects parameters and the residual variance (or scale parameter) are probably unidentifiable,TRUE,FALSE,FALSE,-0.237142383300683,0.118751881568117,0.0458298706763014,-19.3841769294522,1.47012189791983,0.479476234506505,0.417667900505278,-0.881832467563754,0.382248970715221,0.262674100077457,0.176362254110097,0.164117665441389
Q86YL5,TDRP,51,26,-0.171623128576536,0.0846658824999702,0.0426559088340382,0.164117665441389,-21.8060142129872,FALSE,number of observations (=51) <= number of random effects (=52) for term (1 + SampleCode | ID2); the random-effects parameters and the residual variance (or scale parameter) are probably unidentifiable,TRUE,FALSE,FALSE,-0.173322918204949,0.0855878318984405,0.0428582966404864,-21.615708949094,0.380610527786494,0.826706731705184,0.22731318740683,-0.119920283036262,0.299584753260144,0.256123512057006,0.169447654615717,0.164117665441389
Q6PL24,TMED8,52,26,-0.217902350826933,0.107500688290788,0.0426638818670284,0.164117665441389,-31.4349526684663,FALSE,number of observations (=52) <= number of random effects (=52) for term (1 + SampleCode | ID2); the random-effects parameters and the residual variance (or scale parameter) are probably unidentifiable,TRUE,FALSE,FALSE,-0.217696263727819,0.107512343402568,0.0428828692263725,-31.4330492322162,0.00380687250018497,0.998098374135853,0.267929255445736,-0.418698507567492,0.385504914995818,0.335786157528383,0.169447654615717,0.164117665441389
Q5JSL3,DOCK11,44,25,-0.197246746105479,0.0973284876355778,0.0427024605226138,0.164117665441389,-15.0214457043049,FALSE,number of observations (=44) <= number of random effects (=50) for term (1 + SampleCode | ID2); the random-effects parameters and the residual variance (or scale parameter) are probably unidentifiable,TRUE,FALSE,FALSE,-0.190344496816904,0.0964159835925164,0.0483589329114574,-14.7503274460013,0.542236516607119,0.76252631600433,0.310547459422873,-0.759473423294524,0.319217943532662,0.226790980385051,0.180035063489642,0.164117665441389
Q9UFN0,NIPSNAP3A,45,26,-0.111648275775058,0.0551215610570167,0.0428168787352268,0.16414907604448,0.379897286550206,FALSE,number of observations (=45) <= number of random effects (=52) for term (1 + SampleCode | ID2); the random-effects parameters and the residual variance (or scale parameter) are probably unidentifiable,TRUE,TRUE,FALSE,-0.11413338571918,0.0555376706289152,0.0398729658081509,0.45241031750906,0.145026061917708,0.930053627090767,0.0908436995520186,0.0824989443673102,0.176233480169092,0.164271188914958,0.16471586142672,0.16414907604448
P09603,CSF1,52,26,0.252764073191767,0.124966620642391,0.043108966284625,0.164859784430063,-38.0372034219992,FALSE,number of observations (=52) <= number of random effects (=52) for term (1 + SampleCode | ID2); the random-effects parameters and the residual variance (or scale parameter) are probably unidentifiable,TRUE,FALSE,FALSE,0.252115534668355,0.124947259021316,0.043614633728713,-36.8682258692178,2.33795510556271,0.310684437365184,0.413069267528131,-0.0883626193026861,0.448333700111078,0.340227687198381,0.170828186541482,0.164859784430063
P28074,PSMB5,52,26,0.333643417966339,0.165509255819515,0.0438146618872237,0.167144821273483,-46.7680049508269,FALSE,number of observations (=52) <= number of random effects (=52) for term (1 + SampleCode | ID2); the random-effects parameters and the residual variance (or scale parameter) are probably unidentifiable,TRUE,FALSE,FALSE,0.329986970590198,0.176371278257816,0.0613479817914747,-45.9261798722727,1.6836501571085,0.43092333636874,0.751553556695534,-0.857176592349766,0.594785868781162,0.34645244056789,0.205823557899764,0.167144821273483
P01700,IGLV1-47,43,24,0.58763614629784,0.292267419411666,0.0443665403227739,0.16883326305095,-70.318335949248,FALSE,number of observations (=43) <= number of random effects (=48) for term (1 + SampleCode | ID2); the random-effects parameters and the residual variance (or scale parameter) are probably unidentifiable,TRUE,TRUE,FALSE,0.66407739588335,0.302128980820723,0.0279496021944931,-67.6145980702972,5.40747575790175,0.0669547755728224,0.935225120936232,0.674981950963851,0.916289042908127,0.688703059233128,0.135033261400361,0.16883326305095
P08514,ITGA2B,52,26,-0.290079407790009,0.144522155590023,0.0447323950240518,0.169807248924226,-41.9073208617278,FALSE,number of observations (=52) <= number of random effects (=52) for term (1 + SampleCode | ID2); the random-effects parameters and the residual variance (or scale parameter) are probably unidentifiable,TRUE,FALSE,FALSE,-0.28898324417355,0.144750862907717,0.0458884311665108,-41.8139243473571,0.186793028741505,0.910832270599852,0.478393464501522,-0.72156845245109,0.51907690910687,0.394846482540438,0.176362254110097,0.169807248924226
P0DP08;A0A0C4DH41;P01825;P0DP06;P01824;P06331,IGHV4-30-4;IGHV4-34;IGHV4-38-2;IGHV4-39;IGHV4-59;IGHV4-61,52,26,0.474704458332436,0.23681282349103,0.0450105832446407,0.170001775730506,-75.6358769115283,FALSE,number of observations (=52) <= number of random effects (=52) for term (1 + SampleCode | ID2); the random-effects parameters and the residual variance (or scale parameter) are probably unidentifiable,TRUE,TRUE,FALSE,0.472517110586883,0.237244879867355,0.0464056110892254,-75.5590407702878,0.153672282480954,0.92604158119997,0.420170179585323,-0.533535202510521,0.84815871213232,0.796188767175234,0.176592781115402,0.170001775730506
P55212,CASP6,43,25,0.243462931262243,0.121456394181727,0.0450133646861656,0.170001775730506,-30.8904877072824,FALSE,number of observations (=43) <= number of random effects (=50) for term (1 + SampleCode | ID2); the random-effects parameters and the residual variance (or scale parameter) are probably unidentifiable,TRUE,TRUE,FALSE,0.246605927630411,0.117649791415938,0.0360731703713615,-30.3161055738263,1.14876426691214,0.563052652750466,0.167057388547088,-0.918224584589765,0.376161688908135,0.352314629074071,0.157649750182477,0.170001775730506
P07942,LAMB1,51,26,0.284710183023507,0.142099851226133,0.0451137398378688,0.170001775730506,-49.6699352695207,FALSE,number of observations (=51) <= number of random effects (=52) for term (1 + SampleCode | ID2); the random-effects parameters and the residual variance (or scale parameter) are probably unidentifiable,TRUE,FALSE,FALSE,0.28338696441709,0.142034713258595,0.0460216048873085,-49.6155047860385,0.1088609669644,0.947024340404025,0.238636890656665,-0.00560260490325031,0.503057556766293,0.474070163846819,0.176435184989806,0.170001775730506
Q8NBM8,PCYOX1L,48,26,-0.205889938358715,0.102886548870775,0.0453777760089946,0.170517299791322,-28.3664219032268,FALSE,number of observations (=48) <= number of random effects (=52) for term (1 + SampleCode | ID2); the random-effects parameters and the residual variance (or scale parameter) are probably unidentifiable,TRUE,TRUE,FALSE,-0.219320322177683,0.103341651258934,0.0338139050510821,-27.5435307229825,1.64578236048862,0.439160126201995,0.277661792243562,0.176445307004372,0.347003681048822,0.285371435713875,0.15301787386563,0.170517299791322
P09622,DLD,52,26,-0.176215557252131,0.0881465522312811,0.0455953449573783,0.170517299791322,-16.6528621251258,FALSE,number of observations (=52) <= number of random effects (=52) for term (1 + SampleCode | ID2); the random-effects parameters and the residual variance (or scale parameter) are probably unidentifiable,TRUE,FALSE,FALSE,-0.17547410076477,0.0880747015241122,0.0463345749946136,-16.5921940849572,0.121336080337109,0.941135607143947,0.282037873953306,-0.694144695718948,0.31655413924181,0.245511822855465,0.176592781115402,0.170517299791322
Q12797,ASPH,52,26,0.216316684577738,0.10821014070058,0.0456037412596772,0.170517299791322,-30.8803489759421,FALSE,number of observations (=52) <= number of random effects (=52) for term (1 + SampleCode | ID2); the random-effects parameters and the residual variance (or scale parameter) are probably unidentifiable,TRUE,FALSE,FALSE,0.218432121174939,0.108335493133919,0.043773181371282,-30.4369581404262,0.886781671031805,0.641856297821568,0.334401456981146,-0.225690212427551,0.388173546343071,0.308465405867891,0.170828186541482,0.170517299791322
Q92954,PRG4,52,26,0.289599414804574,0.144928158600212,0.0456920143130145,0.170517299791322,-39.8629791377374,FALSE,number of observations (=52) <= number of random effects (=52) for term (1 + SampleCode | ID2); the random-effects parameters and the residual variance (or scale parameter) are probably unidentifiable,TRUE,FALSE,FALSE,0.290867385270158,0.155209842165927,0.0609267478369672,-38.8003932748855,2.12517172570384,0.345561080443247,0.502198748402172,-0.84259543130711,0.520824169603436,0.430786574048868,0.205080229647308,0.170517299791322
P21912,SDHB,49,26,-0.289767775917186,0.145274566164689,0.0460841747256125,0.171279751116257,-36.2370481693255,FALSE,number of observations (=49) <= number of random effects (=52) for term (1 + SampleCode | ID2); the random-effects parameters and the residual variance (or scale parameter) are probably unidentifiable,TRUE,FALSE,FALSE,-0.323923143997323,0.172554379575743,0.0604874619128971,-32.963364549362,6.54736723992703,0.037866683381005,0.694991902512211,-0.97772608689812,0.506917536808686,0.355882262890518,0.204046132435428,0.171279751116257
P43304,GPD2,52,26,-0.213026910626024,0.106850969108155,0.0461867595448154,0.171279751116257,-30.812480795261,FALSE,number of observations (=52) <= number of random effects (=52) for term (1 + SampleCode | ID2); the random-effects parameters and the residual variance (or scale parameter) are probably unidentifiable,TRUE,TRUE,FALSE,-0.211897473193731,0.106840067080209,0.0473322909230271,-29.5679473945668,2.48906680138839,0.288075292508007,0.22876840472749,-0.999998981927434,0.383217823434239,0.34761387421532,0.178463030599104,0.171279751116257
Q16706,MAN2A1,49,25,0.254250500941789,0.127552725350476,0.0462289036993393,0.171279751116257,-30.461501176128,FALSE,number of observations (=49) <= number of random effects (=50) for term (1 + SampleCode | ID2); the random-effects parameters and the residual variance (or scale parameter) are probably unidentifiable,TRUE,FALSE,FALSE,0.254448411830792,0.127183906427943,0.0454318769463905,-30.3422036969197,0.238594958416726,0.887543735679084,0.454270952910132,-0.61639062146011,0.445999854943141,0.308217268304605,0.176030296344202,0.171279751116257
P38646,HSPA9,52,26,-0.174196526062304,0.087492776422927,0.0464828874501677,0.171808758637581,-13.6195189377927,FALSE,number of observations (=52) <= number of random effects (=52) for term (1 + SampleCode | ID2); the random-effects parameters and the residual variance (or scale parameter) are probably unidentifiable,TRUE,TRUE,TRUE,-0.176828840838782,0.0876199677075231,0.0435773016771987,-13.1434231180025,0.952191639580455,0.62120395576287,0.201494323312759,,0.314420282896654,0.280831524554524,0.170828186541482,0.171808758637581
P08571,CD14,52,26,0.281184484819125,0.141412492239294,0.0467675584774573,0.172448395817832,-38.5860117401355,FALSE,number of observations (=52) <= number of random effects (=52) for term (1 + SampleCode | ID2); the random-effects parameters and the residual variance (or scale parameter) are probably unidentifiable,TRUE,FALSE,FALSE,0.28128839646818,0.150514187669377,0.0616437261808411,-38.1638222661417,0.844378947987664,0.655609806615918,0.615253313721708,-0.732929389376573,0.508190020168895,0.322090868195971,0.205937881547145,0.172448395817832
P07357,C8A,52,26,0.375726852635674,0.190153134029074,0.0481641531377666,0.177175277613927,-65.2045290998342,FALSE,number of observations (=52) <= number of random effects (=52) for term (1 + SampleCode | ID2); the random-effects parameters and the residual variance (or scale parameter) are probably unidentifiable,TRUE,TRUE,FALSE,0.377479059498284,0.190214337188959,0.0472008849280742,-65.1929939877923,0.0230702240839662,0.988531162290876,0.431746582472044,-0.253022533560062,0.68074475291922,0.608688166174381,0.178463030599104,0.177175277613927
Q9Y3I0,RTCB,43,26,-0.160134157393551,0.0811214473443318,0.0483811537673321,0.177550789953749,-15.2462438717329,FALSE,number of observations (=43) <= number of random effects (=52) for term (1 + SampleCode | ID2); the random-effects parameters and the residual variance (or scale parameter) are probably unidentifiable,TRUE,FALSE,FALSE,-0.182003891038706,0.0830594740062836,0.0284338640809781,-13.4695490637772,3.5533896159115,0.169196450873365,0.22567508940517,0.43405906279697,0.24706285381993,0.188984933351011,0.136007182678363,0.177550789953749
P09172,DBH,46,24,0.399570811885442,0.20258007066642,0.0485629030065138,0.177702080306447,-48.925852243173,FALSE,number of observations (=46) <= number of random effects (=48) for term (1 + SampleCode | ID2); the random-effects parameters and the residual variance (or scale parameter) are probably unidentifiable,TRUE,TRUE,FALSE,0.410713637937868,0.197438783889106,0.0375065051403407,-47.7020272788672,2.44764992861154,0.294103078983256,0.57105976315464,0.280081512655379,0.685442571436483,0.530520939247239,0.160181222195616,0.177702080306447
P01011,SERPINA3,52,26,0.335152077174176,0.169990980505432,0.0486567254577491,0.177702080306447,-48.1573544779588,FALSE,number of observations (=52) <= number of random effects (=52) for term (1 + SampleCode | ID2); the random-effects parameters and the residual variance (or scale parameter) are probably unidentifiable,TRUE,FALSE,FALSE,0.337643172669761,0.170262485018778,0.0473591213887591,-47.9899573652943,0.334794225328963,0.845863641468207,0.656381293017361,-0.631137866793538,0.610891714328906,0.398736003543273,0.178463030599104,0.177702080306447
Q9H270,VPS11,42,25,-0.198663774639734,0.100851454298186,0.0488538166569296,0.177702080306447,-17.3237430660566,FALSE,number of observations (=42) <= number of random effects (=50) for term (1 + SampleCode | ID2); the random-effects parameters and the residual variance (or scale parameter) are probably unidentifiable,TRUE,TRUE,FALSE,-0.197055236918416,0.101540286394633,0.0522994538255741,-16.1028465679192,2.4417929962748,0.294965612233375,0.222349997016613,-0.9869625981807,0.316576042190569,0.282114370305812,0.187477160465225,0.177702080306447
P29622,SERPINA4,52,26,0.345358548634258,0.175343127435217,0.0488824492752361,0.177702080306447,-53.3530896796067,FALSE,number of observations (=52) <= number of random effects (=52) for term (1 + SampleCode | ID2); the random-effects parameters and the residual variance (or scale parameter) are probably unidentifiable,TRUE,FALSE,FALSE,0.355295332231459,0.174203200807858,0.041395627628215,-49.329693200016,8.0467929591814,0.0178920914967163,0.695261893168821,0.0172709494834961,0.62952656352676,0.387559471944129,0.166987584035489,0.177702080306447
P01008,SERPINC1,52,26,0.436985562662311,0.22208606481841,0.049109402321704,0.17793550742644,-64.1964399731793,FALSE,number of observations (=52) <= number of random effects (=52) for term (1 + SampleCode | ID2); the random-effects parameters and the residual variance (or scale parameter) are probably unidentifiable,TRUE,FALSE,FALSE,0.449058239603191,0.220143618362927,0.0413660466153926,-61.3363750566754,5.72012983300775,0.0572650426984368,0.791841217753733,0.0266757133094536,0.797672622586517,0.558915413084548,0.166987584035489,0.17793550742644
P00751,CFB,52,26,0.512001009132966,0.260288246630951,0.0491769978453658,0.17793550742644,-70.3116569351531,FALSE,number of observations (=52) <= number of random effects (=52) for term (1 + SampleCode | ID2); the random-effects parameters and the residual variance (or scale parameter) are probably unidentifiable,TRUE,FALSE,FALSE,0.519043759273167,0.262644606595655,0.0481297644515791,-66.6843750386535,7.25456379299928,0.0265883561832943,0.964921437514955,-0.245062104390807,0.935390411486953,0.653276381727826,0.180035063489642,0.17793550742644
A0A0C4DH24,IGKV6-21,52,26,0.509726400227761,0.259726827760491,0.049698702823149,0.179403027714405,-72.8677220011776,FALSE,number of observations (=52) <= number of random effects (=52) for term (1 + SampleCode | ID2); the random-effects parameters and the residual variance (or scale parameter) are probably unidentifiable,TRUE,FALSE,FALSE,0.510022220405762,0.259686819188233,0.0495312943005277,-72.866729891978,0.001984218399258,0.999008382777991,0.867268718074584,-0.618967334797985,0.932731810256519,0.702591731595449,0.183076195440946,0.179403027714405
Q9UI09,NDUFA12,42,25,-0.226118454475258,0.115345902501772,0.0499547797136847,0.179907073794039,-19.5722464650935,FALSE,number of observations (=42) <= number of random effects (=50) for term (1 + SampleCode | ID2); the random-effects parameters and the residual variance (or scale parameter) are probably unidentifiable,TRUE,FALSE,FALSE,-0.22654754642342,0.1162850483095,0.0513899925152496,-18.4983725362114,2.14774785776422,0.341682297316033,0.319589649966067,-0.0811801889102332,0.366183562981394,0.287775480963568,0.185942712965013,0.179907073794039
Q9Y3E5,PTRH2,41,25,-0.183360145727986,0.0936864693460243,0.0503277374336466,0.180749285045741,-11.8914543910231,FALSE,number of observations (=41) <= number of random effects (=50) for term (1 + SampleCode | ID2); the random-effects parameters and the residual variance (or scale parameter) are probably unidentifiable,TRUE,FALSE,FALSE,-0.18316358983946,0.0936066305263179,0.0503783566252255,-11.879603159893,0.0237024622601822,0.988218718108673,0.250683427594631,-0.600825630547793,0.293381388329885,0.233685400862757,0.184880192365732,0.180749285045741
P23470,PTPRG,52,26,0.238263250799532,0.12178898626907,0.0504226160871937,0.180749285045741,-30.8176709050385,FALSE,number of observations (=52) <= number of random effects (=52) for term (1 + SampleCode | ID2); the random-effects parameters and the residual variance (or scale parameter) are probably unidentifiable,TRUE,TRUE,FALSE,0.233249244839349,0.128784879873314,0.0701170231089787,-28.1834228292433,5.26849615159041,0.0717729169173093,0.498646013031099,-0.965455875840245,0.437669589216321,0.300619893704997,0.219737932461201,0.180749285045741
P14625,HSP90B1,52,26,0.102957987659957,0.0527046274373938,0.0507615049060093,0.181302406376043,-10.7575471634039,FALSE,number of observations (=52) <= number of random effects (=52) for term (1 + SampleCode | ID2); the random-effects parameters and the residual variance (or scale parameter) are probably unidentifiable,TRUE,FALSE,FALSE,0.101746453262207,0.0528277237238481,0.0541037655257782,-9.99605454562292,1.52298523556193,0.466968900485144,0.0691867379086146,-0.999992755390585,0.187279376225271,0.181481538495084,0.190410746554276,0.181302406376043
P14314,PRKCSH,52,26,0.161373433438583,0.0826256359619179,0.050811612919629,0.181302406376043,-19.2859309978317,FALSE,number of observations (=52) <= number of random effects (=52) for term (1 + SampleCode | ID2); the random-effects parameters and the residual variance (or scale parameter) are probably unidentifiable,TRUE,FALSE,FALSE,0.161489506466487,0.082614205855361,0.050613460770031,-18.7889335953845,0.993994804894349,0.608354564042241,0.150587564846085,-0.853448057921296,0.296126552522618,0.276379037851224,0.185040009755709,0.181302406376043
Q9H4G4,GLIPR2,50,26,0.467756820593424,0.23965096943838,0.0509589517910121,0.181409171698419,-62.4769149147644,FALSE,number of observations (=50) <= number of random effects (=52) for term (1 + SampleCode | ID2); the random-effects parameters and the residual variance (or scale parameter) are probably unidentifiable,TRUE,FALSE,FALSE,0.46922772369093,0.262693293244158,0.0740638230572328,-61.9094136637152,1.13500250209835,0.566940311766274,1.04133286792335,-0.830892897457076,0.844170969072679,0.568780564562108,0.226522520481305,0.181409171698419
P07602,PSAP,51,26,0.229760065459594,0.117958870834774,0.0514391252473377,0.182697582775027,-32.6890294649644,FALSE,number of observations (=51) <= number of random effects (=52) for term (1 + SampleCode | ID2); the random-effects parameters and the residual variance (or scale parameter) are probably unidentifiable,TRUE,TRUE,FALSE,0.22839951916265,0.118216440862946,0.0533539146484968,-32.5027241661351,0.372610597658579,0.830020152115269,0.333702529562665,-0.336257411661121,0.419185957428375,0.346831685995682,0.188918985283819,0.182697582775027
P11597,CETP,52,26,0.27898702485635,0.143605779243162,0.0520489836654701,0.184417757425247,-47.1495056996955,FALSE,number of observations (=52) <= number of random effects (=52) for term (1 + SampleCode | ID2); the random-effects parameters and the residual variance (or scale parameter) are probably unidentifiable,TRUE,FALSE,FALSE,0.281205695384634,0.143160146987178,0.0494983730860057,-46.6100312045275,1.07894899033604,0.583054569875053,0.432531428271257,-0.121058015968759,0.514853715902733,0.412224325433736,0.183076195440946,0.184417757425247
Q9UI12,ATP6V1H,44,25,-0.160599337872704,0.0827067276365556,0.0521621747539371,0.184417757425247,-7.4737847708112,FALSE,number of observations (=44) <= number of random effects (=50) for term (1 + SampleCode | ID2); the random-effects parameters and the residual variance (or scale parameter) are probably unidentifiable,TRUE,FALSE,FALSE,-0.160608719531024,0.0827067389414314,0.0521484707637526,-7.47372796954134,0.000113602539725477,0.999943200343299,0.240591295210604,-0.618186117527113,0.271013567620005,0.21096630848122,0.187477160465225,0.184417757425247
P06702,S100A9,50,26,0.465600633723884,0.239969699155671,0.0523496057578408,0.184551168417875,-67.4842326672185,FALSE,number of observations (=50) <= number of random effects (=52) for term (1 + SampleCode | ID2); the random-effects parameters and the residual variance (or scale parameter) are probably unidentifiable,TRUE,TRUE,FALSE,0.472029789944939,0.24092855247336,0.0500881204441213,-65.9536134794952,3.06123837544661,0.216401632589759,0.875710678693215,-0.168949980910732,0.836951028378722,0.559274031112606,0.184692472759349,0.184551168417875
Q14393,GAS6,51,26,0.318462740565323,0.16419720629282,0.0524388109614544,0.184551168417875,-48.213464395705,FALSE,number of observations (=51) <= number of random effects (=52) for term (1 + SampleCode | ID2); the random-effects parameters and the residual variance (or scale parameter) are probably unidentifiable,TRUE,FALSE,FALSE,0.31864079089966,0.163883803622893,0.0518581731090754,-48.1518929178148,0.123142955780466,0.940285733696909,0.535076767950438,-0.524669218406981,0.584006184775145,0.442695569874032,0.187198311807293,0.184551168417875
P05160,F13B,52,26,0.2368005350267,0.12227576291137,0.0527929648010853,0.184625285158404,-51.7728981670398,FALSE,number of observations (=52) <= number of random effects (=52) for term (1 + SampleCode | ID2); the random-effects parameters and the residual variance (or scale parameter) are probably unidentifiable,TRUE,TRUE,FALSE,0.234838952506935,0.122518751115963,0.0552685210014886,-51.6044681622132,0.336860009653179,0.844990406599084,0.0799517436002871,-0.998364823465808,0.435346099872057,0.432707101334923,0.192319515647072,0.184625285158404
Q9Y4L1,HYOU1,52,26,0.142231650620992,0.0734463672642896,0.0528018940197008,0.184625285158404,-13.4439664952273,FALSE,number of observations (=52) <= number of random effects (=52) for term (1 + SampleCode | ID2); the random-effects parameters and the residual variance (or scale parameter) are probably unidentifiable,TRUE,FALSE,FALSE,0.142319046305923,0.0734302666501091,0.0526046341503743,-13.4024925730721,0.0829478443102723,0.959374353430817,0.187717592212633,-0.292727897767668,0.263198494743607,0.227204436719202,0.188134629079464,0.184625285158404
P10606,COX5B,48,26,-0.241355579892385,0.124644931860937,0.0528254713203396,0.184625285158404,-27.7514042029862,FALSE,number of observations (=48) <= number of random effects (=52) for term (1 + SampleCode | ID2); the random-effects parameters and the residual variance (or scale parameter) are probably unidentifiable,TRUE,TRUE,FALSE,-0.256198117509197,0.143747122416849,0.074703019907996,-26.2550602293042,2.99268794736398,0.223947422943087,0.601112184276097,-0.899044499035684,0.431372074678393,0.273468359238797,0.227197176688689,0.184625285158404
O94929,ABLIM3,49,26,-0.14638224123815,0.0756330298518155,0.0529378649353871,0.184625285158404,-4.02846877225797,FALSE,number of observations (=49) <= number of random effects (=52) for term (1 + SampleCode | ID2); the random-effects parameters and the residual variance (or scale parameter) are probably unidentifiable,TRUE,TRUE,TRUE,-0.155364034583636,0.0760744225578048,0.041125377025743,-2.52528851238947,3.006360519737,0.222421675434547,0.240567256168371,,0.262704649174231,0.203970099621219,0.166987584035489,0.184625285158404
Q9NR12,PDLIM7,52,26,-0.139960271631058,0.0723934244798051,0.0531957415922307,0.184777733672076,-11.6984116314641,FALSE,number of observations (=52) <= number of random effects (=52) for term (1 + SampleCode | ID2); the random-effects parameters and the residual variance (or scale parameter) are probably unidentifiable,TRUE,FALSE,FALSE,-0.141797523804382,0.0717329512622379,0.0480708223815969,-11.1839663412017,1.0288905805248,0.597832125959624,0.136611451611429,-0.863230535287603,0.259527461760349,0.238369135409115,0.180035063489642,0.184777733672076
P19827,ITIH1,52,26,0.13277555778573,0.0687154911232756,0.0533285666367792,0.184777733672076,-10.2885086838287,FALSE,number of observations (=52) <= number of random effects (=52) for term (1 + SampleCode | ID2); the random-effects parameters and the residual variance (or scale parameter) are probably unidentifiable,TRUE,TRUE,FALSE,0.13276646203702,0.0687152126968606,0.0533439326104222,-10.2867707870669,0.00347579352352412,0.998263612506371,0.174009851719563,-0.376399977589597,0.246214153210365,0.213261499970006,0.188918985283819,0.184777733672076
O00116,AGPS,45,26,-0.183710467923213,0.0950806021859285,0.0533403684257256,0.184777733672076,-18.0081857564873,FALSE,number of observations (=45) <= number of random effects (=52) for term (1 + SampleCode | ID2); the random-effects parameters and the residual variance (or scale parameter) are probably unidentifiable,TRUE,FALSE,FALSE,-0.185159818433027,0.0963278320791919,0.0545826082365333,-17.8413719554727,0.333627602029146,0.846357187516095,0.233396337689919,-0.210249711160657,0.309772139206272,0.263965052818698,0.191224783957923,0.184777733672076
A0A0B4J1V2,IGHV2-26,49,26,0.624237904089325,0.323554242243258,0.0536918257505116,0.185320413862917,-75.2579905362688,FALSE,number of observations (=49) <= number of random effects (=52) for term (1 + SampleCode | ID2); the random-effects parameters and the residual variance (or scale parameter) are probably unidentifiable,TRUE,TRUE,FALSE,0.635201515222374,0.346156887620559,0.0665041372141513,-74.2673237208072,1.9813336309233,0.371329000530386,1.06906964279137,-0.761045418449632,1.12405066342629,0.930892666214845,0.214507081410989,0.185320413862917
P51452,DUSP3,47,25,0.179039310751549,0.0928549226766565,0.0538350095004668,0.185320413862917,-15.3659733857706,FALSE,number of observations (=47) <= number of random effects (=50) for term (1 + SampleCode | ID2); the random-effects parameters and the residual variance (or scale parameter) are probably unidentifiable,TRUE,FALSE,FALSE,0.179091815401465,0.0927596363116103,0.053519115013075,-15.3633068797725,0.00533301199625669,0.997337045971173,0.286826430304055,-0.597489084378454,0.316025952906255,0.242161075718533,0.188918985283819,0.185320413862917
P06681,C2,52,26,0.449494433905147,0.233205715143349,0.0539224639116097,0.185320413862917,-64.5984847346504,FALSE,number of observations (=52) <= number of random effects (=52) for term (1 + SampleCode | ID2); the random-effects parameters and the residual variance (or scale parameter) are probably unidentifiable,TRUE,TRUE,FALSE,0.460618767067674,0.249465241779276,0.0648305735123846,-60.5328418530045,8.13128576329187,0.0171519590487537,1.01961005153353,-0.631821074321048,0.838064694324573,0.53488613271907,0.210920285241295,0.185320413862917
O00461,GOLIM4,51,26,0.196736487564171,0.102207893321156,0.0542461381814757,0.185320413862917,-29.8484167591945,FALSE,number of observations (=51) <= number of random effects (=52) for term (1 + SampleCode | ID2); the random-effects parameters and the residual variance (or scale parameter) are probably unidentifiable,TRUE,TRUE,FALSE,0.197482427107738,0.102111886410496,0.0531154893485918,-29.7868689619475,0.123095594494011,0.940308000531546,0.219748863523805,-0.519138444491136,0.362082350318943,0.327069218056851,0.188918985283819,0.185320413862917
O95197,RTN3,52,26,-0.289676513641009,0.150492889004076,0.0542478969605294,0.185320413862917,-41.8222180931323,FALSE,number of observations (=52) <= number of random effects (=52) for term (1 + SampleCode | ID2); the random-effects parameters and the residual variance (or scale parameter) are probably unidentifiable,TRUE,FALSE,FALSE,-0.286494238626839,0.157596575858176,0.0690799776573898,-41.0705765716423,1.50328304298,0.471591788963201,0.623905115239044,-0.865656686650075,0.540821981758449,0.355783667316029,0.218706076804646,0.185320413862917
Q6Q788,APOA5,52,26,0.31382624032647,0.163135760956106,0.0543906781744242,0.185320413862917,-53.2738735679005,FALSE,number of observations (=52) <= number of random effects (=52) for term (1 + SampleCode | ID2); the random-effects parameters and the residual variance (or scale parameter) are probably unidentifiable,TRUE,TRUE,FALSE,0.315976203262134,0.162775705827691,0.0522370003896378,-52.8885096530002,0.77072782980062,0.680203055131101,0.370993789610402,-0.765256942247089,0.584983673286619,0.521552263880808,0.187477160465225,0.185320413862917
P05106,ITGB3,52,26,-0.328962690338359,0.171103781628426,0.054531361933875,0.185320413862917,-48.4966494195345,FALSE,number of observations (=52) <= number of random effects (=52) for term (1 + SampleCode | ID2); the random-effects parameters and the residual variance (or scale parameter) are probably unidentifiable,TRUE,FALSE,FALSE,-0.32618459173989,0.177480616211137,0.0660829824399573,-47.9544137793472,1.08447128037456,0.581446892190504,0.748816419793924,-0.827957864803254,0.614890755829296,0.356230237452038,0.213594577133335,0.185320413862917
O75882,ATRN,52,26,0.424146897870854,0.220650364766552,0.0545733196522419,0.185320413862917,-61.7207229494599,FALSE,number of observations (=52) <= number of random effects (=52) for term (1 + SampleCode | ID2); the random-effects parameters and the residual variance (or scale parameter) are probably unidentifiable,TRUE,TRUE,TRUE,0.436425226822634,0.221530669136725,0.0488332963486648,-59.2817546969799,4.87793650495993,0.0872508258617716,0.739656744319952,,0.792944891539291,0.600761313450952,0.181364045333382,0.185320413862917
P62820,RAB1A,52,26,-0.256130602942504,0.13324645119496,0.0545765620114093,0.185320413862917,-38.1688327787384,FALSE,number of observations (=52) <= number of random effects (=52) for term (1 + SampleCode | ID2); the random-effects parameters and the residual variance (or scale parameter) are probably unidentifiable,TRUE,FALSE,FALSE,-0.256106235711132,0.133221592391221,0.0545544579342178,-37.7918484675455,0.753968622385884,0.685926835185377,0.449691969460111,-0.775707781316472,0.47851407777326,0.357563474598495,0.191224783957923,0.185320413862917
P01860,IGHG3,45,24,0.760711447597369,0.397095876802753,0.0554049357350239,0.187720670418009,-76.4498967095898,FALSE,number of observations (=45) <= number of random effects (=48) for term (1 + SampleCode | ID2); the random-effects parameters and the residual variance (or scale parameter) are probably unidentifiable,TRUE,FALSE,FALSE,0.770730331271164,0.430249444556905,0.0732360331485585,-75.5109353117711,1.87792279563749,0.391033753037389,1.73315867048406,-0.872938526455523,1.32306109121188,0.772896712170083,0.226299342429046,0.187720670418009
P04040,CAT,50,26,0.157143713514185,0.0821981706964985,0.0559061435289934,0.188974803292354,-8.99247762269436,FALSE,number of observations (=50) <= number of random effects (=52) for term (1 + SampleCode | ID2); the random-effects parameters and the residual variance (or scale parameter) are probably unidentifiable,TRUE,FALSE,FALSE,0.153746452312891,0.0832719230549864,0.0648460423881004,-7.50115683235618,2.98264158067637,0.22507518200684,0.299594812739503,-0.941949866819361,0.289647972656582,0.206641607947591,0.210920285241295,0.188974803292354
Q15063,POSTN,52,26,0.333506406477184,0.174530067053653,0.0560197151507431,0.188974803292354,-49.8399343456679,FALSE,number of observations (=52) <= number of random effects (=52) for term (1 + SampleCode | ID2); the random-effects parameters and the residual variance (or scale parameter) are probably unidentifiable,TRUE,FALSE,FALSE,0.338867160542632,0.17312692544337,0.0503082512355023,-48.7705077383075,2.13885321472078,0.343205252375716,0.497335930000978,-0.0971722797423134,0.627157040666877,0.513263968905133,0.184880192365732,0.188974803292354
P18084,ITGB5,48,26,-0.163284752781527,0.0855185957781031,0.0562172246786792,0.189227913134116,-18.5981485633288,FALSE,number of observations (=48) <= number of random effects (=52) for term (1 + SampleCode | ID2); the random-effects parameters and the residual variance (or scale parameter) are probably unidentifiable,TRUE,TRUE,FALSE,-0.162536102028233,0.0858712131571092,0.0583859127640083,-17.7897893596226,1.61671840741246,0.445588586843123,0.161875447047168,-0.977386167101646,0.289140256180809,0.270321850617437,0.198255462022841,0.189227913134116
Q3YEC7,RABL6,42,26,-0.275255099442055,0.144418180727318,0.0566555539150991,0.189451950024051,-38.4626621708166,FALSE,number of observations (=42) <= number of random effects (=52) for term (1 + SampleCode | ID2); the random-effects parameters and the residual variance (or scale parameter) are probably unidentifiable,TRUE,FALSE,FALSE,-0.277795037315466,0.145410111020786,0.0560785800093413,-37.9492682991839,1.0267877432654,0.598461028356203,0.331101485707065,0.165272641265826,0.429397772925954,0.359225461421684,0.194263242409041,0.189451950024051
P17936,IGFBP3,44,25,0.440237927147282,0.231084537627363,0.0567677626514965,0.189451950024051,-52.8985767844518,FALSE,number of observations (=44) <= number of random effects (=50) for term (1 + SampleCode | ID2); the random-effects parameters and the residual variance (or scale parameter) are probably unidentifiable,TRUE,FALSE,FALSE,0.441444139209359,0.230167355545246,0.0551202937375918,-52.8423128987981,0.112527771307413,0.945289654596132,0.678427838011715,-0.527904115499138,0.75763535571806,0.584265949311618,0.192319515647072,0.189451950024051
P04179,SOD2,52,26,-0.157772153965843,0.0828226006445699,0.056787762447319,0.189451950024051,-29.2971143381121,FALSE,number of observations (=52) <= number of random effects (=52) for term (1 + SampleCode | ID2); the random-effects parameters and the residual variance (or scale parameter) are probably unidentifiable,TRUE,FALSE,FALSE,-0.157571056566499,0.0828089046543825,0.0570630646378769,-29.256432652297,0.0813633716301183,0.960134705806966,0.057319827804018,-0.53950638857331,0.295313016306757,0.292499425880764,0.196114185508605,0.189451950024051
P08575,PTPRC,51,26,0.230385169218881,0.120995305051884,0.0568993045615716,0.189451950024051,-29.4626765129248,FALSE,number of observations (=51) <= number of random effects (=52) for term (1 + SampleCode | ID2); the random-effects parameters and the residual variance (or scale parameter) are probably unidentifiable,TRUE,TRUE,FALSE,0.232931943875954,0.122726053656609,0.057698342552892,-26.38691724681,6.15151853222962,0.04615457147244,0.423620687055623,-0.230508989954117,0.431175968018762,0.316226654936,0.197221104522607,0.189451950024051
Q9UDY2,TJP2,52,26,-0.19817105252268,0.104080845644808,0.0569087797123277,0.189451950024051,-42.9342068678789,FALSE,number of observations (=52) <= number of random effects (=52) for term (1 + SampleCode | ID2); the random-effects parameters and the residual variance (or scale parameter) are probably unidentifiable,TRUE,FALSE,FALSE,-0.189977011831338,0.104771774350639,0.0697938715945897,-42.1984110921015,1.47159155155482,0.479124031930835,0.152472290710996,-0.985567254140554,0.370682308958252,0.357715069578868,0.219737932461201,0.189451950024051
P58546,MTPN,45,25,-0.262005930482041,0.137668808836576,0.0570195189392775,0.189451950024051,-38.7268170179682,FALSE,number of observations (=45) <= number of random effects (=50) for term (1 + SampleCode | ID2); the random-effects parameters and the residual variance (or scale parameter) are probably unidentifiable,TRUE,FALSE,FALSE,-0.261723628422756,0.137727146713248,0.0573930647393405,-38.7248422870555,0.00394946182545652,0.998027217585563,0.198740490951653,-0.184057363813328,0.446826709554748,0.42423768969803,0.196612605370912,0.189451950024051
Q9ULH1,ASAP1,51,26,-0.119912986428963,0.0630626706620187,0.0572379673565812,0.189769655720854,-0.511628309682209,FALSE,number of observations (=51) <= number of random effects (=52) for term (1 + SampleCode | ID2); the random-effects parameters and the residual variance (or scale parameter) are probably unidentifiable,TRUE,FALSE,FALSE,-0.120899795968927,0.0633305654419617,0.0562585341386693,-0.265139499289887,0.492977620784643,0.781540106615256,0.187906448922609,-0.336815421960613,0.224138707486864,0.181224104138134,0.1944506381303,0.189769655720854
A0A0C4DH31,IGHV1-18,50,26,0.481058296751756,0.254207388206419,0.0584396777547135,0.193131977187751,-70.1075101434597,FALSE,number of observations (=50) <= number of random effects (=52) for term (1 + SampleCode | ID2); the random-effects parameters and the residual variance (or scale parameter) are probably unidentifiable,TRUE,TRUE,FALSE,0.483491622381146,0.253965949077255,0.0569407262681665,-69.9743648915304,0.266290503858585,0.875337938350002,0.742653445485991,-0.380931053663201,0.890142441168306,0.717500726078286,0.196114185508605,0.193131977187751
P04406,GAPDH,52,26,-0.195129839138954,0.103138718940589,0.0585021134782315,0.193131977187751,-41.1821413250243,FALSE,number of observations (=52) <= number of random effects (=52) for term (1 + SampleCode | ID2); the random-effects parameters and the residual variance (or scale parameter) are probably unidentifiable,TRUE,FALSE,FALSE,-0.191927443618922,0.103439235920835,0.0635304572965041,-40.9566575050054,0.450967640037916,0.798129974071269,0.287248267947969,-0.0152260310735318,0.367639193825416,0.307774748011082,0.20795456890487,0.193131977187751
P06756,ITGAV,51,26,0.182894931232255,0.097150210883786,0.0597546742558439,0.196846421589081,-18.2685132610352,FALSE,number of observations (=51) <= number of random effects (=52) for term (1 + SampleCode | ID2); the random-effects parameters and the residual variance (or scale parameter) are probably unidentifiable,TRUE,FALSE,FALSE,0.182694386765288,0.100154510741174,0.0681331166503038,-18.2126649043459,0.111696713378628,0.94568253144756,0.36877092772929,-0.755882328807009,0.346202162167208,0.2442070554715,0.216353448774236,0.196846421589081
Q9ULQ0,STRIP2,46,25,-0.249094469303205,0.132434239580213,0.0599866450294458,0.197163041207357,-28.1903749120927,FALSE,number of observations (=46) <= number of random effects (=50) for term (1 + SampleCode | ID2); the random-effects parameters and the residual variance (or scale parameter) are probably unidentifiable,TRUE,TRUE,FALSE,-0.257025046423048,0.144820892652171,0.0759344222998245,-27.497588094706,1.38557363477327,0.500180214055961,0.56553529463401,-0.810782863873542,0.44659448166175,0.290004571562743,0.229586462726475,0.197163041207357
P10124,SRGN,52,26,-0.283545349003062,0.150820779526279,0.0601060145039904,0.197163041207357,-51.0126825998962,FALSE,number of observations (=52) <= number of random effects (=52) for term (1 + SampleCode | ID2); the random-effects parameters and the residual variance (or scale parameter) are probably unidentifiable,TRUE,FALSE,FALSE,-0.284938897463844,0.15040409254229,0.0581601343175258,-50.0317765772197,1.96181204535311,0.374971212480707,0.272240463330847,-0.999320938056071,0.54043954428648,0.503701120273534,0.197923805111404,0.197163041207357
P01133,EGF,50,26,-0.133345683867892,0.0710503867179319,0.0605487562273293,0.198194551633949,-18.2252996747305,FALSE,number of observations (=50) <= number of random effects (=52) for term (1 + SampleCode | ID2); the random-effects parameters and the residual variance (or scale parameter) are probably unidentifiable,TRUE,FALSE,FALSE,-0.130017715100445,0.0710512032660365,0.067262539635965,-18.025096503601,0.400406342259089,0.818564427522934,0.168040078239082,0.0624059565493898,0.245580404731847,0.213845617773249,0.215602953812377,0.198194551633949
Q6ZRP7,QSOX2,42,23,0.339997176840757,0.181356346137847,0.0608276051970649,0.198557689037756,-42.8754997362169,FALSE,number of observations (=42) <= number of random effects (=46) for term (1 + SampleCode | ID2); the random-effects parameters and the residual variance (or scale parameter) are probably unidentifiable,TRUE,TRUE,FALSE,0.341726694725017,0.181020460804485,0.0590555734185006,-42.8244493188888,0.102100834656227,0.950230761228635,0.391028827109625,-0.558851252308622,0.575755704289925,0.505315692096467,0.200089607306104,0.198557689037756
P16150,SPN,44,25,0.356675163665327,0.190571500410143,0.0612608420626899,0.198557689037756,-41.9958370295767,FALSE,number of observations (=44) <= number of random effects (=50) for term (1 + SampleCode | ID2); the random-effects parameters and the residual variance (or scale parameter) are probably unidentifiable,TRUE,FALSE,FALSE,0.357839996695506,0.19611270476894,0.0680515916663909,-41.7550145477814,0.481644963590611,0.78598113996577,0.585163775898118,-0.63277350350332,0.628456986509884,0.497469950074785,0.216353448774236,0.198557689037756
Q6PJW8,CNST,51,26,-0.206543097474308,0.110368199536671,0.0612895975978639,0.198557689037756,-29.5288400226738,FALSE,number of observations (=51) <= number of random effects (=52) for term (1 + SampleCode | ID2); the random-effects parameters and the residual variance (or scale parameter) are probably unidentifiable,TRUE,TRUE,FALSE,-0.204821888838394,0.109627748295416,0.0617147179005361,-28.7266665411623,1.60434696302286,0.448353416472591,0.311862783402855,-0.843196827099511,0.392151397572335,0.322586114169984,0.205937881547145,0.198557689037756
P00387,CYB5R3,52,26,-0.257049425000165,0.137366645374463,0.0613083296436196,0.198557689037756,-38.5142663675484,FALSE,number of observations (=52) <= number of random effects (=52) for term (1 + SampleCode | ID2); the random-effects parameters and the residual variance (or scale parameter) are probably unidentifiable,TRUE,FALSE,FALSE,-0.255964405060174,0.137513377208544,0.0626907843296452,-38.3522802068894,0.323972321318095,0.850452974167465,0.473023321845877,-0.757894553959053,0.493475148252181,0.363601038417824,0.20732530236161,0.198557689037756
O75787,ATP6AP2,49,26,0.229531786115372,0.122674386967118,0.0613360333933837,0.198557689037756,-27.9969265171431,FALSE,number of observations (=49) <= number of random effects (=52) for term (1 + SampleCode | ID2); the random-effects parameters and the residual variance (or scale parameter) are probably unidentifiable,TRUE,TRUE,TRUE,0.233357623778489,0.124034612441177,0.0599187280592723,-26.0332476643977,3.92735770549083,0.140341175550665,0.384849126215558,,0.428453662385247,0.334956057551112,0.202569879325111,0.198557689037756
P20810,CAST,45,26,-0.213143859557265,0.114005035338678,0.0615393298370169,0.198557689037756,-27.6969342017372,FALSE,number of observations (=45) <= number of random effects (=52) for term (1 + SampleCode | ID2); the random-effects parameters and the residual variance (or scale parameter) are probably unidentifiable,TRUE,TRUE,FALSE,-0.201608768397999,0.115453935231288,0.0807715308031106,-27.484740928981,0.424386545512476,0.808808361837907,0.219702463131536,-0.722633196083151,0.370925174425428,0.346155886493083,0.23769907636344,0.198557689037756
Q9H0E2,TOLLIP,49,26,0.13768669439914,0.0736506483947699,0.0615593094168836,0.198557689037756,-9.36880502220973,FALSE,number of observations (=49) <= number of random effects (=52) for term (1 + SampleCode | ID2); the random-effects parameters and the residual variance (or scale parameter) are probably unidentifiable,TRUE,FALSE,FALSE,0.139044481627071,0.0748673192750491,0.0632810024562776,-8.64370635051412,1.45019734339124,0.484276782186553,0.227931406311769,-0.13341327272703,0.254473761086286,0.199486603260646,0.207577810604987,0.198557689037756
P13671,C6,52,26,0.415629196868891,0.222748658369165,0.0620538026584394,0.199735677306852,-62.2128849802906,FALSE,number of observations (=52) <= number of random effects (=52) for term (1 + SampleCode | ID2); the random-effects parameters and the residual variance (or scale parameter) are probably unidentifiable,TRUE,TRUE,TRUE,0.422849931196202,0.223178235148631,0.0581356449181115,-59.5019891465885,5.42179166740428,0.0664772274916514,0.755371408574969,,0.800485469117317,0.598900480130232,0.197923805111404,0.199735677306852
P50148,GNAQ,51,26,-0.211648941840641,0.113518011156234,0.0622581834731275,0.199976909492686,-30.9192857423502,FALSE,number of observations (=51) <= number of random effects (=52) for term (1 + SampleCode | ID2); the random-effects parameters and the residual variance (or scale parameter) are probably unidentifiable,TRUE,FALSE,FALSE,-0.211630266132173,0.113466188565306,0.062161858159252,-30.9119314323054,0.0147086200897135,0.992672666720918,0.341749279661349,-0.582035737197137,0.403354940785734,0.322870625906757,0.206537564948214,0.199976909492686
Q6YHK3,CD109,52,26,0.180707033885041,0.097219001313375,0.0630608101070362,0.202134754388736,-28.9056591492902,FALSE,number of observations (=52) <= number of random effects (=52) for term (1 + SampleCode | ID2); the random-effects parameters and the residual variance (or scale parameter) are probably unidentifiable,TRUE,FALSE,FALSE,0.180700637841932,0.0972188880664268,0.0630698330808783,-28.905657491863,3.31485431814826e-06,0.999998342574214,0.213662510549444,-0.351727151348482,0.348260864730568,0.313782670455885,0.20732530236161,0.202134754388736
Q13200,PSMD2,51,26,-0.143900734802394,0.0776123248459897,0.0637253646713702,0.203434047078793,-19.2864270948795,FALSE,number of observations (=51) <= number of random effects (=52) for term (1 + SampleCode | ID2); the random-effects parameters and the residual variance (or scale parameter) are probably unidentifiable,TRUE,FALSE,FALSE,-0.14495531758829,0.0776415073255844,0.0619040638462319,-19.2496612029481,0.0735317838627339,0.963901766117849,0.0668755600332204,0.295187827204915,0.274210884180046,0.269968079521965,0.206124522936268,0.203434047078793
Q5T4S7,UBR4,51,26,-0.138241794532057,0.074574212005325,0.0637752245453976,0.203434047078793,-13.2493364880809,FALSE,number of observations (=51) <= number of random effects (=52) for term (1 + SampleCode | ID2); the random-effects parameters and the residual variance (or scale parameter) are probably unidentifiable,TRUE,FALSE,FALSE,-0.138157406029479,0.0745399402654515,0.0638152855357245,-13.2358105922415,0.0270517916788293,0.986565168053773,0.169486043535423,-0.460558222113316,0.264288622709175,0.235561933322021,0.208445277278424,0.203434047078793
P42704,LRPPRC,48,26,-0.185614988358918,0.100161997704103,0.0638611733548313,0.203434047078793,-37.8473441210446,FALSE,number of observations (=48) <= number of random effects (=52) for term (1 + SampleCode | ID2); the random-effects parameters and the residual variance (or scale parameter) are probably unidentifiable,TRUE,FALSE,FALSE,-0.205843994664169,0.100764163960402,0.0410693310112518,-37.2875943544721,1.1194995331451,0.571352017335776,0.263833605627719,0.264171125882649,0.330698651336149,0.274841499733607,0.166987584035489,0.203434047078793
Q14012,CAMK1,52,26,-0.134102075720186,0.0726190066103504,0.0647975088451809,0.205992080588075,-11.2243644024278,FALSE,number of observations (=52) <= number of random effects (=52) for term (1 + SampleCode | ID2); the random-effects parameters and the residual variance (or scale parameter) are probably unidentifiable,TRUE,FALSE,FALSE,-0.13259038377972,0.0724564220702997,0.0672599870879241,-10.2362761105667,1.97617658372234,0.372287716626646,0.23363510121349,-0.065897729838959,0.260398762553909,0.200609763959768,0.215602953812377,0.205992080588075
Q99832,CCT7,49,26,0.180407910328351,0.097949737088802,0.0654983083527798,0.207792374548347,-22.9315923157175,FALSE,number of observations (=49) <= number of random effects (=52) for term (1 + SampleCode | ID2); the random-effects parameters and the residual variance (or scale parameter) are probably unidentifiable,TRUE,FALSE,FALSE,0.181111183412429,0.0973886777468843,0.0629316750216609,-22.8087869574439,0.245610716547162,0.88443579391814,0.237283673402004,-0.630285272934628,0.33643748487625,0.290882187564892,0.20732530236161,0.207792374548347
Q6PGP7,SKIC3,44,25,-0.168512517613843,0.0916582428738141,0.0659906281099,0.208925246782368,-9.9314418494301,FALSE,number of observations (=44) <= number of random effects (=50) for term (1 + SampleCode | ID2); the random-effects parameters and the residual variance (or scale parameter) are probably unidentifiable,TRUE,FALSE,FALSE,-0.168087803859451,0.0941429743541351,0.0741879581641036,-9.71375111210599,0.43538147464821,0.804374166111016,0.304103442062711,-0.638403830055269,0.303242050538983,0.225306407496364,0.226522520481305,0.208925246782368
P04920,SLC4A2,46,26,-0.119993250593942,0.0653144676292602,0.0661860002823399,0.209115276965675,1.55396714999435,FALSE,number of observations (=46) <= number of random effects (=52) for term (1 + SampleCode | ID2); the random-effects parameters and the residual variance (or scale parameter) are probably unidentifiable,TRUE,FALSE,FALSE,-0.121468613635327,0.0664646485566691,0.067614527733235,1.99078421977634,0.873634139563992,0.646089609914277,0.166965922145009,-0.165036626735319,0.218470978931587,0.185850073102718,0.216282495544199,0.209115276965675
O75915,ARL6IP5,51,26,-0.388815449486153,0.212000731013389,0.0666497169388043,0.210150638102964,-60.0739948809361,FALSE,number of observations (=51) <= number of random effects (=52) for term (1 + SampleCode | ID2); the random-effects parameters and the residual variance (or scale parameter) are probably unidentifiable,TRUE,FALSE,FALSE,-0.387197603561558,0.212313852973386,0.0681968476071539,-60.0289504824693,0.0900887969335997,0.955955037952871,0.765358754206334,-0.70688450882224,0.754579903795636,0.528304977845624,0.216353448774236,0.210150638102964
A0A0C4DH33,IGHV1-24,52,26,0.322761090243703,0.176223360601373,0.0670191737975985,0.210885180279612,-60.4776459015464,FALSE,number of observations (=52) <= number of random effects (=52) for term (1 + SampleCode | ID2); the random-effects parameters and the residual variance (or scale parameter) are probably unidentifiable,TRUE,TRUE,FALSE,0.314598325108459,0.176440340212982,0.0745815073256969,-57.9596702921063,5.03595121888037,0.0806226533972473,0.472934178611449,-0.999939456893776,0.631096111364692,0.537203709438666,0.227197176688689,0.210885180279612
O95292,VAPB,50,26,-0.214608258127874,0.117533208747639,0.0678597218916034,0.213096077891316,-30.8901005855086,FALSE,number of observations (=50) <= number of random effects (=52) for term (1 + SampleCode | ID2); the random-effects parameters and the residual variance (or scale parameter) are probably unidentifiable,TRUE,FALSE,FALSE,-0.214620900927431,0.117535553949133,0.0678490066621778,-30.8900312124245,0.000138746168225623,0.999930629322144,0.372510349020684,-0.578318211642793,0.413138345051144,0.318289283618854,0.216353448774236,0.213096077891316
Q99460,PSMD1,48,26,-0.143928861983838,0.0791089428273209,0.0688541819966672,0.215780347230935,-17.5443659518731,FALSE,number of observations (=48) <= number of random effects (=52) for term (1 + SampleCode | ID2); the random-effects parameters and the residual variance (or scale parameter) are probably unidentifiable,TRUE,FALSE,FALSE,-0.14878705751963,0.0808672605858077,0.0657840371922498,-16.1739037282192,2.74092444730781,0.253989532446357,0.236302716590375,0.23230795814555,0.26760254670505,0.21056988142263,0.21336546021762,0.215780347230935
Q9BWP8,COLEC11,52,26,0.179611219562617,0.0990170409517213,0.0696865775132284,0.217946887161818,-24.6455687405894,FALSE,number of observations (=52) <= number of random effects (=52) for term (1 + SampleCode | ID2); the random-effects parameters and the residual variance (or scale parameter) are probably unidentifiable,TRUE,FALSE,FALSE,0.179702493654186,0.0990053714742405,0.0695118893892321,-24.4052075671102,0.480722346958338,0.786343803245325,0.285735120857009,-0.32057806292858,0.35538670395525,0.292328861641897,0.219623454205242,0.217946887161818
P01861,IGHG4,52,26,0.357219729952614,0.197402113501995,0.0703571596389902,0.219599619479272,-85.2589568032746,FALSE,number of observations (=52) <= number of random effects (=52) for term (1 + SampleCode | ID2); the random-effects parameters and the residual variance (or scale parameter) are probably unidentifiable,TRUE,FALSE,FALSE,0.345441797930718,0.197035854501955,0.0795689563936815,-84.8671372953517,0.783639015845864,0.675826084206639,0.237641055949854,-0.829200433560736,0.698272870344363,0.677091462890551,0.235730921694183,0.219599619479272
Q13477,MADCAM1,52,26,0.371861290282946,0.205655717458472,0.0705794472875936,0.219714833508747,-61.42950431248,FALSE,number of observations (=52) <= number of random effects (=52) for term (1 + SampleCode | ID2); the random-effects parameters and the residual variance (or scale parameter) are probably unidentifiable,TRUE,FALSE,FALSE,0.364696246383553,0.20763906737238,0.0790209641105316,-59.420396810195,4.01821500456997,0.134108312635149,0.671763213590698,0.120689492771661,0.738403390477941,0.575212436839075,0.235235818016901,0.219714833508747
O15127,SCAMP2,52,26,-0.18282313790669,0.101144858700041,0.070678493368186,0.219714833508747,-25.8430409135068,FALSE,number of observations (=52) <= number of random effects (=52) for term (1 + SampleCode | ID2); the random-effects parameters and the residual variance (or scale parameter) are probably unidentifiable,TRUE,FALSE,FALSE,-0.183429204837281,0.101238260811728,0.0700083662956537,-24.565440566312,2.55520069438948,0.278705294597661,0.256452513700047,-0.956423260162514,0.363013190367645,0.315088758146039,0.219737932461201,0.219714833508747
Q9Y6D6,ARFGEF1,50,26,0.128169337228422,0.0712661527909315,0.0721041151181683,0.223696501722028,-14.3052410108275,FALSE,number of observations (=50) <= number of random effects (=52) for term (1 + SampleCode | ID2); the random-effects parameters and the residual variance (or scale parameter) are probably unidentifiable,TRUE,FALSE,FALSE,0.128663898085678,0.0709847692214956,0.0699002669027643,-13.7559696586903,1.09854270427435,0.577370356823304,0.209973281532642,0.0288074584915442,0.248284527509628,0.195689854803574,0.219737932461201,0.223696501722028
P06396,GSN,52,26,-0.178966562430966,0.0997306095086613,0.0727334247288918,0.225196675763803,-26.896505281669,FALSE,number of observations (=52) <= number of random effects (=52) for term (1 + SampleCode | ID2); the random-effects parameters and the residual variance (or scale parameter) are probably unidentifiable,TRUE,FALSE,FALSE,-0.179112501494571,0.0997453499636505,0.0725425983455169,-26.8922371134072,0.00853633652364039,0.995740927423096,0.286319069425402,-0.467524600426662,0.357723020199146,0.294980213904357,0.225176225366733,0.225196675763803
P19021,PAM,52,26,0.289393473150968,0.161611051419145,0.0733448640418446,0.226084585343282,-49.9256270175626,FALSE,number of observations (=52) <= number of random effects (=52) for term (1 + SampleCode | ID2); the random-effects parameters and the residual variance (or scale parameter) are probably unidentifiable,TRUE,FALSE,FALSE,0.289096744481048,0.16159578301366,0.0736129333055406,-49.6769869572889,0.497280120547458,0.779860625692854,0.463662412806327,-0.323803566155445,0.580081279148781,0.47850167074892,0.226382642132937,0.226084585343282
O95445,APOM,52,26,0.283450561631933,0.158375384538006,0.0734959209648628,0.226084585343282,-47.1224619532021,FALSE,number of observations (=52) <= number of random effects (=52) for term (1 + SampleCode | ID2); the random-effects parameters and the residual variance (or scale parameter) are probably unidentifiable,TRUE,TRUE,FALSE,0.283228937565227,0.15836511288413,0.0737025689274221,-47.116644091081,0.0116357242421259,0.994199028866413,0.508885410058523,-0.645713184860978,0.568761818296677,0.440420740897235,0.226382642132937,0.226084585343282
P62826,RAN,45,25,0.207783425787217,0.116129992595598,0.0735775615024036,0.226084585343282,-21.3119415204236,FALSE,number of observations (=45) <= number of random effects (=50) for term (1 + SampleCode | ID2); the random-effects parameters and the residual variance (or scale parameter) are probably unidentifiable,TRUE,FALSE,FALSE,0.203271309292355,0.123731511635746,0.10041565249456,-21.0931357841355,0.437611472576201,0.80347778957146,0.460417852529176,-0.818042650579607,0.388547507295028,0.262175216723815,0.269344067889053,0.226084585343282
Q32MZ4,LRRFIP1,48,25,-0.210368835923895,0.117586393019977,0.0736055316683954,0.226084585343282,-38.3917438403876,FALSE,number of observations (=48) <= number of random effects (=50) for term (1 + SampleCode | ID2); the random-effects parameters and the residual variance (or scale parameter) are probably unidentifiable,TRUE,FALSE,FALSE,-0.211839664608899,0.117748639260894,0.0720054322220248,-38.3210980815752,0.141291517624836,0.931791912744443,0.094449507447904,0.529303722815698,0.402597792489333,0.397610530904185,0.224744227844502,0.226084585343282
P24043,LAMA2,52,26,0.26026976255881,0.145846913208993,0.0743358363771919,0.227874736513416,-48.9321449168824,FALSE,number of observations (=52) <= number of random effects (=52) for term (1 + SampleCode | ID2); the random-effects parameters and the residual variance (or scale parameter) are probably unidentifiable,TRUE,FALSE,FALSE,0.261101410828473,0.145551836773481,0.0728335507400672,-46.4864526944953,4.89138444477436,0.0866661219031655,0.545140881844506,0.0555540388166834,0.522688194100558,0.352068681658022,0.225506685157122,0.227874736513416
P53634,CTSC,47,26,0.19164352940621,0.107758672580357,0.0753297970141664,0.230315825572477,-30.1909905270664,FALSE,number of observations (=47) <= number of random effects (=52) for term (1 + SampleCode | ID2); the random-effects parameters and the residual variance (or scale parameter) are probably unidentifiable,TRUE,TRUE,FALSE,0.191895095095592,0.107224643882506,0.0735094282336767,-30.1065829145094,0.168815225114045,0.919056560740275,0.0930216106057554,-0.661049199983951,0.356102363942109,0.349681588671281,0.226382642132937,0.230315825572477
P02751,FN1,52,26,-0.246632817725136,0.138823048835791,0.0756343257108716,0.230315825572477,-41.266796989667,FALSE,number of observations (=52) <= number of random effects (=52) for term (1 + SampleCode | ID2); the random-effects parameters and the residual variance (or scale parameter) are probably unidentifiable,TRUE,FALSE,FALSE,-0.255987406489743,0.139178042856865,0.065873996455537,-39.4318554064116,3.66988316651074,0.159622826141637,0.429991063630203,0.299907824281494,0.498401564254105,0.396833785454208,0.21336546021762,0.230315825572477
P19652,ORM2,52,26,0.311446108755634,0.175320128119585,0.0756600282021936,0.230315825572477,-52.3918254225781,FALSE,number of observations (=52) <= number of random effects (=52) for term (1 + SampleCode | ID2); the random-effects parameters and the residual variance (or scale parameter) are probably unidentifiable,TRUE,FALSE,FALSE,0.318346262020641,0.173905746700419,0.0671650767607149,-46.4931979507499,11.7972549436564,0.00274320736546717,0.747727999564395,-0.0506929073245384,0.629617077014899,0.333887325697713,0.215602953812377,0.230315825572477
Q0ZGT2,NEXN,52,26,-0.183712643448183,0.10348318831395,0.0758500570764686,0.230315825572477,-32.4795388448776,FALSE,number of observations (=52) <= number of random effects (=52) for term (1 + SampleCode | ID2); the random-effects parameters and the residual variance (or scale parameter) are probably unidentifiable,TRUE,FALSE,FALSE,-0.184357878011504,0.103492913268643,0.0748540653438225,-32.4359636133333,0.0871504630886051,0.957360527670721,0.259767088948081,-0.257969458967535,0.370648373470293,0.321968124549634,0.227209294609441,0.230315825572477
Q5T447,HECTD3,52,26,-0.131705286884538,0.0741991507095047,0.0758938942221319,0.230315825572477,-5.04973534425925,FALSE,number of observations (=52) <= number of random effects (=52) for term (1 + SampleCode | ID2); the random-effects parameters and the residual variance (or scale parameter) are probably unidentifiable,TRUE,TRUE,TRUE,-0.131132304033672,0.0742107435307579,0.0772238950218262,-4.37850824950212,1.34245418951426,0.511081047971577,0.17957889631906,,0.26664736119473,0.234554613276484,0.231671685065479,0.230315825572477
Q12805,EFEMP1,52,26,0.285615389153729,0.161006395470566,0.0760733795822043,0.230315825572477,-52.1524376413231,FALSE,number of observations (=52) <= number of random effects (=52) for term (1 + SampleCode | ID2); the random-effects parameters and the residual variance (or scale parameter) are probably unidentifiable,TRUE,FALSE,FALSE,0.289256598511124,0.161104809020533,0.0725810745842284,-51.8181740155532,0.668527251539885,0.715865036877711,0.478247194412944,-0.22243306836787,0.577440588956162,0.468546550444451,0.225176225366733,0.230315825572477
A0A075B6K5,IGLV3-9,52,26,0.288732490452136,0.162858185749813,0.0762440443422799,0.230315825572477,-55.658694605275,FALSE,number of observations (=52) <= number of random effects (=52) for term (1 + SampleCode | ID2); the random-effects parameters and the residual variance (or scale parameter) are probably unidentifiable,TRUE,FALSE,FALSE,0.291390560985352,0.163054470223218,0.0739253738321358,-55.4533728421913,0.410643526167505,0.814385235145015,0.428192566428613,-0.138099318473688,0.583414084443708,0.499555429304586,0.226522520481305,0.230315825572477
P53621,COPA,51,26,-0.083983996070053,0.0473928649071915,0.0763811101868533,0.230315825572477,8.07731123701765,FALSE,number of observations (=51) <= number of random effects (=52) for term (1 + SampleCode | ID2); the random-effects parameters and the residual variance (or scale parameter) are probably unidentifiable,TRUE,FALSE,FALSE,-0.0829183307755,0.047813870585357,0.0828843969281095,8.94574282041891,1.73686316680252,0.419609155376926,0.0911152991173293,-0.969069513822862,0.167734047420839,0.157345174732364,0.242531047829411,0.230315825572477
Q7L576,CYFIP1,52,26,-0.18673651735041,0.105410166536695,0.076473798393968,0.230315825572477,-23.3072673131025,FALSE,number of observations (=52) <= number of random effects (=52) for term (1 + SampleCode | ID2); the random-effects parameters and the residual variance (or scale parameter) are probably unidentifiable,TRUE,FALSE,FALSE,-0.18645334065478,0.105861220095927,0.0781876820915551,-23.2996486706616,0.0152372848818274,0.99241030585319,0.37955694120402,-0.729511041244119,0.378809494196895,0.269652802935458,0.234108466727621,0.230315825572477
P50570,DNM2,43,26,0.145178956559901,0.0820365159388112,0.0767792951254061,0.230786013557884,-8.0149955221502,FALSE,number of observations (=43) <= number of random effects (=52) for term (1 + SampleCode | ID2); the random-effects parameters and the residual variance (or scale parameter) are probably unidentifiable,TRUE,FALSE,FALSE,0.144124103263438,0.0836539766901969,0.0849138172831128,-7.8518827805129,0.326225483274596,0.849495409512211,0.208878784704217,-0.299991637942109,0.259854259326754,0.217679790281389,0.243105697110014,0.230786013557884
P48735,IDH2,52,26,-0.259302293019186,0.146622976891033,0.0769778552737606,0.230933565821282,-41.46694375039,FALSE,number of observations (=52) <= number of random effects (=52) for term (1 + SampleCode | ID2); the random-effects parameters and the residual variance (or scale parameter) are probably unidentifiable,TRUE,FALSE,FALSE,-0.258044280873167,0.146699236792528,0.0785771341769592,-41.4313556891401,0.071176122499736,0.965037748057797,0.562067029637097,-0.720147088117117,0.52678648631728,0.346193390533385,0.234581529109866,0.230933565821282
P25789,PSMA4,51,26,0.221264611900652,0.125328081878394,0.0774826062090256,0.23199733835842,-41.5513390747217,FALSE,number of observations (=51) <= number of random effects (=52) for term (1 + SampleCode | ID2); the random-effects parameters and the residual variance (or scale parameter) are probably unidentifiable,TRUE,TRUE,FALSE,0.223783776085855,0.124594177553439,0.0724783926689318,-40.5895021205761,1.92367390829109,0.382190174922513,0.22018225973531,-0.988369958905298,0.443553170016784,0.414544689263184,0.225176225366733,0.23199733835842
P62834,RAP1A,52,26,-0.208651933588875,0.118520861137784,0.0783288456045785,0.233993486901596,-43.0105920980569,FALSE,number of observations (=52) <= number of random effects (=52) for term (1 + SampleCode | ID2); the random-effects parameters and the residual variance (or scale parameter) are probably unidentifiable,TRUE,TRUE,FALSE,-0.20841111879026,0.118511211069735,0.0786493411513983,-42.6832835453832,0.654617105347285,0.720861285031546,0.313264274388254,0.00199029722721919,0.423806395681187,0.361305760608398,0.234581529109866,0.233993486901596
P15169,CPN1,52,26,0.126927888155923,0.0721511448791676,0.0785444995115025,0.233993486901596,-22.3774306069731,FALSE,number of observations (=52) <= number of random effects (=52) for term (1 + SampleCode | ID2); the random-effects parameters and the residual variance (or scale parameter) are probably unidentifiable,TRUE,TRUE,FALSE,0.124310744920682,0.0721928602172146,0.0850829698290293,-20.9048141180074,2.94523297793126,0.229324674042444,0.138498702280405,-0.979261730377343,0.257220993368261,0.238451636977364,0.243105697110014,0.233993486901596
P55103,INHBC,46,25,0.346774529885726,0.197160236264065,0.0786036373475265,0.233993486901596,-53.2663192409343,FALSE,number of observations (=46) <= number of random effects (=50) for term (1 + SampleCode | ID2); the random-effects parameters and the residual variance (or scale parameter) are probably unidentifiable,TRUE,FALSE,FALSE,0.338504838065769,0.196564419104893,0.0850502515759528,-53.0469250276786,0.438788426511522,0.803005100495229,0.496242246064442,-0.153935554352294,0.65568961857128,0.555224864596542,0.243105697110014,0.233993486901596
P49747,COMP,52,26,0.255375155483966,0.145272791145916,0.0787643900369334,0.234021120398196,-44.3148453931644,FALSE,number of observations (=52) <= number of random effects (=52) for term (1 + SampleCode | ID2); the random-effects parameters and the residual variance (or scale parameter) are probably unidentifiable,TRUE,FALSE,FALSE,0.25470697016192,0.14531852176229,0.0796450104364813,-43.8678077404458,0.894075305437156,0.639519828161348,0.412837427490426,-0.221364786620939,0.521448428502255,0.432335319363355,0.235730921694183,0.234021120398196
P11279,LAMP1,45,24,0.489765864493865,0.278916648209415,0.0790956141269641,0.234248951465763,-62.2931895016474,FALSE,number of observations (=45) <= number of random effects (=48) for term (1 + SampleCode | ID2); the random-effects parameters and the residual variance (or scale parameter) are probably unidentifiable,TRUE,FALSE,FALSE,0.498212679829128,0.280390604508964,0.0755925505343748,-62.1693258971313,0.247727209032149,0.883500338121091,0.94016421254045,-0.550835425468682,0.925634797633587,0.649698864645669,0.229000961912959,0.234248951465763
O43488,AKR7A2,52,26,-0.142088586398903,0.0809311348706836,0.0791443059321217,0.234248951465763,-23.6854792676922,FALSE,number of observations (=52) <= number of random effects (=52) for term (1 + SampleCode | ID2); the random-effects parameters and the residual variance (or scale parameter) are probably unidentifiable,TRUE,FALSE,FALSE,-0.1433162625004,0.0808774758926555,0.0763917346919729,-23.2489510050901,0.873056525204078,0.646276232180144,0.203203822048076,0.10585364724163,0.289315316570171,0.250927879866312,0.230518027537301,0.234248951465763
P00740,F9,52,26,0.206072328690611,0.117756926391489,0.08012167308243,0.235612066315097,-38.2838866195821,FALSE,number of observations (=52) <= number of random effects (=52) for term (1 + SampleCode | ID2); the random-effects parameters and the residual variance (or scale parameter) are probably unidentifiable,TRUE,FALSE,FALSE,0.206128567258508,0.117748273991232,0.0800171207644464,-38.2784241256108,0.0109249879425022,0.994552398320252,0.280947081634663,-0.428228107106916,0.421936790135659,0.372214171887532,0.235928342711965,0.235612066315097
Q6P2E9,EDC4,41,25,0.113724491983116,0.0650069175952277,0.0802182065406712,0.235612066315097,6.3437841474981,FALSE,number of observations (=41) <= number of random effects (=50) for term (1 + SampleCode | ID2); the random-effects parameters and the residual variance (or scale parameter) are probably unidentifiable,TRUE,FALSE,FALSE,0.121713575175644,0.0705067509230829,0.0842991399373945,7.94759458329838,3.20762087160056,0.201128668124914,0.28531487986659,-0.916956064317893,0.207284097323881,0.118394780786731,0.243105697110014,0.235612066315097
P02746,C1QB,52,26,0.322410950132365,0.184349817524082,0.0803068489900094,0.235612066315097,-61.1947364803647,FALSE,number of observations (=52) <= number of random effects (=52) for term (1 + SampleCode | ID2); the random-effects parameters and the residual variance (or scale parameter) are probably unidentifiable,TRUE,FALSE,FALSE,0.343672352670675,0.183732598933445,0.0614140195416124,-59.112071802214,4.1653293563013,0.124597756532173,0.70848827827433,0.0531214845157932,0.66065404148975,0.427954094957541,0.205823557899764,0.235612066315097
A0A0C4DH72,IGKV1-6,40,24,0.28886498115076,0.165195345389277,0.0803555789237213,0.235612066315097,-50.5162466985497,FALSE,number of observations (=40) <= number of random effects (=48) for term (1 + SampleCode | ID2); the random-effects parameters and the residual variance (or scale parameter) are probably unidentifiable,TRUE,TRUE,FALSE,0.396326993059709,0.198292372510564,0.0456408076629959,-49.5476278575834,1.93723768193266,0.37960697380196,0.559817479443664,0.606225342405945,0.462766811324659,0.41790779230662,0.176287619598321,0.235612066315097
Q99685,MGLL,52,26,-0.150994124208769,0.0863534835573663,0.0803673520699391,0.235612066315097,-17.8504864884439,FALSE,number of observations (=52) <= number of random effects (=52) for term (1 + SampleCode | ID2); the random-effects parameters and the residual variance (or scale parameter) are probably unidentifiable,TRUE,FALSE,FALSE,-0.152426580054326,0.0860969294073074,0.0766594156241862,-17.325555158796,1.04986265929579,0.591595988076782,0.241395863268916,-0.137503130136045,0.309903623997201,0.257578650248537,0.230550313555413,0.235612066315097
Q15208,STK38,45,26,-0.155871056703506,0.0893044881071322,0.0809172073472167,0.236774782862594,-10.1266571869614,FALSE,number of observations (=45) <= number of random effects (=52) for term (1 + SampleCode | ID2); the random-effects parameters and the residual variance (or scale parameter) are probably unidentifiable,TRUE,FALSE,FALSE,-0.156511912189324,0.0893728235120879,0.0799071813081262,-10.1238088270212,0.00569671988038678,0.997155692788191,0.279566952169891,-0.624224116588607,0.289281946514665,0.211135191768005,0.235928342711965,0.236774782862594
P01024,C3,52,26,0.178535237349959,0.1025325640561,0.0816390654237418,0.238435455727186,-27.3526168317924,FALSE,number of observations (=52) <= number of random effects (=52) for term (1 + SampleCode | ID2); the random-effects parameters and the residual variance (or scale parameter) are probably unidentifiable,TRUE,FALSE,FALSE,0.179706927694437,0.102481569050078,0.0795070219484254,-26.6711202609932,1.36299314159831,0.505859371226702,0.309822155855781,-0.148476852916096,0.36789777339011,0.295400255688864,0.235730921694183,0.238435455727186
P01717,IGLV3-25,52,26,0.2414423802619,0.138776447185982,0.0818952595743649,0.238466112211195,-57.3142314095671,FALSE,number of observations (=52) <= number of random effects (=52) for term (1 + SampleCode | ID2); the random-effects parameters and the residual variance (or scale parameter) are probably unidentifiable,TRUE,TRUE,FALSE,0.238552070801948,0.13910414420153,0.0863604333213205,-57.1698338380543,0.288795143025524,0.865543564180713,0.365277466675783,-0.0366241663716468,0.494442893491702,0.423024330766296,0.244819944002643,0.238466112211195
Q14118,DAG1,44,25,0.251848895751681,0.144787749509502,0.0819582560415174,0.238466112211195,-29.9258786191618,FALSE,number of observations (=44) <= number of random effects (=50) for term (1 + SampleCode | ID2); the random-effects parameters and the residual variance (or scale parameter) are probably unidentifiable,TRUE,FALSE,FALSE,0.268906934230497,0.155511546447941,0.0837774848555075,-28.6677105281072,2.51633618210927,0.284174131094983,0.512654720936921,-0.999725876152114,0.47768444173753,0.381828408972338,0.243105697110014,0.238466112211195
P13073,COX4I1,47,25,0.138797568396637,0.0799927202876143,0.08271822519541,0.238793084810801,-18.959765090893,FALSE,number of observations (=47) <= number of random effects (=50) for term (1 + SampleCode | ID2); the random-effects parameters and the residual variance (or scale parameter) are probably unidentifiable,TRUE,FALSE,FALSE,0.136629577454582,0.0806636315777995,0.0902997162561741,-18.0904789358542,1.73857231007765,0.41925072246899,0.13213287143817,-0.99763169394685,0.268066446147286,0.252922038348749,0.251828631075431,0.238793084810801
Q53GQ0,HSD17B12,51,26,-0.198694559754051,0.114548237438537,0.0828129373623819,0.238793084810801,-41.9010917607022,FALSE,number of observations (=51) <= number of random effects (=52) for term (1 + SampleCode | ID2); the random-effects parameters and the residual variance (or scale parameter) are probably unidentifiable,TRUE,TRUE,FALSE,-0.196401276555758,0.113689855765217,0.0840746685347211,-41.5900297988953,0.622123923613728,0.732668477000182,0.143704092763227,-0.803423861151349,0.40377385445215,0.388713695128114,0.243105697110014,0.238793084810801
Q92820,GGH,49,26,0.308745099265335,0.178005795016859,0.0828353337784871,0.238793084810801,-46.7801847178279,FALSE,number of observations (=49) <= number of random effects (=52) for term (1 + SampleCode | ID2); the random-effects parameters and the residual variance (or scale parameter) are probably unidentifiable,TRUE,TRUE,FALSE,0.308841609998069,0.178825742796113,0.0841580706887487,-42.1176181772093,9.32513308123728,0.00944219749319782,0.672771447893128,-0.00525954671712217,0.618987651253233,0.396026507326857,0.243105697110014,0.238793084810801
P51148,RAB5C,52,26,-0.159260319906453,0.0918248991108158,0.0828486511019469,0.238793084810801,-17.7718554984073,FALSE,number of observations (=52) <= number of random effects (=52) for term (1 + SampleCode | ID2); the random-effects parameters and the residual variance (or scale parameter) are probably unidentifiable,TRUE,FALSE,FALSE,-0.1592904302362,0.0918214475598421,0.0827789705761005,-17.7688949827796,0.00592103125534749,0.997043862377267,0.316147513868509,-0.646631838983289,0.329853904387789,0.242528361960048,0.242531047829411,0.238793084810801
Q16181,SEPTIN7,52,26,-0.128238405640143,0.0739718343902523,0.0829870797461868,0.238793084810801,-9.89548958223034,FALSE,number of observations (=52) <= number of random effects (=52) for term (1 + SampleCode | ID2); the random-effects parameters and the residual variance (or scale parameter) are probably unidentifiable,TRUE,FALSE,FALSE,-0.130507967823429,0.0737267482169684,0.0767008810145515,-9.5938134565241,0.603352251412467,0.739577556263609,0.223202280705197,-0.286827368200748,0.2654606571983,0.212350424977404,0.230550313555413,0.238793084810801
Q9Y4G6,TLN2,46,24,-0.429257486919037,0.247846674303499,0.0832828680027596,0.238793084810801,-57.2338001267379,FALSE,number of observations (=46) <= number of random effects (=48) for term (1 + SampleCode | ID2); the random-effects parameters and the residual variance (or scale parameter) are probably unidentifiable,TRUE,FALSE,FALSE,-0.427696169228266,0.249396832144404,0.0863594880577485,-57.2137337771192,0.0401326992374322,0.980133639656018,0.933320865338882,-0.737462300029031,0.839687494291037,0.528003338077012,0.244819944002643,0.238793084810801
P35914,HMGCL,49,26,-0.134526891263098,0.0776795368758409,0.0833058092943728,0.238793084810801,-9.03931551070216,FALSE,number of observations (=49) <= number of random effects (=52) for term (1 + SampleCode | ID2); the random-effects parameters and the residual variance (or scale parameter) are probably unidentifiable,TRUE,TRUE,FALSE,-0.133854034796969,0.0779206393478092,0.0858285107784886,-9.00106728903544,0.0764964433334328,0.962474004336284,0.22995292925862,-0.50011182240864,0.268586644152667,0.214148882750609,0.244658762274474,0.238793084810801
P00738,HP,52,26,0.362035232357167,0.209050003232747,0.0833071020796259,0.238793084810801,-67.9957850864344,FALSE,number of observations (=52) <= number of random effects (=52) for term (1 + SampleCode | ID2); the random-effects parameters and the residual variance (or scale parameter) are probably unidentifiable,TRUE,FALSE,FALSE,0.361933185711912,0.209064172306278,0.0834149987140539,-67.9955499610123,0.00047025084421648,0.999764902217708,0.519270699137159,-0.407056315868171,0.749091781024498,0.652991584882277,0.243105697110014,0.238793084810801
Q9BRK5,SDF4,50,26,0.310117439478159,0.179283582743386,0.0836732940008164,0.239398591169002,-54.0855683278598,FALSE,number of observations (=50) <= number of random effects (=52) for term (1 + SampleCode | ID2); the random-effects parameters and the residual variance (or scale parameter) are probably unidentifiable,TRUE,FALSE,FALSE,0.309695212442665,0.17927536147474,0.0840808824449775,-54.0765463007447,0.0180440542301028,0.991018549252861,0.490343084647283,-0.443025605675589,0.629380600130064,0.525219505397827,0.243105697110014,0.239398591169002
P13804,ETFA,51,26,-0.116330895517991,0.0673111911184136,0.0839425358648314,0.239403215582256,-6.9236269871975,FALSE,number of observations (=51) <= number of random effects (=52) for term (1 + SampleCode | ID2); the random-effects parameters and the residual variance (or scale parameter) are probably unidentifiable,TRUE,FALSE,FALSE,-0.116610208486217,0.0676013016838297,0.084532902782601,-6.65168126911143,0.543891436172144,0.761895617119696,0.183716762221075,-0.159867897035402,0.238737391211298,0.20098024340614,0.243105697110014,0.239403215582256
Q9NRW7,VPS45,50,26,0.165045138371263,0.0955111824697082,0.0839848173757817,0.239403215582256,-16.497991974763,FALSE,number of observations (=50) <= number of random effects (=52) for term (1 + SampleCode | ID2); the random-effects parameters and the residual variance (or scale parameter) are probably unidentifiable,TRUE,FALSE,FALSE,0.165630378738763,0.0971066545246138,0.0880724709431461,-16.3686210268029,0.258741895920366,0.878647972412992,0.36996345393173,-0.664624569043926,0.336560049134553,0.219935586929093,0.247905450682681,0.239403215582256
Q9NXR1,NDE1,42,25,0.215485308981086,0.125230903010437,0.0853045599625557,0.242717394368598,-23.7045041859865,FALSE,number of observations (=42) <= number of random effects (=50) for term (1 + SampleCode | ID2); the random-effects parameters and the residual variance (or scale parameter) are probably unidentifiable,TRUE,TRUE,FALSE,0.219537217262248,0.121858131731152,0.0716114530201996,-22.5875938065807,2.2338207588115,0.327289434294608,0.343435381956052,-0.908731360387771,0.394711917839975,0.30718295066206,0.223966993757507,0.242717394368598
Q9NZN3,EHD3,52,26,-0.129778661371893,0.0754678331191435,0.0854951124152157,0.242812405664537,-13.6922903824026,FALSE,number of observations (=52) <= number of random effects (=52) for term (1 + SampleCode | ID2); the random-effects parameters and the residual variance (or scale parameter) are probably unidentifiable,TRUE,TRUE,FALSE,-0.128995544417129,0.0755025236236202,0.0875448763380431,-13.6493260749748,0.0859286148556393,0.957945580998641,0.179248109262865,-0.537448332797383,0.270566597971305,0.239200795681056,0.247270263148586,0.242812405664537
Q27J81,INF2,52,26,-0.163202798693763,0.0949691055390257,0.0857085424641427,0.242971923132295,-20.8247405016724,FALSE,number of observations (=52) <= number of random effects (=52) for term (1 + SampleCode | ID2); the random-effects parameters and the residual variance (or scale parameter) are probably unidentifiable,TRUE,FALSE,FALSE,-0.163567259319811,0.0950040923018838,0.0851263314799466,-20.8171873747415,0.0151062538618945,0.992475326250373,0.341197826201538,-0.608911072707247,0.341027030881758,0.241199533041431,0.243105697110014,0.242971923132295
P08238,HSP90AB1,52,26,-0.224306885387746,0.130638637014971,0.0859786885816816,0.24329134406355,-43.5724697873701,FALSE,number of observations (=52) <= number of random effects (=52) for term (1 + SampleCode | ID2); the random-effects parameters and the residual variance (or scale parameter) are probably unidentifiable,TRUE,FALSE,FALSE,-0.227100167861548,0.130685776740501,0.0822535803033675,-41.7290763730004,3.68678682873922,0.158279406149639,0.443198379911223,0.11688089627128,0.468114645865808,0.348370536418916,0.241600345187648,0.24329134406355
P53396,ACLY,51,26,-0.163965953410135,0.095653411287834,0.0864979975775341,0.244313356960311,-25.6126834278867,FALSE,number of observations (=51) <= number of random effects (=52) for term (1 + SampleCode | ID2); the random-effects parameters and the residual variance (or scale parameter) are probably unidentifiable,TRUE,TRUE,FALSE,-0.163977363560673,0.0955889081910775,0.0862639605148589,-25.5487667755198,0.127833304733855,0.938083183285421,0.217993317887829,-0.544813607813419,0.339074476386486,0.302142290646376,0.244819944002643,0.244313356960311
P62195,PSMC5,51,26,-0.0905017366669104,0.0530068263045316,0.0877551543088467,0.247313874479785,3.6159981244904,FALSE,number of observations (=51) <= number of random effects (=52) for term (1 + SampleCode | ID2); the random-effects parameters and the residual variance (or scale parameter) are probably unidentifiable,TRUE,FALSE,FALSE,-0.090967781862197,0.0528053558406997,0.0849428062558573,3.63233572339158,0.0326751978023658,0.98379513582908,0.108544682142958,-0.44343927145947,0.187779330788924,0.17068604543639,0.243105697110014,0.247313874479785
P24593,IGFBP5,47,26,0.273647737607558,0.160338671785299,0.0878804641355354,0.247313874479785,-37.9553878195296,FALSE,number of observations (=47) <= number of random effects (=52) for term (1 + SampleCode | ID2); the random-effects parameters and the residual variance (or scale parameter) are probably unidentifiable,TRUE,FALSE,FALSE,0.274563935408051,0.184213345722331,0.136101454829502,-35.6557183783406,4.59933888237799,0.100291990645179,0.759554092267337,-0.929864334530246,0.542603140860774,0.347614104584654,0.319084594403005,0.247313874479785
Q6VY07,PACS1,52,26,-0.100014898692379,0.0587372741278441,0.0886148469949064,0.248497558187942,4.92728839120077,FALSE,number of observations (=52) <= number of random effects (=52) for term (1 + SampleCode | ID2); the random-effects parameters and the residual variance (or scale parameter) are probably unidentifiable,TRUE,FALSE,FALSE,-0.100108087753532,0.0587418803695439,0.0883431721198157,4.96110202579621,0.0676272691908793,0.966751656913559,0.192552848765924,-0.688896954166954,0.210966234939437,0.161175932327754,0.248164001682028,0.248497558187942
Q13423,NNT,52,26,-0.198531144698428,0.116605369087863,0.0886448077755431,0.248497558187942,-31.7244289149961,FALSE,number of observations (=52) <= number of random effects (=52) for term (1 + SampleCode | ID2); the random-effects parameters and the residual variance (or scale parameter) are probably unidentifiable,TRUE,FALSE,FALSE,-0.197100188879083,0.116696902506127,0.0912208741834376,-30.8658957562726,1.71706631744703,0.423783249392112,0.429341203594799,-0.813227158612792,0.41869396195405,0.289024041254355,0.253482465132034,0.248497558187942
Q8WWA1,TMEM40,51,26,-0.287357063751901,0.168849873000911,0.0887835936050122,0.248497558187942,-48.447369296013,FALSE,number of observations (=51) <= number of random effects (=52) for term (1 + SampleCode | ID2); the random-effects parameters and the residual variance (or scale parameter) are probably unidentifiable,TRUE,FALSE,FALSE,-0.287778633696421,0.168968490398081,0.0885400570869174,-48.3989357986682,0.0968669946897478,0.952720695654983,0.553098540277071,-0.579734014683741,0.600999263535439,0.456345206317822,0.248265677312681,0.248497558187942
Q2M3D2,EXOC3L2,48,26,-0.103505551527516,0.0609455799308822,0.0894459760838946,0.249898793941442,-9.10870311819267,FALSE,number of observations (=48) <= number of random effects (=52) for term (1 + SampleCode | ID2); the random-effects parameters and the residual variance (or scale parameter) are probably unidentifiable,TRUE,TRUE,FALSE,-0.103345283871957,0.0603922615798158,0.0870379474070113,-8.92185672760045,0.373692781184445,0.829571156532751,0.0424254073565153,-0.9879775443114,0.203238606962798,0.200691381081831,0.246288697333026,0.249898793941442
P49411,TUFM,52,26,-0.131455512568838,0.0778120247835893,0.0911431015179748,0.253339196069789,-18.4865381901523,FALSE,number of observations (=52) <= number of random effects (=52) for term (1 + SampleCode | ID2); the random-effects parameters and the residual variance (or scale parameter) are probably unidentifiable,TRUE,TRUE,FALSE,-0.132479148186544,0.0778271944007506,0.0887137946377384,-18.4707001512405,0.0316760778236045,0.984286723295179,0.159929922623195,-0.200078683124895,0.278598055211214,0.254668981486345,0.248302196948018,0.253339196069789
Q9UI10,EIF2B4,47,26,-0.156816421356981,0.0928901427355759,0.0913743257080464,0.253339196069789,-13.0043430369703,FALSE,number of observations (=47) <= number of random effects (=52) for term (1 + SampleCode | ID2); the random-effects parameters and the residual variance (or scale parameter) are probably unidentifiable,TRUE,FALSE,FALSE,-0.156950361378705,0.0936179014357649,0.093640401532583,-12.9332597269719,0.142166619996715,0.931384295271231,0.308085511959022,-0.619196589117191,0.31505403285548,0.229037862101538,0.257768803831396,0.253339196069789
P20645,M6PR,43,25,-0.140031045964245,0.0829964697181132,0.0915662858021241,0.253339196069789,-17.4228050316401,FALSE,number of observations (=43) <= number of random effects (=50) for term (1 + SampleCode | ID2); the random-effects parameters and the residual variance (or scale parameter) are probably unidentifiable,TRUE,FALSE,FALSE,-0.141366214324678,0.0828856798678105,0.0880906747086032,-17.4149500344037,0.0157099944726866,0.992175772635985,0.134242412530321,-0.121514153207046,0.257429278232184,0.238163465490238,0.247905450682681,0.253339196069789
Q15942,ZYX,52,26,-0.18438658976314,0.109289395918814,0.0915762974286767,0.253339196069789,-45.2371138858808,FALSE,number of observations (=52) <= number of random effects (=52) for term (1 + SampleCode | ID2); the random-effects parameters and the residual variance (or scale parameter) are probably unidentifiable,TRUE,FALSE,FALSE,-0.180003072787451,0.108737029529702,0.0978437698490143,-45.0226773712697,0.428873029222274,0.806996042563252,0.0939094104011955,-0.931402940770018,0.389294645349626,0.381682248866924,0.264942972775357,0.253339196069789
Q9Y490,TLN1,52,26,-0.219207517131673,0.129953472885304,0.091638856601896,0.253339196069789,-35.3081978760149,FALSE,number of observations (=52) <= number of random effects (=52) for term (1 + SampleCode | ID2); the random-effects parameters and the residual variance (or scale parameter) are probably unidentifiable,TRUE,FALSE,FALSE,-0.220583534596397,0.129805059330594,0.0892542621797361,-35.2057645034739,0.204866745082072,0.902638288244975,0.467417551866921,-0.601032061607997,0.466882548424471,0.328995380942938,0.249363173720963,0.253339196069789
P25705,ATP5F1A,52,26,-0.225148226559796,0.133605163759021,0.0919546039919231,0.253339196069789,-35.6328181135745,FALSE,number of observations (=52) <= number of random effects (=52) for term (1 + SampleCode | ID2); the random-effects parameters and the residual variance (or scale parameter) are probably unidentifiable,TRUE,FALSE,FALSE,-0.222398406566926,0.137426955663779,0.105597389828756,-34.3887973330765,2.488041560996,0.288223003577577,0.515019970927335,-0.903850575515887,0.480133047584456,0.334066697196272,0.27604365075846,0.253339196069789
O43815,STRN,50,26,-0.169295989231856,0.100469434402347,0.0919789851001821,0.253339196069789,-19.9863768654687,FALSE,number of observations (=50) <= number of random effects (=52) for term (1 + SampleCode | ID2); the random-effects parameters and the residual variance (or scale parameter) are probably unidentifiable,TRUE,FALSE,FALSE,-0.168484993891542,0.100822138164719,0.0946997359265282,-19.0224977797612,1.92775817141504,0.381410488685525,0.332531826552461,-0.895544916343224,0.354600748558029,0.267173030537092,0.259422091943961,0.253339196069789
O00571,DDX3X,51,26,-0.137568181035292,0.0816429911834528,0.0919891838156321,0.253339196069789,-13.5593184785391,FALSE,number of observations (=51) <= number of random effects (=52) for term (1 + SampleCode | ID2); the random-effects parameters and the residual variance (or scale parameter) are probably unidentifiable,TRUE,FALSE,FALSE,-0.138310623712891,0.0818495729601987,0.0910633822275192,-13.4289486482552,0.2607396605679,0.877770744681112,0.251475288640316,-0.423347197509884,0.290200293947125,0.229801391630746,0.253482465132034,0.253339196069789
Q9H299,SH3BGRL3,51,26,-0.278331488933768,0.165343784157526,0.0923073214873919,0.253763010138827,-51.2244825403622,FALSE,number of observations (=51) <= number of random effects (=52) for term (1 + SampleCode | ID2); the random-effects parameters and the residual variance (or scale parameter) are probably unidentifiable,TRUE,FALSE,FALSE,-0.278875715234089,0.165402862568929,0.0917882433106551,-51.2148874229481,0.0191902348282582,0.99045076884634,0.455169985854104,-0.450518545335555,0.587060813972099,0.490950957780273,0.254601141678568,0.253763010138827
Q15762,CD226,52,26,-0.14130110101882,0.0840291973994921,0.0926519667088858,0.254258061394722,-19.9300709408263,FALSE,number of observations (=52) <= number of random effects (=52) for term (1 + SampleCode | ID2); the random-effects parameters and the residual variance (or scale parameter) are probably unidentifiable,TRUE,FALSE,FALSE,-0.140678600008632,0.0839420799481607,0.0937576225144253,-19.8329059171525,0.194330047347783,0.90740625026385,0.188497839144811,-0.572385460819646,0.301184656798626,0.269760522259239,0.257768803831396,0.254258061394722
Q8NEU8,APPL2,52,26,-0.190060761081816,0.113126132676701,0.0929420816230852,0.254601978914303,-28.5789872031706,FALSE,number of observations (=52) <= number of random effects (=52) for term (1 + SampleCode | ID2); the random-effects parameters and the residual variance (or scale parameter) are probably unidentifiable,TRUE,FALSE,FALSE,-0.190212829472934,0.113086610875587,0.0925668680406669,-28.5780554665772,0.00186347318688007,0.999068697338319,0.401031540215596,-0.65555031156504,0.406376688326955,0.290880108326065,0.256300736779266,0.254601978914303
P42892,ECE1,52,26,-0.164642253409615,0.0980816637224481,0.0932253088979459,0.25476950245624,-29.2057931203599,FALSE,number of observations (=52) <= number of random effects (=52) for term (1 + SampleCode | ID2); the random-effects parameters and the residual variance (or scale parameter) are probably unidentifiable,TRUE,FALSE,FALSE,-0.160590900376459,0.0971649366709402,0.0983785032383311,-29.0152552764487,0.381075687822388,0.826514478596669,0.155748217550672,-0.715712985666343,0.351374936594697,0.330199862910888,0.26572515297766,0.25476950245624
Q96I24,FUBP3,44,26,-0.178371614958543,0.106295564054219,0.0933330345567845,0.25476950245624,-25.2889754591208,FALSE,number of observations (=44) <= number of random effects (=52) for term (1 + SampleCode | ID2); the random-effects parameters and the residual variance (or scale parameter) are probably unidentifiable,TRUE,FALSE,FALSE,-0.175597334163479,0.106546259687619,0.0993351495082729,-25.2509927980339,0.075965322173829,0.962729633431923,0.0418910430127293,0.842696436798665,0.33451889147328,0.332614599833788,0.266909227809185,0.25476950245624
P08865,RPSA,40,24,0.37489865399252,0.224012893162207,0.094217424473731,0.256727065259558,-42.1675644320792,FALSE,number of observations (=40) <= number of random effects (=48) for term (1 + SampleCode | ID2); the random-effects parameters and the residual variance (or scale parameter) are probably unidentifiable,TRUE,TRUE,FALSE,0.361760211406102,0.238861701646799,0.12989465554719,-39.8162135384112,4.70270178733601,0.0952404155992633,0.843518375000692,-0.648783591320838,0.694370622802637,0.462278217444969,0.312596951433658,0.256727065259558
Q9UBX5,FBLN5,52,26,0.173947200602225,0.103990650624633,0.0943825068397597,0.256727065259558,-33.7332360110186,FALSE,number of observations (=52) <= number of random effects (=52) for term (1 + SampleCode | ID2); the random-effects parameters and the residual variance (or scale parameter) are probably unidentifiable,TRUE,TRUE,FALSE,0.172573255536482,0.104220906075732,0.0977540103162092,-33.6593458849531,0.147780252131,0.928773736259947,0.262159284512805,-0.192815842468225,0.372299662968171,0.323834748938668,0.264942972775357,0.256727065259558
Q9NPG4,PCDH12,52,26,0.227014343046438,0.136037536033951,0.0951644509577592,0.258399080368608,-45.7249912804374,FALSE,number of observations (=52) <= number of random effects (=52) for term (1 + SampleCode | ID2); the random-effects parameters and the residual variance (or scale parameter) are probably unidentifiable,TRUE,TRUE,FALSE,0.227222337407119,0.136065959143517,0.0949307268678113,-45.5613114230564,0.327359714762068,0.849013783872895,0.355291748975802,-0.177689001054817,0.487451019808208,0.417853117360444,0.259589332762422,0.258399080368608
P17301,ITGA2,52,26,-0.137267944912418,0.0823976860675887,0.0957293695023641,0.259207135740779,-24.6321030700974,FALSE,number of observations (=52) <= number of random effects (=52) for term (1 + SampleCode | ID2); the random-effects parameters and the residual variance (or scale parameter) are probably unidentifiable,TRUE,TRUE,FALSE,-0.137808163097535,0.0824654719246936,0.0947016568649799,-24.481313806946,0.301578526302777,0.860028919347775,0.0725864196231073,0.694310066760833,0.294555992175823,0.290304276529263,0.259422091943961,0.259207135740779
Q15084,PDIA6,52,26,-0.196118454500666,0.117748018552495,0.0957975886783072,0.259207135740779,-29.0630337978714,FALSE,number of observations (=52) <= number of random effects (=52) for term (1 + SampleCode | ID2); the random-effects parameters and the residual variance (or scale parameter) are probably unidentifiable,TRUE,FALSE,FALSE,-0.194921018760862,0.129714621094358,0.132918694764544,-28.4236888093091,1.27868997712463,0.52763791975127,0.518810177795496,-0.822637073096322,0.423147679356242,0.288438797430571,0.315937512940339,0.259207135740779
Q9BXS5,AP1M1,48,26,-0.122810635126448,0.0737953027038577,0.096071135194941,0.259492838944377,-2.53710376643545,FALSE,number of observations (=48) <= number of random effects (=52) for term (1 + SampleCode | ID2); the random-effects parameters and the residual variance (or scale parameter) are probably unidentifiable,TRUE,FALSE,FALSE,-0.11974130007868,0.0817193204707857,0.142845828417106,-1.62718280111906,1.81984193063278,0.40255603866554,0.331589884365869,-0.859800185571947,0.255104451303507,0.163491732014757,0.328907309842665,0.259492838944377
P23229,ITGA6,52,26,-0.222934103326168,0.134211113842173,0.0966993162971091,0.260733758602153,-35.8681246332052,FALSE,number of observations (=52) <= number of random effects (=52) for term (1 + SampleCode | ID2); the random-effects parameters and the residual variance (or scale parameter) are probably unidentifiable,TRUE,FALSE,FALSE,-0.221892911784247,0.137053033525848,0.105440904355094,-35.7562475475212,0.223754171368057,0.894154155092572,0.543289852591338,-0.776262518103164,0.482310633030422,0.30844499304248,0.27604365075846,0.260733758602153
Q9H8J5,MANSC1,51,26,0.214322908633674,0.129119792446562,0.0969393007442719,0.260925469773345,-44.2192139319752,FALSE,number of observations (=51) <= number of random effects (=52) for term (1 + SampleCode | ID2); the random-effects parameters and the residual variance (or scale parameter) are probably unidentifiable,TRUE,FALSE,FALSE,0.217291366385145,0.129381052449179,0.0930608266916461,-43.9640206310643,0.510386601821963,0.774766720372629,0.331672729382694,-0.0391740761910821,0.456565377411364,0.39169176210568,0.257207472698736,0.260925469773345
Q04837,SSBP1,51,26,0.112773252663354,0.0680280007394608,0.097368428598492,0.261624734234209,-6.27514713987478,FALSE,number of observations (=51) <= number of random effects (=52) for term (1 + SampleCode | ID2); the random-effects parameters and the residual variance (or scale parameter) are probably unidentifiable,TRUE,FALSE,FALSE,0.108926098985467,0.0671285502217813,0.104664382640007,-3.19378206456761,6.16273015061434,0.0458965616041212,0.208947399321841,-0.99393112220861,0.241479819725445,0.188980304809505,0.275949609520155,0.261624734234209
P56385,ATP5ME,44,25,-0.144324184735227,0.0873913035677257,0.0986424813897153,0.264587905810955,-13.7726778987551,FALSE,number of observations (=44) <= number of random effects (=50) for term (1 + SampleCode | ID2); the random-effects parameters and the residual variance (or scale parameter) are probably unidentifiable,TRUE,FALSE,FALSE,-0.144652010665215,0.0870932664269776,0.0967362897141543,-13.7124583409709,0.120439115568381,0.941557784547537,0.192009037088138,-0.571746048137347,0.282625502135228,0.248327060708324,0.264059306728566,0.264587905810955
P54136,RARS1,40,25,-0.0864303228745819,0.0524092056265744,0.0991181534321414,0.265403027820898,11.0954440543718,FALSE,number of observations (=40) <= number of random effects (=50) for term (1 + SampleCode | ID2); the random-effects parameters and the residual variance (or scale parameter) are probably unidentifiable,TRUE,FALSE,FALSE,-0.0904052872629331,0.0522185418734316,0.0834005733499201,11.5270030092362,0.863117909728803,0.649495770474371,0.129671949263791,-0.0637921142268403,0.156989709639338,0.125105566055154,0.243105697110014,0.265403027820898
Q9Y3C8,UFC1,40,22,-0.168010796495332,0.101992358283096,0.0994988459101567,0.265522881559118,-12.5886973625324,FALSE,number of observations (=40) <= number of random effects (=44) for term (1 + SampleCode | ID2); the random-effects parameters and the residual variance (or scale parameter) are probably unidentifiable,TRUE,TRUE,FALSE,-0.169150672550129,0.101900763321834,0.0969235234726494,-10.6215428490321,3.93430902700068,0.139854243929253,0.297375073523024,-0.970455973815164,0.319333573918226,0.240574782360034,0.264103780891082,0.265522881559118
O75947,ATP5PD,51,26,-0.217555496290324,0.132132671479447,0.0996623349168827,0.265522881559118,-36.2527214020984,FALSE,number of observations (=51) <= number of random effects (=52) for term (1 + SampleCode | ID2); the random-effects parameters and the residual variance (or scale parameter) are probably unidentifiable,TRUE,FALSE,FALSE,-0.218153618909252,0.13181210234608,0.0979174352457791,-36.1219207378613,0.2616013284742,0.877392652694502,0.432469532083396,-0.727888172455989,0.470219445187184,0.35639372262468,0.264942972775357,0.265522881559118
Q99418,CYTH2,45,25,-0.134480387238449,0.0816807701167469,0.0996784927535849,0.265522881559118,-6.82334146899852,FALSE,number of observations (=45) <= number of random effects (=50) for term (1 + SampleCode | ID2); the random-effects parameters and the residual variance (or scale parameter) are probably unidentifiable,TRUE,FALSE,FALSE,-0.134316817071866,0.0813908068382398,0.098887699509141,-6.78289346469455,0.0808960086079207,0.960359097752981,0.249439700758292,-0.707033675549196,0.271651473130811,0.206117483512704,0.266634373022029,0.265522881559118
O15231,ZNF185,51,26,-0.158640510940766,0.0964059396278797,0.0998570453334658,0.265540679931506,-28.8268836529999,FALSE,number of observations (=51) <= number of random effects (=52) for term (1 + SampleCode | ID2); the random-effects parameters and the residual variance (or scale parameter) are probably unidentifiable,TRUE,FALSE,FALSE,-0.156062199052503,0.0964518112238373,0.105655518275797,-28.4165909266367,0.820585452726292,0.663456010643094,0.141494581100155,-0.856499702171844,0.341021010025361,0.327227905974491,0.27604365075846,0.265540679931506
Q9H2K8,TAOK3,48,25,-0.103754257000883,0.063110849175163,0.100176133784636,0.265931489170554,5.04090096468789,FALSE,number of observations (=48) <= number of random effects (=50) for term (1 + SampleCode | ID2); the random-effects parameters and the residual variance (or scale parameter) are probably unidentifiable,TRUE,FALSE,FALSE,-0.103447301921027,0.0633498819405589,0.102479140437276,5.34636692661384,0.610931923851894,0.736779982974312,0.222892227264724,-0.820751866238403,0.217848087964288,0.152819149173061,0.273706523164295,0.265931489170554
P31937,HIBADH,42,24,-0.132565944503639,0.0807197136789372,0.100527953030374,0.266407697138812,-3.06667021146047,FALSE,number of observations (=42) <= number of random effects (=48) for term (1 + SampleCode | ID2); the random-effects parameters and the residual variance (or scale parameter) are probably unidentifiable,TRUE,FALSE,FALSE,-0.134324500208485,0.0863907840131182,0.119982377735573,-2.4364184395113,1.26050354389833,0.532457726209894,0.297356777725157,-0.909579500241848,0.260299451078031,0.188512325686678,0.296596437762336,0.266407697138812
O00468,AGRN,51,26,0.202188009376846,0.123255502708727,0.10092256020103,0.266995471764712,-42.530874057344,FALSE,number of observations (=51) <= number of random effects (=52) for term (1 + SampleCode | ID2); the random-effects parameters and the residual variance (or scale parameter) are probably unidentifiable,TRUE,FALSE,FALSE,0.199330441859915,0.122758399134643,0.104426581439522,-40.7823898163067,3.49696848207454,0.174037542588629,0.387174464628379,0.299385008913811,0.435593021417217,0.333840726241853,0.275949609520155,0.266995471764712
P08709,F7,52,26,0.199116343548958,0.121467308725934,0.101159391748374,0.267164547438013,-35.4685392774177,FALSE,number of observations (=52) <= number of random effects (=52) for term (1 + SampleCode | ID2); the random-effects parameters and the residual variance (or scale parameter) are probably unidentifiable,TRUE,TRUE,FALSE,0.20009120188456,0.121360703327715,0.0992026750159898,-33.6922823491461,3.55251385654312,0.169270554784955,0.352373792872931,-0.94776550921855,0.435936773121058,0.357611949184328,0.266909227809185,0.267164547438013
P05121,SERPINE1,51,26,0.217747953998449,0.132949957825584,0.101459477231371,0.267396180911497,-53.3920440832688,FALSE,number of observations (=51) <= number of random effects (=52) for term (1 + SampleCode | ID2); the random-effects parameters and the residual variance (or scale parameter) are probably unidentifiable,TRUE,FALSE,FALSE,0.220468501138943,0.131554970817082,0.0937644451477313,-51.9977145083415,2.78865914985454,0.247999245557839,0.23689970891929,-0.999993115860542,0.466992443037368,0.433881814887645,0.257768803831396,0.267396180911497
Q9H9H4,VPS37B,47,26,-0.135518695035678,0.0827757756473597,0.101593241550193,0.267396180911497,-28.9375979627885,FALSE,number of observations (=47) <= number of random effects (=52) for term (1 + SampleCode | ID2); the random-effects parameters and the residual variance (or scale parameter) are probably unidentifiable,TRUE,FALSE,FALSE,-0.113379017431574,0.082287169205509,0.168250950959493,-28.3304606415218,1.21427464253337,0.544908536539143,0.104828476765181,-0.994905111745097,0.267429077826759,0.259158772572903,0.359043811094499,0.267396180911497
Q13586,STIM1,52,26,-0.15964326019719,0.0977253922601916,0.102344890158332,0.268709079438235,-19.370988859412,FALSE,number of observations (=52) <= number of random effects (=52) for term (1 + SampleCode | ID2); the random-effects parameters and the residual variance (or scale parameter) are probably unidentifiable,TRUE,TRUE,FALSE,-0.161744628990164,0.107915316171333,0.133922751775243,-18.3996287981897,1.94272012244463,0.378567812411899,0.377685975411926,-0.875519721565659,0.351192941141872,0.281827225613529,0.317347624988882,0.268709079438235
Q9H444,CHMP4B,46,26,-0.321845208490298,0.19707161217499,0.102439901481631,0.268709079438235,-54.9032463990396,FALSE,number of observations (=46) <= number of random effects (=52) for term (1 + SampleCode | ID2); the random-effects parameters and the residual variance (or scale parameter) are probably unidentifiable,TRUE,TRUE,FALSE,-0.28222013229271,0.196055502224626,0.15001145616039,-51.7977420066951,6.21100878468903,0.0448019151162401,0.567765115082887,-0.992121038533129,0.650350979434975,0.52315098216198,0.33782469730643,0.268709079438235
P35443,THBS4,52,26,0.165945929884844,0.101754076495027,0.102921363889877,0.268972230766459,-37.9382429673734,FALSE,number of observations (=52) <= number of random effects (=52) for term (1 + SampleCode | ID2); the random-effects parameters and the residual variance (or scale parameter) are probably unidentifiable,TRUE,FALSE,FALSE,0.158938476786703,0.102477083174011,0.120909820440085,-32.6868107736831,10.5028643873808,0.00524000831567069,0.366438670362005,0.727469208301483,0.363275531273784,0.259851327048654,0.298411617539825,0.268972230766459
P10599,TXN,43,25,0.225165465516225,0.138158602993447,0.103152076711779,0.268972230766459,-30.9057631597067,FALSE,number of observations (=43) <= number of random effects (=50) for term (1 + SampleCode | ID2); the random-effects parameters and the residual variance (or scale parameter) are probably unidentifiable,TRUE,FALSE,FALSE,0.225087843594086,0.138645451540982,0.104487257607951,-30.7995487762872,0.212428766839039,0.899231847011683,0.347426909840332,-0.680867588080949,0.44461719248013,0.373845966346492,0.275949609520155,0.268972230766459
O95870,ABHD16A,51,26,-0.244481246450116,0.150080279900751,0.103312355304102,0.268972230766459,-40.9281642732349,FALSE,number of observations (=51) <= number of random effects (=52) for term (1 + SampleCode | ID2); the random-effects parameters and the residual variance (or scale parameter) are probably unidentifiable,TRUE,FALSE,FALSE,-0.244365072316984,0.150029886088896,0.103360454794746,-40.9182093622491,0.0199098219716944,0.990094475126544,0.56230350233705,-0.713970599049469,0.534673686655419,0.357440350190553,0.27438471247059,0.268972230766459
Q8TC12,RDH11,52,26,-0.221764504717402,0.136170727211201,0.103402611588755,0.268972230766459,-36.6218858993237,FALSE,number of observations (=52) <= number of random effects (=52) for term (1 + SampleCode | ID2); the random-effects parameters and the residual variance (or scale parameter) are probably unidentifiable,TRUE,FALSE,FALSE,-0.219183544472282,0.161848748853657,0.175656875739146,-34.1711361756027,4.90149944744206,0.086228914396733,0.692621949545834,-0.924422361750968,0.489352839427893,0.315754041337067,0.36974097141278,0.268972230766459
P11166,SLC2A1,51,26,0.278902345586619,0.171259254372333,0.103410682896619,0.268972230766459,-51.0775284309218,FALSE,number of observations (=51) <= number of random effects (=52) for term (1 + SampleCode | ID2); the random-effects parameters and the residual variance (or scale parameter) are probably unidentifiable,TRUE,FALSE,FALSE,0.268735243558629,0.170308622736003,0.114581478260847,-49.3086602275293,3.5377364067849,0.170525880260661,0.488587652676617,-0.989355026263473,0.608845509847138,0.500844866119813,0.290687001499194,0.268972230766459
O43242,PSMD3,51,26,-0.0941477215776878,0.0579093960685599,0.103997259529647,0.269577456499608,-1.78122537502695,FALSE,number of observations (=51) <= number of random effects (=52) for term (1 + SampleCode | ID2); the random-effects parameters and the residual variance (or scale parameter) are probably unidentifiable,TRUE,FALSE,FALSE,-0.0933160853170553,0.0578561101647282,0.106766365785027,-1.73017612642786,0.102098497198185,0.950231871791552,0.10350982922247,-0.522654416331641,0.205010930790833,0.191547214940871,0.27676851533199,0.269577456499608
Q13043,STK4,52,26,-0.146798098563299,0.0903141026912498,0.104073687189327,0.269577456499608,-23.8271292993418,FALSE,number of observations (=52) <= number of random effects (=52) for term (1 + SampleCode | ID2); the random-effects parameters and the residual variance (or scale parameter) are probably unidentifiable,TRUE,FALSE,FALSE,-0.14620839722955,0.0903805675694542,0.105727855086048,-22.2471995759777,3.15985944672833,0.205989573950499,0.296337846964486,0.0913427869143413,0.323692730601016,0.247257490951694,0.27604365075846,0.269577456499608
P22352,GPX3,52,26,0.303480134150952,0.186759305591704,0.104166822996936,0.269577456499608,-53.0492686281013,FALSE,number of observations (=52) <= number of random effects (=52) for term (1 + SampleCode | ID2); the random-effects parameters and the residual variance (or scale parameter) are probably unidentifiable,TRUE,FALSE,FALSE,0.304144575069442,0.194779884892433,0.118410926007342,-52.903150093887,0.29223706842869,0.864055277000849,0.741825131661185,-0.733606017306463,0.671151563574555,0.464007164451145,0.295072388195714,0.269577456499608
P61604,HSPE1,42,25,0.12514456376116,0.0772281435624469,0.105135039280334,0.270878675465892,-16.257077966523,FALSE,number of observations (=42) <= number of random effects (=50) for term (1 + SampleCode | ID2); the random-effects parameters and the residual variance (or scale parameter) are probably unidentifiable,TRUE,FALSE,FALSE,0.118164350964045,0.0779039251781059,0.129318233355923,-15.3647079001649,1.78474013271614,0.409683623828084,0.199561444841509,0.42942958161755,0.228869390739701,0.183968033014366,0.311695273845399,0.270878675465892
P25774,CTSS,50,26,0.280089482509466,0.172852769928042,0.105147803009995,0.270878675465892,-54.2952595865643,FALSE,number of observations (=50) <= number of random effects (=52) for term (1 + SampleCode | ID2); the random-effects parameters and the residual variance (or scale parameter) are probably unidentifiable,TRUE,FALSE,FALSE,0.280150406816081,0.172210192900706,0.103780981887615,-54.189372241229,0.211774690670651,0.899525978165599,0.365017327491945,-0.577837555302222,0.602813839001569,0.543901142184924,0.27502850260097,0.270878675465892
P23142,FBLN1,52,26,0.162495514941896,0.100295301975116,0.105195602122676,0.270878675465892,-38.6099887791444,FALSE,number of observations (=52) <= number of random effects (=52) for term (1 + SampleCode | ID2); the random-effects parameters and the residual variance (or scale parameter) are probably unidentifiable,TRUE,FALSE,FALSE,0.161989664458215,0.100148649038836,0.105772065533339,-37.317558891832,2.58485977462475,0.274602718096489,0.306895162167708,0.273144146438666,0.357758563118351,0.28405388279286,0.27604365075846,0.270878675465892
P21810,BGN,50,26,0.302017139294347,0.186815104425306,0.105950961391689,0.271960609618765,-50.2978967348591,FALSE,number of observations (=50) <= number of random effects (=52) for term (1 + SampleCode | ID2); the random-effects parameters and the residual variance (or scale parameter) are probably unidentifiable,TRUE,TRUE,FALSE,0.298606788761417,0.188838275206935,0.113813303177377,-50.0726962751789,0.450400919360547,0.798356164496221,0.524827819844749,-0.516955209887744,0.657348927720033,0.549141080237621,0.28921308126488,0.271960609618765
P40227,CCT6A,52,26,-0.193596382411992,0.119756365650633,0.10596782329482,0.271960609618765,-35.7359372692408,FALSE,number of observations (=52) <= number of random effects (=52) for term (1 + SampleCode | ID2); the random-effects parameters and the residual variance (or scale parameter) are probably unidentifiable,TRUE,FALSE,FALSE,-0.190249334269103,0.119929378399138,0.112661136649099,-35.0815274135448,1.30881971139196,0.519748698832469,0.37085828871938,-0.129498217208992,0.429653939524508,0.341225790597904,0.287704886153485,0.271960609618765
Q9UBW5,BIN2,52,26,-0.211046513597301,0.130617985454318,0.106147541922581,0.271970070100144,-44.917168194712,FALSE,number of observations (=52) <= number of random effects (=52) for term (1 + SampleCode | ID2); the random-effects parameters and the residual variance (or scale parameter) are probably unidentifiable,TRUE,TRUE,FALSE,-0.212010823163207,0.130771083762884,0.104966978389668,-44.9054102573008,0.023515874822408,0.988310917008681,0.259983340391377,-0.219197104044345,0.467770309891762,0.430734435802182,0.27604365075846,0.271970070100144
Q9NSD9,FARSB,43,26,-0.211068774592686,0.13089774927675,0.106859568797553,0.273341115550032,-24.2460426959917,FALSE,number of observations (=43) <= number of random effects (=52) for term (1 + SampleCode | ID2); the random-effects parameters and the residual variance (or scale parameter) are probably unidentifiable,TRUE,FALSE,FALSE,-0.220086660879534,0.140300951258075,0.11672357678972,-24.0189933298196,0.4540987323441,0.79688144233273,0.532452284876912,-0.825235114119577,0.425250413576157,0.270649998375601,0.293232400227833,0.273341115550032
P56537,EIF6,50,26,-0.154798097811955,0.0960668901252604,0.107101838631222,0.273508001132624,-27.7800587311354,FALSE,number of observations (=50) <= number of random effects (=52) for term (1 + SampleCode | ID2); the random-effects parameters and the residual variance (or scale parameter) are probably unidentifiable,TRUE,TRUE,FALSE,-0.154863692831731,0.0950635985142486,0.103301682775776,-27.3350924410011,0.889932580268543,0.640845878496726,0.119827401327879,-0.958175848007981,0.334272469576582,0.32156439049737,0.27438471247059,0.273508001132624
Q96BY6,DOCK10,47,26,-0.150119776009359,0.0932832421607809,0.107552974588593,0.274206841154085,-23.1639498937206,FALSE,number of observations (=47) <= number of random effects (=52) for term (1 + SampleCode | ID2); the random-effects parameters and the residual variance (or scale parameter) are probably unidentifiable,TRUE,FALSE,FALSE,-0.150276228226595,0.0930927205183775,0.106470173258854,-23.1546159549648,0.018667877511632,0.990709487233662,0.0171392118183579,0.998723750249118,0.309934290001074,0.308536392536742,0.27676851533199,0.274206841154085
P52209,PGD,51,26,0.148407876118387,0.0925430255530581,0.108788236319645,0.276598316201246,-23.8780267067835,FALSE,number of observations (=51) <= number of random effects (=52) for term (1 + SampleCode | ID2); the random-effects parameters and the residual variance (or scale parameter) are probably unidentifiable,TRUE,FALSE,FALSE,0.148157109389074,0.0928907586655662,0.110721024537222,-23.6175892476731,0.520874918220756,0.770714356030282,0.242933670890138,-0.141401659894285,0.328559922008689,0.280926211108546,0.284632251098184,0.276598316201246
Q9NX40,OCIAD1,43,25,-0.207772167019843,0.129583221973123,0.108849046116736,0.276598316201246,-23.7381467004216,FALSE,number of observations (=43) <= number of random effects (=50) for term (1 + SampleCode | ID2); the random-effects parameters and the residual variance (or scale parameter) are probably unidentifiable,TRUE,FALSE,FALSE,-0.208073314445533,0.130255427422155,0.110170937949848,-23.7157632867104,0.0447668274223716,0.977865236226697,0.44748477545683,-0.747419415502575,0.42025710092101,0.282696599151546,0.283690165220859,0.276598316201246
O14950;P19105,MYL12A;MYL12B,52,26,-0.402034385734195,0.250996469547457,0.109210206838164,0.277060376953963,-79.4776942438688,FALSE,number of observations (=52) <= number of random effects (=52) for term (1 + SampleCode | ID2); the random-effects parameters and the residual variance (or scale parameter) are probably unidentifiable,TRUE,TRUE,FALSE,-0.403849165483795,0.251213655018664,0.10792447528241,-79.4622184862675,0.0309515152024744,0.984643376579775,0.509757419616084,-0.20730842096292,0.898629800486946,0.824023926541514,0.278863673600246,0.277060376953963
P24844,MYL9,51,26,-0.120337185361112,0.0753624735230441,0.110315066622221,0.279404553985789,-23.8236215754892,FALSE,number of observations (=51) <= number of random effects (=52) for term (1 + SampleCode | ID2); the random-effects parameters and the residual variance (or scale parameter) are probably unidentifiable,TRUE,FALSE,FALSE,-0.119613402997505,0.075576727338535,0.113495541002695,-23.6896069702132,0.268029210552029,0.874577291067322,0.207727511615164,-0.0861133473852343,0.2648668487698,0.220834785397392,0.288880742749858,0.279404553985789
P04114,APOB,52,26,0.140492959735859,0.088080381576807,0.110700174036809,0.27992106200797,-32.0125892676142,FALSE,number of observations (=52) <= number of random effects (=52) for term (1 + SampleCode | ID2); the random-effects parameters and the residual variance (or scale parameter) are probably unidentifiable,TRUE,TRUE,FALSE,0.14099257927483,0.0880690077339558,0.109391763295173,-32.0030570671488,0.0190644009309153,0.990513086946937,0.153178191586797,-0.0987077460373358,0.314156683439161,0.294841058051659,0.282154047230454,0.27992106200797
P20936,RASA1,51,26,-0.171137425854422,0.107408061332313,0.111084218832288,0.28043319950308,-28.0249809523143,FALSE,number of observations (=51) <= number of random effects (=52) for term (1 + SampleCode | ID2); the random-effects parameters and the residual variance (or scale parameter) are probably unidentifiable,TRUE,FALSE,FALSE,-0.170524831376711,0.107575082571781,0.1129276349909,-27.8301043499187,0.389753204791312,0.82293620014649,0.298858028611398,-0.317019609925567,0.381663186595474,0.317840638313606,0.287909564456997,0.28043319950308
A0A0A0MS15,IGHV3-49,52,26,0.35874718202295,0.225303096881406,0.111320242760413,0.280570595538071,-66.4923481019639,FALSE,number of observations (=52) <= number of random effects (=52) for term (1 + SampleCode | ID2); the random-effects parameters and the residual variance (or scale parameter) are probably unidentifiable,TRUE,FALSE,FALSE,0.358624061492687,0.225285266611235,0.111414711513743,-66.4900365204978,0.00462316293226195,0.997691088180875,0.664378742557649,-0.560561681217786,0.808870850798854,0.658378816696938,0.285939749649058,0.280570595538071
Q9UNF0,PACSIN2,52,26,0.169671922717079,0.106617515896091,0.111517880057457,0.280610952261843,-44.5728821134238,FALSE,number of observations (=52) <= number of random effects (=52) for term (1 + SampleCode | ID2); the random-effects parameters and the residual variance (or scale parameter) are probably unidentifiable,TRUE,TRUE,FALSE,0.164197384002114,0.106041639555981,0.121520327580512,-44.0051986763355,1.1353668741767,0.566837032564724,0.127347707048444,-0.999991105169629,0.379616469989848,0.366927563302213,0.29944004164576,0.280610952261843
Q9NZB2,FAM120A,45,25,-0.147527820179953,0.0929510922483929,0.112477472215498,0.282565357029178,-18.2850543814367,FALSE,number of observations (=45) <= number of random effects (=50) for term (1 + SampleCode | ID2); the random-effects parameters and the residual variance (or scale parameter) are probably unidentifiable,TRUE,FALSE,FALSE,-0.146309469628116,0.0930523797464105,0.115872989374627,-18.240016978969,0.0900748049353979,0.955961725836851,0.184555204732915,-0.539522935103978,0.305173120390367,0.276668920017043,0.29250596209966,0.282565357029178
Q9H4A9,DPEP2,52,26,0.253840925733663,0.160101929939204,0.112853747098403,0.283050388420507,-47.4672006724369,FALSE,number of observations (=52) <= number of random effects (=52) for term (1 + SampleCode | ID2); the random-effects parameters and the residual variance (or scale parameter) are probably unidentifiable,TRUE,FALSE,FALSE,0.257918315771402,0.159902050025599,0.106749522683052,-46.8126181123371,1.30916512019961,0.519658943694076,0.423235892565419,-0.065266892560971,0.574997230153181,0.490211593357917,0.27676851533199,0.283050388420507
P51884,LUM,52,26,0.158518239814948,0.100115819593939,0.113342038206317,0.28352549610646,-29.0661289046625,FALSE,number of observations (=52) <= number of random effects (=52) for term (1 + SampleCode | ID2); the random-effects parameters and the residual variance (or scale parameter) are probably unidentifiable,TRUE,FALSE,FALSE,0.158685330010984,0.0999672103998728,0.112428011022116,-26.7198497304031,4.69255834851893,0.0957246752400212,0.271576545264368,-0.999999955368083,0.358839790909863,0.302989275922883,0.287584895743658,0.28352549610646
P03952,KLKB1,52,26,0.316038581242655,0.199705921031314,0.113530947853367,0.28352549610646,-61.5061831306162,FALSE,number of observations (=52) <= number of random effects (=52) for term (1 + SampleCode | ID2); the random-effects parameters and the residual variance (or scale parameter) are probably unidentifiable,TRUE,FALSE,FALSE,0.324492447459705,0.198656595500813,0.102377740484289,-58.6031363752145,5.80609351080339,0.0548558328868471,0.7623179178997,-0.0188544591483635,0.716686881932345,0.467368571770758,0.273706523164295,0.28352549610646
P12259,F5,52,26,0.146748884697173,0.0927472728122542,0.113593710090549,0.28352549610646,-24.4270462618325,FALSE,number of observations (=52) <= number of random effects (=52) for term (1 + SampleCode | ID2); the random-effects parameters and the residual variance (or scale parameter) are probably unidentifiable,TRUE,FALSE,FALSE,0.134506831325646,0.0923950276311148,0.145453452263716,-19.1082009969051,10.6376905298548,0.0048984068228545,0.376214752737964,0.393599244536883,0.332514936477039,0.19831172568271,0.331331038614543,0.28352549610646
P06312,IGKV4-1,52,26,0.302117579598085,0.191051810836833,0.1138006663476,0.283583918559744,-67.4466569291312,FALSE,number of observations (=52) <= number of random effects (=52) for term (1 + SampleCode | ID2); the random-effects parameters and the residual variance (or scale parameter) are probably unidentifiable,TRUE,TRUE,FALSE,0.299216456585882,0.190987332672097,0.117188990904485,-67.0826099514169,0.728093955428619,0.694858551109656,0.453710676786466,0.100452917447856,0.683299855281475,0.603103821274257,0.293447311097939,0.283583918559744
Q15691,MAPRE1,52,26,-0.164854988744677,0.104484785933037,0.11461399753104,0.284732805472693,-29.7536542141469,FALSE,number of observations (=52) <= number of random effects (=52) for term (1 + SampleCode | ID2); the random-effects parameters and the residual variance (or scale parameter) are probably unidentifiable,TRUE,FALSE,FALSE,-0.163098669627066,0.104631459689297,0.119045646996838,-28.6454013147469,2.21650579879999,0.330135236993238,0.344220295352555,-0.0772955777412758,0.374717256202673,0.28576287978615,0.296159526823927,0.284732805472693
Q9UBC2,EPS15L1,50,26,-0.161492597717218,0.102358309050035,0.114630294500981,0.284732805472693,-20.0223638328548,FALSE,number of observations (=50) <= number of random effects (=52) for term (1 + SampleCode | ID2); the random-effects parameters and the residual variance (or scale parameter) are probably unidentifiable,TRUE,TRUE,TRUE,-0.159966294826681,0.103981983012,0.123949873690989,-18.6420110723774,2.7607055209548,0.251489821740647,0.298491903116451,,0.36113939604688,0.297142469491706,0.303972309289807,0.284732805472693
Q86UT6,NLRX1,51,26,-0.146853482790833,0.0931434107319646,0.114878740073932,0.284891899541291,-23.916536348234,FALSE,number of observations (=51) <= number of random effects (=52) for term (1 + SampleCode | ID2); the random-effects parameters and the residual variance (or scale parameter) are probably unidentifiable,TRUE,TRUE,TRUE,-0.148792558774074,0.0925590647623468,0.1079355836977,-23.1791512907845,1.47477011489909,0.478363173657413,0.153202792914272,-0.999999999947681,0.330257780097445,0.310957567472308,0.278863673600246,0.284891899541291
Q9UNS2,COPS3,51,26,-0.156191585235927,0.0991824059129821,0.115304636204342,0.28548984444825,-26.1799359932735,FALSE,number of observations (=51) <= number of random effects (=52) for term (1 + SampleCode | ID2); the random-effects parameters and the residual variance (or scale parameter) are probably unidentifiable,TRUE,TRUE,FALSE,-0.160334410598735,0.0993535156683969,0.106575822276947,-25.7276597119295,0.904552562687911,0.636178381224504,0.293114135040978,-0.152348435822661,0.351904297939183,0.284058070317261,0.27676851533199,0.28548984444825
P10301,RRAS,42,24,0.203358881689883,0.129209084928072,0.11551647026517,0.285556714495499,-32.4230866664381,FALSE,number of observations (=42) <= number of random effects (=48) for term (1 + SampleCode | ID2); the random-effects parameters and the residual variance (or scale parameter) are probably unidentifiable,TRUE,TRUE,FALSE,0.204859772186459,0.128858112959803,0.111877891740738,-32.4147437521374,0.0166858286012399,0.99169179122675,0.10894644325845,-0.308136386697923,0.396315337501223,0.38843174612766,0.286652309683981,0.285556714495499
P60985,KRTDAP,52,26,0.343986283363569,0.219117700043459,0.11644537988858,0.287393150044498,-61.3582642142141,FALSE,number of observations (=52) <= number of random effects (=52) for term (1 + SampleCode | ID2); the random-effects parameters and the residual variance (or scale parameter) are probably unidentifiable,TRUE,FALSE,FALSE,0.343947604432347,0.221128209353484,0.11984568101381,-61.1310971065775,0.45433421527332,0.796787621867977,0.868270762902822,-0.638942010088455,0.787436998253437,0.504693550887082,0.296596437762336,0.287393150044498
O60240,PLIN1,50,26,0.279386918680959,0.178086655810808,0.116688563246159,0.287534019482163,-51.3331848433719,FALSE,number of observations (=50) <= number of random effects (=52) for term (1 + SampleCode | ID2); the random-effects parameters and the residual variance (or scale parameter) are probably unidentifiable,TRUE,FALSE,FALSE,0.279567296599327,0.17836124336885,0.117016137606919,-51.316835530375,0.0326986259938451,0.983783611626169,0.529753740216971,-0.526175507468932,0.624248485333323,0.499906089203105,0.293447311097939,0.287534019482163
P26927,MST1,42,23,0.358802378082839,0.229022333158103,0.117191887999088,0.288314437832152,-48.8159101900265,FALSE,number of observations (=42) <= number of random effects (=46) for term (1 + SampleCode | ID2); the random-effects parameters and the residual variance (or scale parameter) are probably unidentifiable,TRUE,TRUE,FALSE,0.35349106371613,0.231549288558336,0.126851996903922,-47.9530437946159,1.72573279082121,0.421950869204205,0.584680634600272,-0.0037735166133222,0.7342437438498,0.610576576800173,0.309126711698044,0.288314437832152
P27105,STOM,52,26,-0.233136929472094,0.149084214585214,0.117866065357571,0.289303504939952,-44.7905433642816,FALSE,number of observations (=52) <= number of random effects (=52) for term (1 + SampleCode | ID2); the random-effects parameters and the residual variance (or scale parameter) are probably unidentifiable,TRUE,FALSE,FALSE,-0.233000750852327,0.149095685799087,0.118109092285563,-44.7770564737549,0.0269737810534423,0.986603650087143,0.495098398512348,-0.638599852360608,0.535270368646523,0.404976875096154,0.295072388195714,0.289303504939952
A0A075B6S2,IGKV2D-29,52,26,0.185557722780629,0.11869176860755,0.117968419490078,0.289303504939952,-50.3466089542307,FALSE,number of observations (=52) <= number of random effects (=52) for term (1 + SampleCode | ID2); the random-effects parameters and the residual variance (or scale parameter) are probably unidentifiable,TRUE,FALSE,FALSE,0.201788705147218,0.121788816082637,0.0975449813568884,-47.5393983586948,5.61442119107177,0.0603731629056637,0.316654104578047,-0.999823910490867,0.422550631131418,0.37319657310031,0.264942972775357,0.289303504939952
Q86VR2,RETREG3,49,26,-0.200313971439884,0.128521569729172,0.119090617095466,0.291592715392227,-33.3663951061689,FALSE,number of observations (=49) <= number of random effects (=52) for term (1 + SampleCode | ID2); the random-effects parameters and the residual variance (or scale parameter) are probably unidentifiable,TRUE,FALSE,FALSE,-0.195940279257995,0.128298924673611,0.12670709834021,-30.3282340192547,6.07632217382832,0.0479229346273116,0.41615991129022,-0.993480237575995,0.444848261277706,0.337385728553349,0.309126711698044,0.291592715392227
O94919,ENDOD1,52,26,-0.205803739177962,0.132201580563891,0.119531777317077,0.292114310075983,-39.0647228079665,FALSE,number of observations (=52) <= number of random effects (=52) for term (1 + SampleCode | ID2); the random-effects parameters and the residual variance (or scale parameter) are probably unidentifiable,TRUE,FALSE,FALSE,-0.205700615046292,0.132215272231307,0.119755488119455,-39.060909429125,0.00762675768299914,0.99619388285413,0.426786387606054,-0.606229205316211,0.474580740250949,0.366338801487252,0.296596437762336,0.292114310075983
Q9NRR3,CDC42SE2,41,24,-0.189414485432949,0.121723019264858,0.119681785293267,0.292114310075983,-29.9577944027421,FALSE,number of observations (=41) <= number of random effects (=48) for term (1 + SampleCode | ID2); the random-effects parameters and the residual variance (or scale parameter) are probably unidentifiable,TRUE,FALSE,FALSE,-0.193126283552705,0.11844144636481,0.102982484257218,-29.3290886615279,1.25741148242842,0.533281558890907,0.150042711554896,-0.999862114345258,0.36667341120761,0.346224614513526,0.274324031340347,0.292114310075983
P82909,KGD4,42,25,-0.245385599531452,0.157779580478941,0.119888189601701,0.292156550370075,-31.1708190650458,FALSE,number of observations (=42) <= number of random effects (=50) for term (1 + SampleCode | ID2); the random-effects parameters and the residual variance (or scale parameter) are probably unidentifiable,TRUE,FALSE,FALSE,-0.239447600202267,0.177576523853421,0.177523581232591,-29.015753845523,4.31013043904575,0.115895631708584,0.790837379807946,-0.906249409574569,0.508252872617081,0.206167225254376,0.371644895669855,0.292156550370075
P11169,SLC2A3,52,26,-0.247429141913132,0.159254514963058,0.120262883347772,0.292608117751665,-55.2546786352558,FALSE,number of observations (=52) <= number of random effects (=52) for term (1 + SampleCode | ID2); the random-effects parameters and the residual variance (or scale parameter) are probably unidentifiable,TRUE,FALSE,FALSE,-0.243177368171774,0.159389465784612,0.127089502686104,-52.9337658199363,4.64182563063892,0.0981839208998075,0.405027471034781,-0.99932509919451,0.570316196162628,0.494632373087467,0.309217766378001,0.292608117751665
Q15848,ADIPOQ,52,26,0.354164405747582,0.228209990946716,0.120680573388845,0.29285638733209,-66.2145495873393,FALSE,number of observations (=52) <= number of random effects (=52) for term (1 + SampleCode | ID2); the random-effects parameters and the residual variance (or scale parameter) are probably unidentifiable,TRUE,TRUE,FALSE,0.357543006902823,0.227155428230658,0.115487080131427,-65.5344789733335,1.36014122801174,0.506581219373369,0.671214650721255,-0.212845492053261,0.819531468370067,0.663530667431136,0.292025431756228,0.29285638733209
P09619,PDGFRB,52,26,0.299831052922196,0.193232665191486,0.120744025068312,0.29285638733209,-62.583316579621,FALSE,number of observations (=52) <= number of random effects (=52) for term (1 + SampleCode | ID2); the random-effects parameters and the residual variance (or scale parameter) are probably unidentifiable,TRUE,FALSE,FALSE,0.301608219400861,0.193122783746616,0.118348466761016,-62.0904014588104,0.985830241621258,0.610843114733956,0.580906973395128,-0.137902378795306,0.692775693087831,0.557466844907396,0.295072388195714,0.29285638733209
Q14764,MVP,48,26,-0.105863468103717,0.0684700795086615,0.122073795240804,0.295250661341945,-6.35138917609449,FALSE,number of observations (=48) <= number of random effects (=52) for term (1 + SampleCode | ID2); the random-effects parameters and the residual variance (or scale parameter) are probably unidentifiable,TRUE,FALSE,FALSE,-0.108835998210728,0.0693444358516753,0.116531794603978,-5.99950857854528,0.703761195098419,0.70336410036001,0.18432838386726,-0.0960107809100297,0.233249644211215,0.194361789311866,0.293227398474178,0.295250661341945
Q9NZN5,ARHGEF12,48,26,-0.200638558228094,0.129818991906845,0.122219213509782,0.295250661341945,-31.4661832155689,FALSE,number of observations (=48) <= number of random effects (=52) for term (1 + SampleCode | ID2); the random-effects parameters and the residual variance (or scale parameter) are probably unidentifiable,TRUE,FALSE,FALSE,-0.200980148348399,0.130033808852056,0.122201399349134,-31.4478785899285,0.0366092512808152,0.981861886490899,0.41628610966346,-0.602887516125889,0.446997147183934,0.336822482500267,0.300638792984733,0.295250661341945
Q14C86,GAPVD1,49,26,-0.135549740212072,0.0877769262995561,0.122527168415824,0.295250661341945,-14.4998512794548,FALSE,number of observations (=49) <= number of random effects (=52) for term (1 + SampleCode | ID2); the random-effects parameters and the residual variance (or scale parameter) are probably unidentifiable,TRUE,FALSE,FALSE,-0.133685020732,0.0879686598223051,0.12858911162612,-14.1464803366957,0.706741885518376,0.702316625785406,0.235453548142042,-0.267080334239844,0.304538686676204,0.25510332415038,0.310422152284931,0.295250661341945
O43681,GET3,51,26,0.139116015923787,0.0901821037450575,0.122924889518542,0.295250661341945,-24.9379825455626,FALSE,number of observations (=51) <= number of random effects (=52) for term (1 + SampleCode | ID2); the random-effects parameters and the residual variance (or scale parameter) are probably unidentifiable,TRUE,FALSE,FALSE,0.139143618746345,0.0901778686241036,0.122833015948837,-24.9377794212716,0.000406248581853674,0.999796896337415,0.185505237009251,-0.32893330232924,0.319124923404585,0.290924737148439,0.301712256980848,0.295250661341945
Q9BZF9,UACA,49,26,-0.104422681650003,0.0677035419809988,0.122988121139318,0.295250661341945,-3.04398054173823,FALSE,number of observations (=49) <= number of random effects (=52) for term (1 + SampleCode | ID2); the random-effects parameters and the residual variance (or scale parameter) are probably unidentifiable,TRUE,FALSE,FALSE,-0.101523803443931,0.0671845292822987,0.130758192548986,-2.59305662967032,0.901847824135827,0.637039311337858,0.195166654817789,-0.798299929730787,0.234896050553389,0.188546044797803,0.314185703714126,0.295250661341945
A0A0C4DH34,IGHV4-28,50,26,0.601511963524748,0.390113879563718,0.123100778865092,0.295250661341945,-86.7941665691105,FALSE,number of observations (=50) <= number of random effects (=52) for term (1 + SampleCode | ID2); the random-effects parameters and the residual variance (or scale parameter) are probably unidentifiable,TRUE,FALSE,FALSE,0.618178696816528,0.40635830406434,0.12819333028153,-86.5096116077203,0.56910992278037,0.752349004180467,1.34277177790302,-0.693106978147084,1.37292678177314,1.07385278430191,0.310102409773723,0.295250661341945
P49593,PPM1F,51,26,-0.237628945554958,0.154132500198409,0.123141985089009,0.295250661341945,-41.8077813811158,FALSE,number of observations (=51) <= number of random effects (=52) for term (1 + SampleCode | ID2); the random-effects parameters and the residual variance (or scale parameter) are probably unidentifiable,TRUE,FALSE,FALSE,-0.231245874569769,0.16394222605718,0.158382441060901,-41.592607087754,0.430348586723611,0.8064008776082,0.666836910409985,-0.807588603986264,0.549262882123424,0.347275787945937,0.345076656898601,0.295250661341945
Q99714,HSD17B10,48,25,-0.128903589575984,0.0836366427942667,0.123259984832074,0.295250661341945,-14.2724472898664,FALSE,number of observations (=48) <= number of random effects (=50) for term (1 + SampleCode | ID2); the random-effects parameters and the residual variance (or scale parameter) are probably unidentifiable,TRUE,FALSE,FALSE,-0.128025578523502,0.0833421837554236,0.124503116930227,-14.1576150884848,0.229664402763078,0.891515726463844,0.211589007364987,-0.639601004910043,0.287800075693766,0.245523924455787,0.304845191215848,0.295250661341945
Q8WVM8,SCFD1,47,26,-0.103885336139375,0.0674406322874197,0.123463653828928,0.295280720070734,-0.304590813084968,FALSE,number of observations (=47) <= number of random effects (=52) for term (1 + SampleCode | ID2); the random-effects parameters and the residual variance (or scale parameter) are probably unidentifiable,TRUE,FALSE,FALSE,-0.104013256854501,0.0678679318744579,0.125378566589095,-0.197564112069607,0.214053402030722,0.898501681762805,0.195925570649291,-0.473530729014209,0.228686704985002,0.182802497324268,0.306502983196443,0.295280720070734
Q9UHQ9,CYB5R1,51,26,-0.123972507215722,0.08071655254106,0.124563047440913,0.29744962642382,-16.1630210818122,FALSE,number of observations (=51) <= number of random effects (=52) for term (1 + SampleCode | ID2); the random-effects parameters and the residual variance (or scale parameter) are probably unidentifiable,TRUE,FALSE,FALSE,-0.122151523099586,0.0809223286441288,0.131173365177999,-15.4888025776366,1.3484370083512,0.509554479744739,0.153774001436113,-0.9489574095947,0.286287820055533,0.266738608517604,0.314359760442516,0.29744962642382
P68871,HBB,52,26,0.420285898243208,0.274569306962729,0.125841158302918,0.300037946879643,-73.0891878287959,FALSE,number of observations (=52) <= number of random effects (=52) for term (1 + SampleCode | ID2); the random-effects parameters and the residual variance (or scale parameter) are probably unidentifiable,TRUE,FALSE,FALSE,0.430144881777825,0.282130745099138,0.127351513034275,-71.0876483521345,4.00307895332284,0.135127098015864,0.959162353803094,-0.484376242049364,0.986711848674827,0.754564845462189,0.309368062323829,0.300037946879643
P78344,EIF4G2,51,26,-0.169392698026433,0.110930630219866,0.126757367270045,0.301756752592017,-25.0334952899679,FALSE,number of observations (=51) <= number of random effects (=52) for term (1 + SampleCode | ID2); the random-effects parameters and the residual variance (or scale parameter) are probably unidentifiable,TRUE,FALSE,FALSE,-0.16777634995704,0.112409617888602,0.135556476726216,-24.4905536490093,1.0858832819172,0.581036535109389,0.322054558425221,-0.463803039627568,0.395309734104738,0.328724401825698,0.318866713225394,0.301756752592017
Q12768,WASHC5,44,26,-0.140610705132089,0.0922311758749791,0.127372280655605,0.302754113250631,-9.61363810652683,FALSE,number of observations (=44) <= number of random effects (=52) for term (1 + SampleCode | ID2); the random-effects parameters and the residual variance (or scale parameter) are probably unidentifiable,TRUE,FALSE,FALSE,-0.132913675951644,0.0994967289077991,0.181595117182597,-9.20637793517263,0.814520342708413,0.665471031277597,0.314590008152911,-0.79338266675573,0.301059681025125,0.240468739977549,0.378530226052628,0.302754113250631
Q9P0J0,NDUFA13,46,26,-0.194223380429355,0.127521923267575,0.127744008949728,0.303171265479769,-31.4089194747162,FALSE,number of observations (=46) <= number of random effects (=52) for term (1 + SampleCode | ID2); the random-effects parameters and the residual variance (or scale parameter) are probably unidentifiable,TRUE,FALSE,FALSE,-0.196287134393685,0.12598569277165,0.119230566786073,-31.2071054576962,0.403628034039912,0.817246907824312,0.304707975100224,-0.6962921612861,0.423452834423114,0.362074417990642,0.296159526823927,0.303171265479769
Q9GZZ9,UBA5,50,26,-0.298904033401844,0.196580616565567,0.128381263135461,0.304169806257802,-52.5713668533424,FALSE,number of observations (=50) <= number of random effects (=52) for term (1 + SampleCode | ID2); the random-effects parameters and the residual variance (or scale parameter) are probably unidentifiable,TRUE,FALSE,FALSE,-0.29537489254296,0.200368551893771,0.14043907025117,-49.5455870005224,6.05155970564002,0.0485199680780368,0.717911633547292,-0.98576516678751,0.692455573937199,0.492233826401895,0.325793338645732,0.304169806257802
P30044,PRDX5,51,26,-0.206613190609157,0.135946640583546,0.128558500638411,0.304169806257802,-40.1517491183221,FALSE,number of observations (=51) <= number of random effects (=52) for term (1 + SampleCode | ID2); the random-effects parameters and the residual variance (or scale parameter) are probably unidentifiable,TRUE,TRUE,FALSE,-0.208220698624042,0.136784518427906,0.127945598843018,-39.8392494988813,0.624999238881543,0.731615907369774,0.401451916927114,-0.295430633570493,0.483037062143971,0.393451623366749,0.310102409773723,0.304169806257802
Q99439,CNN2,52,26,-0.229088248026829,0.150995000695293,0.129218481440963,0.30480276166468,-47.6398261353601,FALSE,number of observations (=52) <= number of random effects (=52) for term (1 + SampleCode | ID2); the random-effects parameters and the residual variance (or scale parameter) are probably unidentifiable,TRUE,FALSE,FALSE,-0.229538975091269,0.150911660897322,0.128255948120006,-47.5990893039493,0.0814736628215798,0.960081760066508,0.42916702373269,-0.595561616528746,0.541757155482753,0.448442871615956,0.310102409773723,0.30480276166468
O95140,MFN2,43,25,-0.168982039669026,0.111378841100345,0.129220588278554,0.30480276166468,-19.1808262358277,FALSE,number of observations (=43) <= number of random effects (=50) for term (1 + SampleCode | ID2); the random-effects parameters and the residual variance (or scale parameter) are probably unidentifiable,TRUE,FALSE,FALSE,-0.169122169371645,0.112350476957658,0.132244686126228,-19.0673672681303,0.226917935394759,0.892740826871434,0.332687438393518,-0.524723286427045,0.360883566942777,0.276057703971464,0.315158497073442,0.30480276166468
Q04756,HGFAC,52,26,0.369557363524909,0.243917042199765,0.129748480100166,0.305292260825664,-66.9336599066836,FALSE,number of observations (=52) <= number of random effects (=52) for term (1 + SampleCode | ID2); the random-effects parameters and the residual variance (or scale parameter) are probably unidentifiable,TRUE,FALSE,FALSE,0.372416045025764,0.285138562679439,0.191522645254904,-61.4196099846989,11.0280998439693,0.00402975410108913,1.35781849180802,-0.78709094924425,0.876557683357143,0.364031820086241,0.389345377524772,0.305292260825664
P00746,CFD,52,26,0.219271072841009,0.144861103160344,0.130111016906741,0.305292260825664,-48.0603936409156,FALSE,number of observations (=52) <= number of random effects (=52) for term (1 + SampleCode | ID2); the random-effects parameters and the residual variance (or scale parameter) are probably unidentifiable,TRUE,FALSE,FALSE,0.227619843005216,0.144838122090604,0.116055763603295,-46.839008442123,2.44277039758508,0.294821497562768,0.469190249426484,0.052116610889215,0.519262312091939,0.399603673936366,0.29250596209966,0.305292260825664
O60674,JAK2,40,25,0.134170895894038,0.0886494159917644,0.130152687437552,0.305292260825664,-5.83228954091595,FALSE,number of observations (=40) <= number of random effects (=50) for term (1 + SampleCode | ID2); the random-effects parameters and the residual variance (or scale parameter) are probably unidentifiable,TRUE,TRUE,FALSE,0.12843071385619,0.106484310694419,0.227778982915231,-4.28687132854901,3.09083642473388,0.213222680212047,0.461523361996861,-0.940181031259124,0.279953630556645,0.147839750624426,0.42679978047824,0.305292260825664
O15439,ABCC4,50,26,-0.161810832488622,0.106929997874529,0.130218511251853,0.305292260825664,-22.1445449915617,FALSE,number of observations (=50) <= number of random effects (=52) for term (1 + SampleCode | ID2); the random-effects parameters and the residual variance (or scale parameter) are probably unidentifiable,TRUE,TRUE,FALSE,-0.156997453851276,0.113193407109783,0.1654466167419,-20.7411623673232,2.80676524847696,0.245764228284175,0.440972270502928,-0.922849220554985,0.376797401184128,0.254607845973188,0.355020865091993,0.305292260825664
Q14432,PDE3A,51,26,-0.147073283782899,0.0972874575669302,0.130600168433579,0.305560562394568,-19.1646628890257,FALSE,number of observations (=51) <= number of random effects (=52) for term (1 + SampleCode | ID2); the random-effects parameters and the residual variance (or scale parameter) are probably unidentifiable,TRUE,FALSE,FALSE,-0.144463109436984,0.098200878087196,0.141264632131842,-18.0025039981973,2.32431778165685,0.312810128466121,0.282896195182216,0.0316224208994624,0.346524502881073,0.28558377185929,0.326727330304934,0.305560562394568
P34897,SHMT2,46,26,-0.20560667557241,0.136052055630183,0.130728499509909,0.305560562394568,-29.4197175224091,FALSE,number of observations (=46) <= number of random effects (=52) for term (1 + SampleCode | ID2); the random-effects parameters and the residual variance (or scale parameter) are probably unidentifiable,TRUE,FALSE,FALSE,-0.203744763463377,0.137389036528767,0.138080556026677,-28.4965538734125,1.84632729799322,0.397260258942383,0.482858866995484,-0.902352819626912,0.458690560394444,0.319813350951808,0.322016728619,0.305560562394568
Q8N6T3,ARFGAP1,51,26,-0.178613797398103,0.11851776874398,0.131794394379852,0.306867111976222,-32.1769634559033,FALSE,number of observations (=51) <= number of random effects (=52) for term (1 + SampleCode | ID2); the random-effects parameters and the residual variance (or scale parameter) are probably unidentifiable,TRUE,FALSE,FALSE,-0.177495935412278,0.117956667458443,0.132386967379071,-32.0308519052594,0.29222310128776,0.864061311212832,0.387608927009529,-0.69872557196892,0.421378071427363,0.318111330102165,0.315158497073442,0.306867111976222
Q96CV9,OPTN,39,22,-0.207008663551271,0.13736978523303,0.131824844125247,0.306867111976222,-22.1718062429908,FALSE,number of observations (=39) <= number of random effects (=44) for term (1 + SampleCode | ID2); the random-effects parameters and the residual variance (or scale parameter) are probably unidentifiable,TRUE,FALSE,FALSE,-0.206661132394092,0.146495155514223,0.158332252296125,-21.664699974624,1.01421253673362,0.602235768470882,0.45590439872101,-0.756201469799442,0.427230892169275,0.327669714439567,0.345076656898601,0.306867111976222
Q8IZP0,ABI1,52,26,-0.156089615377061,0.103595876040715,0.131883341328292,0.306867111976222,-22.4044658975231,FALSE,number of observations (=52) <= number of random effects (=52) for term (1 + SampleCode | ID2); the random-effects parameters and the residual variance (or scale parameter) are probably unidentifiable,TRUE,FALSE,FALSE,-0.154151338959926,0.107684549162793,0.152284555213309,-22.2336748463946,0.341582102257107,0.842997698488149,0.424886038981532,-0.800892947592566,0.372289530443029,0.244214466899967,0.340491516359714,0.306867111976222
Q562R1,ACTBL2,52,26,-0.229249180415073,0.152282178695989,0.132215214242433,0.306989461046605,-47.6462209846639,FALSE,number of observations (=52) <= number of random effects (=52) for term (1 + SampleCode | ID2); the random-effects parameters and the residual variance (or scale parameter) are probably unidentifiable,TRUE,FALSE,FALSE,-0.229634645887953,0.152270675800171,0.131536935320794,-47.200398794548,0.891644380231952,0.64029761318465,0.419350180896482,-0.772005829519224,0.546454445106081,0.459102176597846,0.314359760442516,0.306989461046605
Q02818,NUCB1,52,26,0.142189163550507,0.0944801067436448,0.132333321072517,0.306989461046605,-25.6661225488298,FALSE,number of observations (=52) <= number of random effects (=52) for term (1 + SampleCode | ID2); the random-effects parameters and the residual variance (or scale parameter) are probably unidentifiable,TRUE,FALSE,FALSE,0.141318220138453,0.0947422448566096,0.135802134176252,-25.5687733537893,0.194698390080831,0.907239147403,0.25368909874926,-0.278368248472835,0.338691415456856,0.288414705210564,0.318866713225394,0.306989461046605
P30041,PRDX6,52,26,-0.162513206210596,0.108045900029451,0.132552360821385,0.307036577914603,-27.8144457368191,FALSE,number of observations (=52) <= number of random effects (=52) for term (1 + SampleCode | ID2); the random-effects parameters and the residual variance (or scale parameter) are probably unidentifiable,TRUE,FALSE,FALSE,-0.162802448196965,0.107984351939308,0.131644508094697,-27.4959469839552,0.63699750572767,0.7272399849223,0.36981855397428,-0.753337175824747,0.38795342589281,0.286348499204983,0.314359760442516,0.307036577914603
P04632,CAPNS1,52,26,0.167414250159417,0.111681966079387,0.133866703029477,0.30928361680257,-36.1865166415789,FALSE,number of observations (=52) <= number of random effects (=52) for term (1 + SampleCode | ID2); the random-effects parameters and the residual variance (or scale parameter) are probably unidentifiable,TRUE,TRUE,FALSE,0.158032441445804,0.112123358665457,0.158701690777405,-35.3452222558858,1.68258877138614,0.431152084999332,0.212609719243661,-0.993645182637935,0.400058709954485,0.372729300189259,0.345076656898601,0.30928361680257
Q9Y6C9,MTCH2,51,26,-0.174060002387219,0.116132097016687,0.133922808829074,0.30928361680257,-27.370481428292,FALSE,number of observations (=51) <= number of random effects (=52) for term (1 + SampleCode | ID2); the random-effects parameters and the residual variance (or scale parameter) are probably unidentifiable,TRUE,FALSE,FALSE,-0.173752203757687,0.132989038248936,0.191377403574323,-25.7995247771758,3.14191330223249,0.207846250870275,0.562124336746991,-0.899711189077239,0.41384555646805,0.262276977799162,0.389345377524772,0.30928361680257
Q16762,TST,51,26,-0.178687517371507,0.11945393815686,0.134687633833271,0.31058566309314,-30.554498053582,FALSE,number of observations (=51) <= number of random effects (=52) for term (1 + SampleCode | ID2); the random-effects parameters and the residual variance (or scale parameter) are probably unidentifiable,TRUE,FALSE,FALSE,-0.182186896902221,0.120756118960659,0.131370934282119,-30.3237137973249,0.461568512514049,0.793910728832367,0.308247532442538,-0.318219779315949,0.425243708731646,0.36979788340454,0.314359760442516,0.31058566309314
O14548,COX7A2L,45,26,0.16291082904146,0.109027839263391,0.135119921672908,0.310631394510385,-26.73032164169,FALSE,number of observations (=45) <= number of random effects (=52) for term (1 + SampleCode | ID2); the random-effects parameters and the residual variance (or scale parameter) are probably unidentifiable,TRUE,FALSE,FALSE,0.163013500233092,0.110406476501482,0.13981375423645,-26.4716283877961,0.517386507787663,0.772059813066026,0.263106539942326,-0.0573160651216368,0.352681713399284,0.30251226549247,0.324830451571902,0.310631394510385
Q92558,WASF1,43,24,-0.172177623973414,0.115280748500715,0.135293135586363,0.310631394510385,-30.3598950371915,FALSE,number of observations (=43) <= number of random effects (=48) for term (1 + SampleCode | ID2); the random-effects parameters and the residual variance (or scale parameter) are probably unidentifiable,TRUE,TRUE,FALSE,-0.167802967814279,0.11506579648777,0.144751844068226,-30.3011853189078,0.117419436567531,0.942980459417674,0.096339697160207,0.410428858548862,0.36499157940786,0.356282397248115,0.33132088753394,0.310631394510385
Q13283,G3BP1,51,26,-0.121987676556593,0.0817107623689569,0.135457984370792,0.310631394510385,-23.9541992273466,FALSE,number of observations (=51) <= number of random effects (=52) for term (1 + SampleCode | ID2); the random-effects parameters and the residual variance (or scale parameter) are probably unidentifiable,TRUE,TRUE,FALSE,-0.121727370961117,0.0817220583276174,0.1363481382959,-23.9526505981744,0.00309725834443242,0.998452569335179,0.103212766640221,-0.111716465658097,0.288201889620449,0.27879434598712,0.319178596465402,0.310631394510385
O95563,MPC2,47,26,-0.167918874227282,0.112492220157097,0.135511689255663,0.310631394510385,-24.8969145096003,FALSE,number of observations (=47) <= number of random effects (=52) for term (1 + SampleCode | ID2); the random-effects parameters and the residual variance (or scale parameter) are probably unidentifiable,TRUE,FALSE,FALSE,-0.16791673333724,0.112340384598084,0.13498912750802,-24.8948590788679,0.00411086146485218,0.997946680218769,0.335120537365869,-0.599746390284555,0.380221655453049,0.297085312505912,0.318866713225394,0.310631394510385
Q9BZL4,PPP1R12C,47,26,-0.105617392661789,0.0710510215110839,0.137146733890242,0.313913635348776,-15.4901740048639,FALSE,number of observations (=47) <= number of random effects (=52) for term (1 + SampleCode | ID2); the random-effects parameters and the residual variance (or scale parameter) are probably unidentifiable,TRUE,FALSE,FALSE,-0.0949319448826903,0.0717004119997759,0.185500268357132,-15.2583902877598,0.463567434208343,0.793117642538138,0.0663691253548497,-0.962444193427584,0.233099900835448,0.232733456233687,0.382640740469652,0.313913635348776
P25398,RPS12,39,25,0.188358392276648,0.126865096856052,0.137619587186219,0.314529973672646,-24.2325843289397,FALSE,number of observations (=39) <= number of random effects (=50) for term (1 + SampleCode | ID2); the random-effects parameters and the residual variance (or scale parameter) are probably unidentifiable,TRUE,TRUE,FALSE,0.180474971214549,0.126373062335403,0.153259431839322,-23.7482046778221,0.968759302235142,0.616079262326932,0.162768401667055,-0.99999973822178,0.372944466869836,0.350646471787126,0.341682283104981,0.314529973672646
P08195,SLC3A2,51,26,-0.129959171630872,0.0876013073670123,0.137933639457589,0.31478208709302,-24.2453246040866,FALSE,number of observations (=51) <= number of random effects (=52) for term (1 + SampleCode | ID2); the random-effects parameters and the residual variance (or scale parameter) are probably unidentifiable,TRUE,FALSE,FALSE,-0.13042951425349,0.0879746409773772,0.138185819465629,-24.0470370207177,0.396575166737861,0.820133962332459,0.216263765740612,-0.0339403122023176,0.308557182978318,0.269026550610104,0.322016728619,0.31478208709302
Q15746,MYLK,52,26,-0.108228179555914,0.0730622529425791,0.138522768615709,0.315660291314557,-11.9193471684768,FALSE,number of observations (=52) <= number of random effects (=52) for term (1 + SampleCode | ID2); the random-effects parameters and the residual variance (or scale parameter) are probably unidentifiable,TRUE,FALSE,FALSE,-0.108821736284486,0.0729289650722177,0.135657019689336,-11.3447272770977,1.14923978275802,0.562918798434333,0.22131650270244,-0.125602891345427,0.26195094411659,0.209506300462862,0.318866713225394,0.315660291314557
P15144,ANPEP,38,22,0.335451021264935,0.226600047201687,0.13877557989069,0.315770649383088,-41.4334784300297,FALSE,number of observations (=38) <= number of random effects (=44) for term (1 + SampleCode | ID2); the random-effects parameters and the residual variance (or scale parameter) are probably unidentifiable,TRUE,FALSE,FALSE,0.340150089119264,0.226487174149428,0.13313547947784,-40.9384910011976,0.989974857664222,0.609578570362692,0.640389628053201,-0.818428569858576,0.682420618229906,0.510405584340389,0.31596669092667,0.315770649383088
Q92973,TNPO1,50,26,-0.164478185608426,0.111243965857122,0.139264423230347,0.316416961604243,-32.5320066673592,FALSE,number of observations (=50) <= number of random effects (=52) for term (1 + SampleCode | ID2); the random-effects parameters and the residual variance (or scale parameter) are probably unidentifiable,TRUE,FALSE,FALSE,-0.164058079860255,0.111928329901995,0.142718524731809,-32.2323256097415,0.599362115235309,0.7410545366935,0.307269718158164,-0.133724868346321,0.388269787758536,0.322798042475527,0.328907309842665,0.316416961604243
P07195,LDHB,51,26,0.284112913501329,0.192386610444882,0.139734319823848,0.317018390789787,-62.1433095932359,FALSE,number of observations (=51) <= number of random effects (=52) for term (1 + SampleCode | ID2); the random-effects parameters and the residual variance (or scale parameter) are probably unidentifiable,TRUE,TRUE,FALSE,0.279967287378794,0.191884362309004,0.144553629051467,-61.1567405399665,1.97313810653878,0.37285374034666,0.584525439545092,0.0461370626995668,0.682020871761656,0.54321763740436,0.33132088753394,0.317018390789787
Q9Y5X1,SNX9,47,26,-0.135057082662618,0.0916378250451786,0.140531756629607,0.318360064505489,-15.5897196352568,FALSE,number of observations (=47) <= number of random effects (=52) for term (1 + SampleCode | ID2); the random-effects parameters and the residual variance (or scale parameter) are probably unidentifiable,TRUE,FALSE,FALSE,-0.134446472830621,0.092143878939169,0.144539560173047,-15.1770331124918,0.825373045530046,0.661869731404262,0.301089875120798,-0.762634055241523,0.311120904425635,0.22836860834711,0.33132088753394,0.318360064505489
Q9Y6C2,EMILIN1,52,26,-0.168450533552996,0.11445425931954,0.141082552950157,0.319137219217554,-29.6574550978582,FALSE,number of observations (=52) <= number of random effects (=52) for term (1 + SampleCode | ID2); the random-effects parameters and the residual variance (or scale parameter) are probably unidentifiable,TRUE,FALSE,FALSE,-0.163789169961516,0.113789010137777,0.150034067058573,-29.4653444013036,0.384221393109193,0.825215514921212,0.379028397926941,-0.771786900302584,0.41109614429106,0.308572806113082,0.33782469730643,0.319137219217554
Q01813,PFKP,52,26,-0.115132530638948,0.0782675795098939,0.141287933944859,0.319137219217554,-27.8026497373768,FALSE,number of observations (=52) <= number of random effects (=52) for term (1 + SampleCode | ID2); the random-effects parameters and the residual variance (or scale parameter) are probably unidentifiable,TRUE,TRUE,FALSE,-0.115205250213425,0.0782712285095856,0.141055375053171,-27.7907435426373,0.0238123894788203,0.988164403533805,0.143164505614472,-0.0898609224353716,0.278807050858032,0.259784523376947,0.326727330304934,0.319137219217554
Q13496,MTM1,49,26,-0.150132039360426,0.102141139822691,0.141602688902079,0.319208444455455,-18.975821546402,FALSE,number of observations (=49) <= number of random effects (=52) for term (1 + SampleCode | ID2); the random-effects parameters and the residual variance (or scale parameter) are probably unidentifiable,TRUE,FALSE,FALSE,-0.14710652622172,0.110317173140891,0.182372009238416,-18.6544504276207,0.642742237562516,0.725154082747122,0.423652519840761,-0.807438357080181,0.356408808318545,0.245005177517211,0.379225779641121,0.319208444455455
P00491,PNP,47,26,-0.142204320718401,0.0967791637739834,0.14173268148637,0.319208444455455,-32.7340592259468,FALSE,number of observations (=47) <= number of random effects (=52) for term (1 + SampleCode | ID2); the random-effects parameters and the residual variance (or scale parameter) are probably unidentifiable,TRUE,TRUE,FALSE,-0.155828377154695,0.0954536392672914,0.102573512564483,-30.9165210848755,3.63507628214272,0.162425126877393,0.281894112270601,0.441358719480202,0.314753962546721,0.242309416373861,0.273706523164295,0.319208444455455
Q969X5,ERGIC1,45,26,-0.226119397973489,0.153976594710102,0.141960050154182,0.319255134626218,-34.0660920210565,FALSE,number of observations (=45) <= number of random effects (=52) for term (1 + SampleCode | ID2); the random-effects parameters and the residual variance (or scale parameter) are probably unidentifiable,TRUE,FALSE,FALSE,-0.232136433853657,0.177413656679758,0.190721611956058,-30.0441615063899,8.04386102933324,0.0179183399101949,0.770496244340934,-0.842356955035734,0.515862889893621,0.274237786201131,0.388739961045,0.319255134626218
O14639,ABLIM1,47,26,0.169394252089333,0.115548929629855,0.142649415612576,0.320233458080373,-35.4146900738647,FALSE,number of observations (=47) <= number of random effects (=52) for term (1 + SampleCode | ID2); the random-effects parameters and the residual variance (or scale parameter) are probably unidentifiable,TRUE,TRUE,FALSE,0.151198187302645,0.116957386443307,0.196093024554768,-34.0679997116516,2.69338072442622,0.260099673396386,0.321564507592967,0.342327261197583,0.381928662337937,0.307286581506944,0.393632505967309,0.320233458080373
Q96KP1,EXOC2,49,26,-0.16121655285542,0.110014783374798,0.142809613344581,0.320233458080373,-22.6145209011959,FALSE,number of observations (=49) <= number of random effects (=52) for term (1 + SampleCode | ID2); the random-effects parameters and the residual variance (or scale parameter) are probably unidentifiable,TRUE,FALSE,FALSE,-0.154505828787299,0.119446177146883,0.195831821974512,-22.1616776473178,0.905686507756201,0.635817787788479,0.473612480671523,-0.84149913893886,0.383882908572396,0.25370768267584,0.393632505967309,0.320233458080373
P49327,FASN,52,26,-0.112685855178981,0.077026056150027,0.143478977924461,0.321268146222163,-12.6582444534042,FALSE,number of observations (=52) <= number of random effects (=52) for term (1 + SampleCode | ID2); the random-effects parameters and the residual variance (or scale parameter) are probably unidentifiable,TRUE,FALSE,FALSE,-0.110653422538215,0.077261366119166,0.152087724960708,-11.3600811136674,2.59632667947363,0.27303280129888,0.196159519100613,-0.946709716057192,0.276361064002397,0.240207119857574,0.340491516359714,0.321268146222163
P12955,PEPD,49,26,0.22691685971559,0.155283831927997,0.143932076824854,0.321816293334875,-49.139637196054,FALSE,number of observations (=49) <= number of random effects (=52) for term (1 + SampleCode | ID2); the random-effects parameters and the residual variance (or scale parameter) are probably unidentifiable,TRUE,TRUE,FALSE,0.235256405466587,0.15902260241118,0.139036182309404,-48.5947084529817,1.08985748614458,0.579883102556007,0.440293979799838,0.0127479585282839,0.531603183376811,0.441946482084688,0.323510394078358,0.321816293334875
P01023,A2M,52,26,0.238720901633971,0.163597596847534,0.144511265808911,0.322644372362381,-53.2070079301888,FALSE,number of observations (=52) <= number of random effects (=52) for term (1 + SampleCode | ID2); the random-effects parameters and the residual variance (or scale parameter) are probably unidentifiable,TRUE,TRUE,FALSE,0.255256354229523,0.161863277845701,0.114798417863505,-50.6618482620852,5.09031933620722,0.0784605233375656,0.647660586762254,-0.000921704909722729,0.586685946876776,0.357255684571325,0.290759927211664,0.322644372362381
P11310,ACADM,51,26,-0.18331481550718,0.12604128295869,0.145834618712229,0.324515200959946,-33.9783095124127,FALSE,number of observations (=51) <= number of random effects (=52) for term (1 + SampleCode | ID2); the random-effects parameters and the residual variance (or scale parameter) are probably unidentifiable,TRUE,FALSE,FALSE,-0.183673870074975,0.126125134458836,0.145314444908534,-33.9741688230667,0.00828137869201839,0.995867871488127,0.421330369045328,-0.61432773049024,0.448505324833626,0.335527449272884,0.331331038614543,0.324515200959946
P41236,PPP1R2,47,26,0.202893131549469,0.139541777789637,0.145947524834732,0.324515200959946,-33.7483093394822,FALSE,number of observations (=47) <= number of random effects (=52) for term (1 + SampleCode | ID2); the random-effects parameters and the residual variance (or scale parameter) are probably unidentifiable,TRUE,FALSE,FALSE,0.199828582718938,0.139496965155188,0.152002458932542,-32.4716099616092,2.55339875574595,0.278956512670802,0.424138814581822,-0.921709557396764,0.472668411892781,0.368484792343787,0.340491516359714,0.324515200959946
Q6UXV4,APOOL,48,26,-0.0804732220828733,0.0553605839558259,0.146051839015979,0.324515200959946,7.35709715012402,FALSE,number of observations (=48) <= number of random effects (=52) for term (1 + SampleCode | ID2); the random-effects parameters and the residual variance (or scale parameter) are probably unidentifiable,TRUE,FALSE,FALSE,-0.0783213406329485,0.0558273380726217,0.160640421027869,7.68008097195024,0.64596764365244,0.723985567037488,0.14773809339948,-0.771103849354481,0.187922115595299,0.158565725820528,0.347118112570711,0.324515200959946
Q16799,RTN1,52,26,-0.186188369834936,0.128174295577391,0.146329670108144,0.324515200959946,-40.9303063318962,FALSE,number of observations (=52) <= number of random effects (=52) for term (1 + SampleCode | ID2); the random-effects parameters and the residual variance (or scale parameter) are probably unidentifiable,TRUE,FALSE,FALSE,-0.183854125478492,0.127700782150953,0.149944958370674,-40.8235071958124,0.213598272167502,0.898706172503145,0.307265008691179,-0.608795509453823,0.459582421371473,0.403064737947194,0.33782469730643,0.324515200959946
Q9Y6K9,IKBKG,46,25,-0.12386959947406,0.0852888619263755,0.146403265902635,0.324515200959946,-18.9426902010268,FALSE,number of observations (=46) <= number of random effects (=50) for term (1 + SampleCode | ID2); the random-effects parameters and the residual variance (or scale parameter) are probably unidentifiable,TRUE,TRUE,FALSE,-0.126303915284878,0.0845801138522317,0.135357341481019,-18.2612088595307,1.36296268299218,0.505867075171038,0.128724037652232,-0.980281538826135,0.282454978627908,0.267545751167077,0.318866713225394,0.324515200959946
P68036,UBE2L3,44,26,-0.116501747666522,0.0802567967758932,0.146609456485464,0.324515200959946,-12.3131680616737,FALSE,number of observations (=44) <= number of random effects (=52) for term (1 + SampleCode | ID2); the random-effects parameters and the residual variance (or scale parameter) are probably unidentifiable,TRUE,TRUE,FALSE,-0.113240892283015,0.0783462213106352,0.148348200616424,-10.5854981925977,3.45533973815189,0.177697987513687,0.165956360676101,-0.999999571869532,0.254463600934494,0.222122161709685,0.335575358641837,0.324515200959946
Q9Y6K0,CEPT1,44,25,-0.180218668815244,0.12430434096015,0.147109283549984,0.325155712567561,-30.1520597346635,FALSE,number of observations (=44) <= number of random effects (=50) for term (1 + SampleCode | ID2); the random-effects parameters and the residual variance (or scale parameter) are probably unidentifiable,TRUE,FALSE,FALSE,-0.183002998172993,0.125039619589261,0.143314181121151,-29.9443142906151,0.415490888096635,0.812413815164359,0.246091792027822,-0.676103228758337,0.400607255220431,0.364163110069739,0.32949465748836,0.325155712567561
P30530,AXL,52,26,0.165226801235842,0.114154273815359,0.147785157935664,0.326182955729431,-40.5079938463853,FALSE,number of observations (=52) <= number of random effects (=52) for term (1 + SampleCode | ID2); the random-effects parameters and the residual variance (or scale parameter) are probably unidentifiable,TRUE,TRUE,FALSE,0.161440439980972,0.114953596718963,0.160200783840535,-40.1674296368113,0.681128419148124,0.711368848400464,0.158161671778974,-0.83091298650259,0.408307524778295,0.395882775032942,0.34665295662973,0.326182955729431
A5YKK6,CNOT1,44,26,-0.0960604044691604,0.06658861463852,0.149134584511068,0.328193154309393,4.38589694897999,FALSE,number of observations (=44) <= number of random effects (=52) for term (1 + SampleCode | ID2); the random-effects parameters and the residual variance (or scale parameter) are probably unidentifiable,TRUE,TRUE,FALSE,-0.0982588151925453,0.0719509079240433,0.172052957158017,4.85070345162076,0.929613005281544,0.628256659433567,0.234191375502593,-0.804346066297614,0.219014353697029,0.172712640208839,0.364680242209121,0.328193154309393
Q12906,ILF3,48,25,0.216930494979118,0.150418252830775,0.149251040340395,0.328193154309393,-36.6422049719812,FALSE,number of observations (=48) <= number of random effects (=50) for term (1 + SampleCode | ID2); the random-effects parameters and the residual variance (or scale parameter) are probably unidentifiable,TRUE,FALSE,FALSE,0.218539605099858,0.151893914379863,0.150217195501306,-35.8692806376515,1.54584866865942,0.461661041153692,0.532073763483689,-0.882747983438249,0.519151639103259,0.36983654934571,0.33782469730643,0.328193154309393
Q709C8,VPS13C,50,26,-0.106044584254653,0.0735659254937443,0.14944615340974,0.328193154309393,-3.44492273182812,FALSE,number of observations (=50) <= number of random effects (=52) for term (1 + SampleCode | ID2); the random-effects parameters and the residual variance (or scale parameter) are probably unidentifiable,TRUE,FALSE,FALSE,-0.106031545623588,0.0794091395398981,0.181792509858285,-2.85473909884415,1.18036726596792,0.554225501306803,0.322054891325034,-0.852639973165224,0.259229870875653,0.165742771154161,0.378530226052628,0.328193154309393
Q8N1G4,LRRC47,50,26,-0.122894681383605,0.0852761198533463,0.149545618533212,0.328193154309393,-10.7756241163462,FALSE,number of observations (=50) <= number of random effects (=52) for term (1 + SampleCode | ID2); the random-effects parameters and the residual variance (or scale parameter) are probably unidentifiable,TRUE,TRUE,FALSE,-0.120333496779525,0.0848760800061885,0.156262272025279,-9.50738081803676,2.53648659661895,0.281325392740272,0.306745296690644,-0.904028568624691,0.30016407088353,0.208543600371655,0.345076656898601,0.328193154309393
Q6PEY2,TUBA3E,52,26,-0.202718577773613,0.141052698717095,0.15066592745856,0.329364131880753,-38.4535403852799,FALSE,number of observations (=52) <= number of random effects (=52) for term (1 + SampleCode | ID2); the random-effects parameters and the residual variance (or scale parameter) are probably unidentifiable,TRUE,FALSE,FALSE,-0.202783995674935,0.150774670594468,0.178642233395374,-38.1794600372042,0.5481606961513,0.760270986495995,0.568843431091643,-0.803530587544762,0.506897040500637,0.363664009983573,0.373480717991683,0.329364131880753
P43686,PSMC4,51,26,-0.0917417341713843,0.0638663540814721,0.150870283127198,0.329364131880753,-3.98663129420644,FALSE,number of observations (=51) <= number of random effects (=52) for term (1 + SampleCode | ID2); the random-effects parameters and the residual variance (or scale parameter) are probably unidentifiable,TRUE,FALSE,FALSE,-0.0915396610160579,0.0640653119523115,0.153047620098983,-3.77327777442114,0.426707039570593,0.807870488526581,0.170096478690883,-0.207004708742202,0.226560568960153,0.192405765973698,0.341682283104981,0.329364131880753
Q9Y6I9,TEX264,45,24,-0.272304132965185,0.18956861806909,0.15087689708679,0.329364131880753,-58.3745310884475,FALSE,number of observations (=45) <= number of random effects (=48) for term (1 + SampleCode | ID2); the random-effects parameters and the residual variance (or scale parameter) are probably unidentifiable,TRUE,TRUE,FALSE,-0.24408861434436,0.193797392408186,0.207848302736316,-57.8567670481336,1.03552808062764,0.595851359213755,0.28197623412846,-0.891761517495811,0.62258403305605,0.60800978091519,0.409599014958684,0.329364131880753
Q9Y3B3,TMED7,48,26,-0.222822647496916,0.15514222980101,0.15093191286186,0.329364131880753,-38.2085032873023,FALSE,number of observations (=48) <= number of random effects (=52) for term (1 + SampleCode | ID2); the random-effects parameters and the residual variance (or scale parameter) are probably unidentifiable,TRUE,FALSE,FALSE,-0.263799822259568,0.179535456964176,0.141738789733289,-31.7852622157555,12.8464821430936,0.00162338618831829,0.779923875945415,-0.999989893010289,0.536371614206741,0.307082666595339,0.327333976289882,0.329364131880753
P22694,PRKACB,50,26,-0.0958775297267262,0.0668962114799094,0.151792663238211,0.330775267564225,-4.96162659205913,FALSE,number of observations (=50) <= number of random effects (=52) for term (1 + SampleCode | ID2); the random-effects parameters and the residual variance (or scale parameter) are probably unidentifiable,TRUE,TRUE,FALSE,-0.0939546606066383,0.0664924902786224,0.15765231104486,-4.08901385677215,1.74522547057396,0.417858368469255,0.134167431624634,-0.972193325284316,0.234070380199219,0.214283388199886,0.345076656898601,0.330775267564225
Q7Z434,MAVS,52,26,-0.239968518068623,0.167582638376167,0.152160592249637,0.331110021162943,-54.9872506883539,FALSE,number of observations (=52) <= number of random effects (=52) for term (1 + SampleCode | ID2); the random-effects parameters and the residual variance (or scale parameter) are probably unidentifiable,TRUE,FALSE,FALSE,-0.23758936879459,0.167942212016976,0.157153817078466,-54.8706389380379,0.233223500632008,0.889930641389288,0.399900147129423,-0.612958239519638,0.600858862734216,0.531716013301973,0.345076656898601,0.331110021162943
Q06033,ITIH3,52,26,0.145402203469483,0.10168921318242,0.152754762201305,0.331684004161402,-35.5899768840396,FALSE,number of observations (=52) <= number of random effects (=52) for term (1 + SampleCode | ID2); the random-effects parameters and the residual variance (or scale parameter) are probably unidentifiable,TRUE,FALSE,FALSE,0.142729088354992,0.101328348439338,0.158959386486294,-32.9067124015201,5.36652896503912,0.0683396958723296,0.336589871407333,0.432800192124211,0.363515850486236,0.273635919496771,0.345076656898601,0.331684004161402
P35611,ADD1,52,26,-0.107844214601192,0.0754727412673254,0.153028351322638,0.331684004161402,-17.877733839222,FALSE,number of observations (=52) <= number of random effects (=52) for term (1 + SampleCode | ID2); the random-effects parameters and the residual variance (or scale parameter) are probably unidentifiable,TRUE,FALSE,FALSE,-0.10945663156178,0.0754610736034934,0.146917867780196,-17.563008373069,0.629450932305886,0.729989253520434,0.200601897317024,-0.0319921580991962,0.27009916886438,0.229825522329489,0.333806037824121,0.331684004161402
P02786,TFRC,50,26,0.249693819987506,0.174851637171278,0.153282505185956,0.331684004161402,-47.3706866781072,FALSE,number of observations (=50) <= number of random effects (=52) for term (1 + SampleCode | ID2); the random-effects parameters and the residual variance (or scale parameter) are probably unidentifiable,TRUE,FALSE,FALSE,0.256454306144666,0.177117239873322,0.147635142495601,-45.474341779878,3.79268979645839,0.150116308067096,0.560307236638247,-0.045609190293666,0.615711581791393,0.475382294370334,0.334943164692662,0.331684004161402
P04430,IGKV1-16,48,25,0.331734330610986,0.232339345473299,0.153349168725232,0.331684004161402,-60.8783879104908,FALSE,number of observations (=48) <= number of random effects (=50) for term (1 + SampleCode | ID2); the random-effects parameters and the residual variance (or scale parameter) are probably unidentifiable,TRUE,FALSE,FALSE,0.336135991556405,0.2346231603469,0.151954081904723,-59.9046414049067,1.94749301116815,0.377665458527347,0.618623928183774,0.108890146814794,0.800878618571602,0.6740907345332,0.340491516359714,0.331684004161402
P40763,STAT3,52,26,-0.138495645888312,0.0970343345921024,0.15349777538861,0.331684004161402,-19.0019685272176,FALSE,number of observations (=52) <= number of random effects (=52) for term (1 + SampleCode | ID2); the random-effects parameters and the residual variance (or scale parameter) are probably unidentifiable,TRUE,FALSE,FALSE,-0.137876900732967,0.0976864708996133,0.158120018882058,-18.8236746233322,0.356587807770836,0.836696479002424,0.360902777115722,-0.788823022087098,0.348709507007285,0.241142493299594,0.345076656898601,0.331684004161402
Q15904,ATP6AP1,39,23,-0.205326855189763,0.14406727137728,0.154095023519724,0.332247133474693,-25.6435835224677,FALSE,number of observations (=39) <= number of random effects (=46) for term (1 + SampleCode | ID2); the random-effects parameters and the residual variance (or scale parameter) are probably unidentifiable,TRUE,FALSE,FALSE,-0.203141820127346,0.145769179100748,0.163442797667489,-23.7314313051951,3.82430443454522,0.147762028140867,0.436734415667779,-0.0368449659802889,0.442974941668887,0.322083800188461,0.352188455224925,0.332247133474693
Q9Y251,HPSE,52,26,0.154850236994567,0.108675083390145,0.154188475534857,0.332247133474693,-34.5288071327742,FALSE,number of observations (=52) <= number of random effects (=52) for term (1 + SampleCode | ID2); the random-effects parameters and the residual variance (or scale parameter) are probably unidentifiable,TRUE,FALSE,FALSE,0.154798647644125,0.108604050453193,0.154056414520398,-33.4131056055305,2.2314030544874,0.32768531806914,0.205345782201427,-0.998865637663264,0.389327264262119,0.36124158293364,0.342470734437433,0.332247133474693
P31040,SDHA,52,26,-0.156693021369317,0.110179025460854,0.154977651746765,0.332597683778249,-25.6081351744344,FALSE,number of observations (=52) <= number of random effects (=52) for term (1 + SampleCode | ID2); the random-effects parameters and the residual variance (or scale parameter) are probably unidentifiable,TRUE,FALSE,FALSE,-0.158246962417097,0.122508912574691,0.196454836035698,-24.8610503760747,1.4941695967194,0.473745605622353,0.513228484059016,-0.837166299861559,0.395947205826715,0.250184263296891,0.393632505967309,0.332597683778249
P61201,COPS2,51,26,-0.106907873746946,0.0752046376519242,0.155154143368163,0.332597683778249,-6.44359647540711,FALSE,number of observations (=51) <= number of random effects (=52) for term (1 + SampleCode | ID2); the random-effects parameters and the residual variance (or scale parameter) are probably unidentifiable,TRUE,FALSE,FALSE,-0.107275244572826,0.0753644903113943,0.154614738804327,-6.27489288970087,0.337407171412464,0.84475926499976,0.28022818349903,-0.588265248169083,0.267803391249336,0.180523897493095,0.342725640534699,0.332597683778249
P50991,CCT4,49,26,-0.132804620656475,0.093427914220814,0.15518127780074,0.332597683778249,-18.3771175687529,FALSE,number of observations (=49) <= number of random effects (=52) for term (1 + SampleCode | ID2); the random-effects parameters and the residual variance (or scale parameter) are probably unidentifiable,TRUE,FALSE,FALSE,-0.132462637786088,0.0933441440202442,0.155876225288054,-18.3760908893502,0.00205335880529134,0.998973847452333,0.326921512099785,-0.606923777242889,0.323103966097476,0.225349744374166,0.345026888352498,0.332597683778249
Q9Y6Y8,SEC23IP,48,26,-0.178432183907089,0.125536273228445,0.15521225242985,0.332597683778249,-28.0446203462956,FALSE,number of observations (=48) <= number of random effects (=52) for term (1 + SampleCode | ID2); the random-effects parameters and the residual variance (or scale parameter) are probably unidentifiable,TRUE,FALSE,FALSE,-0.180265499597246,0.126544441867365,0.154295059642579,-28.0421898047866,0.00486108301803512,0.997572409865366,0.440212169974219,-0.720595227911666,0.434015249100158,0.307932505586037,0.342508429810036,0.332597683778249
Q14520,HABP2,52,26,0.099806031821965,0.0703472309253165,0.155968191775184,0.333643410666912,-34.876505136069,FALSE,number of observations (=52) <= number of random effects (=52) for term (1 + SampleCode | ID2); the random-effects parameters and the residual variance (or scale parameter) are probably unidentifiable,TRUE,TRUE,FALSE,0.10220992408578,0.070237749510731,0.145614093993058,-34.8513039717581,0.0504023286218569,0.975113734214587,0.0869362614876049,-0.295451559380423,0.248189704118237,0.240092438204439,0.331331038614543,0.333643410666912
Q9NYQ6,CELSR1,45,26,0.288792168634254,0.203632783263446,0.156132159166458,0.333643410666912,-51.2524639536667,FALSE,number of observations (=45) <= number of random effects (=52) for term (1 + SampleCode | ID2); the random-effects parameters and the residual variance (or scale parameter) are probably unidentifiable,TRUE,TRUE,FALSE,0.287389891091437,0.203835405804091,0.158565804468037,-51.2346423227587,0.0356432618159062,0.982336235154804,0.433567476062099,-0.494452213123227,0.643260702095713,0.565960187454318,0.345076656898601,0.333643410666912
Q9NZQ3,NCKIPSD,52,26,-0.125109855726708,0.0883733317906983,0.156864253587907,0.334582079332542,-18.2869227964427,FALSE,number of observations (=52) <= number of random effects (=52) for term (1 + SampleCode | ID2); the random-effects parameters and the residual variance (or scale parameter) are probably unidentifiable,TRUE,FALSE,FALSE,-0.130395508723027,0.0873091701913169,0.135308562106706,-16.6038447905241,3.36615601183713,0.185801197797718,0.299719327127393,-0.0189280629443691,0.317228866401256,0.230994951740662,0.318866713225394,0.334582079332542
A0A0C4DH38,IGHV5-51,51,26,0.458812631954458,0.324325927401874,0.157166656069707,0.334582079332542,-82.2948633172185,FALSE,number of observations (=51) <= number of random effects (=52) for term (1 + SampleCode | ID2); the random-effects parameters and the residual variance (or scale parameter) are probably unidentifiable,TRUE,FALSE,FALSE,0.458675740849804,0.325012728383115,0.158169526139416,-82.2116238739584,0.166478886520167,0.920130801722187,1.09398730456207,-0.548908148008262,1.1542292332448,0.858566883940693,0.345076656898601,0.334582079332542
Q14152,EIF3A,50,26,-0.111686013958232,0.0789590767968466,0.157221093589272,0.334582079332542,-13.5718679667052,FALSE,number of observations (=50) <= number of random effects (=52) for term (1 + SampleCode | ID2); the random-effects parameters and the residual variance (or scale parameter) are probably unidentifiable,TRUE,FALSE,FALSE,-0.116206682731095,0.0781206815229929,0.136875475891023,-13.2323504148934,0.679035103623669,0.712113797913037,0.232789168655042,-0.197743030872194,0.275985907645344,0.21752305354623,0.319928305978261,0.334582079332542
Q12907,LMAN2,47,25,0.103965460814736,0.07361092704099,0.157842661030217,0.335442794073845,-6.71509337394771,FALSE,number of observations (=47) <= number of random effects (=50) for term (1 + SampleCode | ID2); the random-effects parameters and the residual variance (or scale parameter) are probably unidentifiable,TRUE,TRUE,FALSE,0.107539721940828,0.0738165522716087,0.145157499617842,-5.59464601466111,2.24089471857321,0.326133862971258,0.218021336782322,0.0388302388214031,0.249627755735407,0.195961151899524,0.331331038614543,0.335442794073845
Q9Y678,COPG1,52,26,-0.110808058983688,0.0786197663813806,0.158711811045642,0.336519576152831,-8.05899845067024,FALSE,number of observations (=52) <= number of random effects (=52) for term (1 + SampleCode | ID2); the random-effects parameters and the residual variance (or scale parameter) are probably unidentifiable,TRUE,FALSE,FALSE,-0.110861664035558,0.0788310564481858,0.159629226512912,-7.97088694175098,0.17622301783851,0.91565876691085,0.293964970200536,-0.655238158513758,0.282533601030233,0.192491870740557,0.345900638096002,0.336519576152831
P58166,INHBE,52,26,0.202552460422506,0.143738859762723,0.15878496505852,0.336519576152831,-41.3159677434695,FALSE,number of observations (=52) <= number of random effects (=52) for term (1 + SampleCode | ID2); the random-effects parameters and the residual variance (or scale parameter) are probably unidentifiable,TRUE,FALSE,FALSE,0.202550257540598,0.143737188058169,0.15878465072737,-41.1560249463178,0.319885594303486,0.852192535412269,0.512666636653418,-0.559613724443417,0.516306460814265,0.36764309373756,0.345076656898601,0.336519576152831
O15116,LSM1,48,26,-0.298194251893799,0.211793974746416,0.159147378892904,0.336825616971968,-55.3255235212208,FALSE,number of observations (=48) <= number of random effects (=52) for term (1 + SampleCode | ID2); the random-effects parameters and the residual variance (or scale parameter) are probably unidentifiable,TRUE,FALSE,FALSE,-0.300636448175166,0.212978252444213,0.158072825604951,-55.2619669819152,0.127113078611217,0.938421060125606,0.671127368688256,-0.537035264878878,0.72166421213343,0.545783299391911,0.345076656898601,0.336825616971968
Q6P1M0,SLC27A4,44,26,-0.166678069185269,0.118629039645839,0.160010578918752,0.338022913297104,-20.8119637220673,FALSE,number of observations (=44) <= number of random effects (=52) for term (1 + SampleCode | ID2); the random-effects parameters and the residual variance (or scale parameter) are probably unidentifiable,TRUE,TRUE,FALSE,-0.146340019399122,0.124760119759755,0.240807380802925,-18.1341345696368,5.3556583048609,0.0687121559824474,0.455820760799299,-0.999999997445708,0.388314633183135,0.268018670932346,0.438441067155172,0.338022913297104
Q05682,CALD1,52,26,-0.193196916809471,0.137549285962054,0.160150661833968,0.338022913297104,-41.4674690260353,FALSE,number of observations (=52) <= number of random effects (=52) for term (1 + SampleCode | ID2); the random-effects parameters and the residual variance (or scale parameter) are probably unidentifiable,TRUE,TRUE,FALSE,-0.201282409230921,0.139202963636474,0.148187430129197,-39.718064938054,3.49880817596262,0.173877528292543,0.426266314187694,0.270810724789559,0.493726352740031,0.398903537846018,0.335575358641837,0.338022913297104
P01266,TG,45,24,0.177630524622925,0.12672251652447,0.160996427129093,0.339344447359411,-38.7140206856258,FALSE,number of observations (=45) <= number of random effects (=48) for term (1 + SampleCode | ID2); the random-effects parameters and the residual variance (or scale parameter) are probably unidentifiable,TRUE,TRUE,FALSE,0.178694810756459,0.126454296316714,0.15762110487355,-38.562266204288,0.30350896267565,0.859199204286409,0.0889423170109775,-0.967657965571784,0.414661411446986,0.409921469720357,0.345076656898601,0.339344447359411
Q13813,SPTAN1,51,26,-0.104534435573324,0.0747097696049035,0.161750906137509,0.340470231583721,-12.9355420825228,FALSE,number of observations (=51) <= number of random effects (=52) for term (1 + SampleCode | ID2); the random-effects parameters and the residual variance (or scale parameter) are probably unidentifiable,TRUE,FALSE,FALSE,-0.104163414970586,0.0747922159797783,0.163709332256932,-12.7581982439622,0.354687677121273,0.837491773045317,0.198814162950138,-0.203222834640906,0.264847114965541,0.224306937144043,0.352271474006909,0.340470231583721
Q02978,SLC25A11,49,26,-0.158740654363575,0.113743498766314,0.162834379853559,0.3422845127534,-24.7843732445385,FALSE,number of observations (=49) <= number of random effects (=52) for term (1 + SampleCode | ID2); the random-effects parameters and the residual variance (or scale parameter) are probably unidentifiable,TRUE,TRUE,FALSE,-0.160803098579278,0.114177859994965,0.159025617936443,-24.0184238259813,1.53189883711441,0.464892343963571,0.325345452122378,-0.288058286905245,0.396999634463675,0.324114679148414,0.345076656898601,0.3422845127534
P17655,CAPN2,51,26,0.156870231814979,0.112636698794262,0.163707570456161,0.343521673352411,-45.3363471519473,FALSE,number of observations (=51) <= number of random effects (=52) for term (1 + SampleCode | ID2); the random-effects parameters and the residual variance (or scale parameter) are probably unidentifiable,TRUE,FALSE,FALSE,0.152721565065096,0.111836826785226,0.172072424964692,-44.6501140933607,1.37246611717316,0.503469039849206,0.328233020054285,0.181877922717127,0.395491705424629,0.314912692624914,0.364680242209121,0.343521673352411
P28066,PSMA5,52,26,0.194010036936067,0.139395957966862,0.163985702202729,0.343521673352411,-41.6668881396189,FALSE,number of observations (=52) <= number of random effects (=52) for term (1 + SampleCode | ID2); the random-effects parameters and the residual variance (or scale parameter) are probably unidentifiable,TRUE,TRUE,FALSE,0.1929603521344,0.13942714473285,0.166373424408706,-41.4571874621871,0.419401354863638,0.810826908443784,0.426872616194263,-0.399799886850026,0.500430541322622,0.39930953790187,0.3565144808758,0.343521673352411
O15371,EIF3D,51,26,-0.08150966466318,0.0585944859144945,0.164200924700574,0.343521673352411,2.13354599855903,FALSE,number of observations (=51) <= number of random effects (=52) for term (1 + SampleCode | ID2); the random-effects parameters and the residual variance (or scale parameter) are probably unidentifiable,TRUE,FALSE,FALSE,-0.08131761347144,0.0588443918026238,0.166999545852657,2.57083367597686,0.874575354835653,0.645785626744431,0.1737150877059,-0.228512777516327,0.208105910003137,0.168537186653803,0.357360524019881,0.343521673352411
Q13131,PRKAA1,51,26,-0.121186274002103,0.0871396373551585,0.164312308483775,0.343521673352411,-12.7224423996584,FALSE,number of observations (=51) <= number of random effects (=52) for term (1 + SampleCode | ID2); the random-effects parameters and the residual variance (or scale parameter) are probably unidentifiable,TRUE,FALSE,FALSE,-0.125625858523365,0.0970915138562035,0.195702993371761,-11.058498896155,3.32788700700672,0.189390642872403,0.425243547271794,-0.900889453628878,0.310528722360778,0.174890831501339,0.393632505967309,0.343521673352411
P54920,NAPA,49,26,-0.186446092295493,0.134500061736946,0.165681060062432,0.345915186211428,-32.4647580155648,FALSE,number of observations (=49) <= number of random effects (=52) for term (1 + SampleCode | ID2); the random-effects parameters and the residual variance (or scale parameter) are probably unidentifiable,TRUE,FALSE,FALSE,-0.186432030646828,0.148763907143455,0.210130234251063,-31.5757367417438,1.77804254764204,0.41105786903688,0.60245840387784,-0.785992137321861,0.469356603305676,0.300178325061966,0.410950901161889,0.345915186211428
P50454,SERPINH1,48,26,0.142763745363435,0.103258518215558,0.166791952075478,0.347764596432676,-30.5818518293652,FALSE,number of observations (=48) <= number of random effects (=52) for term (1 + SampleCode | ID2); the random-effects parameters and the residual variance (or scale parameter) are probably unidentifiable,TRUE,FALSE,FALSE,0.142217985702944,0.103821826848069,0.170740779001007,-30.1950262358951,0.773651186940093,0.679209543176799,0.229847879152339,0.150627858099296,0.349561253068568,0.309952171147306,0.362853512457436,0.347764596432676
P0DP01,IGHV1-8,42,22,0.399044481669842,0.288807655669283,0.167064957742687,0.347864366189287,-63.0189489325959,FALSE,number of observations (=42) <= number of random effects (=44) for term (1 + SampleCode | ID2); the random-effects parameters and the residual variance (or scale parameter) are probably unidentifiable,TRUE,FALSE,FALSE,0.394072443665006,0.290418487498949,0.174809049875209,-62.6608785264954,0.716140812200919,0.699023857729997,0.713467564219991,-0.0788688077404716,0.91057451688233,0.763609766130975,0.368961724121855,0.347864366189287
Q9BX68,HINT2,47,26,-0.185881259367005,0.134939907697036,0.168354196802085,0.350077031035291,-34.3504409762297,FALSE,number of observations (=47) <= number of random effects (=52) for term (1 + SampleCode | ID2); the random-effects parameters and the residual variance (or scale parameter) are probably unidentifiable,TRUE,FALSE,FALSE,-0.187033911343998,0.136072736668877,0.169282099090896,-32.24223168045,4.21641859155938,0.121455262269756,0.48168619216662,-0.0260432008288071,0.454096140809254,0.302875429556917,0.360249095172775,0.350077031035291
P04843,RPN1,51,26,-0.11121978086609,0.0808191291639467,0.168773144426927,0.35047648943495,-22.4692457787321,FALSE,number of observations (=51) <= number of random effects (=52) for term (1 + SampleCode | ID2); the random-effects parameters and the residual variance (or scale parameter) are probably unidentifiable,TRUE,TRUE,FALSE,-0.112326215721834,0.0807832502529791,0.164387969552651,-21.8125267270173,1.31343810342961,0.518549881890704,0.116803446541536,-0.982752837478943,0.28527902063831,0.274147149353218,0.353239795492136,0.35047648943495
P41091,EIF2S3,52,26,-0.10524555065691,0.0766320896492778,0.169631927302683,0.351434421450015,-16.2678320776866,FALSE,number of observations (=52) <= number of random effects (=52) for term (1 + SampleCode | ID2); the random-effects parameters and the residual variance (or scale parameter) are probably unidentifiable,TRUE,FALSE,FALSE,-0.107539911639183,0.0769229199326611,0.162106549555861,-15.6361398201491,1.26338451507498,0.531691280688292,0.228106528061819,-0.0173927874405946,0.274544612197258,0.223542620312557,0.349796953999728,0.351434421450015
Q9NR31,SAR1A,51,26,-0.152780061762763,0.111281656400175,0.169779313564132,0.351434421450015,-33.6703652343,FALSE,number of observations (=51) <= number of random effects (=52) for term (1 + SampleCode | ID2); the random-effects parameters and the residual variance (or scale parameter) are probably unidentifiable,TRUE,FALSE,FALSE,-0.159929703534526,0.112152976948356,0.15386947860981,-31.2833280483775,4.77407437184505,0.0919015681672227,0.41523392101003,0.0585170153606333,0.392690516632862,0.263651347922179,0.342470734437433,0.351434421450015
Q15389,ANGPT1,42,25,0.115914833870549,0.0844570321520625,0.169916836778745,0.351434421450015,-17.8457105622934,FALSE,number of observations (=42) <= number of random effects (=50) for term (1 + SampleCode | ID2); the random-effects parameters and the residual variance (or scale parameter) are probably unidentifiable,TRUE,FALSE,FALSE,0.111834110650757,0.0853350128497971,0.190016537842792,-17.7927577363021,0.105905651982582,0.94842475242454,0.156408364241057,-0.0427645097666643,0.253685822118652,0.230061364866504,0.387814466270957,0.351434421450015
Q9UPN3,MACF1,51,26,-0.0893259821899091,0.0652154904707654,0.170779012950044,0.352745421133446,-18.1581985848872,FALSE,number of observations (=51) <= number of random effects (=52) for term (1 + SampleCode | ID2); the random-effects parameters and the residual variance (or scale parameter) are probably unidentifiable,TRUE,FALSE,FALSE,-0.0899171786117699,0.0653953067564757,0.169137931023845,-17.545235162895,1.22592684398438,0.541743074622946,0.0943792391476247,-0.924114472310042,0.22883459251319,0.220732862523246,0.360249095172775,0.352745421133446
O43639,NCK2,43,25,0.168818920858893,0.123441180989866,0.171435383849257,0.353628395256479,-27.2938868812741,FALSE,number of observations (=43) <= number of random effects (=50) for term (1 + SampleCode | ID2); the random-effects parameters and the residual variance (or scale parameter) are probably unidentifiable,TRUE,FALSE,FALSE,0.167020330408055,0.1233290338678,0.175651495564355,-27.0231382955247,0.541497171498769,0.762808253164197,0.302443001840668,-0.144485274414335,0.393862936418917,0.328789370555648,0.36974097141278,0.353628395256479
Q9Y277,VDAC3,52,26,-0.218555422323966,0.160317678277269,0.172799121085039,0.355365794677358,-45.1107762001416,FALSE,number of observations (=52) <= number of random effects (=52) for term (1 + SampleCode | ID2); the random-effects parameters and the residual variance (or scale parameter) are probably unidentifiable,TRUE,FALSE,FALSE,-0.214603355622104,0.165480208568813,0.194682081127022,-44.2440319081944,1.73348858389458,0.42031775595854,0.674040233091001,-0.859598674280675,0.576129045369564,0.356240315673735,0.393212244895974,0.355365794677358
P05062,ALDOB,49,26,0.311040420229103,0.228200028010747,0.172877287403291,0.355365794677358,-58.2541719487816,FALSE,number of observations (=49) <= number of random effects (=52) for term (1 + SampleCode | ID2); the random-effects parameters and the residual variance (or scale parameter) are probably unidentifiable,TRUE,FALSE,FALSE,0.326113792597453,0.236208257362839,0.167395897919391,-52.2455611975203,12.0172215025226,0.00245749988863011,0.942502012458525,-0.308905752334711,0.794471725691443,0.477012348138306,0.357713225844342,0.355365794677358
Q13094,LCP2,52,26,-0.10388858341776,0.0762356445905666,0.17296768776529,0.355365794677358,-24.9808328396014,FALSE,number of observations (=52) <= number of random effects (=52) for term (1 + SampleCode | ID2); the random-effects parameters and the residual variance (or scale parameter) are probably unidentifiable,TRUE,FALSE,FALSE,-0.0962916083188547,0.0777002842495963,0.215245634112599,-24.2895737964854,1.38251808623205,0.500944960548922,0.235289065546589,0.17067586118166,0.27182771202333,0.221848632346639,0.417257847809241,0.355365794677358
P53992,SEC24C,42,25,-0.186176678099637,0.136946070710073,0.173991682643437,0.356994886698685,-25.2294630268456,FALSE,number of observations (=42) <= number of random effects (=50) for term (1 + SampleCode | ID2); the random-effects parameters and the residual variance (or scale parameter) are probably unidentifiable,TRUE,TRUE,FALSE,-0.183249587301791,0.139623927919558,0.189367952000122,-24.7733064602696,0.912313133151883,0.633714610804253,0.464242941330513,-0.871279885066057,0.441208806015135,0.315355984567185,0.387001965397075,0.356994886698685
Q9BUF5,TUBB6,52,26,0.143290066158281,0.105613491772847,0.174863785827738,0.358182809945444,-39.5658562373554,FALSE,number of observations (=52) <= number of random effects (=52) for term (1 + SampleCode | ID2); the random-effects parameters and the residual variance (or scale parameter) are probably unidentifiable,TRUE,FALSE,FALSE,0.13336859086474,0.10456856324346,0.202161455876132,-35.6694233265303,7.79286582165017,0.0203142450825702,0.367639541760128,0.646027908243792,0.377122234361619,0.269026796125032,0.399486602369596,0.358182809945444
Q14247,CTTN,52,26,-0.0993375463846549,0.0732467663700706,0.17503431812868,0.358182809945444,-6.49197860267463,FALSE,number of observations (=52) <= number of random effects (=52) for term (1 + SampleCode | ID2); the random-effects parameters and the residual variance (or scale parameter) are probably unidentifiable,TRUE,FALSE,FALSE,-0.0997232981553534,0.0732968775982122,0.173659257844571,-6.41104634729328,0.161864510762708,0.922256167220728,0.25508947927826,-0.569848412496524,0.263084165234945,0.191765812027311,0.367148395338667,0.358182809945444
P53618,COPB1,51,26,-0.0971585750515776,0.0717278710655952,0.175562807178292,0.358789070225477,-8.56958705002565,FALSE,number of observations (=51) <= number of random effects (=52) for term (1 + SampleCode | ID2); the random-effects parameters and the residual variance (or scale parameter) are probably unidentifiable,TRUE,FALSE,FALSE,-0.0951390984292697,0.0724642939406538,0.189213266261511,-7.13770499843013,2.86376410319105,0.238858954069303,0.189867867846064,-0.970758308469556,0.254683940904244,0.221011830624895,0.387001965397075,0.358789070225477
A0A0B4J1U3,IGLV1-36,43,22,0.349156705182479,0.257921893661465,0.175822409518556,0.358844944129682,-63.7073623044477,FALSE,number of observations (=43) <= number of random effects (=44) for term (1 + SampleCode | ID2); the random-effects parameters and the residual variance (or scale parameter) are probably unidentifiable,TRUE,FALSE,FALSE,0.343464831715536,0.258656567016871,0.184217817338122,-63.615854864821,0.183014879253349,0.912554527061755,0.210803784198368,-0.735383618188889,0.829194430682121,0.817423663374593,0.382035607768321,0.358844944129682
P06858,LPL,50,26,0.218902124310443,0.162481746482677,0.177902520743097,0.36259480839829,-53.6946708873465,FALSE,number of observations (=50) <= number of random effects (=52) for term (1 + SampleCode | ID2); the random-effects parameters and the residual variance (or scale parameter) are probably unidentifiable,TRUE,FALSE,FALSE,0.214404261624854,0.162663243899208,0.187474619510857,-53.3125521352828,0.764237504127408,0.682414010321454,0.443701270792183,-0.0449779472359722,0.56814970433394,0.474314050517741,0.385683471563614,0.36259480839829
Q9H9B4,SFXN1,43,25,-0.176468548273453,0.131095508718507,0.178268094315837,0.36259480839829,-24.6764617700147,FALSE,number of observations (=43) <= number of random effects (=50) for term (1 + SampleCode | ID2); the random-effects parameters and the residual variance (or scale parameter) are probably unidentifiable,TRUE,TRUE,FALSE,-0.182235477983329,0.150310728972691,0.225362482284803,-20.7329858405209,7.88695185898742,0.019380731473644,0.622240203134748,-0.867236153895319,0.429528437409235,0.249692992483971,0.424615896500025,0.36259480839829
O95782,AP2A1,50,26,-0.102584594953382,0.0762268317889291,0.17837326877848,0.36259480839829,-5.28406545321279,FALSE,number of observations (=50) <= number of random effects (=52) for term (1 + SampleCode | ID2); the random-effects parameters and the residual variance (or scale parameter) are probably unidentifiable,TRUE,FALSE,FALSE,-0.0985327801831746,0.0823202243365997,0.231327996342937,-4.22650592343457,2.11511905955645,0.347302357985339,0.359139462509512,-0.871280631316739,0.268942621759845,0.145756552080021,0.429053726710489,0.36259480839829
P01834,IGKC,52,26,0.167683223273391,0.124663861657135,0.17859847844084,0.36259480839829,-37.471067639867,FALSE,number of observations (=52) <= number of random effects (=52) for term (1 + SampleCode | ID2); the random-effects parameters and the residual variance (or scale parameter) are probably unidentifiable,TRUE,TRUE,FALSE,0.164084818947709,0.124817946245317,0.188646668610883,-36.1185085524601,2.70511817481385,0.258577690308802,0.345958375731966,-0.918263497290205,0.447313853160383,0.375479335398764,0.387001965397075,0.36259480839829
A0A0A0MRZ8;P04433,IGKV3-11;IGKV3D-11,52,26,0.374242362129145,0.278536548577756,0.179077008142004,0.36308920942178,-82.9198968445942,FALSE,number of observations (=52) <= number of random effects (=52) for term (1 + SampleCode | ID2); the random-effects parameters and the residual variance (or scale parameter) are probably unidentifiable,TRUE,FALSE,FALSE,0.379951243872563,0.279299549407959,0.173712282843084,-82.7526010455885,0.334591598011571,0.845949343349795,0.75071211259865,-0.191044656989294,0.998083322673148,0.848527562145219,0.367148395338667,0.36308920942178
Q9BXX0,EMILIN2,40,23,0.183054685644482,0.137057951550356,0.18167984601011,0.367883829732136,-29.3666972584308,FALSE,number of observations (=40) <= number of random effects (=46) for term (1 + SampleCode | ID2); the random-effects parameters and the residual variance (or scale parameter) are probably unidentifiable,TRUE,FALSE,FALSE,0.177681949995452,0.138420028386774,0.199266771743319,-27.9659966467932,2.80140122327516,0.246424255746628,0.383444142611649,0.207509822333648,0.421241962123022,0.321383974788476,0.396225434161426,0.367883829732136
P40926,MDH2,52,26,-0.229475255246514,0.172146750358945,0.18252487059609,0.369111158469843,-58.6219616498736,FALSE,number of observations (=52) <= number of random effects (=52) for term (1 + SampleCode | ID2); the random-effects parameters and the residual variance (or scale parameter) are probably unidentifiable,TRUE,TRUE,FALSE,-0.221796429899538,0.170829232091079,0.194166496242715,-57.9345535454012,1.37481620894475,0.502877788067323,0.279667214202772,-0.973660531883419,0.616668145202216,0.579316934398558,0.393168069062902,0.369111158469843
P07737,PFN1,51,26,0.332523200684418,0.249626698525469,0.182833285487488,0.369251537357084,-73.7255896705225,FALSE,number of observations (=51) <= number of random effects (=52) for term (1 + SampleCode | ID2); the random-effects parameters and the residual variance (or scale parameter) are probably unidentifiable,TRUE,TRUE,FALSE,0.335556106041471,0.25059483918031,0.18055818066086,-72.8735250648185,1.70412921140789,0.426533398964423,0.794392770092153,-0.0883095401345206,0.885394276993066,0.685231642945632,0.376976201514903,0.369251537357084
P49619,DGKG,40,24,0.0942569171294364,0.0708060309564624,0.183123542575234,0.369354925951354,-4.23551456466957,FALSE,number of observations (=40) <= number of random effects (=48) for term (1 + SampleCode | ID2); the random-effects parameters and the residual variance (or scale parameter) are probably unidentifiable,TRUE,TRUE,FALSE,0.0922831086377333,0.0710272630405162,0.193853620950284,-4.20101764452912,0.0689938402808892,0.966091315107478,0.123740237241242,-0.142736414766645,0.213087138251471,0.194587685402499,0.393049664525181,0.369354925951354
A0A075B6P5;P01615,IGKV2-28;IGKV2D-28,52,26,0.245262011045,0.184686716841617,0.184181593049792,0.371004643105514,-63.5805440757837,FALSE,number of observations (=52) <= number of random effects (=52) for term (1 + SampleCode | ID2); the random-effects parameters and the residual variance (or scale parameter) are probably unidentifiable,TRUE,FALSE,FALSE,0.248710641418232,0.183891319440419,0.17621953567467,-63.4780311061117,0.205025939344068,0.90256644368625,0.472451127969052,-0.167557368045797,0.661207656501294,0.567219118713603,0.370384478044931,0.371004643105514
Q92619,ARHGAP45,52,26,-0.0973729666710944,0.0734161701828474,0.18473538526465,0.371635638325369,-4.49809383471531,FALSE,number of observations (=52) <= number of random effects (=52) for term (1 + SampleCode | ID2); the random-effects parameters and the residual variance (or scale parameter) are probably unidentifiable,TRUE,FALSE,FALSE,-0.0976314645461979,0.0805964009716822,0.225756472658771,-3.89026265189488,1.21566236564087,0.544530576596427,0.331794856313265,-0.840644191408982,0.263833586518017,0.170375520213362,0.424840134296957,0.371635638325369
P05771,PRKCB,51,26,0.182333533003744,0.137811738127203,0.185814617703591,0.373053165274271,-41.1817071996616,FALSE,number of observations (=51) <= number of random effects (=52) for term (1 + SampleCode | ID2); the random-effects parameters and the residual variance (or scale parameter) are probably unidentifiable,TRUE,TRUE,FALSE,0.182100194180875,0.137693135051664,0.185999236834254,-41.160298925838,0.0428165476473339,0.97881925669927,0.403520922579149,-0.591001021459964,0.489555248743411,0.397597527481858,0.383158427878562,0.373053165274271
P68371,TUBB4B,52,26,-0.186787500968347,0.1412807202002,0.186134239208724,0.373053165274271,-40.5166698949127,FALSE,number of observations (=52) <= number of random effects (=52) for term (1 + SampleCode | ID2); the random-effects parameters and the residual variance (or scale parameter) are probably unidentifiable,TRUE,FALSE,FALSE,-0.187083047659386,0.141225679419248,0.185267407124485,-40.5111083541152,0.0111230815949881,0.994453895939921,0.49195042198021,-0.632594254958606,0.507463635661306,0.36919669374717,0.382640740469652,0.373053165274271
Q9BUL8,PDCD10,40,25,-0.291814662713838,0.220735380505507,0.186164395098034,0.373053165274271,-48.8962130873528,FALSE,number of observations (=40) <= number of random effects (=50) for term (1 + SampleCode | ID2); the random-effects parameters and the residual variance (or scale parameter) are probably unidentifiable,TRUE,TRUE,FALSE,-0.278213970370959,0.221430905237449,0.208957593396351,-45.8566658852087,6.07909440428821,0.0478565539340341,0.581440577205082,-0.996535335510844,0.66309304095641,0.527727767219684,0.40969477385452,0.373053165274271
P23381,WARS1,43,25,0.261843036213731,0.198245784939111,0.186568053896078,0.373377776255752,-42.9098247828252,FALSE,number of observations (=43) <= number of random effects (=50) for term (1 + SampleCode | ID2); the random-effects parameters and the residual variance (or scale parameter) are probably unidentifiable,TRUE,TRUE,FALSE,0.263843358475097,0.195621505594962,0.177419163863641,-42.1592476897004,1.50115418624974,0.472094031893527,0.571258044550838,-0.878866475190728,0.636343795176262,0.484338311933714,0.371644895669855,0.373377776255752
A1L4H1,SSC5D,51,26,0.288680552622219,0.218817768508301,0.187077587989216,0.373458964616074,-62.4123619006859,FALSE,number of observations (=51) <= number of random effects (=52) for term (1 + SampleCode | ID2); the random-effects parameters and the residual variance (or scale parameter) are probably unidentifiable,TRUE,FALSE,FALSE,0.288012451527372,0.219006158640824,0.18848020575888,-62.3791111350853,0.0665015312012258,0.967295964619528,0.757457751432172,-0.581376514250644,0.778495574483064,0.56526761760605,0.387001965397075,0.373458964616074
Q92556,ELMO1,44,25,-0.170272717090132,0.129069724202366,0.187092063827082,0.373458964616074,-24.8078242992807,FALSE,number of observations (=44) <= number of random effects (=50) for term (1 + SampleCode | ID2); the random-effects parameters and the residual variance (or scale parameter) are probably unidentifiable,TRUE,FALSE,FALSE,-0.164975032849387,0.13506176149849,0.221904915154337,-24.2755446515019,1.06455929555742,0.587264685934551,0.541914199989216,-0.846560052390047,0.425230312708155,0.241322969425622,0.423786271833685,0.373458964616074
Q8WUD1,RAB2B,42,24,-0.199112479804346,0.151099698035201,0.187585460918621,0.373505546658722,-32.2793248584186,FALSE,number of observations (=42) <= number of random effects (=48) for term (1 + SampleCode | ID2); the random-effects parameters and the residual variance (or scale parameter) are probably unidentifiable,TRUE,FALSE,FALSE,-0.193478633229762,0.151257713666293,0.200850456936402,-31.9321595077838,0.694330701269493,0.70668846720987,0.333683559589333,-0.829076712419319,0.480316057672323,0.419293973069614,0.398598816926785,0.373505546658722
Q9NQT8,KIF13B,50,26,-0.0988747232532572,0.0750510249775026,0.187693408261129,0.373505546658722,-4.55175697613072,FALSE,number of observations (=50) <= number of random effects (=52) for term (1 + SampleCode | ID2); the random-effects parameters and the residual variance (or scale parameter) are probably unidentifiable,TRUE,FALSE,FALSE,-0.101092233316619,0.0782235775145748,0.196235995135191,-2.35653184767039,4.39045025692066,0.111333494345188,0.269992828513253,-0.464236071029653,0.2650323476923,0.197262387989106,0.393632505967309,0.373505546658722
Q9Y230,RUVBL2,45,26,0.124923870009054,0.0948656586275142,0.187888812135679,0.373505546658722,-18.9260316480466,FALSE,number of observations (=45) <= number of random effects (=52) for term (1 + SampleCode | ID2); the random-effects parameters and the residual variance (or scale parameter) are probably unidentifiable,TRUE,TRUE,FALSE,0.122308040695113,0.0968331383372498,0.206560281153606,-18.5211390357087,0.809785224675906,0.667048439784795,0.250604506028678,-0.0883390309244676,0.305487564803556,0.253877218190635,0.407580631395046,0.373505546658722
P36955,SERPINF1,52,26,0.248462636848511,0.188762226981333,0.188082404725233,0.373505546658722,-53.6039792952435,FALSE,number of observations (=52) <= number of random effects (=52) for term (1 + SampleCode | ID2); the random-effects parameters and the residual variance (or scale parameter) are probably unidentifiable,TRUE,TRUE,FALSE,0.255539619205045,0.189037760490642,0.176442055560563,-52.6602421526269,1.88747428523318,0.38917072783295,0.51264794929678,-0.0853669953033038,0.678349404764352,0.574696095321017,0.370384478044931,0.373505546658722
O95674,CDS2,48,26,-0.148766510130145,0.113377347103821,0.189474217250172,0.375786477087953,-29.6477447028027,FALSE,number of observations (=48) <= number of random effects (=52) for term (1 + SampleCode | ID2); the random-effects parameters and the residual variance (or scale parameter) are probably unidentifiable,TRUE,TRUE,FALSE,-0.144061987219041,0.112962366514466,0.202199691296456,-29.1383381024874,1.01881320063059,0.600852018444524,0.246142775957255,-0.806701569576602,0.383211976710881,0.342787223229405,0.399486602369596,0.375786477087953
P02775,PPBP,52,26,-0.186987607505065,0.142675269687756,0.189999101503052,0.376344374131046,-51.5991940295345,FALSE,number of observations (=52) <= number of random effects (=52) for term (1 + SampleCode | ID2); the random-effects parameters and the residual variance (or scale parameter) are probably unidentifiable,TRUE,FALSE,FALSE,-0.189743444664149,0.143209086742196,0.185191058831546,-51.2334753030752,0.731437452918613,0.693697892633875,0.38784859910486,0.0103300920413342,0.510450463387346,0.432891941726426,0.382640740469652,0.376344374131046
Q9BW04,SARG,50,26,-0.131632425638526,0.100645436857658,0.190913098398635,0.377670597984496,-19.4523582029807,FALSE,number of observations (=50) <= number of random effects (=52) for term (1 + SampleCode | ID2); the random-effects parameters and the residual variance (or scale parameter) are probably unidentifiable,TRUE,TRUE,FALSE,-0.129183956638653,0.102889050197137,0.209273493855809,-18.7183906977094,1.46793501054272,0.480000801508911,0.269624087120008,-0.285634718709817,0.355004546181143,0.306932978730321,0.409794103938181,0.377670597984496
Q9NV70,EXOC1,43,25,-0.142730694917387,0.109478271954613,0.192323826836124,0.379974824119963,-16.6365532009109,FALSE,number of observations (=43) <= number of random effects (=50) for term (1 + SampleCode | ID2); the random-effects parameters and the residual variance (or scale parameter) are probably unidentifiable,TRUE,FALSE,FALSE,-0.146062560347962,0.119821431171917,0.222843445721473,-14.6906621657209,3.89178207038005,0.142859873435423,0.497896759445502,-0.923220507183027,0.356278715000647,0.196786996426542,0.424291920277842,0.379974824119963
P12830,CDH1,52,26,0.273436025813734,0.210125842289433,0.193156980429525,0.381133505445231,-60.2728735493386,FALSE,number of observations (=52) <= number of random effects (=52) for term (1 + SampleCode | ID2); the random-effects parameters and the residual variance (or scale parameter) are probably unidentifiable,TRUE,FALSE,FALSE,0.272414734873145,0.210065619749322,0.194697325142667,-60.1876770690723,0.170392960532524,0.918331832591443,0.72941929973555,-0.739362680505641,0.75492140141836,0.550997788954154,0.393212244895974,0.381133505445231
P50552,VASP,52,26,-0.131143618257752,0.101169811836489,0.194881710154319,0.384046227281152,-26.7541269791462,FALSE,number of observations (=52) <= number of random effects (=52) for term (1 + SampleCode | ID2); the random-effects parameters and the residual variance (or scale parameter) are probably unidentifiable,TRUE,TRUE,FALSE,-0.135870508931777,0.101959468978241,0.182665293158846,-25.758122462356,1.99200903358036,0.369352237609305,0.300207967892176,0.0415970988829936,0.362996261454677,0.298114979854553,0.379325104745185,0.384046227281152
Q16795,NDUFA9,51,26,-0.154387557626029,0.119257933748098,0.195469144353215,0.384713156720659,-28.5737371331806,FALSE,number of observations (=51) <= number of random effects (=52) for term (1 + SampleCode | ID2); the random-effects parameters and the residual variance (or scale parameter) are probably unidentifiable,TRUE,FALSE,FALSE,-0.151776457569562,0.135131501543193,0.261362759093323,-26.6637461908654,3.81998188463028,0.148081727867013,0.589997585256795,-0.907217178300044,0.423725610768632,0.243955810558432,0.457138458488961,0.384713156720659
Q17RC7,EXOC3L4,47,25,-0.115022012119417,0.0890485859486047,0.196469018918892,0.386189102073394,-18.1449254369979,FALSE,number of observations (=47) <= number of random effects (=50) for term (1 + SampleCode | ID2); the random-effects parameters and the residual variance (or scale parameter) are probably unidentifiable,TRUE,FALSE,FALSE,-0.113933824167834,0.0887542876800938,0.199247161056735,-17.9612875383075,0.367275797380813,0.832237103417931,0.177061570086689,-0.650528149450699,0.299169060944711,0.27136250237137,0.396225434161426,0.386189102073394
P10155,RO60,50,26,-0.133399155537891,0.103410924024409,0.197053802281793,0.386846409816227,-30.1409416900226,FALSE,number of observations (=50) <= number of random effects (=52) for term (1 + SampleCode | ID2); the random-effects parameters and the residual variance (or scale parameter) are probably unidentifiable,TRUE,FALSE,FALSE,-0.136047656146707,0.104454211603726,0.192758451614872,-29.2638912224109,1.75410093522324,0.416008133340957,0.303735843167332,0.0623896149292085,0.360393413607119,0.291162074828755,0.391342717141889,0.386846409816227
O60669,SLC16A7,42,24,-0.214542027169345,0.166617174757357,0.197873214214307,0.386900253736676,-47.6463135057275,FALSE,number of observations (=42) <= number of random effects (=48) for term (1 + SampleCode | ID2); the random-effects parameters and the residual variance (or scale parameter) are probably unidentifiable,TRUE,FALSE,FALSE,-0.176017752762705,0.172041078091437,0.306253626268551,-47.2530537753849,0.786519460685213,0.674853444904952,0.213488211519228,-0.946229336607003,0.515072454809744,0.516784622834619,0.503363672962671,0.386900253736676
Q15005,SPCS2,45,25,-0.151048098751334,0.117366686124853,0.198102681635882,0.386900253736676,-30.001054815471,FALSE,number of observations (=45) <= number of random effects (=50) for term (1 + SampleCode | ID2); the random-effects parameters and the residual variance (or scale parameter) are probably unidentifiable,TRUE,TRUE,TRUE,-0.142546918549281,0.116311823957073,0.220364946976027,-28.9427172208642,2.11667518921351,0.347032239334263,0.222211874303338,-0.999999996595703,0.377694309702266,0.347513121844014,0.42241171597762,0.386900253736676
Q8ND76,CCNY,50,26,-0.0951721094836674,0.0739767155590809,0.198263598169416,0.386900253736676,-14.2303904164812,FALSE,number of observations (=50) <= number of random effects (=52) for term (1 + SampleCode | ID2); the random-effects parameters and the residual variance (or scale parameter) are probably unidentifiable,TRUE,FALSE,FALSE,-0.0963644903764655,0.072719637360699,0.185121118257249,-12.785019354514,2.89074212393433,0.235658616380522,0.154391792053927,-0.999938083327107,0.257556855039757,0.231290072709254,0.382640740469652,0.386900253736676
P05023,ATP1A1,51,26,-0.0930450725884321,0.072348768517461,0.19842108388908,0.386900253736676,-3.23575760757918,FALSE,number of observations (=51) <= number of random effects (=52) for term (1 + SampleCode | ID2); the random-effects parameters and the residual variance (or scale parameter) are probably unidentifiable,TRUE,FALSE,FALSE,-0.0960072027754953,0.0790204096683896,0.224378616558866,-1.77302232907977,2.92547055699882,0.231601911815839,0.347261772168861,-0.887641810463516,0.257820336806496,0.14069866792803,0.424615896500025,0.386900253736676
Q14643,ITPR1,52,26,-0.130700789690811,0.101662571179776,0.198571059709117,0.386900253736676,-25.0805174867718,FALSE,number of observations (=52) <= number of random effects (=52) for term (1 + SampleCode | ID2); the random-effects parameters and the residual variance (or scale parameter) are probably unidentifiable,TRUE,FALSE,FALSE,-0.129833833516845,0.101759219333395,0.201993492216691,-25.0011359280311,0.158763117481428,0.923687416190726,0.318460695615608,-0.680369721987796,0.364986764494465,0.287711393932501,0.399486602369596,0.386900253736676
P51571,SSR4,50,26,-0.119591748011388,0.0930398121271565,0.198658647081867,0.386900253736676,-15.2531728607244,FALSE,number of observations (=50) <= number of random effects (=52) for term (1 + SampleCode | ID2); the random-effects parameters and the residual variance (or scale parameter) are probably unidentifiable,TRUE,FALSE,FALSE,-0.119459959191011,0.0929781116364717,0.198855861639974,-15.246138752301,0.0140682168467627,0.992990573012736,0.325133067578165,-0.7231054595191,0.327828126194501,0.233629080996686,0.396225434161426,0.386900253736676
O75396,SEC22B,49,26,-0.256611137238609,0.199739748573789,0.198887543511332,0.386900253736676,-53.3030110344672,FALSE,number of observations (=49) <= number of random effects (=52) for term (1 + SampleCode | ID2); the random-effects parameters and the residual variance (or scale parameter) are probably unidentifiable,TRUE,FALSE,FALSE,-0.257868006729186,0.199087153991695,0.195233359650664,-51.5940361441618,3.41794978061087,0.181051294958429,0.701814564575517,-0.93550037965024,0.696300227464147,0.498539917603295,0.393632505967309,0.386900253736676
O00217,NDUFS8,52,26,-0.18814644507895,0.146512791702561,0.19908459658295,0.386900253736676,-44.8490166519422,FALSE,number of observations (=52) <= number of random effects (=52) for term (1 + SampleCode | ID2); the random-effects parameters and the residual variance (or scale parameter) are probably unidentifiable,TRUE,TRUE,FALSE,-0.188828388893541,0.146523995760908,0.197495482268138,-44.2440400061591,1.20995329156611,0.546087179929259,0.367254985941009,0.0660565461222469,0.525884226198591,0.457419110467226,0.394735472321182,0.386900253736676
P02730,SLC4A1,52,26,0.263559210134091,0.206117053203389,0.201007275927044,0.390146031793069,-65.6899133170052,FALSE,number of observations (=52) <= number of random effects (=52) for term (1 + SampleCode | ID2); the random-effects parameters and the residual variance (or scale parameter) are probably unidentifiable,TRUE,TRUE,FALSE,0.257841686695901,0.206225617168177,0.211193878306112,-64.6424235064839,2.0949796210426,0.350817262578079,0.413571980647297,-0.999793175004746,0.739038612131025,0.679598149250302,0.412508902633304,0.390146031793069
P16157,ANK1,52,26,-0.100182946224963,0.0784059762840347,0.201338893700503,0.390299361063084,-21.6042803380613,FALSE,number of observations (=52) <= number of random effects (=52) for term (1 + SampleCode | ID2); the random-effects parameters and the residual variance (or scale parameter) are probably unidentifiable,TRUE,FALSE,FALSE,-0.0976953587239697,0.0786800549793313,0.214355083289571,-19.6027476677285,4.00306534066561,0.135128017738428,0.183205845830832,-0.994946893028951,0.280352167471536,0.250221481840786,0.416576859977845,0.390299361063084
P25786,PSMA1,52,26,0.11131069338251,0.0876102113528429,0.203898782111472,0.394400559464919,-13.6892678021468,FALSE,number of observations (=52) <= number of random effects (=52) for term (1 + SampleCode | ID2); the random-effects parameters and the residual variance (or scale parameter) are probably unidentifiable,TRUE,FALSE,FALSE,0.114019983554534,0.0930323248072391,0.220350993142483,-13.0277438699736,1.32304786434643,0.516064287969375,0.305339880597663,-0.731864518248643,0.314842305438351,0.255596411679688,0.42241171597762,0.394400559464919
Q05193,DNM1,50,26,-0.0976472881875492,0.0768673104861557,0.203965078972473,0.394400559464919,-12.9998977879148,FALSE,number of observations (=50) <= number of random effects (=52) for term (1 + SampleCode | ID2); the random-effects parameters and the residual variance (or scale parameter) are probably unidentifiable,TRUE,FALSE,FALSE,-0.101315535772381,0.0771694149545263,0.189217472818001,-12.5472733290256,0.90524891777838,0.635956916754113,0.220687373931827,-0.125545687282739,0.26686559230863,0.2179596658358,0.387001965397075,0.394400559464919
Q15907;P62491,RAB11A;RAB11B,52,26,-0.180125703634434,0.141906086280442,0.204323262373262,0.394599300458361,-40.1729589461097,FALSE,number of observations (=52) <= number of random effects (=52) for term (1 + SampleCode | ID2); the random-effects parameters and the residual variance (or scale parameter) are probably unidentifiable,TRUE,FALSE,FALSE,-0.182741047108328,0.142026560704323,0.1982099911816,-39.2886071461634,1.7687035998926,0.412981781350744,0.404531328894587,-0.161360964515939,0.509786819847656,0.422610364990313,0.395651726583426,0.394599300458361
P04004,VTN,52,26,-0.0946465009824669,0.0747033582524654,0.205167993117062,0.395736016686468,-7.71350079131006,FALSE,number of observations (=52) <= number of random effects (=52) for term (1 + SampleCode | ID2); the random-effects parameters and the residual variance (or scale parameter) are probably unidentifiable,TRUE,TRUE,FALSE,-0.0963986498100396,0.0746672810869952,0.196688863823147,-7.40971390634609,0.607573769927953,0.738018132453005,0.182867526153328,-0.202569816222396,0.268301451579512,0.234950088597822,0.393632505967309,0.395736016686468
P26641,EEF1G,52,26,-0.0931023207468757,0.073566112354483,0.205670695395637,0.39608240424463,-13.664470951047,FALSE,number of observations (=52) <= number of random effects (=52) for term (1 + SampleCode | ID2); the random-effects parameters and the residual variance (or scale parameter) are probably unidentifiable,TRUE,FALSE,FALSE,-0.0925795247057634,0.0736491760373014,0.208741292968304,-12.4460210527316,2.4368997966308,0.295688158578219,0.230243849878675,0.0781889203341857,0.263612971615237,0.207850306768756,0.40969477385452,0.39608240424463
P50502,ST13,51,26,0.146622555339463,0.115934725315857,0.205979173824685,0.39608240424463,-34.1304975671453,FALSE,number of observations (=51) <= number of random effects (=52) for term (1 + SampleCode | ID2); the random-effects parameters and the residual variance (or scale parameter) are probably unidentifiable,TRUE,FALSE,FALSE,0.144337940311236,0.114753912676494,0.208462617438263,-26.159573937685,15.9418472589205,0.000345359854001438,0.460052888415641,-0.99998164874804,0.41134493264806,0.251996668827783,0.40969477385452,0.39608240424463
Q16891,IMMT,51,26,-0.120375335457465,0.0952098573179728,0.206116668616623,0.39608240424463,-17.2395950526603,FALSE,number of observations (=51) <= number of random effects (=52) for term (1 + SampleCode | ID2); the random-effects parameters and the residual variance (or scale parameter) are probably unidentifiable,TRUE,FALSE,FALSE,-0.128675343609592,0.111682923491485,0.249259942683507,-15.1584311799121,4.16232774549634,0.124784893911583,0.479839860802022,-0.92199565550543,0.339287564723287,0.212239477174202,0.447958060796123,0.39608240424463
Q9Y371,SH3GLB1,51,26,0.0827328402536482,0.0655284892584708,0.206751790828675,0.396809337677396,-14.1592944373678,FALSE,number of observations (=51) <= number of random effects (=52) for term (1 + SampleCode | ID2); the random-effects parameters and the residual variance (or scale parameter) are probably unidentifiable,TRUE,TRUE,FALSE,0.0815071916733825,0.0652421721471165,0.2115545496971,-14.0697395776629,0.179109719409613,0.914338103429942,0.035578687693939,-0.986453673563269,0.230833350092096,0.228771716734464,0.412682288686492,0.396809337677396
O94804,STK10,42,23,-0.101905991486491,0.0810664602182672,0.208729288172513,0.399626424593923,-3.34132792259693,FALSE,number of observations (=42) <= number of random effects (=46) for term (1 + SampleCode | ID2); the random-effects parameters and the residual variance (or scale parameter) are probably unidentifiable,TRUE,FALSE,FALSE,-0.100927548923865,0.0817867737907499,0.217190739358773,-3.33136797850751,0.0199198881788458,0.990089491891042,0.252361976014248,-0.69867326068929,0.262007249311444,0.19507107986385,0.420407032971936,0.399626424593923
O75116,ROCK2,51,26,-0.0916189856335135,0.0728843427727064,0.208736909156826,0.399626424593923,-21.5221224616119,FALSE,number of observations (=51) <= number of random effects (=52) for term (1 + SampleCode | ID2); the random-effects parameters and the residual variance (or scale parameter) are probably unidentifiable,TRUE,TRUE,FALSE,-0.0815220621953573,0.0734830429036668,0.267257812614374,-18.7393451930404,5.565554537143,0.0618664488176054,0.201624700060379,-0.994686086275724,0.256298437007945,0.21881575000888,0.463426846789234,0.399626424593923
Q96AX2,RAB37,49,26,-0.117801716631864,0.0942711728447449,0.211443923463099,0.40430799721595,-17.8214487540289,FALSE,number of observations (=49) <= number of random effects (=52) for term (1 + SampleCode | ID2); the random-effects parameters and the residual variance (or scale parameter) are probably unidentifiable,TRUE,TRUE,FALSE,-0.117543049073381,0.0941409991641181,0.211816864031319,-17.80084195249,0.0412136030776509,0.979604067665492,0.290971967593071,-0.654973725257462,0.327877235034277,0.254889820303663,0.412682288686492,0.40430799721595
Q9Y478,PRKAB1,48,26,-0.127369183870562,0.10199796728671,0.211759316774349,0.404410561701322,-17.9470236183811,FALSE,number of observations (=48) <= number of random effects (=52) for term (1 + SampleCode | ID2); the random-effects parameters and the residual variance (or scale parameter) are probably unidentifiable,TRUE,FALSE,FALSE,-0.127127889765908,0.11823578802453,0.282282278567895,-15.5111671579426,4.87171292087708,0.0875227551615818,0.516306743666775,-0.864778157023293,0.351676975545715,0.198290045765601,0.479163486659951,0.404410561701322
P37802,TAGLN2,52,26,0.123755904015657,0.099253402736961,0.212445856588,0.405220800528962,-29.2435965749067,FALSE,number of observations (=52) <= number of random effects (=52) for term (1 + SampleCode | ID2); the random-effects parameters and the residual variance (or scale parameter) are probably unidentifiable,TRUE,FALSE,FALSE,0.125065430854484,0.0995032600028085,0.208790637042719,-28.7150781419669,1.05703686587967,0.589477673738038,0.28641359063569,-0.0453131026721196,0.355658657644476,0.293535217917781,0.40969477385452,0.405220800528962
P07954,FH,50,26,-0.126428885779406,0.101523313518212,0.21301460652106,0.405552192569948,-26.2152673867023,FALSE,number of observations (=50) <= number of random effects (=52) for term (1 + SampleCode | ID2); the random-effects parameters and the residual variance (or scale parameter) are probably unidentifiable,TRUE,FALSE,FALSE,-0.123045883716448,0.102046813770128,0.227902795401002,-25.8477050275934,0.735124718217676,0.692420146759029,0.217537822066635,-0.800482168929023,0.354822350084758,0.322160885062632,0.42679978047824,0.405552192569948
Q9H0U4,RAB1B,52,26,-0.166470208345737,0.133714760072366,0.213144582761681,0.405552192569948,-35.6754562269746,FALSE,number of observations (=52) <= number of random effects (=52) for term (1 + SampleCode | ID2); the random-effects parameters and the residual variance (or scale parameter) are probably unidentifiable,TRUE,FALSE,FALSE,-0.163758942656854,0.138585417739937,0.237346083963445,-35.2024104027036,0.946091648542179,0.623101517350586,0.562433140238843,-0.831345644712184,0.480526900714452,0.300233557811843,0.436547261575621,0.405552192569948
Q8IY17,PNPLA6,49,26,-0.163873029670075,0.132086881950935,0.21473664061825,0.408078855787448,-32.8384416544966,FALSE,number of observations (=49) <= number of random effects (=52) for term (1 + SampleCode | ID2); the random-effects parameters and the residual variance (or scale parameter) are probably unidentifiable,TRUE,FALSE,FALSE,-0.163860553632105,0.132067616717904,0.214704669762243,-32.8383070889008,0.000269131191501515,0.999865443457793,0.437228466711494,-0.669729660262275,0.46049956984087,0.341214337142088,0.416732053747068,0.408078855787448
O15372,EIF3H,50,26,0.134644953473153,0.108892456637302,0.216274707392494,0.410496834055778,-28.9354415019635,FALSE,number of observations (=50) <= number of random effects (=52) for term (1 + SampleCode | ID2); the random-effects parameters and the residual variance (or scale parameter) are probably unidentifiable,TRUE,TRUE,FALSE,0.133755405944981,0.108441594679238,0.217414381452801,-28.6990027494113,0.47287750510452,0.789434231653164,0.277278649627307,-0.709338072293776,0.381186609766843,0.326724502463955,0.420407032971936,0.410496834055778
P30622,CLIP1,51,26,-0.0880398955278422,0.0712474281321167,0.216572975471268,0.410558585402588,-17.1833975137713,FALSE,number of observations (=51) <= number of random effects (=52) for term (1 + SampleCode | ID2); the random-effects parameters and the residual variance (or scale parameter) are probably unidentifiable,TRUE,FALSE,FALSE,-0.0877550856530684,0.0713855330596621,0.218954885318172,-17.1201393019128,0.126516423717035,0.938701058648315,0.126095747151405,0.00334848888923092,0.251250048629691,0.235143208721034,0.421802116978274,0.410558585402588
P35232,PHB1,51,26,-0.151289186196449,0.122868742698558,0.218207933262546,0.41315105011107,-30.2462868938137,FALSE,number of observations (=51) <= number of random effects (=52) for term (1 + SampleCode | ID2); the random-effects parameters and the residual variance (or scale parameter) are probably unidentifiable,TRUE,FALSE,FALSE,-0.149652049699434,0.124268193545851,0.228486505779886,-30.0457675101684,0.401038767290515,0.818305628125994,0.472712266203214,-0.63551106980031,0.437852105497658,0.289813058983824,0.426858103300997,0.41315105011107
P15153,RAC2,50,26,0.125894701959954,0.102451222317881,0.219137138037796,0.414402543780165,-27.5206156505296,FALSE,number of observations (=50) <= number of random effects (=52) for term (1 + SampleCode | ID2); the random-effects parameters and the residual variance (or scale parameter) are probably unidentifiable,TRUE,FALSE,FALSE,0.127169531687065,0.102388721294794,0.214226689205425,-27.4265548106078,0.18812167984364,0.910227382393348,0.255890840420949,-0.24291975439675,0.358770443623628,0.309511751316047,0.416576859977845,0.414402543780165
Q96DZ9,CMTM5,42,24,-0.215876981974243,0.176337002266835,0.220865616854062,0.417137854316087,-43.8484005332719,FALSE,number of observations (=42) <= number of random effects (=48) for term (1 + SampleCode | ID2); the random-effects parameters and the residual variance (or scale parameter) are probably unidentifiable,TRUE,TRUE,FALSE,-0.214561697971613,0.176074883228508,0.223002852819874,-43.830582459124,0.0356361482957084,0.982339729095342,0.266130232460951,-0.418325951778714,0.551456069444573,0.519140055968324,0.424291920277842,0.417137854316087
Q9NTJ5,SACM1L,52,26,-0.179628783415851,0.14687436772592,0.221326014614671,0.417137854316087,-40.7009113664541,FALSE,number of observations (=52) <= number of random effects (=52) for term (1 + SampleCode | ID2); the random-effects parameters and the residual variance (or scale parameter) are probably unidentifiable,TRUE,FALSE,FALSE,-0.17834015965428,0.147022224630367,0.225124096448685,-40.6539617639737,0.0938992049608771,0.954135482440323,0.552490599453469,-0.745100967194271,0.527800164320832,0.35571451974619,0.424615896500025,0.417137854316087
Q5M775,SPECC1,50,26,-0.161264018601415,0.131877606509553,0.221393553747049,0.417137854316087,-35.3010570518417,FALSE,number of observations (=50) <= number of random effects (=52) for term (1 + SampleCode | ID2); the random-effects parameters and the residual variance (or scale parameter) are probably unidentifiable,TRUE,FALSE,FALSE,-0.154400541180872,0.128740465743584,0.230404972913675,-34.3444819761767,1.91315015133002,0.384206513391153,0.407206942812978,-0.8944936007354,0.463341487555464,0.352893577797097,0.42848449145463,0.417137854316087
Q13464,ROCK1,51,26,-0.0771216835074488,0.0631404406068663,0.221922923783996,0.417625964977191,-10.478664703963,FALSE,number of observations (=51) <= number of random effects (=52) for term (1 + SampleCode | ID2); the random-effects parameters and the residual variance (or scale parameter) are probably unidentifiable,TRUE,TRUE,FALSE,-0.0776179113962266,0.0631319571878922,0.21890119474369,-10.4665318843622,0.0242656392016052,0.987940486286387,0.0631608632826217,0.0638833078923722,0.222764165509882,0.218088868254858,0.421802116978274,0.417625964977191
Q8NBR6,MINDY2,47,26,-0.124644989958823,0.102151135026594,0.222388417612433,0.417992828724098,-18.6637493759119,FALSE,number of observations (=47) <= number of random effects (=52) for term (1 + SampleCode | ID2); the random-effects parameters and the residual variance (or scale parameter) are probably unidentifiable,TRUE,FALSE,FALSE,-0.12370999634299,0.1009354034046,0.220335936852135,-17.8306502031931,1.6661983454376,0.434699986206357,0.345646445391938,-0.848460525749386,0.34637714467247,0.244541892771975,0.42241171597762,0.417992828724098
P08185,SERPINA6,51,26,0.408820772555378,0.335577007691849,0.223124362169691,0.418866512214061,-83.5693302159341,FALSE,number of observations (=51) <= number of random effects (=52) for term (1 + SampleCode | ID2); the random-effects parameters and the residual variance (or scale parameter) are probably unidentifiable,TRUE,FALSE,FALSE,0.429952712706568,0.33622237795993,0.200976361414865,-81.4520851642362,4.23449010339581,0.120362765365642,1.08569692114985,0.146294680960649,1.18999064662909,0.906451125221186,0.398598816926785,0.418866512214061
P05067,APP,52,26,-0.128937854611251,0.10597546949601,0.223727354873458,0.418899443916715,-27.2731677582829,FALSE,number of observations (=52) <= number of random effects (=52) for term (1 + SampleCode | ID2); the random-effects parameters and the residual variance (or scale parameter) are probably unidentifiable,TRUE,FALSE,FALSE,-0.12906040178905,0.10597104057333,0.223268175524845,-27.2395146164084,0.0673062837488416,0.966906825968946,0.35047243966942,-0.650618337393722,0.380467190586552,0.28867884242226,0.424291920277842,0.418899443916715
P14618,PKM,52,26,-0.082917400235025,0.0682191087169934,0.224191800316547,0.418899443916715,-10.6530221465534,FALSE,number of observations (=52) <= number of random effects (=52) for term (1 + SampleCode | ID2); the random-effects parameters and the residual variance (or scale parameter) are probably unidentifiable,TRUE,FALSE,FALSE,-0.0829325354913428,0.0682190748648758,0.224107010262288,-10.650483438681,0.00507741574462983,0.997464511921234,0.134605829827405,-0.278375349027033,0.244358945296668,0.22505774207232,0.424615896500025,0.418899443916715
O00139,KIF2A,51,26,-0.117180683240649,0.0964599884242971,0.22443807275799,0.418899443916715,-26.9479038578295,FALSE,number of observations (=51) <= number of random effects (=52) for term (1 + SampleCode | ID2); the random-effects parameters and the residual variance (or scale parameter) are probably unidentifiable,TRUE,FALSE,FALSE,-0.118674715267442,0.0974317262500524,0.22321276861289,-26.8353757961853,0.225056123288518,0.893572271649482,0.200479634010948,-0.595994229966875,0.341706787060885,0.315387984930478,0.424291920277842,0.418899443916715
P55160,NCKAP1L,50,26,-0.0919881622373483,0.0757236025033617,0.224446764350609,0.418899443916715,-16.1214602524348,FALSE,number of observations (=50) <= number of random effects (=52) for term (1 + SampleCode | ID2); the random-effects parameters and the residual variance (or scale parameter) are probably unidentifiable,TRUE,TRUE,FALSE,-0.0904233969209087,0.0764672772935294,0.237003001484732,-15.9245414266616,0.39383765154637,0.821257295532975,0.123044080090459,-0.699440672715861,0.264303654193874,0.25253319662888,0.436435801303826,0.418899443916715
P19634,SLC9A1,49,26,-0.104041466839777,0.0856589612536013,0.224518276806786,0.418899443916715,-16.7680758081377,FALSE,number of observations (=49) <= number of random effects (=52) for term (1 + SampleCode | ID2); the random-effects parameters and the residual variance (or scale parameter) are probably unidentifiable,TRUE,TRUE,FALSE,-0.104690495495159,0.0862868077925636,0.225020849662648,-16.3071546430291,0.921842330217238,0.630702396793162,0.246684388922431,-0.146837307105737,0.294801940244101,0.237724511697705,0.424615896500025,0.418899443916715
Q969V3,NCLN,50,26,-0.0974873972503347,0.0803323375073589,0.2249191865148,0.418899443916715,-19.4839866815004,FALSE,number of observations (=50) <= number of random effects (=52) for term (1 + SampleCode | ID2); the random-effects parameters and the residual variance (or scale parameter) are probably unidentifiable,TRUE,TRUE,FALSE,-0.0988189763444283,0.0803690654949659,0.218860106978361,-19.4018965125835,0.164180337833841,0.921188892346701,0.108990800930545,-0.528929422856366,0.279055925714103,0.268501508851198,0.421802116978274,0.418899443916715
P18428,LBP,52,26,0.163432437713477,0.134741428171642,0.225155116832888,0.418899443916715,-47.7856827663176,FALSE,number of observations (=52) <= number of random effects (=52) for term (1 + SampleCode | ID2); the random-effects parameters and the residual variance (or scale parameter) are probably unidentifiable,TRUE,TRUE,FALSE,0.16295669723498,0.134803308617632,0.226721283249583,-47.6977105762516,0.175944380131924,0.915786344327027,0.188990794767454,-0.540190041408567,0.482260704855854,0.463664758716394,0.425618933925403,0.418899443916715
Q9NXH8,TOR4A,51,26,-0.106753785040551,0.0880424456029023,0.225310963038699,0.418899443916715,-19.5759322885322,FALSE,number of observations (=51) <= number of random effects (=52) for term (1 + SampleCode | ID2); the random-effects parameters and the residual variance (or scale parameter) are probably unidentifiable,TRUE,TRUE,FALSE,-0.105577756978291,0.0881255635405576,0.230902298467077,-19.37801937168,0.395825833704485,0.820441296637685,0.220979881914181,-0.698764601193096,0.312493557367864,0.271655275273975,0.428778907610138,0.418899443916715
P41250,GARS1,49,26,-0.0884362587910386,0.0732661010727494,0.227410726039148,0.422295158329909,-2.55399540888838,FALSE,number of observations (=49) <= number of random effects (=52) for term (1 + SampleCode | ID2); the random-effects parameters and the residual variance (or scale parameter) are probably unidentifiable,TRUE,FALSE,FALSE,-0.0877477792368487,0.0735447785391662,0.2328222037255,-1.11791293764568,2.8721649424854,0.237857750435497,0.272029428946925,-0.913276159967353,0.254917280174836,0.173394958528919,0.4307907841388,0.422295158329909
Q7L1W4,LRRC8D,48,26,-0.136951299034165,0.113605010646186,0.228008780248521,0.42289743755578,-23.1572449680618,FALSE,number of observations (=48) <= number of random effects (=52) for term (1 + SampleCode | ID2); the random-effects parameters and the residual variance (or scale parameter) are probably unidentifiable,TRUE,FALSE,FALSE,-0.131104922878837,0.119550810464769,0.272796153117317,-21.5724130500649,3.16966383599379,0.204982244047606,0.447594172270418,-0.943330522227266,0.391999023720625,0.26779968743375,0.469866283797386,0.42289743755578
P19086,GNAZ,51,26,-0.0921616205955061,0.0765260619500347,0.228467163065168,0.423169514626163,-11.8153562737361,FALSE,number of observations (=51) <= number of random effects (=52) for term (1 + SampleCode | ID2); the random-effects parameters and the residual variance (or scale parameter) are probably unidentifiable,TRUE,FALSE,FALSE,-0.0927826994534218,0.0766418014490823,0.226048070766244,-11.754039843151,0.122632861170054,0.940525581624396,0.208581662954903,-0.374687658828935,0.271731290001906,0.228421837584087,0.424871373885459,0.423169514626163
P02749,APOH,52,26,0.266588585819046,0.221473187476027,0.228703265186308,0.423169514626163,-71.7403753183818,FALSE,number of observations (=52) <= number of random effects (=52) for term (1 + SampleCode | ID2); the random-effects parameters and the residual variance (or scale parameter) are probably unidentifiable,TRUE,FALSE,FALSE,0.261470703143806,0.222375921254289,0.239672838378022,-70.6414189561661,2.19791272443135,0.33321866187965,0.698190492726278,0.10176772292103,0.793360770614753,0.625624510912239,0.437700396328658,0.423169514626163
P20851,C4BPB,52,26,0.280197193138465,0.23320382724406,0.229552660658486,0.423849069650178,-65.874094443665,FALSE,number of observations (=52) <= number of random effects (=52) for term (1 + SampleCode | ID2); the random-effects parameters and the residual variance (or scale parameter) are probably unidentifiable,TRUE,FALSE,FALSE,0.280719281180431,0.233405482012347,0.229088274369524,-65.7779822856691,0.192224315991751,0.908362130279098,0.815839672175522,-0.741043162193974,0.837794978015427,0.60860677722241,0.427465439493858,0.423849069650178
P05156,CFI,52,26,0.328443017021281,0.273397141128412,0.229619204723106,0.423849069650178,-72.8667190387205,FALSE,number of observations (=52) <= number of random effects (=52) for term (1 + SampleCode | ID2); the random-effects parameters and the residual variance (or scale parameter) are probably unidentifiable,TRUE,TRUE,TRUE,0.327809193084382,0.273366081314827,0.230466415792102,-71.9139898577772,1.90545836188664,0.38568697622035,0.717031103492831,,0.982499469912882,0.841641618988606,0.42848449145463,0.423849069650178
P61758,VBP1,46,25,-0.177268592006212,0.147988709067952,0.230974584248503,0.425842163083457,-33.9948346087857,FALSE,number of observations (=46) <= number of random effects (=50) for term (1 + SampleCode | ID2); the random-effects parameters and the residual variance (or scale parameter) are probably unidentifiable,TRUE,FALSE,FALSE,-0.175543384198812,0.149684889936777,0.240894923141923,-33.4502133263405,1.08924256489034,0.58006142118995,0.382233017018983,-0.253256295535888,0.498794452087319,0.419854670224929,0.438441067155172,0.425842163083457
P05198,EIF2S1,48,26,-0.151479278535582,0.126840585271388,0.232380468572072,0.427923508872289,-36.6532757915132,FALSE,number of observations (=48) <= number of random effects (=52) for term (1 + SampleCode | ID2); the random-effects parameters and the residual variance (or scale parameter) are probably unidentifiable,TRUE,FALSE,FALSE,-0.153501404385626,0.126589900866194,0.225287349865496,-36.6327588815873,0.0410338198519611,0.979692129813049,0.306007643260475,-0.310360390039735,0.431031275322714,0.371730818974726,0.424615896500025,0.427923508872289
Q96M96,FGD4,43,24,0.0888486504841436,0.074518786966314,0.233144156406442,0.42853581064915,-10.7018165929604,FALSE,number of observations (=43) <= number of random effects (=48) for term (1 + SampleCode | ID2); the random-effects parameters and the residual variance (or scale parameter) are probably unidentifiable,TRUE,FALSE,FALSE,0.0900151014398414,0.0758492909975515,0.235321276751609,-8.8321586752428,3.73931583543529,0.154176393807956,0.218209789926493,0.405797606309365,0.236702389089473,0.180537129510259,0.433856053199565,0.42853581064915
P99999,CYCS,44,23,-0.260550343034055,0.218696209048648,0.233504344771241,0.42853581064915,-53.7961723304183,FALSE,number of observations (=44) <= number of random effects (=46) for term (1 + SampleCode | ID2); the random-effects parameters and the residual variance (or scale parameter) are probably unidentifiable,TRUE,TRUE,FALSE,-0.250791557006598,0.219981238192918,0.254261784933928,-53.171358829002,1.24962700283267,0.535361263326536,0.481924918287395,-0.834022224643083,0.713713199589838,0.627201049917221,0.451719555809411,0.42853581064915
P29144,TPP2,51,26,0.0924157145521304,0.0776125105563234,0.233758737296723,0.42853581064915,-17.8983976014823,FALSE,number of observations (=51) <= number of random effects (=52) for term (1 + SampleCode | ID2); the random-effects parameters and the residual variance (or scale parameter) are probably unidentifiable,TRUE,TRUE,FALSE,0.0918196084882187,0.0772283258135897,0.23446448704008,-17.3633023709706,1.07019046102336,0.585613519214208,0.12523083028441,-0.865495426343442,0.27451428980155,0.259317398613682,0.432800033583533,0.42853581064915
P48047,ATP5PO,51,26,-0.110168671376962,0.0925343956838814,0.233822452024099,0.42853581064915,-17.3471919703915,FALSE,number of observations (=51) <= number of random effects (=52) for term (1 + SampleCode | ID2); the random-effects parameters and the residual variance (or scale parameter) are probably unidentifiable,TRUE,FALSE,FALSE,-0.106310687726483,0.0924020881195857,0.24992870447007,-16.3717607624406,1.95086241590194,0.377029740283844,0.308172138117596,-0.894251978987927,0.32944968612083,0.247959859124325,0.447958060796123,0.42853581064915
Q96G23,CERS2,41,24,-0.0755417626694427,0.0635883862826255,0.234841093948425,0.429892760841608,-6.03622394959754,FALSE,number of observations (=41) <= number of random effects (=48) for term (1 + SampleCode | ID2); the random-effects parameters and the residual variance (or scale parameter) are probably unidentifiable,TRUE,TRUE,FALSE,-0.0760284888757578,0.0630970786947674,0.228224661139942,-5.98734457331571,0.0977587525636601,0.952295992254175,0.0322811859055289,-0.712433128157352,0.191217023441044,0.188977453860045,0.426858103300997,0.429892760841608
O75636,FCN3,52,26,0.252976140939078,0.213378377903324,0.235790049275086,0.430976926346809,-59.9780793433535,FALSE,number of observations (=52) <= number of random effects (=52) for term (1 + SampleCode | ID2); the random-effects parameters and the residual variance (or scale parameter) are probably unidentifiable,TRUE,FALSE,FALSE,0.256478595115983,0.219454971606543,0.24252163896908,-58.2656911747616,3.42477633718377,0.180434369971899,0.758355847850592,-0.484124514747765,0.766811760779963,0.57897071408218,0.440300742899212,0.430976926346809
Q14624,ITIH4,52,26,0.247753729192177,0.209063186631059,0.235991248989903,0.430976926346809,-58.9156945306123,FALSE,number of observations (=52) <= number of random effects (=52) for term (1 + SampleCode | ID2); the random-effects parameters and the residual variance (or scale parameter) are probably unidentifiable,TRUE,TRUE,FALSE,0.252317890764061,0.218491967005008,0.248166024655228,-55.8412596269238,6.14886980737698,0.0462157373466537,0.833292217781761,-0.551138394820602,0.751304381587651,0.520193414468125,0.447916481416271,0.430976926346809
P20618,PSMB1,51,26,0.145757727388192,0.123160839105857,0.236621098885735,0.431616998557805,-32.2485391223135,FALSE,number of observations (=51) <= number of random effects (=52) for term (1 + SampleCode | ID2); the random-effects parameters and the residual variance (or scale parameter) are probably unidentifiable,TRUE,FALSE,FALSE,0.14485431713929,0.12293010181652,0.238658296211239,-32.1955427006126,0.105992843401879,0.948383406075678,0.409693650793443,-0.710374520757892,0.438403781872165,0.328391862804065,0.437093416143747,0.431616998557805
Q9HBH5,RDH14,52,26,-0.14917650963379,0.126205739778984,0.237201534438725,0.432165531495083,-36.8602656413022,FALSE,number of observations (=52) <= number of random effects (=52) for term (1 + SampleCode | ID2); the random-effects parameters and the residual variance (or scale parameter) are probably unidentifiable,TRUE,TRUE,FALSE,-0.148893767343535,0.126254994318324,0.238274789291009,-36.7094693357701,0.30159261106418,0.860022862718037,0.353145369704085,-0.702423203004235,0.453027706292326,0.378255421328571,0.437093416143747,0.432165531495083
A0A0B4J1V0,IGHV3-15,50,25,0.323557286054529,0.274509368328909,0.238527677566532,0.434069801932028,-75.911214832385,FALSE,number of observations (=50) <= number of random effects (=50) for term (1 + SampleCode | ID2); the random-effects parameters and the residual variance (or scale parameter) are probably unidentifiable,TRUE,FALSE,FALSE,0.323405285848612,0.274524762379788,0.23877465580927,-75.573292258304,0.675845148162097,0.713250509836617,0.797597636925105,-0.218047388284287,0.965012167293954,0.783205725154875,0.437093416143747,0.434069801932028
P43652,AFM,52,26,0.379489420675128,0.322815647836983,0.239770428468892,0.435818014099339,-81.5068280774775,FALSE,number of observations (=52) <= number of random effects (=52) for term (1 + SampleCode | ID2); the random-effects parameters and the residual variance (or scale parameter) are probably unidentifiable,TRUE,FALSE,FALSE,0.399324722430579,0.339353650398809,0.239306700124501,-78.2924832335623,6.42868968783037,0.0401816504547255,1.27773403483529,-0.678361984907104,1.16009334102893,0.821106816932416,0.437548936914029,0.435818014099339
P61026,RAB10,52,26,-0.19570721725244,0.166901476203088,0.24095974399673,0.436619042580319,-50.4901483335387,FALSE,number of observations (=52) <= number of random effects (=52) for term (1 + SampleCode | ID2); the random-effects parameters and the residual variance (or scale parameter) are probably unidentifiable,TRUE,FALSE,FALSE,-0.1867937247209,0.166046342698239,0.260610499437333,-48.5475046494562,3.88528736816502,0.143324543669001,0.60640124543518,-0.892495935221673,0.599271250682449,0.41477166407961,0.456754564546085,0.436619042580319
P49257,LMAN1,44,25,-0.193537505039679,0.165070419313105,0.241014753232696,0.436619042580319,-35.4950069425309,FALSE,number of observations (=44) <= number of random effects (=50) for term (1 + SampleCode | ID2); the random-effects parameters and the residual variance (or scale parameter) are probably unidentifiable,TRUE,TRUE,FALSE,-0.201603260419176,0.187257178791753,0.281653796941889,-34.3946473688533,2.2007191473551,0.332751413534774,0.75342463516183,-0.874786752437403,0.542138470272013,0.337881472443388,0.479163486659951,0.436619042580319
Q92614,MYO18A,51,26,-0.107266883755913,0.0914977800476234,0.241058927715865,0.436619042580319,-21.4337730731092,FALSE,number of observations (=51) <= number of random effects (=52) for term (1 + SampleCode | ID2); the random-effects parameters and the residual variance (or scale parameter) are probably unidentifiable,TRUE,TRUE,FALSE,-0.10500902128788,0.0911965922487676,0.249543974630932,-21.1321987180327,0.603148710152894,0.739652827367415,0.232188431662088,-0.736625521516894,0.324781310685806,0.279807412225981,0.447958060796123,0.436619042580319
P35813,PPM1A,52,26,-0.106214962010325,0.0906551278891272,0.241342560914242,0.436620909382323,-20.5635863843281,FALSE,number of observations (=52) <= number of random effects (=52) for term (1 + SampleCode | ID2); the random-effects parameters and the residual variance (or scale parameter) are probably unidentifiable,TRUE,TRUE,FALSE,-0.10628408625443,0.0906345727055663,0.240929751465852,-20.431512429745,0.264147909166155,0.876276188042867,0.27963366125925,-0.409208199973696,0.325321756609787,0.258244412997863,0.438441067155172,0.436620909382323
P07093,SERPINE2,47,26,0.100024689292683,0.0854363034029749,0.24169863580884,0.436753675233519,-15.8553352719511,FALSE,number of observations (=47) <= number of random effects (=52) for term (1 + SampleCode | ID2); the random-effects parameters and the residual variance (or scale parameter) are probably unidentifiable,TRUE,FALSE,FALSE,0.100429851046513,0.0844709938748403,0.234468367708361,-13.7137272012519,4.28321614139846,0.117465797755907,0.212712233210602,-0.999995791633598,0.286823687592579,0.242580038770525,0.432800033583533,0.436753675233519
P14770,GP9,52,26,-0.306925482197266,0.262436932490428,0.242193818460449,0.437137207384805,-70.7391561200275,FALSE,number of observations (=52) <= number of random effects (=52) for term (1 + SampleCode | ID2); the random-effects parameters and the residual variance (or scale parameter) are probably unidentifiable,TRUE,FALSE,FALSE,-0.306515795733066,0.266301434666774,0.249727841314281,-70.7275178291812,0.023276581692528,0.98842917208926,0.967920498554904,-0.729930358940755,0.943112082274119,0.669133525884195,0.447958060796123,0.437137207384805
Q96A49,SYAP1,52,26,-0.112302302842757,0.0960974524706408,0.242553000279602,0.437274662114335,-32.0812111308966,FALSE,number of observations (=52) <= number of random effects (=52) for term (1 + SampleCode | ID2); the random-effects parameters and the residual variance (or scale parameter) are probably unidentifiable,TRUE,FALSE,FALSE,-0.117102183292883,0.0957231626810188,0.221200478969869,-31.3210035082724,1.52041524524839,0.467569338958271,0.149757448738701,-0.979133887553108,0.343629075969779,0.325704715211642,0.423487905834507,0.437274662114335
P27987,ITPKB,47,26,-0.12456949880581,0.106868842391641,0.243764186409589,0.438946000003282,-18.9330956255957,FALSE,number of observations (=47) <= number of random effects (=52) for term (1 + SampleCode | ID2); the random-effects parameters and the residual variance (or scale parameter) are probably unidentifiable,TRUE,FALSE,FALSE,-0.138093201014494,0.115504203685,0.231864944534839,-17.9013525318087,2.06348618757391,0.35638520599997,0.372404900521571,-0.778227455141615,0.362001576793216,0.290979940085579,0.429533979983604,0.438946000003282
Q9Y4D1,DAAM1,50,26,-0.0928923958517339,0.0798021738076868,0.244410475779595,0.439597421512775,-17.4228626517271,FALSE,number of observations (=50) <= number of random effects (=52) for term (1 + SampleCode | ID2); the random-effects parameters and the residual variance (or scale parameter) are probably unidentifiable,TRUE,FALSE,FALSE,-0.0929049654291641,0.0800289999781264,0.245686129651598,-17.3829302404605,0.079864822533203,0.960854379888185,0.159492454672518,-0.141480498612043,0.27803628430587,0.25450954481254,0.444860040807987,0.439597421512775
Q06481,APLP2,50,26,0.123835431590552,0.106549855690889,0.245142079164085,0.440400595707572,-22.0535503595975,FALSE,number of observations (=50) <= number of random effects (=52) for term (1 + SampleCode | ID2); the random-effects parameters and the residual variance (or scale parameter) are probably unidentifiable,TRUE,TRUE,FALSE,0.128948141242846,0.105105547590009,0.219881119459812,-20.225667894154,3.6557649308869,0.16075360894568,0.349188157994831,-0.966611022065574,0.374987650326118,0.279596908864995,0.42241171597762,0.440400595707572
P11226,MBL2,52,26,0.176526130962292,0.152530012098695,0.247141384577542,0.443476700548551,-73.2160843050083,FALSE,number of observations (=52) <= number of random effects (=52) for term (1 + SampleCode | ID2); the random-effects parameters and the residual variance (or scale parameter) are probably unidentifiable,TRUE,TRUE,FALSE,0.177025270054512,0.152558862430686,0.245896747475742,-73.1591874785384,0.113793652939705,0.944691531498886,0.270512938748252,0.0888041094877513,0.538955694190963,0.503935608043982,0.444860040807987,0.443476700548551
P09486,SPARC,52,26,-0.159177914110713,0.137676634305517,0.247610678198494,0.443803361736281,-43.5862902494485,FALSE,number of observations (=52) <= number of random effects (=52) for term (1 + SampleCode | ID2); the random-effects parameters and the residual variance (or scale parameter) are probably unidentifiable,TRUE,FALSE,FALSE,-0.160095122291168,0.137433228989155,0.24406196600423,-43.1396165745584,0.893347349780143,0.639752641566578,0.428043691271994,-0.234323722591334,0.493844741131115,0.389156259070092,0.442577156662601,0.443803361736281
P34096,RNASE4,51,26,0.129916250112986,0.112485964573793,0.248108771346359,0.444180824716251,-32.0646319977082,FALSE,number of observations (=51) <= number of random effects (=52) for term (1 + SampleCode | ID2); the random-effects parameters and the residual variance (or scale parameter) are probably unidentifiable,TRUE,FALSE,FALSE,0.132753053547936,0.112687425642139,0.238770901075549,-31.2222812758183,1.68470144377987,0.430696883910614,0.355076278860873,-0.114837529150517,0.399254054972188,0.309750132710236,0.437093416143747,0.444180824716251
Q99627,COPS8,51,26,-0.134003598758909,0.116287056955768,0.249176541294987,0.445208083304202,-27.4384875106575,FALSE,number of observations (=51) <= number of random effects (=52) for term (1 + SampleCode | ID2); the random-effects parameters and the residual variance (or scale parameter) are probably unidentifiable,TRUE,FALSE,FALSE,-0.13333292008662,0.120973629877845,0.270389875654574,-27.2743201670567,0.328334687201654,0.848600002217465,0.460616297243359,-0.704495126455872,0.414397767991539,0.282571606777397,0.466762411046163,0.445208083304202
P42566,EPS15,51,26,0.170934901003958,0.148427829421136,0.249470489796925,0.445208083304202,-46.2462464010315,FALSE,number of observations (=51) <= number of random effects (=52) for term (1 + SampleCode | ID2); the random-effects parameters and the residual variance (or scale parameter) are probably unidentifiable,TRUE,FALSE,FALSE,0.170770128788135,0.147315454118222,0.24636898847105,-45.4007814112078,1.69092997964738,0.42935766484177,0.291273015304573,-0.962025673510055,0.526810128469922,0.482526110369865,0.445193084430142,0.445208083304202
O00161,SNAP23,51,26,-0.261776946415857,0.227391132384826,0.249642233036435,0.445208083304202,-66.0259376547821,FALSE,number of observations (=51) <= number of random effects (=52) for term (1 + SampleCode | ID2); the random-effects parameters and the residual variance (or scale parameter) are probably unidentifiable,TRUE,FALSE,FALSE,-0.260636550533229,0.227935839806698,0.252845768704634,-65.4871540209959,1.07756726757248,0.583457518935798,0.685925225625174,-0.234712004353447,0.808143293863146,0.646433623571291,0.451093201672817,0.445208083304202
O43294,TGFB1I1,51,26,-0.13528521981498,0.117563160757892,0.249837156309088,0.445208083304202,-34.2746057819597,FALSE,number of observations (=51) <= number of random effects (=52) for term (1 + SampleCode | ID2); the random-effects parameters and the residual variance (or scale parameter) are probably unidentifiable,TRUE,FALSE,FALSE,-0.134177000501981,0.117718962421307,0.254366351815008,-34.2182656502986,0.112680263322332,0.945217582781705,0.295135807647919,-0.580037327489674,0.415021421578757,0.35907330240675,0.451719555809411,0.445208083304202
P19971,TYMP,42,24,0.179996492652563,0.156511916785547,0.250123376251163,0.445208083304202,-33.5880838681708,FALSE,number of observations (=42) <= number of random effects (=48) for term (1 + SampleCode | ID2); the random-effects parameters and the residual variance (or scale parameter) are probably unidentifiable,TRUE,FALSE,FALSE,0.164281563179229,0.15734783060678,0.296454728387506,-32.2764983453317,2.62317104567832,0.269392589491637,0.436590605947708,0.0977408565284822,0.497857928287482,0.387553463722712,0.492298042829022,0.445208083304202
O95467,GNAS,40,23,0.182112502409373,0.158632678447036,0.250962871068729,0.446091822530898,-39.8911004886812,FALSE,number of observations (=40) <= number of random effects (=46) for term (1 + SampleCode | ID2); the random-effects parameters and the residual variance (or scale parameter) are probably unidentifiable,TRUE,TRUE,FALSE,0.183349462900504,0.159100724999356,0.249152126628807,-39.8649158963634,0.0523691846356513,0.974155251435103,0.152801496390607,-0.392377781622995,0.472931157077683,0.461422534533187,0.447958060796123,0.446091822530898
P02747,C1QC,52,26,0.336371961875138,0.293148401315291,0.251197336959147,0.446091822530898,-76.8196203160097,FALSE,number of observations (=52) <= number of random effects (=52) for term (1 + SampleCode | ID2); the random-effects parameters and the residual variance (or scale parameter) are probably unidentifiable,TRUE,TRUE,FALSE,0.35331028647234,0.290590504722383,0.224047546816745,-73.16010961804,7.31902139593933,0.0257451067779788,1.07697221778529,-0.00373218423798067,1.0533972321405,0.715443201636571,0.424615896500025,0.446091822530898
Q14847,LASP1,50,26,-0.236561942760617,0.206416702043218,0.251778309963212,0.44637285396406,-67.4812029529631,FALSE,number of observations (=50) <= number of random effects (=52) for term (1 + SampleCode | ID2); the random-effects parameters and the residual variance (or scale parameter) are probably unidentifiable,TRUE,FALSE,FALSE,-0.232236600507366,0.205503017690976,0.258438927827242,-67.3951862824061,0.172033341113917,0.917578934540757,0.144656068774897,-0.802565001302089,0.716989580224203,0.70820295833007,0.455808382982978,0.44637285396406
Q13107,USP4,51,26,-0.161445652319152,0.140918614825138,0.251933416606253,0.44637285396406,-37.2366463078499,FALSE,number of observations (=51) <= number of random effects (=52) for term (1 + SampleCode | ID2); the random-effects parameters and the residual variance (or scale parameter) are probably unidentifiable,TRUE,FALSE,FALSE,-0.164948954504992,0.149445016104195,0.269704450921454,-36.9419335460848,0.589425523530338,0.744745476121899,0.584474794265956,-0.741265338803358,0.502174197032166,0.336665478779035,0.466099973907881,0.44637285396406
Q5T0N5,FNBP1L,51,26,-0.130341520657072,0.113940469558246,0.252646846783771,0.447124144651692,-26.3988194606936,FALSE,number of observations (=51) <= number of random effects (=52) for term (1 + SampleCode | ID2); the random-effects parameters and the residual variance (or scale parameter) are probably unidentifiable,TRUE,FALSE,FALSE,-0.129364654116054,0.119487820866282,0.278959476338004,-26.1113360563572,0.574966808672812,0.750149015888394,0.472990945324944,-0.817884827355118,0.406035525405072,0.265195790771173,0.476234686123996,0.447124144651692
Q15555,MAPRE2,52,26,-0.105923884968808,0.0926960634863172,0.253162752116395,0.447524544645114,-22.5882330772765,FALSE,number of observations (=52) <= number of random effects (=52) for term (1 + SampleCode | ID2); the random-effects parameters and the residual variance (or scale parameter) are probably unidentifiable,TRUE,FALSE,FALSE,-0.105404282534817,0.09275157034738,0.255782890661245,-22.5599264174234,0.0566133197062229,0.972090220044673,0.270109035336642,-0.44143957218013,0.332549335177632,0.272474948498264,0.453193309715164,0.447524544645114
P0DOY3,IGLC3,52,26,0.231598975394576,0.202853524624389,0.253576473082088,0.447571872616141,-73.9648212051497,FALSE,number of observations (=52) <= number of random effects (=52) for term (1 + SampleCode | ID2); the random-effects parameters and the residual variance (or scale parameter) are probably unidentifiable,TRUE,FALSE,FALSE,0.230926685991317,0.202952090504435,0.255187958814323,-73.76587668215,0.39788904599942,0.819595360763782,0.149863184335042,-0.997325454791435,0.724149513809814,0.716926440972687,0.452658319596015,0.447571872616141
P08240,SRPRA,44,26,-0.126815224814429,0.111330574822993,0.254666815429727,0.447571872616141,-19.5028073452651,FALSE,number of observations (=44) <= number of random effects (=52) for term (1 + SampleCode | ID2); the random-effects parameters and the residual variance (or scale parameter) are probably unidentifiable,TRUE,FALSE,FALSE,-0.127391024165567,0.111586604952354,0.25360632679717,-19.4398949349577,0.125824820614739,0.939025719061262,0.353333417322893,-0.596156781928078,0.366415996031402,0.268156582467187,0.451719555809411,0.447571872616141
P01031,C5,52,26,0.208878802442608,0.183630554652142,0.255331493980268,0.447571872616141,-52.1707406974924,FALSE,number of observations (=52) <= number of random effects (=52) for term (1 + SampleCode | ID2); the random-effects parameters and the residual variance (or scale parameter) are probably unidentifiable,TRUE,TRUE,TRUE,0.2106335378424,0.183900417008556,0.252057007170866,-50.3907229630952,3.56003546879437,0.16863515659923,0.566049311564084,,0.659907860999898,0.526189543724471,0.450726939906236,0.447571872616141
P05388,RPLP0,51,26,0.16244476014445,0.142881148809056,0.255570781129423,0.447571872616141,-43.0568701598202,FALSE,number of observations (=51) <= number of random effects (=52) for term (1 + SampleCode | ID2); the random-effects parameters and the residual variance (or scale parameter) are probably unidentifiable,TRUE,FALSE,FALSE,0.162843341394234,0.14277921684075,0.254067424372578,-43.044593592706,0.0245531342284835,0.987798482504648,0.417553197535475,-0.576321779508318,0.507552463256642,0.412631746554387,0.451719555809411,0.447571872616141
P31323,PRKAR2B,52,26,-0.127974726803997,0.11258012969609,0.255645543133146,0.447571872616141,-30.9495204524382,FALSE,number of observations (=52) <= number of random effects (=52) for term (1 + SampleCode | ID2); the random-effects parameters and the residual variance (or scale parameter) are probably unidentifiable,TRUE,FALSE,FALSE,-0.127766535796343,0.112651291286532,0.256720189849072,-30.83606209537,0.226916714136337,0.892741372005227,0.35169412408725,-0.453856978252768,0.404113501567435,0.318865888110595,0.453813150248074,0.447571872616141
P55083,MFAP4,48,25,0.293269968060985,0.258101864927265,0.255849155325678,0.447571872616141,-62.4956887426382,FALSE,number of observations (=48) <= number of random effects (=50) for term (1 + SampleCode | ID2); the random-effects parameters and the residual variance (or scale parameter) are probably unidentifiable,TRUE,FALSE,FALSE,0.288379742269194,0.259374248830879,0.266211795592055,-62.405106321275,0.181164842726275,0.91339904720382,0.970156955820591,-0.766541631410861,0.889634105918636,0.573768591020978,0.462355825869848,0.447571872616141
P49795,RGS19,49,26,-0.140343545144979,0.123525117060513,0.255892154683802,0.447571872616141,-34.7891589954644,FALSE,number of observations (=49) <= number of random effects (=52) for term (1 + SampleCode | ID2); the random-effects parameters and the residual variance (or scale parameter) are probably unidentifiable,TRUE,FALSE,FALSE,-0.141690167648301,0.123339686584527,0.250646699963899,-34.6150069674579,0.34830405601312,0.840169158706357,0.288935325558122,-0.658119540710837,0.426963488983651,0.375133061778387,0.448724393330503,0.447571872616141
Q13724,MOGS,47,25,-0.121042954114512,0.106572820369041,0.256049921316761,0.447571872616141,-19.0582222722327,FALSE,number of observations (=47) <= number of random effects (=50) for term (1 + SampleCode | ID2); the random-effects parameters and the residual variance (or scale parameter) are probably unidentifiable,TRUE,FALSE,FALSE,-0.119425108643736,0.11788176876745,0.311016090448806,-18.4929456450556,1.13055325435408,0.568202944638794,0.458587152429038,-0.837223436524092,0.362966606411347,0.2424920564762,0.507506385488533,0.447571872616141
Q9Y266,NUDC,45,24,-0.104506212383097,0.0920621503758921,0.256304000440052,0.447571872616141,-19.466259178087,FALSE,number of observations (=45) <= number of random effects (=48) for term (1 + SampleCode | ID2); the random-effects parameters and the residual variance (or scale parameter) are probably unidentifiable,TRUE,FALSE,FALSE,-0.0972426614059139,0.0928907033985597,0.295168623743914,-18.7612561706452,1.4100060148835,0.494107088255621,0.252535845037521,0.0603295531241054,0.299745729524065,0.245033339972746,0.492130379477593,0.447571872616141
Q9Y613,FHOD1,52,26,-0.118760443076817,0.104633539346668,0.256369808726748,0.447571872616141,-22.9227302211855,FALSE,number of observations (=52) <= number of random effects (=52) for term (1 + SampleCode | ID2); the random-effects parameters and the residual variance (or scale parameter) are probably unidentifiable,TRUE,FALSE,FALSE,-0.118074950748825,0.109767503511629,0.282069406397915,-22.2429954120324,1.35946961830614,0.50675136037066,0.445473593920046,-0.852002621334364,0.376018551323931,0.237915600253743,0.479163486659951,0.447571872616141
Q8TD19,NEK9,49,26,-0.109599428319113,0.0965635359861006,0.256376121207304,0.447571872616141,-16.3458450261889,FALSE,number of observations (=49) <= number of random effects (=52) for term (1 + SampleCode | ID2); the random-effects parameters and the residual variance (or scale parameter) are probably unidentifiable,TRUE,FALSE,FALSE,-0.112206423533573,0.103251789993664,0.27715783943273,-16.0738796878803,0.543930676617229,0.76188066870478,0.378480500301138,-0.787665920827447,0.33778358852337,0.24481543233844,0.474732662886439,0.447571872616141
O00151,PDLIM1,52,26,-0.123645808693809,0.109039999270971,0.25681590083846,0.44783359683456,-35.2853589273884,FALSE,number of observations (=52) <= number of random effects (=52) for term (1 + SampleCode | ID2); the random-effects parameters and the residual variance (or scale parameter) are probably unidentifiable,TRUE,FALSE,FALSE,-0.123412495010449,0.109068480647548,0.257838882929545,-34.7119513660654,1.14681512264599,0.563601655653302,0.188862887136258,-0.867231735723754,0.390536709455998,0.367273872101096,0.455269799001311,0.44783359683456
Q13884,SNTB1,49,25,-0.133052360859365,0.117621180209451,0.257973491357365,0.449345032860349,-27.3252987880977,FALSE,number of observations (=49) <= number of random effects (=50) for term (1 + SampleCode | ID2); the random-effects parameters and the residual variance (or scale parameter) are probably unidentifiable,TRUE,FALSE,FALSE,-0.132515925707814,0.117594474261286,0.259789392426894,-27.2479394752268,0.154718625741921,0.925557229226692,0.386827816456222,-0.733610025252678,0.41043442705798,0.306409781030375,0.456107512840398,0.449345032860349
Q16851,UGP2,52,26,-0.120443547586008,0.106638090812075,0.258703480286585,0.450109095768889,-32.7344903310824,FALSE,number of observations (=52) <= number of random effects (=52) for term (1 + SampleCode | ID2); the random-effects parameters and the residual variance (or scale parameter) are probably unidentifiable,TRUE,FALSE,FALSE,-0.120373326764085,0.106655746715378,0.259060077654978,-32.7340218281587,0.00093700584743317,0.999531606806641,0.259946871682549,-0.386087379754484,0.382158035488046,0.335122464927222,0.455863120702666,0.450109095768889
O75154,RAB11FIP3,44,26,-0.163514438316322,0.14498661339004,0.259408659559818,0.450568538911835,-29.7433787659317,FALSE,number of observations (=44) <= number of random effects (=52) for term (1 + SampleCode | ID2); the random-effects parameters and the residual variance (or scale parameter) are probably unidentifiable,TRUE,FALSE,FALSE,-0.147000007169054,0.158412358057224,0.353429381957431,-29.2067037426205,1.07335004662244,0.584689101579659,0.564835819258905,-0.808618439238044,0.475707241818478,0.343010773828648,0.543984992542855,0.450568538911835
Q9BZ72,PITPNM2,40,25,-0.163387049880989,0.144916891282011,0.259550808822999,0.450568538911835,-25.0385439715274,FALSE,number of observations (=40) <= number of random effects (=50) for term (1 + SampleCode | ID2); the random-effects parameters and the residual variance (or scale parameter) are probably unidentifiable,TRUE,FALSE,FALSE,-0.151430485986718,0.156376486678907,0.332859017693159,-24.6121394500274,0.852809042999951,0.652852195948307,0.614631523049865,-0.851124217825479,0.452496643333815,0.255152530525966,0.523693668366528,0.450568538911835
P10646,TFPI,45,26,0.226124959127969,0.201181174362351,0.2610186790981,0.45255221727652,-46.042580064609,FALSE,number of observations (=45) <= number of random effects (=52) for term (1 + SampleCode | ID2); the random-effects parameters and the residual variance (or scale parameter) are probably unidentifiable,TRUE,FALSE,FALSE,0.229886032335633,0.206062121668657,0.264586888640017,-45.8729196111045,0.339320907008883,0.843951328667617,0.75403287031256,-0.677109746202497,0.673161446496372,0.440560208399816,0.460345431248678,0.45255221727652
Q8NBS9,TXNDC5,51,26,0.122011685723183,0.108665634968666,0.261514975716485,0.45255221727652,-30.1503124955198,FALSE,number of observations (=51) <= number of random effects (=52) for term (1 + SampleCode | ID2); the random-effects parameters and the residual variance (or scale parameter) are probably unidentifiable,TRUE,FALSE,FALSE,0.123474169333809,0.107974308144532,0.252809734040635,-30.086174207163,0.128276576713553,0.937875293329332,0.275613781963422,-0.596153136991867,0.38573463447761,0.33040030810501,0.451093201672817,0.45255221727652
Q9UHG3,PCYOX1,48,25,0.178226071464535,0.158820132075154,0.261782446589649,0.45255221727652,-43.2975813981129,FALSE,number of observations (=48) <= number of random effects (=50) for term (1 + SampleCode | ID2); the random-effects parameters and the residual variance (or scale parameter) are probably unidentifiable,TRUE,FALSE,FALSE,0.179298304764011,0.158761797917466,0.258748441286886,-43.1724493429597,0.250264110306276,0.882380372015381,0.463827220250438,-0.686082156488912,0.547733699465791,0.438448355283542,0.455833913099475,0.45255221727652
Q93008,USP9X,44,25,-0.120679067984217,0.107557716330258,0.261865166501753,0.45255221727652,-23.9779245986157,FALSE,number of observations (=44) <= number of random effects (=50) for term (1 + SampleCode | ID2); the random-effects parameters and the residual variance (or scale parameter) are probably unidentifiable,TRUE,FALSE,FALSE,-0.12077707032737,0.107576249075201,0.261560127705011,-23.9778292795338,0.000190638163772405,0.999904685460833,0.228498847740025,-0.372177700928839,0.346100962254226,0.30610353013396,0.457138458488961,0.45255221727652
O14791,APOL1,52,26,0.273876543800945,0.244728463183223,0.263095875141808,0.454171091725243,-79.3171092361329,FALSE,number of observations (=52) <= number of random effects (=52) for term (1 + SampleCode | ID2); the random-effects parameters and the residual variance (or scale parameter) are probably unidentifiable,TRUE,FALSE,FALSE,0.275126972923653,0.244639487946013,0.260749207721454,-79.1617171684373,0.310784135391231,0.856079470572705,0.60428497087786,-0.0957420783139434,0.875712629697717,0.764026741371295,0.456754564546085,0.454171091725243
Q86TP1,PRUNE1,51,26,-0.0910306077408993,0.0821215989659715,0.267652166074539,0.460728737837485,-13.888945336042,FALSE,number of observations (=51) <= number of random effects (=52) for term (1 + SampleCode | ID2); the random-effects parameters and the residual variance (or scale parameter) are probably unidentifiable,TRUE,FALSE,FALSE,-0.0913239136640479,0.0821606529556108,0.26634089645577,-13.8703626879108,0.0371652962624118,0.981588944747327,0.252936641092178,-0.618420576951827,0.291895527592221,0.231046250126701,0.462355825869848,0.460728737837485
Q92974,ARHGEF2,47,25,-0.0857567621189043,0.0773693763779216,0.26768606220023,0.460728737837485,-4.00974315689677,FALSE,number of observations (=47) <= number of random effects (=50) for term (1 + SampleCode | ID2); the random-effects parameters and the residual variance (or scale parameter) are probably unidentifiable,TRUE,FALSE,FALSE,-0.0865289563732525,0.0828966517542704,0.296569941823003,-3.35901675110446,1.30145281158461,0.521666697384324,0.330796739487394,-0.866435259787984,0.263520306615561,0.164016665385102,0.492298042829022,0.460728737837485
P28070,PSMB4,52,26,0.154063417462991,0.139095055859403,0.268029218501213,0.460728737837485,-45.2568406739512,FALSE,number of observations (=52) <= number of random effects (=52) for term (1 + SampleCode | ID2); the random-effects parameters and the residual variance (or scale parameter) are probably unidentifiable,TRUE,TRUE,FALSE,0.152764594749784,0.139452017699663,0.273313629815391,-45.179356758195,0.154967831512295,0.925441909310271,0.36603874035684,-0.293895318709948,0.49872597082107,0.427827570878061,0.470233360873919,0.460728737837485
P41222,PTGDS,52,26,0.240048816282558,0.216752739276422,0.268087466223883,0.460728737837485,-60.79397191254,FALSE,number of observations (=52) <= number of random effects (=52) for term (1 + SampleCode | ID2); the random-effects parameters and the residual variance (or scale parameter) are probably unidentifiable,TRUE,FALSE,FALSE,0.244110484566997,0.23645385851907,0.301893642073478,-59.5764065073311,2.43513081041786,0.295949808412826,0.802680819561408,-0.888157465214613,0.778938106529884,0.633636812253325,0.49831803098667,0.460728737837485
O00629,KPNA4,48,26,0.236942710906608,0.215489280709996,0.271525259025401,0.466118361326939,-56.1497665805363,FALSE,number of observations (=48) <= number of random effects (=52) for term (1 + SampleCode | ID2); the random-effects parameters and the residual variance (or scale parameter) are probably unidentifiable,TRUE,FALSE,FALSE,0.247653284444713,0.223429496722891,0.267681318211595,-50.1223016220387,12.0549299169953,0.00241159974160041,0.869782115044632,-0.999455572029528,0.74160460515724,0.46619150891226,0.463640848247662,0.466118361326939
P06737,PYGL,48,26,0.0934077126667952,0.0850091869941397,0.271857272718478,0.466170351109932,-23.283683810105,FALSE,number of observations (=48) <= number of random effects (=52) for term (1 + SampleCode | ID2); the random-effects parameters and the residual variance (or scale parameter) are probably unidentifiable,TRUE,FALSE,FALSE,0.0961233886116086,0.0852510722999574,0.259517239308373,-22.8163957230472,0.934576174115577,0.626699520382737,0.206295718857459,0.152117939780294,0.284589177218565,0.243886231962327,0.456107512840398,0.466170351109932
Q14008,CKAP5,51,26,-0.084083842170479,0.0766013445338269,0.272343799490352,0.466486884936356,-8.93783247237132,FALSE,number of observations (=51) <= number of random effects (=52) for term (1 + SampleCode | ID2); the random-effects parameters and the residual variance (or scale parameter) are probably unidentifiable,TRUE,FALSE,FALSE,-0.0839881015588934,0.0764014142398281,0.271637078929223,-7.95076557872303,1.97413378729658,0.3726681648966,0.294199946206914,-0.820542303582934,0.272517675371658,0.176338991328872,0.468392061323269,0.466486884936356
P80303,NUCB2,52,26,-0.12885077279248,0.117566876524789,0.273088169282543,0.467217209758678,-45.7708889212149,FALSE,number of observations (=52) <= number of random effects (=52) for term (1 + SampleCode | ID2); the random-effects parameters and the residual variance (or scale parameter) are probably unidentifiable,TRUE,FALSE,FALSE,-0.135087858985335,0.118965830037328,0.256158282481706,-45.5445594918593,0.452658858711288,0.797455353186364,0.261295291293838,0.139562092424798,0.41964928929336,0.382522889832507,0.453338541161782,0.467217209758678
Q9UEY8,ADD3,49,26,0.0692858363859481,0.0632560554559997,0.273374988752003,0.467217209758678,-3.55815638090442,FALSE,number of observations (=49) <= number of random effects (=52) for term (1 + SampleCode | ID2); the random-effects parameters and the residual variance (or scale parameter) are probably unidentifiable,TRUE,FALSE,FALSE,0.0659093443763947,0.0624415361599805,0.291179850763007,-1.09576386373764,4.92478503433355,0.0852307907063409,0.171962809695312,-0.998945484671604,0.218001766427245,0.182611816968688,0.490026085719719,0.467217209758678
P07900,HSP90AA1,52,26,-0.112828217763265,0.103108817356814,0.273839418398963,0.467445453271144,-34.3316088421595,FALSE,number of observations (=52) <= number of random effects (=52) for term (1 + SampleCode | ID2); the random-effects parameters and the residual variance (or scale parameter) are probably unidentifiable,TRUE,FALSE,FALSE,-0.115098231666351,0.102902627333481,0.263346691216011,-32.9566387657061,2.74994015290672,0.252847161775384,0.327315377709633,0.164481375003073,0.368961495013204,0.286629593192341,0.458704214124845,0.467445453271144
P17858,PFKL,51,26,-0.106330888653251,0.0972714578801527,0.274334289175471,0.467445453271144,-20.5867009236367,FALSE,number of observations (=51) <= number of random effects (=52) for term (1 + SampleCode | ID2); the random-effects parameters and the residual variance (or scale parameter) are probably unidentifiable,TRUE,FALSE,FALSE,-0.1064568334838,0.0973190089125635,0.274000778491236,-20.5603411764861,0.0527194943013143,0.973984638377173,0.324342839883932,-0.591229103333426,0.346168661038738,0.259275441618631,0.470891215538331,0.467445453271144
Q969X1,TMBIM1,50,26,-0.134692759565851,0.123281588439544,0.27458622334223,0.467445453271144,-35.4297559567857,FALSE,number of observations (=50) <= number of random effects (=52) for term (1 + SampleCode | ID2); the random-effects parameters and the residual variance (or scale parameter) are probably unidentifiable,TRUE,TRUE,FALSE,-0.131859537275919,0.122289016684618,0.280917077935587,-34.2003844023711,2.45874310882904,0.292476325392643,0.27366697008817,-0.999999989496209,0.43112482601842,0.381851778396064,0.479047334890157,0.467445453271144
O43149,ZZEF1,49,26,-0.0760785877866976,0.0696524402094053,0.274718751825371,0.467445453271144,-10.5352821981737,FALSE,number of observations (=49) <= number of random effects (=52) for term (1 + SampleCode | ID2); the random-effects parameters and the residual variance (or scale parameter) are probably unidentifiable,TRUE,FALSE,FALSE,-0.0760782718784729,0.0696593365313461,0.274768263734008,-10.5261870927217,0.0181902109039385,0.990946129911602,0.102409092363651,-0.122770741791356,0.238131060340474,0.226747293878603,0.471685519410046,0.467445453271144
P02748,C9,52,26,-0.0703633194243083,0.0645207732035183,0.275469643022832,0.467560973949144,-16.1393522647873,FALSE,number of observations (=52) <= number of random effects (=52) for term (1 + SampleCode | ID2); the random-effects parameters and the residual variance (or scale parameter) are probably unidentifiable,TRUE,TRUE,FALSE,-0.0714051620210949,0.0645091084712247,0.268336965784569,-15.8887595385016,0.501185452571384,0.778339304154814,0.174807446044071,-0.000902211913371594,0.230081150660535,0.194018369969712,0.464256004632876,0.467560973949144
P28065,PSMB9,48,26,0.166446785365368,0.152688209782466,0.275665150458136,0.467560973949144,-37.0318898304164,FALSE,number of observations (=48) <= number of random effects (=52) for term (1 + SampleCode | ID2); the random-effects parameters and the residual variance (or scale parameter) are probably unidentifiable,TRUE,TRUE,FALSE,0.164535392394084,0.152698434132921,0.28124867670149,-36.2835036274755,1.49677240588181,0.473129471927437,0.52728612952953,-0.886425131010642,0.523383492476474,0.376772478477039,0.47908401929857,0.467560973949144
P39656,DDOST,51,26,-0.113171770992221,0.103823287558194,0.275694528975838,0.467560973949144,-25.9699546544488,FALSE,number of observations (=51) <= number of random effects (=52) for term (1 + SampleCode | ID2); the random-effects parameters and the residual variance (or scale parameter) are probably unidentifiable,TRUE,TRUE,FALSE,-0.11207182702717,0.103477025788812,0.278781794279564,-25.4361307718828,1.06764776513191,0.586358511230538,0.300772666415523,-0.812783278750095,0.369003347341735,0.301267632227353,0.476234686123996,0.467560973949144
Q9H0R4,HDHD2,46,26,-0.0956880009071502,0.0882743495158819,0.278371800514565,0.47154070783724,-9.26857663512066,FALSE,number of observations (=46) <= number of random effects (=52) for term (1 + SampleCode | ID2); the random-effects parameters and the residual variance (or scale parameter) are probably unidentifiable,TRUE,FALSE,FALSE,-0.0957889108744486,0.0919861775866664,0.297717653860629,-8.4852224908529,1.56670828853551,0.456871027128372,0.379666656458163,-0.856912572879969,0.295984634408079,0.163569919556817,0.493534093577974,0.47154070783724
P18085,ARF4,51,26,-0.166221704232752,0.153528750147103,0.278952806589839,0.47154070783724,-45.2716554467019,FALSE,number of observations (=51) <= number of random effects (=52) for term (1 + SampleCode | ID2); the random-effects parameters and the residual variance (or scale parameter) are probably unidentifiable,TRUE,FALSE,FALSE,-0.166206064289272,0.153345721576865,0.278424649133862,-45.1756781886773,0.191954516049151,0.908484676569963,0.48500147636004,-0.684006875356599,0.546007176066434,0.42474803582722,0.476234686123996,0.47154070783724
P27338,MAOB,51,26,-0.121659086956996,0.11236993133379,0.278956768260995,0.47154070783724,-34.921473882462,FALSE,number of observations (=51) <= number of random effects (=52) for term (1 + SampleCode | ID2); the random-effects parameters and the residual variance (or scale parameter) are probably unidentifiable,TRUE,TRUE,FALSE,-0.125326232522865,0.111700509341427,0.261869059242602,-32.7179094840695,4.40712879678497,0.110408914800746,0.283432005906505,-0.999999988607462,0.398011906385307,0.344038311662505,0.457161239016747,0.47154070783724
P04217,A1BG,52,26,0.250256616361698,0.23134485190503,0.279364930321555,0.47171455447738,-69.5805323528552,FALSE,number of observations (=52) <= number of random effects (=52) for term (1 + SampleCode | ID2); the random-effects parameters and the residual variance (or scale parameter) are probably unidentifiable,TRUE,FALSE,FALSE,0.267373889062271,0.228433796652438,0.24181367059451,-67.2647723203833,4.63152006494369,0.0986911470140557,0.878272039284192,-0.0387265254586284,0.830113745139213,0.535532588263478,0.439531907139432,0.47171455447738
P18054,ALOX12,52,26,-0.121842735245411,0.112919632951729,0.280578050478511,0.472456425842375,-39.4083565303471,FALSE,number of observations (=52) <= number of random effects (=52) for term (1 + SampleCode | ID2); the random-effects parameters and the residual variance (or scale parameter) are probably unidentifiable,TRUE,FALSE,FALSE,-0.130089926888137,0.112896251559284,0.249199358960581,-37.8146780330471,3.18735699460005,0.203176849925501,0.367395666469556,0.238694274286673,0.403999116577817,0.309634397582628,0.447958060796123,0.472456425842375
P60660,MYL6,52,26,-0.179077999339391,0.166059537388037,0.280856914292553,0.472456425842375,-47.6340903703206,FALSE,number of observations (=52) <= number of random effects (=52) for term (1 + SampleCode | ID2); the random-effects parameters and the residual variance (or scale parameter) are probably unidentifiable,TRUE,TRUE,FALSE,-0.165620968782018,0.166356253298454,0.319454226710058,-43.3169612270891,8.63425828646298,0.0133381204632316,0.620620479741699,-0.999999045635631,0.596663575914891,0.406791968824379,0.511457803385533,0.472456425842375
Q07812,BAX,48,25,-0.113990371538949,0.105739490759412,0.281020248779311,0.472456425842375,-28.6337796351873,FALSE,number of observations (=48) <= number of random effects (=50) for term (1 + SampleCode | ID2); the random-effects parameters and the residual variance (or scale parameter) are probably unidentifiable,TRUE,FALSE,FALSE,-0.111160894280621,0.107139049395538,0.299484938001115,-27.3082468641811,2.6510655420125,0.265661384695663,0.228014077660239,-0.999476465437849,0.360477963899999,0.329157212522198,0.495400673674221,0.472456425842375
O14656,TOR1A,40,22,0.133250922894331,0.123607777635158,0.281027479190384,0.472456425842375,-23.2161849560845,FALSE,number of observations (=40) <= number of random effects (=44) for term (1 + SampleCode | ID2); the random-effects parameters and the residual variance (or scale parameter) are probably unidentifiable,TRUE,FALSE,FALSE,0.132682806674959,0.12408682389164,0.28494625118506,-23.1146109401955,0.203148031777971,0.903414309854283,0.29062020827809,-0.654529102554576,0.385166170876476,0.326127746074632,0.482192725170774,0.472456425842375
Q9UNN5,FAF1,50,26,0.120987494394428,0.112496572514757,0.282161152288551,0.473846717701969,-31.1466594487255,FALSE,number of observations (=50) <= number of random effects (=52) for term (1 + SampleCode | ID2); the random-effects parameters and the residual variance (or scale parameter) are probably unidentifiable,TRUE,FALSE,FALSE,0.116311193071923,0.111050919303253,0.294929827209797,-30.3004609393725,1.69239701870605,0.429042838089442,0.239595669886328,-0.950535445097666,0.393536771310419,0.352744508217197,0.492130379477593,0.473846717701969
P16885,PLCG2,46,26,-0.105913000516717,0.0987809679526486,0.283629998221752,0.475796251088607,-15.2106388265258,FALSE,number of observations (=46) <= number of random effects (=52) for term (1 + SampleCode | ID2); the random-effects parameters and the residual variance (or scale parameter) are probably unidentifiable,TRUE,FALSE,FALSE,-0.104478997799133,0.0972223124765379,0.282535881130884,-14.7152754287777,0.990726795496116,0.609349430845775,0.322929519640439,-0.846868334480237,0.332874414655296,0.239549088382198,0.479163486659951,0.475796251088607
Q9Y6E0,STK24,52,26,-0.0932803741686165,0.0871053851875726,0.28421843729662,0.475968024982543,-18.3783937908261,FALSE,number of observations (=52) <= number of random effects (=52) for term (1 + SampleCode | ID2); the random-effects parameters and the residual variance (or scale parameter) are probably unidentifiable,TRUE,FALSE,FALSE,-0.092959026561548,0.0871369635670153,0.286055348609324,-18.338655859682,0.0794758622881133,0.961041265137877,0.262524150626266,-0.467664131710775,0.312594251540648,0.251647528416417,0.483539949235674,0.475968024982543
Q8N699,MYCT1,50,26,0.133971426020123,0.125136565255966,0.284348535313196,0.475968024982543,-46.4990049382396,FALSE,number of observations (=50) <= number of random effects (=52) for term (1 + SampleCode | ID2); the random-effects parameters and the residual variance (or scale parameter) are probably unidentifiable,TRUE,FALSE,FALSE,0.131782272229651,0.125090152052499,0.292112637506706,-46.4838075429722,0.0303947905349276,0.98491750235939,0.223430557887111,-0.0880311915033389,0.432135874278595,0.401540602089752,0.490026085719719,0.475968024982543
O94769,ECM2,52,26,0.168250890604589,0.157304109866164,0.284803933457844,0.47621436925581,-53.7620254296632,FALSE,number of observations (=52) <= number of random effects (=52) for term (1 + SampleCode | ID2); the random-effects parameters and the residual variance (or scale parameter) are probably unidentifiable,TRUE,FALSE,FALSE,0.165584096615195,0.157693168658532,0.293699833945335,-53.575618748278,0.372813362770316,0.82993600681633,0.300316699013794,-0.654626558906552,0.563539569390385,0.523635093019532,0.491621065488128,0.47621436925581
P02760,AMBP,52,26,0.141831160618377,0.132910680006506,0.285919296573171,0.477006284674888,-45.4196207764209,FALSE,number of observations (=52) <= number of random effects (=52) for term (1 + SampleCode | ID2); the random-effects parameters and the residual variance (or scale parameter) are probably unidentifiable,TRUE,FALSE,FALSE,0.139219258406084,0.132754315147015,0.294316879730617,-41.2801361864365,8.27896917996876,0.0159310604169505,0.505058478500871,0.417340752813007,0.476064839793019,0.315068763639468,0.492120756692427,0.477006284674888
Q9C0H2,TTYH3,50,26,-0.167272053295501,0.156767883263071,0.285969756668775,0.477006284674888,-44.0598930283018,FALSE,number of observations (=50) <= number of random effects (=52) for term (1 + SampleCode | ID2); the random-effects parameters and the residual variance (or scale parameter) are probably unidentifiable,TRUE,TRUE,FALSE,-0.167615559452036,0.153975168132267,0.276335498808466,-41.9579195954162,4.2039468657713,0.122215007003075,0.539443227753793,-0.91592249484281,0.551665769293983,0.391768298137519,0.473849440243151,0.477006284674888
O15067,PFAS,51,26,-0.105395916185237,0.0988253621455999,0.286203770804933,0.477006284674888,-19.1404055465058,FALSE,number of observations (=51) <= number of random effects (=52) for term (1 + SampleCode | ID2); the random-effects parameters and the residual variance (or scale parameter) are probably unidentifiable,TRUE,FALSE,FALSE,-0.114464320395858,0.115816929340868,0.322995392119978,-17.4562665868859,3.36827791923977,0.18560417586326,0.493085318606668,-0.899651605014438,0.352171691039264,0.224476856591747,0.512875519861631,0.477006284674888
P51648,ALDH3A2,45,25,-0.186194328839867,0.174941688728567,0.287182749421344,0.478122142086182,-39.5526428310034,FALSE,number of observations (=45) <= number of random effects (=50) for term (1 + SampleCode | ID2); the random-effects parameters and the residual variance (or scale parameter) are probably unidentifiable,TRUE,FALSE,FALSE,-0.1921976711336,0.186756072160873,0.303415081961465,-39.3007387114346,0.503808239137669,0.777319264202295,0.716470989305934,-0.830830686366167,0.582753546818634,0.374593697960269,0.500294879007966,0.478122142086182
P01780,IGHV3-7,51,26,0.311175993698171,0.294173805376765,0.290148272259547,0.482370523485909,-79.7946829489175,FALSE,number of observations (=51) <= number of random effects (=52) for term (1 + SampleCode | ID2); the random-effects parameters and the residual variance (or scale parameter) are probably unidentifiable,TRUE,TRUE,FALSE,0.34825194509368,0.284861839167353,0.221507530373263,-76.7325270994194,6.12431169899608,0.0467867212871933,1.14824977901734,0.003834172012903,1.03900925747723,0.604093846868832,0.423550908943924,0.482370523485909
Q96CW1,AP2M1,48,26,-0.0873613255385108,0.0826241137685022,0.290358955884722,0.482370523485909,-10.5690658515288,FALSE,number of observations (=48) <= number of random effects (=52) for term (1 + SampleCode | ID2); the random-effects parameters and the residual variance (or scale parameter) are probably unidentifiable,TRUE,FALSE,FALSE,-0.0896909581184428,0.0852249188591765,0.292614704521743,-7.02962358030144,7.07888454245469,0.0290295131628031,0.309911298603413,0.00173810704524151,0.284074320198829,0.189859754214281,0.490335920266912,0.482370523485909
Q12982,BNIP2,46,26,-0.113366499208866,0.107377698087113,0.29107183107523,0.483035423212922,-34.0642933285707,FALSE,number of observations (=46) <= number of random effects (=52) for term (1 + SampleCode | ID2); the random-effects parameters and the residual variance (or scale parameter) are probably unidentifiable,TRUE,TRUE,FALSE,-0.109072861993574,0.108281429468603,0.313786290350416,-33.4468467980827,1.23489306097616,0.539319817563274,0.140099637995564,-0.999924359372491,0.345353350369224,0.334745719990042,0.508175910473157,0.483035423212922
Q9Y2Q0,ATP8A1,50,26,-0.0736227616068733,0.0698128161764707,0.291620325943116,0.483040047110219,-9.4833236584846,FALSE,number of observations (=50) <= number of random effects (=52) for term (1 + SampleCode | ID2); the random-effects parameters and the residual variance (or scale parameter) are probably unidentifiable,TRUE,FALSE,FALSE,-0.0728548226119787,0.069808587701258,0.2966533837371,-9.39159127274493,0.183464771479336,0.912349274554241,0.140822093736665,-0.573188986575994,0.244215604731777,0.223681130692377,0.492298042829022,0.483040047110219
P09669,COX6C,46,26,0.1722032318964,0.16341777364849,0.291992478371402,0.483040047110219,-38.0299492553578,FALSE,number of observations (=46) <= number of random effects (=52) for term (1 + SampleCode | ID2); the random-effects parameters and the residual variance (or scale parameter) are probably unidentifiable,TRUE,FALSE,FALSE,0.144490468450497,0.201945405066659,0.47430463373947,-34.537529986606,6.98483853750375,0.0304271715510191,0.918177411316471,-0.954734126024671,0.553108825371188,0.281704941835349,0.652538431992415,0.483040047110219
P54709,ATP1B3,50,26,-0.0892479634993449,0.0846982385466929,0.292012559223912,0.483040047110219,-20.0869183565546,FALSE,number of observations (=50) <= number of random effects (=52) for term (1 + SampleCode | ID2); the random-effects parameters and the residual variance (or scale parameter) are probably unidentifiable,TRUE,FALSE,FALSE,-0.0891899773661052,0.0845301677386726,0.291367704493923,-20.0272933096798,0.119250093749642,0.942117717348839,0.18959002513278,-0.149523726025168,0.295993165117147,0.262397431989806,0.490026085719719,0.483040047110219
P12109,COL6A1,52,26,0.131589259855981,0.12581197059628,0.295597956486472,0.487965328948086,-43.6079225594808,FALSE,number of observations (=52) <= number of random effects (=52) for term (1 + SampleCode | ID2); the random-effects parameters and the residual variance (or scale parameter) are probably unidentifiable,TRUE,FALSE,FALSE,0.130198029814158,0.125940000310716,0.30122500284685,-43.2710410722965,0.673762974368586,0.713993452263221,0.349501984984985,-0.0747537559870679,0.450429075502727,0.377179272910484,0.497746127698805,0.487965328948086
Q14139,UBE4A,49,26,-0.0721245891737326,0.0690318311070365,0.296114530739511,0.487965328948086,-2.60785103514835,FALSE,number of observations (=49) <= number of random effects (=52) for term (1 + SampleCode | ID2); the random-effects parameters and the residual variance (or scale parameter) are probably unidentifiable,TRUE,FALSE,FALSE,-0.0715929306791719,0.0688379341300112,0.298329917615017,-2.57254449010561,0.0706130900854838,0.965309460068237,0.213566318736079,-0.662634501275182,0.238946855169834,0.184915919431772,0.494018995407505,0.487965328948086
P35613,BSG,47,26,0.0801620183288253,0.0767465143075262,0.296252407212082,0.487965328948086,-17.3135136024104,FALSE,number of observations (=47) <= number of random effects (=52) for term (1 + SampleCode | ID2); the random-effects parameters and the residual variance (or scale parameter) are probably unidentifiable,TRUE,FALSE,FALSE,0.0809610168233473,0.0767596360102937,0.291546884599357,-17.3094421727033,0.00814285941430626,0.995936847325848,0.113995227061731,-0.122702383316698,0.254642106043539,0.241336168920952,0.490026085719719,0.487965328948086
Q7Z460,CLASP1,45,25,-0.128143152298971,0.122683539771134,0.296253384176896,0.487965328948086,-28.488582372892,FALSE,number of observations (=45) <= number of random effects (=50) for term (1 + SampleCode | ID2); the random-effects parameters and the residual variance (or scale parameter) are probably unidentifiable,TRUE,FALSE,FALSE,-0.127283035012713,0.121797055813988,0.296003572825223,-28.4636461660719,0.0498724136401094,0.975372132133641,0.298809794039391,-0.571222663237408,0.403232645394357,0.341614871674131,0.492298042829022,0.487965328948086
P37840,SNCA,52,26,-0.11898250176434,0.114191421830734,0.297431816581775,0.489384618337425,-38.702129493232,FALSE,number of observations (=52) <= number of random effects (=52) for term (1 + SampleCode | ID2); the random-effects parameters and the residual variance (or scale parameter) are probably unidentifiable,TRUE,TRUE,FALSE,-0.120841092384455,0.113911638613414,0.288766332692721,-37.5565698134183,2.2911193596273,0.318045864118582,0.21076526062237,-0.997316027028773,0.408800346363644,0.379907852200446,0.487589053563119,0.489384618337425
P34931,HSPA1L,42,24,0.205450576613679,0.197673115234408,0.298644283611487,0.490841537962637,-40.8238026830869,FALSE,number of observations (=42) <= number of random effects (=48) for term (1 + SampleCode | ID2); the random-effects parameters and the residual variance (or scale parameter) are probably unidentifiable,TRUE,FALSE,FALSE,0.203969488296872,0.199140674598097,0.305718032137864,-40.8173905059148,0.0128243543442892,0.993608336965717,0.647085671929389,-0.731625402830137,0.639580215428676,0.455256237697986,0.503018487383386,0.490841537962637
P42574,CASP3,44,26,-0.16805071881548,0.161792277773492,0.298952677814137,0.490841537962637,-34.8575913610107,FALSE,number of observations (=44) <= number of random effects (=52) for term (1 + SampleCode | ID2); the random-effects parameters and the residual variance (or scale parameter) are probably unidentifiable,TRUE,FALSE,FALSE,-0.169532946893467,0.170809909901553,0.320941943987436,-33.9851797900108,1.7448231419998,0.417942435105367,0.707537075397651,-0.861462214706332,0.534341277493587,0.285710990033657,0.512159868770713,0.490841537962637
O14980,XPO1,52,26,-0.121143724908174,0.116904320516864,0.30007905163455,0.492167871311443,-31.8737232761927,FALSE,number of observations (=52) <= number of random effects (=52) for term (1 + SampleCode | ID2); the random-effects parameters and the residual variance (or scale parameter) are probably unidentifiable,TRUE,FALSE,FALSE,-0.118059612422159,0.116967897268041,0.312814738460159,-31.5721159504638,0.60321465145779,0.739628440933132,0.377670985704772,-0.765533490893774,0.419765443399924,0.324238682194983,0.508175910473157,0.492167871311443
P56192,MARS1,46,25,-0.111566397652,0.108004496505387,0.301613635913063,0.494160198818327,-23.2310072990814,FALSE,number of observations (=46) <= number of random effects (=50) for term (1 + SampleCode | ID2); the random-effects parameters and the residual variance (or scale parameter) are probably unidentifiable,TRUE,FALSE,FALSE,-0.112836475577279,0.107811105491227,0.295278227686556,-22.9413913958034,0.579231806555988,0.748551028364907,0.277400111913797,-0.761084635629258,0.36233360581117,0.306056815423916,0.492130379477593,0.494160198818327
P13645,KRT10,43,23,-0.324857497865976,0.31548720463155,0.303150374456389,0.496151831075339,-64.1757166383285,FALSE,number of observations (=43) <= number of random effects (=46) for term (1 + SampleCode | ID2); the random-effects parameters and the residual variance (or scale parameter) are probably unidentifiable,TRUE,FALSE,FALSE,-0.317074063335451,0.318259999977076,0.319117185436783,-60.8982379022037,6.55495747224965,0.037723247269441,1.08501222990136,-0.959840744579841,1.02768585399498,0.68902812761762,0.511457803385533,0.496151831075339
P08603,CFH,52,26,0.207633630851035,0.202047627190899,0.304115923624062,0.497205398940927,-57.1407740134552,FALSE,number of observations (=52) <= number of random effects (=52) for term (1 + SampleCode | ID2); the random-effects parameters and the residual variance (or scale parameter) are probably unidentifiable,TRUE,TRUE,FALSE,0.22218195419275,0.210768709830167,0.291813989658602,-53.9107509814457,6.46004606401907,0.0395565877102015,0.794747350817979,-0.560161392984829,0.72609276670883,0.509004092323226,0.490026085719719,0.497205398940927
Q13459,MYO9B,45,25,-0.0662790892621287,0.0647744731582073,0.30619980427959,0.500083189864658,5.1512931622922,FALSE,number of observations (=45) <= number of random effects (=50) for term (1 + SampleCode | ID2); the random-effects parameters and the residual variance (or scale parameter) are probably unidentifiable,TRUE,FALSE,FALSE,-0.0643578362291686,0.0662300904118547,0.331184358511056,5.17394757520662,0.0453088258288545,0.977600271431048,0.229585626374851,-0.723242739256429,0.215798168204399,0.150154760168947,0.522122279489368,0.500083189864658
Q86UP2,KTN1,48,26,-0.057945379011066,0.0568055856744605,0.307697724274433,0.501998927142554,-0.982383127675607,FALSE,number of observations (=48) <= number of random effects (=52) for term (1 + SampleCode | ID2); the random-effects parameters and the residual variance (or scale parameter) are probably unidentifiable,TRUE,TRUE,FALSE,-0.0564021788782617,0.0562618786221557,0.31610520769391,-0.682103384812489,0.600559485726237,0.740611011055673,0.081347424195468,-0.836103023804376,0.190224165207277,0.180666440366095,0.510326589223711,0.501998927142554
O14744,PRMT5,45,26,0.112039134045676,0.110009544435533,0.308464524347276,0.502331864458969,-22.0180741249338,FALSE,number of observations (=45) <= number of random effects (=52) for term (1 + SampleCode | ID2); the random-effects parameters and the residual variance (or scale parameter) are probably unidentifiable,TRUE,FALSE,FALSE,0.113731332954151,0.110665412852923,0.304088892201256,-21.9159840885419,0.204180072783721,0.902948249806419,0.288047200813433,-0.36122421024146,0.357985455770825,0.292353752063077,0.500871362954095,0.502331864458969
O15357,INPPL1,46,25,-0.0771826085760318,0.0758176606500627,0.308676514205018,0.502331864458969,-4.23335323204924,FALSE,number of observations (=46) <= number of random effects (=50) for term (1 + SampleCode | ID2); the random-effects parameters and the residual variance (or scale parameter) are probably unidentifiable,TRUE,FALSE,FALSE,-0.0747651800863869,0.0745758003527981,0.316083134709294,-2.9844995479025,2.49770736829348,0.2868334101622,0.235752434429515,-0.898195663468586,0.253330437003153,0.188129076899199,0.510326589223711,0.502331864458969
Q16698,DECR1,48,25,-0.218350746543166,0.214754066439176,0.309273371544482,0.502331864458969,-67.8343256749033,FALSE,number of observations (=48) <= number of random effects (=50) for term (1 + SampleCode | ID2); the random-effects parameters and the residual variance (or scale parameter) are probably unidentifiable,TRUE,TRUE,FALSE,-0.212561476683853,0.214285064578126,0.321218713811535,-67.8017879890123,0.065075371782001,0.967985969730172,0.215595033087549,-0.450027557776391,0.732915183280342,0.716445800561909,0.512159868770713,0.502331864458969
O14974,PPP1R12A,51,26,-0.0640684672457145,0.0630260248861281,0.309372370712462,0.502331864458969,3.79972795103869,FALSE,number of observations (=51) <= number of random effects (=52) for term (1 + SampleCode | ID2); the random-effects parameters and the residual variance (or scale parameter) are probably unidentifiable,TRUE,TRUE,TRUE,-0.0646814217656201,0.0634306052814098,0.307861535756191,4.67364679758212,1.74783769308686,0.417312955213328,0.164471836178159,,0.224598031130197,0.19316514226757,0.50487324762062,0.502331864458969
O75298,RTN2,50,26,-0.171404365204149,0.168669548278806,0.309527465996724,0.502331864458969,-46.5707819984432,FALSE,number of observations (=50) <= number of random effects (=52) for term (1 + SampleCode | ID2); the random-effects parameters and the residual variance (or scale parameter) are probably unidentifiable,TRUE,FALSE,FALSE,-0.171796863630391,0.169596838495996,0.311073493241191,-46.3572218565342,0.427120283817956,0.807703581854481,0.530354417078654,-0.504767324209756,0.59420772315783,0.463017697842421,0.507506385488533,0.502331864458969
Q99613;B5ME19,EIF3C;EIF3CL,51,26,0.117210421157979,0.115765957507383,0.31130982451387,0.504694311515141,-27.2094353985668,FALSE,number of observations (=51) <= number of random effects (=52) for term (1 + SampleCode | ID2); the random-effects parameters and the residual variance (or scale parameter) are probably unidentifiable,TRUE,FALSE,FALSE,0.11559436626423,0.122350728615857,0.344771851919598,-26.9047913015981,0.609288193937474,0.737385765525119,0.49502656898059,-0.728224912039618,0.4125407904915,0.260500451329435,0.536427503741973,0.504694311515141
P10321,HLA-C,42,22,0.244859940993157,0.242061563262175,0.311748190778387,0.504875214625375,-58.5173114911665,FALSE,number of observations (=42) <= number of random effects (=44) for term (1 + SampleCode | ID2); the random-effects parameters and the residual variance (or scale parameter) are probably unidentifiable,TRUE,FALSE,FALSE,0.246156212523873,0.241867735163834,0.308805966991253,-58.5050296746847,0.024563632963563,0.987793297200968,0.327019570877296,-0.36624574596086,0.775014371486039,0.739040318945793,0.50487324762062,0.504875214625375
Q96IX5,ATP5MK,43,25,-0.143732461129037,0.14224815314064,0.312287099714369,0.505218396920104,-27.7141651021589,FALSE,number of observations (=43) <= number of random effects (=50) for term (1 + SampleCode | ID2); the random-effects parameters and the residual variance (or scale parameter) are probably unidentifiable,TRUE,FALSE,FALSE,-0.141391533354317,0.150689521856734,0.348091776961143,-27.4349296710743,0.558470862169095,0.756361811170154,0.552792179679274,-0.82059488961179,0.460969653494661,0.306017605802897,0.539420055571681,0.505218396920104
P01591,JCHAIN,48,26,0.466079210383251,0.462121979028331,0.313184175573372,0.505670781741117,-90.5841814726796,FALSE,number of observations (=48) <= number of random effects (=52) for term (1 + SampleCode | ID2); the random-effects parameters and the residual variance (or scale parameter) are probably unidentifiable,TRUE,FALSE,FALSE,0.501187686218045,0.496552521616018,0.312814147900891,-89.6966388587176,1.775085227924,0.411666133404786,2.06661646173986,-0.871733606617909,1.59716776553248,0.938456144275618,0.508175910473157,0.505670781741117
Q9Y2L6,FRMD4B,49,26,-0.0825184583077154,0.0818241182485797,0.313221319175566,0.505670781741117,-8.10842826734569,FALSE,number of observations (=49) <= number of random effects (=52) for term (1 + SampleCode | ID2); the random-effects parameters and the residual variance (or scale parameter) are probably unidentifiable,TRUE,FALSE,FALSE,-0.0869968972275001,0.0924544150725918,0.346719865838781,-6.55727781906426,3.10230089656287,0.212003933914581,0.393056094690354,-0.906956374141185,0.285515087528065,0.172710026024919,0.53858542649429,0.505670781741117
P78417,GSTO1,52,26,0.101145196947267,0.100553599673955,0.314471661287295,0.506489604857908,-31.569158451761,FALSE,number of observations (=52) <= number of random effects (=52) for term (1 + SampleCode | ID2); the random-effects parameters and the residual variance (or scale parameter) are probably unidentifiable,TRUE,FALSE,FALSE,0.101655429395363,0.100484219136683,0.311702721182809,-30.254410733118,2.62949543728605,0.268542062850177,0.201045623642764,-0.997371910927396,0.360062609403071,0.330864010479973,0.507996523446667,0.506489604857908
Q9H479,FN3K,50,26,-0.125925947738221,0.125213945045008,0.314566500678391,0.506489604857908,-42.326907205188,FALSE,number of observations (=50) <= number of random effects (=52) for term (1 + SampleCode | ID2); the random-effects parameters and the residual variance (or scale parameter) are probably unidentifiable,TRUE,FALSE,FALSE,-0.122798194899145,0.125970177681904,0.329649766064384,-42.2190112613754,0.215791887625144,0.897721004995635,0.123924230784562,-0.694897185386509,0.435761420788386,0.428442075168025,0.521832877632657,0.506489604857908
O00592,PODXL,43,23,0.299969982556278,0.298500842453417,0.31493454077478,0.506489604857908,-60.6959489212031,FALSE,number of observations (=43) <= number of random effects (=46) for term (1 + SampleCode | ID2); the random-effects parameters and the residual variance (or scale parameter) are probably unidentifiable,TRUE,FALSE,FALSE,0.305158065422992,0.302703107666131,0.313401601079845,-59.9300264468906,1.53184494862508,0.464904870305386,0.961919756034035,-0.876508280782774,0.973863586161161,0.712621606215119,0.508175910473157,0.506489604857908
O15126,SCAMP1,51,26,-0.0854988599884144,0.0851238980641635,0.315183491044042,0.506489604857908,-28.1428737236594,FALSE,number of observations (=51) <= number of random effects (=52) for term (1 + SampleCode | ID2); the random-effects parameters and the residual variance (or scale parameter) are probably unidentifiable,TRUE,TRUE,TRUE,-0.0856611169699178,0.0839770992104567,0.307703184319326,-26.3759814702984,3.53378450672216,0.170863163997277,0.178398499093747,-1,0.299690595533121,0.269703946586758,0.50487324762062,0.506489604857908
O75955,FLOT1,51,26,-0.0979228118726487,0.0975304690283628,0.315367637458452,0.506489604857908,-18.4677440223498,FALSE,number of observations (=51) <= number of random effects (=52) for term (1 + SampleCode | ID2); the random-effects parameters and the residual variance (or scale parameter) are probably unidentifiable,TRUE,FALSE,FALSE,-0.098451605412178,0.0986807272677681,0.318435451820481,-18.0699724363113,0.795543172077061,0.671815462169142,0.358096445257515,-0.833189128792364,0.347557240973899,0.245117031973488,0.511457803385533,0.506489604857908
P02765,AHSG,52,26,0.319932236310397,0.319048140111122,0.31597134318437,0.506577674863857,-81.4792820736281,FALSE,number of observations (=52) <= number of random effects (=52) for term (1 + SampleCode | ID2); the random-effects parameters and the residual variance (or scale parameter) are probably unidentifiable,TRUE,TRUE,FALSE,0.321597108196712,0.318636076234486,0.312834216121674,-81.228711812383,0.501140522490289,0.778356789775248,1.11557670561546,-0.789973807488169,1.1463935324334,0.829930013828017,0.508175910473157,0.506577674863857
Q9ULC5,ACSL5,46,26,0.125523520123998,0.125241917031173,0.316223601802604,0.506577674863857,-34.9728216647621,FALSE,number of observations (=46) <= number of random effects (=52) for term (1 + SampleCode | ID2); the random-effects parameters and the residual variance (or scale parameter) are probably unidentifiable,TRUE,FALSE,FALSE,0.126536615161092,0.127671367006922,0.321630927468682,-34.7732741045225,0.399095120479274,0.819101263234149,0.302235528369155,-0.0881779662717322,0.409146922061737,0.353040608597171,0.512288436019705,0.506577674863857
P12236,SLC25A6,51,26,-0.152805673777512,0.152520377642661,0.316406120546034,0.506577674863857,-44.7655662493603,FALSE,number of observations (=51) <= number of random effects (=52) for term (1 + SampleCode | ID2); the random-effects parameters and the residual variance (or scale parameter) are probably unidentifiable,TRUE,FALSE,FALSE,-0.15152646077238,0.152196026058515,0.319444224256657,-44.6579309961904,0.21527050633965,0.897955062968471,0.496084544058999,-0.69491539981646,0.542366536789119,0.41293767574786,0.511457803385533,0.506577674863857
Q9HBL0,TNS1,51,26,-0.0810797210266073,0.0815902121707433,0.32034789032592,0.512190745086057,-21.0489376480219,FALSE,number of observations (=51) <= number of random effects (=52) for term (1 + SampleCode | ID2); the random-effects parameters and the residual variance (or scale parameter) are probably unidentifiable,TRUE,FALSE,FALSE,-0.0814494549586412,0.0815061169569884,0.317647054640044,-21.0337948644956,0.0302855670526654,0.984971291887821,0.118561517586041,-0.355558512874145,0.288446785647624,0.275836957036236,0.51121322856132,0.512190745086057
Q6UXB8,PI16,52,26,0.113465100050679,0.114307597852032,0.320890516000806,0.512190745086057,-40.2976344358645,FALSE,number of observations (=52) <= number of random effects (=52) for term (1 + SampleCode | ID2); the random-effects parameters and the residual variance (or scale parameter) are probably unidentifiable,TRUE,FALSE,FALSE,0.110313140573971,0.113815339902154,0.332430890104492,-38.9107477190177,2.77377343369356,0.249851954920282,0.351060620956488,0.230211667164107,0.408913447018044,0.322963999046835,0.523553236708909,0.512190745086057
P20340,RAB6A,45,26,-0.168523600815998,0.169780547697773,0.320906563911523,0.512190745086057,-46.3332275857501,FALSE,number of observations (=45) <= number of random effects (=52) for term (1 + SampleCode | ID2); the random-effects parameters and the residual variance (or scale parameter) are probably unidentifiable,TRUE,FALSE,FALSE,-0.169670286305401,0.169102128158242,0.315687267656896,-46.307320387885,0.0518143957302328,0.974425514180889,0.338559423818804,-0.218037230350926,0.54865561606662,0.493456028191697,0.510326589223711,0.512190745086057
Q14BN4,SLMAP,50,26,0.102964781462402,0.104031527051166,0.322298314585402,0.51343474645371,-26.3828696056978,FALSE,number of observations (=50) <= number of random effects (=52) for term (1 + SampleCode | ID2); the random-effects parameters and the residual variance (or scale parameter) are probably unidentifiable,TRUE,FALSE,FALSE,0.102592761928331,0.103177807491735,0.320062364150583,-25.1719842513911,2.42177070861343,0.297933386021114,0.231400676746642,-0.994468557627105,0.365060467495,0.326231708373046,0.51190098614146,0.51343474645371
Q15276,RABEP1,46,25,-0.0843644506543294,0.0853236847635553,0.322781702663641,0.51343474645371,-10.5549349723235,FALSE,number of observations (=46) <= number of random effects (=50) for term (1 + SampleCode | ID2); the random-effects parameters and the residual variance (or scale parameter) are probably unidentifiable,TRUE,FALSE,FALSE,-0.0844647705592863,0.0854452937536744,0.322895817198314,-10.5414801366689,0.0269096713092978,0.986635276047813,0.270980054894018,-0.588040263292181,0.28744823331323,0.214491364856886,0.512875519861631,0.51343474645371
P01718,IGLV3-27,49,26,0.216543197187358,0.219070557117283,0.322925818955999,0.51343474645371,-67.3112571118085,FALSE,number of observations (=49) <= number of random effects (=52) for term (1 + SampleCode | ID2); the random-effects parameters and the residual variance (or scale parameter) are probably unidentifiable,TRUE,FALSE,FALSE,0.202606144498692,0.218208120501969,0.353148494448257,-63.6090717837507,7.4043706561155,0.024669556446839,0.738985876334338,0.526277287123235,0.753865980322494,0.534205521538337,0.543984992542855,0.51343474645371
O75592,MYCBP2,40,24,-0.0950232542811393,0.0961500782846669,0.323015257963111,0.51343474645371,-11.6533375017448,FALSE,number of observations (=40) <= number of random effects (=48) for term (1 + SampleCode | ID2); the random-effects parameters and the residual variance (or scale parameter) are probably unidentifiable,TRUE,FALSE,FALSE,-0.0957639822259573,0.0957351317410067,0.31716469052845,-11.6167145951835,0.0732458131226963,0.964039599822406,0.282278701073911,-0.655341564201617,0.298394882278135,0.220708490274244,0.5110929624431,0.51343474645371
P00367,GLUD1,50,26,-0.0846600146366625,0.0858402399097912,0.324010002998961,0.514486592634527,-11.1602199053439,FALSE,number of observations (=50) <= number of random effects (=52) for term (1 + SampleCode | ID2); the random-effects parameters and the residual variance (or scale parameter) are probably unidentifiable,TRUE,FALSE,FALSE,-0.086561675985477,0.0905369203824933,0.339025473288868,-10.816634840901,0.687170128885786,0.709223148906347,0.355468470974364,-0.711573404146953,0.302481810136984,0.196749119453779,0.529620178191407,0.514486592634527
P05543,SERPINA7,52,26,0.25464013108992,0.258898673317995,0.325336171826857,0.516061997405025,-70.2267504368479,FALSE,number of observations (=52) <= number of random effects (=52) for term (1 + SampleCode | ID2); the random-effects parameters and the residual variance (or scale parameter) are probably unidentifiable,TRUE,FALSE,FALSE,0.256032218182486,0.258602948080462,0.322145202406878,-70.0216276152419,0.410245643211965,0.814547266263989,0.974379344439398,-0.611875110781357,0.930354035369952,0.623612274827079,0.512579132562952,0.516061997405025
Q05209,PTPN12,52,26,-0.0673209958969029,0.0687706437556234,0.327619241174541,0.518721856191716,-14.8845832954857,FALSE,number of observations (=52) <= number of random effects (=52) for term (1 + SampleCode | ID2); the random-effects parameters and the residual variance (or scale parameter) are probably unidentifiable,TRUE,FALSE,FALSE,-0.0642718781110427,0.0697854164279184,0.357054096050327,-12.7046242324884,4.35991812599451,0.113046158316621,0.23005129129311,0.382565895387212,0.245886934859369,0.189648121444352,0.547813881229152,0.518721856191716
P61019,RAB2A,44,25,-0.0997294266203376,0.10189067941636,0.327684486500398,0.518721856191716,-14.5080462508223,FALSE,number of observations (=44) <= number of random effects (=50) for term (1 + SampleCode | ID2); the random-effects parameters and the residual variance (or scale parameter) are probably unidentifiable,TRUE,FALSE,FALSE,-0.096013898841615,0.10840120449502,0.375764530026216,-13.821453561784,1.37318537807652,0.503288009604944,0.426911867421647,-0.875369611255889,0.336482139247513,0.203709506145237,0.56327398103169,0.518721856191716
P02675,FGB,52,26,-0.0932557705646312,0.0953977037327984,0.328298258121812,0.518737873262761,-22.5021428324812,FALSE,number of observations (=52) <= number of random effects (=52) for term (1 + SampleCode | ID2); the random-effects parameters and the residual variance (or scale parameter) are probably unidentifiable,TRUE,FALSE,FALSE,-0.0968779464122653,0.0950670021754185,0.308179639993511,-21.2699328598561,2.46441994525009,0.291647332335569,0.256843896846294,0.339374432639956,0.342418628097123,0.28898853071455,0.50487324762062,0.518737873262761
Q6DD88,ATL3,51,26,-0.114590638441667,0.11728660573835,0.328562294781385,0.518737873262761,-33.2786667680109,FALSE,number of observations (=51) <= number of random effects (=52) for term (1 + SampleCode | ID2); the random-effects parameters and the residual variance (or scale parameter) are probably unidentifiable,TRUE,TRUE,FALSE,-0.114204339026064,0.117519544997973,0.331154945408855,-33.2520951171424,0.0531433017369807,0.97377826927715,0.337153850779153,-0.452461489500874,0.41655319719264,0.342321872206761,0.522122279489368,0.518737873262761
P52597,HNRNPF,47,26,-0.127168453435757,0.130203923639435,0.328724232401065,0.518737873262761,-28.6684097769146,FALSE,number of observations (=47) <= number of random effects (=52) for term (1 + SampleCode | ID2); the random-effects parameters and the residual variance (or scale parameter) are probably unidentifiable,TRUE,TRUE,TRUE,-0.124634930005026,0.128235690105148,0.331089968644396,-25.2862771746655,6.76426520449823,0.0339749224248289,0.472162607236295,-1,0.445315451695405,0.296755400158435,0.522122279489368,0.518737873262761
P51809,VAMP7,51,26,-0.0782368025366948,0.0801562085928799,0.329037615402916,0.518737873262761,-15.8722246257989,FALSE,number of observations (=51) <= number of random effects (=52) for term (1 + SampleCode | ID2); the random-effects parameters and the residual variance (or scale parameter) are probably unidentifiable,TRUE,FALSE,FALSE,-0.079740607545536,0.0800284766322623,0.319054416360629,-15.5343813804838,0.675686490630319,0.713307093363653,0.235500264674686,-0.147848303369057,0.284287385143361,0.228942625210756,0.511457803385533,0.518737873262761
Q8WWI5,SLC44A1,52,26,-0.087261304582585,0.0897713975054873,0.331031118497482,0.520035096726105,-14.9564481148016,FALSE,number of observations (=52) <= number of random effects (=52) for term (1 + SampleCode | ID2); the random-effects parameters and the residual variance (or scale parameter) are probably unidentifiable,TRUE,FALSE,FALSE,-0.0865457261341367,0.100563729210004,0.389455204091381,-13.9497864139449,2.01332340171333,0.365436883211301,0.439402704493669,-0.807371078186987,0.322608898170785,0.185487827689893,0.574126160461218,0.520035096726105
O15144,ARPC2,52,26,-0.0385044335563326,0.0396179320375165,0.331103245889109,0.520035096726105,2.46152377161369,FALSE,number of observations (=52) <= number of random effects (=52) for term (1 + SampleCode | ID2); the random-effects parameters and the residual variance (or scale parameter) are probably unidentifiable,TRUE,FALSE,FALSE,-0.0337934788412601,0.0395849932709409,0.393274453135137,3.6107023799898,2.29835721675222,0.316896959013401,0.0801599977769492,-0.894400486214925,0.140605519473924,0.128850044691626,0.578124671830435,0.520035096726105
P19404,NDUFV2,41,25,-0.212652394537777,0.218815592318159,0.331133224240328,0.520035096726105,-47.0629501209329,FALSE,number of observations (=41) <= number of random effects (=50) for term (1 + SampleCode | ID2); the random-effects parameters and the residual variance (or scale parameter) are probably unidentifiable,TRUE,FALSE,FALSE,-0.212872099535622,0.218954706705275,0.330941216018535,-47.0450532998321,0.0357936422014831,0.982262375880681,0.577777658019805,-0.476234368178227,0.683631134083745,0.548062715123424,0.522122279489368,0.520035096726105
Q9NT62,ATG3,45,26,0.205711970599751,0.211706235930056,0.331206818885752,0.520035096726105,-49.639653727194,FALSE,number of observations (=45) <= number of random effects (=52) for term (1 + SampleCode | ID2); the random-effects parameters and the residual variance (or scale parameter) are probably unidentifiable,TRUE,TRUE,FALSE,0.207011510002659,0.208463606222309,0.320693242362244,-48.4592384895141,2.36083047535985,0.307151171377817,0.643886729485215,-0.916835779816697,0.704429929083057,0.534713759762286,0.512159868770713,0.520035096726105
P55056,APOC4,52,26,0.129279013863676,0.133301307804559,0.332133456110187,0.520583177169374,-47.4059429218974,FALSE,number of observations (=52) <= number of random effects (=52) for term (1 + SampleCode | ID2); the random-effects parameters and the residual variance (or scale parameter) are probably unidentifiable,TRUE,TRUE,FALSE,0.130751234084883,0.133258575406459,0.326501820339626,-47.0571108260783,0.697664191638168,0.705511578669429,0.199233353201794,-0.793091779126585,0.47706572637977,0.455781536309484,0.517910998382672,0.520583177169374
P19784,CSNK2A2,46,26,-0.110484232851631,0.114012438957239,0.332518147283543,0.520583177169374,-30.4443153984762,FALSE,number of observations (=46) <= number of random effects (=52) for term (1 + SampleCode | ID2); the random-effects parameters and the residual variance (or scale parameter) are probably unidentifiable,TRUE,TRUE,TRUE,-0.1099838443901,0.109968167233683,0.317241521671801,-29.4447346011668,1.99916159461882,0.368033689551403,0.205035411790545,-1,0.372296654881732,0.339775754183732,0.5110929624431,0.520583177169374
P60709;P63261,ACTB;ACTG1,52,26,-0.104944657242694,0.108367904998029,0.332839212502933,0.520583177169374,-30.5585255143146,FALSE,number of observations (=52) <= number of random effects (=52) for term (1 + SampleCode | ID2); the random-effects parameters and the residual variance (or scale parameter) are probably unidentifiable,TRUE,FALSE,FALSE,-0.103951636517103,0.108379891748773,0.337487537999141,-30.0308885516099,1.05527392540944,0.58999750983807,0.253034910762136,-0.823094515977581,0.388792689429805,0.345345167633773,0.528821750718735,0.520583177169374
P28288,ABCD3,43,26,0.151430971758971,0.156499956183338,0.333239024215415,0.520583177169374,-34.2440809148865,FALSE,number of observations (=43) <= number of random effects (=52) for term (1 + SampleCode | ID2); the random-effects parameters and the residual variance (or scale parameter) are probably unidentifiable,TRUE,FALSE,FALSE,0.150487760836759,0.15418213864486,0.329045201045556,-34.0646049156829,0.358951998407193,0.835708008360221,0.508316725790737,-0.72701255046782,0.502222533803372,0.346344775760627,0.521410087810649,0.520583177169374
O14920,IKBKB,46,25,-0.147612626472959,0.152554300468218,0.333240622796447,0.520583177169374,-34.6732683794064,FALSE,number of observations (=46) <= number of random effects (=50) for term (1 + SampleCode | ID2); the random-effects parameters and the residual variance (or scale parameter) are probably unidentifiable,TRUE,TRUE,FALSE,-0.143984843606575,0.166564560328565,0.387346968823191,-30.8223910015895,7.70175475563367,0.0212610742577668,0.608752379779948,-0.541778660093864,0.514185168035634,0.345361064934041,0.573340736814579,0.520583177169374
Q9H4M9,EHD1,52,26,0.0920318428619407,0.0953885285999064,0.334639794137596,0.522074825374616,-25.3841122146905,FALSE,number of observations (=52) <= number of random effects (=52) for term (1 + SampleCode | ID2); the random-effects parameters and the residual variance (or scale parameter) are probably unidentifiable,TRUE,TRUE,FALSE,0.0896791317592824,0.0949055421560922,0.344694410974572,-23.5321015009377,3.70402142750553,0.156921325020502,0.233715256187968,-0.998791411234297,0.342049023257375,0.297804631790425,0.536427503741973,0.522074825374616
O75821,EIF3G,45,24,0.192121168564837,0.199223821692504,0.334871295758087,0.522074825374616,-50.2148568338039,FALSE,number of observations (=45) <= number of random effects (=48) for term (1 + SampleCode | ID2); the random-effects parameters and the residual variance (or scale parameter) are probably unidentifiable,TRUE,TRUE,TRUE,0.169891396719853,0.193804607007952,0.380697552054369,-48.1103811953771,4.20895127685363,0.121909582212497,0.563545621343847,-0.999999996252413,0.656994297954364,0.516244037457983,0.566222876392679,0.522074825374616
O95822,MLYCD,41,24,-0.145844185127559,0.152238359366197,0.338063298940869,0.526058404504897,-28.0417800576926,FALSE,number of observations (=41) <= number of random effects (=48) for term (1 + SampleCode | ID2); the random-effects parameters and the residual variance (or scale parameter) are probably unidentifiable,TRUE,TRUE,FALSE,-0.175324328674857,0.156402574658177,0.262295911595789,-25.4640765699245,5.15540697553618,0.0759482199178442,0.503489496321435,-0.230213485682057,0.479508969860067,0.339902679294899,0.457389597534418,0.526058404504897
P04275,VWF,52,26,-0.21638127778472,0.225948971104917,0.338236496598656,0.526058404504897,-66.8652192735407,FALSE,number of observations (=52) <= number of random effects (=52) for term (1 + SampleCode | ID2); the random-effects parameters and the residual variance (or scale parameter) are probably unidentifiable,TRUE,FALSE,FALSE,-0.218771345005176,0.226201910031709,0.333468682648381,-66.822890818541,0.0846569099994099,0.958554886716051,0.75973621881334,-0.531649080454499,0.811134975454196,0.608957894429303,0.52411914007299,0.526058404504897
Q00013,MPP1,51,26,-0.0909334169909257,0.0949957751185373,0.338447931441986,0.526058404504897,-22.3440902995932,FALSE,number of observations (=51) <= number of random effects (=52) for term (1 + SampleCode | ID2); the random-effects parameters and the residual variance (or scale parameter) are probably unidentifiable,TRUE,FALSE,FALSE,-0.0909055211878019,0.0949960815585759,0.338597694772612,-22.3434156111788,0.00134937682882708,0.999325539136636,0.281702939450418,-0.524010246890427,0.337427143858196,0.272319620075553,0.529487285853932,0.526058404504897
P00748,F12,48,26,0.273816305606983,0.286677130715046,0.339507765673421,0.527175374839633,-70.2997997002258,FALSE,number of observations (=48) <= number of random effects (=52) for term (1 + SampleCode | ID2); the random-effects parameters and the residual variance (or scale parameter) are probably unidentifiable,TRUE,TRUE,FALSE,0.288922398697092,0.283748095372529,0.308566027486591,-67.5407778031007,5.51804379425025,0.0633537045052526,1.02659521016027,-0.00463660325981232,0.981623716621217,0.643790865377752,0.50487324762062,0.527175374839633
Q6ZU35,CRACD,52,26,-0.105493138951078,0.110764922922249,0.340891292693673,0.528515320427746,-25.8839222202411,FALSE,number of observations (=52) <= number of random effects (=52) for term (1 + SampleCode | ID2); the random-effects parameters and the residual variance (or scale parameter) are probably unidentifiable,TRUE,FALSE,FALSE,-0.106107079275577,0.1210633046971,0.380780303282844,-24.5584017137057,2.65104101307063,0.265664642911974,0.527703761670756,-0.880069493783712,0.398052728740626,0.224710654442367,0.566222876392679,0.528515320427746
O75563,SKAP2,52,26,-0.0889093119696316,0.0933839889449599,0.34105487020483,0.528515320427746,-17.0080298390803,FALSE,number of observations (=52) <= number of random effects (=52) for term (1 + SampleCode | ID2); the random-effects parameters and the residual variance (or scale parameter) are probably unidentifiable,TRUE,FALSE,FALSE,-0.089051749232771,0.0981565514374429,0.364278820744532,-16.8268909883285,0.362277701503572,0.834319504762307,0.375030309399577,-0.750689989897403,0.335591364482043,0.232916284948965,0.553947616191242,0.528515320427746
P61224,RAP1B,49,26,-0.217801088785098,0.229317844302986,0.342224966428441,0.529797167466875,-60.5325699415808,FALSE,number of observations (=49) <= number of random effects (=52) for term (1 + SampleCode | ID2); the random-effects parameters and the residual variance (or scale parameter) are probably unidentifiable,TRUE,FALSE,FALSE,-0.220424261492843,0.229026986986123,0.335829663398024,-60.3494358145318,0.366268254097918,0.832656466492337,0.661527187260761,-0.463009072797706,0.797739205483721,0.64643266167525,0.526758202994871,0.529797167466875
P07384,CAPN1,52,26,-0.0595368922885275,0.0627955517678316,0.343075065379181,0.530581557568403,-7.6345658690639,FALSE,number of observations (=52) <= number of random effects (=52) for term (1 + SampleCode | ID2); the random-effects parameters and the residual variance (or scale parameter) are probably unidentifiable,TRUE,FALSE,FALSE,-0.0598262075450449,0.0627926483524168,0.340712622362602,-7.62620589778398,0.0167199425598366,0.991674876104657,0.113699915934088,-0.192274743296615,0.224802449614709,0.209919481617152,0.53171818338406,0.530581557568403
P27797,CALR,52,26,0.0845991080388498,0.0894617708723627,0.344329502948671,0.531785244397496,-18.9705031209016,FALSE,number of observations (=52) <= number of random effects (=52) for term (1 + SampleCode | ID2); the random-effects parameters and the residual variance (or scale parameter) are probably unidentifiable,TRUE,FALSE,FALSE,0.0814423284058635,0.0891215944213879,0.360804164713289,-18.1127625188472,1.7154812041088,0.424119254766739,0.247037084932097,-0.874149881767759,0.321131326252284,0.268128320990839,0.552470202658108,0.531785244397496
Q86UE4,MTDH,49,26,-0.0934657228933397,0.0988815219917625,0.344541766758507,0.531785244397496,-23.2775564580257,FALSE,number of observations (=49) <= number of random effects (=52) for term (1 + SampleCode | ID2); the random-effects parameters and the residual variance (or scale parameter) are probably unidentifiable,TRUE,TRUE,FALSE,-0.0841393023261708,0.100488754714063,0.402423578972878,-22.6009532962522,1.35320632354696,0.508340814446303,0.246358108032264,-0.887728025798068,0.341970909942451,0.305002710099613,0.588773134008613,0.531785244397496
P13598,ICAM2,50,26,0.180331856150104,0.191036175657017,0.345186483831628,0.53206226016848,-51.1490241119133,FALSE,number of observations (=50) <= number of random effects (=52) for term (1 + SampleCode | ID2); the random-effects parameters and the residual variance (or scale parameter) are probably unidentifiable,TRUE,FALSE,FALSE,0.177603646484446,0.191323170079655,0.35325645264722,-50.811536407879,0.674975408068576,0.713560748571059,0.52110844322437,-0.470133813449155,0.673034928510043,0.564506451039752,0.543984992542855,0.53206226016848
P61106,RAB14,51,26,-0.10423761174356,0.110513300932755,0.345571828138837,0.53206226016848,-37.583111381195,FALSE,number of observations (=51) <= number of random effects (=52) for term (1 + SampleCode | ID2); the random-effects parameters and the residual variance (or scale parameter) are probably unidentifiable,TRUE,FALSE,FALSE,-0.109910636624204,0.114059199238923,0.335232469895291,-36.8776703855066,1.41088199137684,0.493890722544647,0.21125917559858,-0.896842913369022,0.390366350098458,0.37647895311328,0.526355859744131,0.53206226016848
Q86UN3,RTN4RL2,52,26,0.116584267942083,0.123650082723884,0.345754374892656,0.53206226016848,-46.0533952304034,FALSE,number of observations (=52) <= number of random effects (=52) for term (1 + SampleCode | ID2); the random-effects parameters and the residual variance (or scale parameter) are probably unidentifiable,TRUE,TRUE,FALSE,0.114991433056573,0.123282584721469,0.350950729046046,-45.9266428067193,0.253504847368291,0.880951748389154,0.132631276007315,-0.686666085306703,0.441950917535359,0.430586537104017,0.542761638014155,0.53206226016848
P63241;Q6IS14;Q9GZV4,EIF5A;EIF5A2;EIF5AL1,48,26,-0.243350333066168,0.25881066336521,0.347082193354387,0.533188951455075,-62.7037095911831,FALSE,number of observations (=48) <= number of random effects (=52) for term (1 + SampleCode | ID2); the random-effects parameters and the residual variance (or scale parameter) are probably unidentifiable,TRUE,FALSE,FALSE,-0.243708247474765,0.259437785744138,0.347540464621279,-62.703284446444,0.000850289478279365,0.999574945622079,0.892267083772292,-0.713035363826276,0.893497939884113,0.635934018755697,0.539106443614334,0.533188951455075
O14618,CCS,50,26,-0.11390986953962,0.121257202426083,0.347521800174722,0.533188951455075,-53.4369209142057,FALSE,number of observations (=50) <= number of random effects (=52) for term (1 + SampleCode | ID2); the random-effects parameters and the residual variance (or scale parameter) are probably unidentifiable,TRUE,FALSE,FALSE,-0.122142666475414,0.121184274058016,0.313498364569952,-51.5071907613915,3.85946030562847,0.145187371601643,0.26884202791261,-0.949119155953175,0.415826747398878,0.372714409971751,0.508175910473157,0.533188951455075
Q969T9,WBP2,46,25,0.142465779869748,0.151658315321167,0.347532321914435,0.533188951455075,-41.0286424652714,FALSE,number of observations (=46) <= number of random effects (=50) for term (1 + SampleCode | ID2); the random-effects parameters and the residual variance (or scale parameter) are probably unidentifiable,TRUE,TRUE,FALSE,0.142957382043492,0.15356717742094,0.351899579216332,-40.353490134081,1.35030466238072,0.509078866111052,0.435483643733204,-0.0758625414584895,0.503690843107711,0.402611327107049,0.543684849889233,0.533188951455075
P00505,GOT2,44,25,-0.134652885344601,0.143440828947196,0.347866966386223,0.533188951455075,-31.8674303066795,FALSE,number of observations (=44) <= number of random effects (=50) for term (1 + SampleCode | ID2); the random-effects parameters and the residual variance (or scale parameter) are probably unidentifiable,TRUE,TRUE,FALSE,-0.128438648770568,0.142908027554079,0.368785617988735,-31.5396770107369,0.655506591885242,0.72054075810854,0.407447409672089,-0.775026584434113,0.467206478666686,0.365582468231891,0.558054632509887,0.533188951455075
Q14315,FLNC,43,26,-0.235437940768346,0.251750062240948,0.349682613525714,0.535440671850572,-52.3248398402039,FALSE,number of observations (=43) <= number of random effects (=52) for term (1 + SampleCode | ID2); the random-effects parameters and the residual variance (or scale parameter) are probably unidentifiable,TRUE,FALSE,FALSE,-0.283414812978173,0.264515819437096,0.283968265528822,-51.2845246139557,2.08063045249648,0.353343281324588,0.867201920155646,-0.631831153691357,0.817028098246606,0.613429426960048,0.481064660353104,0.535440671850572
Q9NV96,TMEM30A,47,26,-0.0663664811300051,0.0710163215830174,0.350033486044905,0.535447263306315,-14.6921450162664,FALSE,number of observations (=47) <= number of random effects (=52) for term (1 + SampleCode | ID2); the random-effects parameters and the residual variance (or scale parameter) are probably unidentifiable,TRUE,TRUE,FALSE,-0.0658677528012857,0.0709921397734044,0.353502221691279,-14.6800022477062,0.0242855371203703,0.987930657355511,0.0934071375087717,-0.0245116782253207,0.234653668986648,0.224667378473717,0.543984992542855,0.535447263306315
Q14112,NID2,51,26,-0.0814811505516405,0.0875717603821984,0.352138104678745,0.538133898841405,-34.5902925427244,FALSE,number of observations (=51) <= number of random effects (=52) for term (1 + SampleCode | ID2); the random-effects parameters and the residual variance (or scale parameter) are probably unidentifiable,TRUE,FALSE,FALSE,-0.0749237394553231,0.0880049113382148,0.394570173425445,-34.3557604302146,0.469064225019494,0.790940834388306,0.0754757747333232,-0.957657597506031,0.30686342007796,0.30473376506642,0.57892774733363,0.538133898841405
P26038,MSN,52,26,0.120525617554407,0.130192252690649,0.354575359464523,0.541148534780859,-35.6684409422573,FALSE,number of observations (=52) <= number of random effects (=52) for term (1 + SampleCode | ID2); the random-effects parameters and the residual variance (or scale parameter) are probably unidentifiable,TRUE,FALSE,FALSE,0.122565208180416,0.129584781453678,0.344235166276409,-33.4993315199587,4.33821884459711,0.114279346242675,0.419500597481585,0.127330427798124,0.467708728557275,0.359034448554411,0.536427503741973,0.541148534780859
P23284,PPIB,47,26,0.158739920593804,0.171555593865167,0.35481130468156,0.541148534780859,-41.8470529048575,FALSE,number of observations (=47) <= number of random effects (=52) for term (1 + SampleCode | ID2); the random-effects parameters and the residual variance (or scale parameter) are probably unidentifiable,TRUE,FALSE,FALSE,0.159297849036614,0.173295052432552,0.357975771541469,-41.6013901867474,0.491325436220208,0.782185997611626,0.5652952554344,-0.561341094343555,0.58634209628547,0.432976616760266,0.548683102213859,0.541148534780859
O75964,ATP5MG,52,26,-0.124226992257459,0.135786942833452,0.360261459089225,0.548919087073819,-39.4046292700285,FALSE,number of observations (=52) <= number of random effects (=52) for term (1 + SampleCode | ID2); the random-effects parameters and the residual variance (or scale parameter) are probably unidentifiable,TRUE,FALSE,FALSE,-0.123540544974706,0.135717166281463,0.362675163001821,-39.2529753687609,0.30330780253523,0.859285626948826,0.448799219978833,-0.723241217513357,0.487602525166993,0.369913534388588,0.553507862794463,0.548919087073819
Q99598,TSNAX,40,25,-0.132233645388798,0.144783888259097,0.361075630020312,0.549617584612199,-26.483742821767,FALSE,number of observations (=40) <= number of random effects (=50) for term (1 + SampleCode | ID2); the random-effects parameters and the residual variance (or scale parameter) are probably unidentifiable,TRUE,FALSE,FALSE,-0.132114003307839,0.144828457285581,0.361658048898767,-26.4198616775469,0.127762288440117,0.938116493472256,0.440237112270525,-0.583452947278691,0.453343710096747,0.329810697932876,0.552682181551529,0.549617584612199
Q06323,PSME1,51,26,-0.0731639657434363,0.0802966007666933,0.362205073299661,0.550626613621204,-27.3470784184051,FALSE,number of observations (=51) <= number of random effects (=52) for term (1 + SampleCode | ID2); the random-effects parameters and the residual variance (or scale parameter) are probably unidentifiable,TRUE,FALSE,FALSE,-0.0729374582374624,0.0802263519832208,0.363273121601026,-27.2354353515539,0.223286133702352,0.89436342849034,0.21006318557642,-0.0696495999832336,0.282132144384257,0.239045827591556,0.553507862794463,0.550626613621204
P17980,PSMC3,51,26,-0.0893921487933598,0.0982102871538536,0.362710894533477,0.550626613621204,-22.5905944655329,FALSE,number of observations (=51) <= number of random effects (=52) for term (1 + SampleCode | ID2); the random-effects parameters and the residual variance (or scale parameter) are probably unidentifiable,TRUE,FALSE,FALSE,-0.0895900708656191,0.0981308761658194,0.361260866480179,-22.5687995933088,0.043589744448127,0.97844091987727,0.316536647602034,-0.635047296473887,0.349177036079861,0.267860668021394,0.552621820506808,0.550626613621204
O00560,SDCBP,40,24,0.093223283518565,0.102497811396395,0.363078412673222,0.550626613621204,-12.0174912832142,FALSE,number of observations (=40) <= number of random effects (=48) for term (1 + SampleCode | ID2); the random-effects parameters and the residual variance (or scale parameter) are probably unidentifiable,TRUE,FALSE,FALSE,0.0932354676852012,0.1025250554605,0.363143230533764,-11.8311912332815,0.372600099865384,0.830024508816655,0.304223385487709,-0.564293063931802,0.322962062101277,0.241050149865436,0.553507862794463,0.550626613621204
P02549,SPTA1,52,26,0.146410679631462,0.161005419544322,0.363164090148872,0.550626613621204,-50.2730314398289,FALSE,number of observations (=52) <= number of random effects (=52) for term (1 + SampleCode | ID2); the random-effects parameters and the residual variance (or scale parameter) are probably unidentifiable,TRUE,TRUE,FALSE,0.14015582366483,0.161105544152029,0.384320756382607,-45.4683618804838,9.60933911869022,0.00819140734121557,0.573558395511083,-0.99856572141293,0.577807919193426,0.413352401815068,0.570389595207615,0.550626613621204
Q9UHY1,NRBP1,51,26,0.0807258420623376,0.0888936902500059,0.363816583464948,0.550812055804467,-19.3882813228857,FALSE,number of observations (=51) <= number of random effects (=52) for term (1 + SampleCode | ID2); the random-effects parameters and the residual variance (or scale parameter) are probably unidentifiable,TRUE,TRUE,FALSE,0.0777997823177736,0.0877230067609116,0.375143497700191,-17.3489159667032,4.07873071236494,0.130111258987439,0.235001730606488,-0.999997406141946,0.315661075412787,0.265407536229742,0.56327398103169,0.550812055804467
O95866,MPIG6B,52,26,0.264296249951118,0.291148715078893,0.36399942328567,0.550812055804467,-76.9376082856916,FALSE,number of observations (=52) <= number of random effects (=52) for term (1 + SampleCode | ID2); the random-effects parameters and the residual variance (or scale parameter) are probably unidentifiable,TRUE,TRUE,FALSE,0.264388466093317,0.291096299997922,0.363745696131908,-75.9774392471738,1.92033807703575,0.382828167799248,0.866627368421535,-0.249146315713653,1.04609027802519,0.847818994882029,0.553681872437239,0.550812055804467
Q8TC07,TBC1D15,50,26,-0.111482226333519,0.123289994013105,0.365874680965214,0.552369353990151,-30.1179667533024,FALSE,number of observations (=50) <= number of random effects (=52) for term (1 + SampleCode | ID2); the random-effects parameters and the residual variance (or scale parameter) are probably unidentifiable,TRUE,FALSE,FALSE,-0.107762282862911,0.121878676715712,0.376600848759803,-29.2803870448267,1.67515941695138,0.432756654209952,0.405733370859229,-0.877508027440065,0.434042619705669,0.322321109271718,0.56380650323052,0.552369353990151
P05452,CLEC3B,49,26,0.263050357373975,0.291154475531736,0.36627463861762,0.552369353990151,-70.2870933400333,FALSE,number of observations (=49) <= number of random effects (=52) for term (1 + SampleCode | ID2); the random-effects parameters and the residual variance (or scale parameter) are probably unidentifiable,TRUE,FALSE,FALSE,0.276843557644885,0.300123966214108,0.356303966963646,-66.2501034454041,8.07397978925846,0.0176505224649168,1.1473364718916,-0.656817982740628,1.01561256535936,0.676673625113254,0.547750874585903,0.552369353990151
Q9H3U1,UNC45A,51,26,-0.054963414893482,0.060847638616247,0.366368938179947,0.552369353990151,-0.816245657822038,FALSE,number of observations (=51) <= number of random effects (=52) for term (1 + SampleCode | ID2); the random-effects parameters and the residual variance (or scale parameter) are probably unidentifiable,TRUE,FALSE,FALSE,-0.054902494399028,0.0608979829651074,0.367296678649294,-0.34028463606829,0.951922043507496,0.62128769848041,0.18897985190372,-0.216830276970426,0.215957414484213,0.169207811323189,0.557344458884534,0.552369353990151
Q08380,LGALS3BP,52,26,0.0904869186371719,0.10019634512509,0.36647494601642,0.552369353990151,-31.6819892074701,FALSE,number of observations (=52) <= number of random effects (=52) for term (1 + SampleCode | ID2); the random-effects parameters and the residual variance (or scale parameter) are probably unidentifiable,TRUE,FALSE,FALSE,0.0901482602449605,0.100164561495922,0.368119427723569,-31.6730790103367,0.0178203942667778,0.991129381036094,0.18339277975141,-0.19680244204783,0.358735001923206,0.334346223329463,0.557592662581289,0.552369353990151
P08670,VIM,50,26,0.156130630680553,0.173006893684604,0.366816153523557,0.552369353990151,-56.0940077643847,FALSE,number of observations (=50) <= number of random effects (=52) for term (1 + SampleCode | ID2); the random-effects parameters and the residual variance (or scale parameter) are probably unidentifiable,TRUE,FALSE,FALSE,0.165173586200932,0.17558486714772,0.346855986641954,-54.9290718620405,2.3298718046883,0.311942656184873,0.526141602193833,0.127820417752096,0.602780771474862,0.48040899158581,0.53858542649429,0.552369353990151
P42229,STAT5A,50,26,-0.0486214043223788,0.0540208919275352,0.368094622494532,0.553271112250347,-3.79492609079577,FALSE,number of observations (=50) <= number of random effects (=52) for term (1 + SampleCode | ID2); the random-effects parameters and the residual variance (or scale parameter) are probably unidentifiable,TRUE,FALSE,FALSE,-0.0530980938124471,0.0554797180962696,0.338530832753995,-2.99476420360565,1.60032377438023,0.449256229401352,0.154994521145343,0.296456255464563,0.186885223537358,0.156189635133487,0.529487285853932,0.553271112250347
P11142,HSPA8,52,26,-0.0885856700538923,0.0984307723965305,0.36813119960735,0.553271112250347,-28.4062507282784,FALSE,number of observations (=52) <= number of random effects (=52) for term (1 + SampleCode | ID2); the random-effects parameters and the residual variance (or scale parameter) are probably unidentifiable,TRUE,TRUE,FALSE,-0.0872094230900627,0.0984847477365082,0.375880565982959,-28.1005310976732,0.611439261210265,0.736593108672261,0.198455897231458,-0.725144816322574,0.352768819643263,0.323956463267927,0.56327398103169,0.553271112250347
A2RUS2,DENND3,49,26,-0.06313615557275,0.0703575976094446,0.36952638114198,0.554828239907054,-10.6981222239689,FALSE,number of observations (=49) <= number of random effects (=52) for term (1 + SampleCode | ID2); the random-effects parameters and the residual variance (or scale parameter) are probably unidentifiable,TRUE,FALSE,FALSE,-0.0555152579275988,0.0676213307483728,0.411661890670726,-9.44063055960829,2.5149833287212,0.284366419090044,0.145670770517039,-0.9957711567071,0.241802931901364,0.209749886698077,0.596639419405507,0.554828239907054
Q96HC4,PDLIM5,52,26,-0.0717408197002171,0.0801573430517965,0.370787103523011,0.555616961783027,-20.5282193127667,FALSE,number of observations (=52) <= number of random effects (=52) for term (1 + SampleCode | ID2); the random-effects parameters and the residual variance (or scale parameter) are probably unidentifiable,TRUE,FALSE,FALSE,-0.072338258323727,0.0801461843660324,0.366749406652745,-19.8128593591268,1.43071990727977,0.489016057002771,0.236235086833708,0.0433329654206648,0.286929451854293,0.233324071207517,0.55715617824827,0.555616961783027
Q9P2J5,LARS1,42,25,-0.0871033698656374,0.0973514420749004,0.370930811018903,0.555616961783027,-10.5915955835078,FALSE,number of observations (=42) <= number of random effects (=50) for term (1 + SampleCode | ID2); the random-effects parameters and the residual variance (or scale parameter) are probably unidentifiable,TRUE,FALSE,FALSE,-0.0833400922785539,0.102889493747328,0.417942397046184,-10.4508226594935,0.281545848028657,0.868686547157038,0.375205713882561,-0.802182477051728,0.311374881497391,0.203537407705039,0.603477573305005,0.555616961783027
Q9UNW1,MINPP1,49,26,0.177641279721513,0.198624426966695,0.371130553113323,0.555616961783027,-51.5162127665353,FALSE,number of observations (=49) <= number of random effects (=52) for term (1 + SampleCode | ID2); the random-effects parameters and the residual variance (or scale parameter) are probably unidentifiable,TRUE,TRUE,FALSE,0.176822782074092,0.205778765635849,0.390182827497915,-51.3880937720406,0.256237988989241,0.879748687665431,0.760544390957401,-0.708961744071845,0.692402910457662,0.476537358560601,0.574126160461218,0.555616961783027
Q96A26,FAM162A,50,26,-0.112548533086568,0.125986850521012,0.371677502734795,0.555897136229679,-30.2897781205529,FALSE,number of observations (=50) <= number of random effects (=52) for term (1 + SampleCode | ID2); the random-effects parameters and the residual variance (or scale parameter) are probably unidentifiable,TRUE,FALSE,FALSE,-0.115447350309736,0.131362401061726,0.379484658862022,-30.0404169603784,0.498722320348989,0.779298470982269,0.526914781306132,-0.809486894805969,0.443462085226405,0.277341621110188,0.565793312430375,0.555897136229679
Q14126,DSG2,52,26,0.120523165616003,0.135142104385642,0.372486507954766,0.556109194095639,-48.069484229852,FALSE,number of observations (=52) <= number of random effects (=52) for term (1 + SampleCode | ID2); the random-effects parameters and the residual variance (or scale parameter) are probably unidentifiable,TRUE,FALSE,FALSE,0.12076177997135,0.135038050190201,0.371172286411409,-47.3121667784911,1.51463490272187,0.468922649132373,0.211993046335042,-0.997790103047044,0.48366510262305,0.459747723049699,0.559474324395733,0.556109194095639
P46379,BAG6,50,26,-0.0722870851522865,0.081098385515907,0.372741173229769,0.556109194095639,-9.45532642003389,FALSE,number of observations (=50) <= number of random effects (=52) for term (1 + SampleCode | ID2); the random-effects parameters and the residual variance (or scale parameter) are probably unidentifiable,TRUE,FALSE,FALSE,-0.0716886547077271,0.0814973500653863,0.379052196858751,-7.50046207567036,3.90972868872705,0.141583682015948,0.256019958033553,0.0589595117921525,0.286127069330433,0.220175018861535,0.565793312430375,0.556109194095639
Q9NYU2,UGGT1,52,26,-0.040312939356284,0.0452417556493934,0.372899110086137,0.556109194095639,1.39310666117597,FALSE,number of observations (=52) <= number of random effects (=52) for term (1 + SampleCode | ID2); the random-effects parameters and the residual variance (or scale parameter) are probably unidentifiable,TRUE,FALSE,FALSE,-0.0428109086289749,0.0458528225418605,0.350479728425468,1.84281787495438,0.899422427556814,0.637812316437312,0.124978424349675,0.125981438867492,0.161235759173077,0.137573344453939,0.542576333083516,0.556109194095639
Q9Y3P9,RABGAP1,44,25,-0.0752017610845614,0.0845317229701649,0.373665835081306,0.5567152509167,-6.5569658356542,FALSE,number of observations (=44) <= number of random effects (=50) for term (1 + SampleCode | ID2); the random-effects parameters and the residual variance (or scale parameter) are probably unidentifiable,TRUE,FALSE,FALSE,-0.0748909946650506,0.0844339535792287,0.375091157141446,-6.55474392524254,0.00444382082333306,0.997780556204068,0.279350169414535,-0.683640471519545,0.279053973165281,0.196400178588039,0.56327398103169,0.5567152509167
P07814,EPRS1,47,25,-0.0582711442524823,0.066108240888122,0.378074016173745,0.562666407715734,-4.29003892585917,FALSE,number of observations (=47) <= number of random effects (=50) for term (1 + SampleCode | ID2); the random-effects parameters and the residual variance (or scale parameter) are probably unidentifiable,TRUE,FALSE,FALSE,-0.057836051965617,0.0662300600075125,0.382521461927367,-4.26093822385429,0.0582014040097665,0.971318645806407,0.147194864605146,-0.273885852557055,0.221908848850722,0.196254085166677,0.568265056420944,0.562666407715734
Q9NVK5,FGFR1OP2,40,24,0.0686830383007641,0.0779788875748317,0.378431396655676,0.562666407715734,-12.56457376022,FALSE,number of observations (=40) <= number of random effects (=48) for term (1 + SampleCode | ID2); the random-effects parameters and the residual variance (or scale parameter) are probably unidentifiable,TRUE,FALSE,FALSE,0.0909866423922501,0.075740572199762,0.229637446083545,-10.251376240489,4.62639503946197,0.0989443686389451,0.184438978841664,-0.998172744859264,0.22946748986178,0.186660124474712,0.427973286126752,0.562666407715734
P14406,COX7A2,49,26,-0.153183602123545,0.174050721179753,0.378800276622839,0.562666407715734,-45.1377719949823,FALSE,number of observations (=49) <= number of random effects (=52) for term (1 + SampleCode | ID2); the random-effects parameters and the residual variance (or scale parameter) are probably unidentifiable,TRUE,FALSE,FALSE,-0.166494306544683,0.184790862643718,0.367594824338731,-44.7545268375821,0.766490314800393,0.681645768295718,0.585478627791349,-0.756180009996348,0.607891107295669,0.497751113103837,0.557344458884534,0.562666407715734
P16671,CD36,51,26,-0.088927689637603,0.101108830787004,0.379116977625941,0.562666407715734,-28.475016132672,FALSE,number of observations (=51) <= number of random effects (=52) for term (1 + SampleCode | ID2); the random-effects parameters and the residual variance (or scale parameter) are probably unidentifiable,TRUE,FALSE,FALSE,-0.089208828341625,0.101316657674007,0.378591117265511,-28.2926158975867,0.364800470170543,0.833267770669782,0.271197436644176,-0.203823128222629,0.358404275726313,0.302994665168911,0.565793312430375,0.562666407715734
Q9HBB8,CDHR5,43,25,0.172098674841863,0.1959177813246,0.379714235974082,0.563011990959652,-45.7644923863922,FALSE,number of observations (=43) <= number of random effects (=50) for term (1 + SampleCode | ID2); the random-effects parameters and the residual variance (or scale parameter) are probably unidentifiable,TRUE,FALSE,FALSE,0.172090109186088,0.195926437110244,0.379759006466213,-45.7644739906072,3.6791569897332e-05,0.999981604384253,0.461982123848389,-0.498925884568804,0.629101845267622,0.537660509336986,0.565793312430375,0.563011990959652
Q68D51,DENND2C,45,25,0.0496503603987396,0.056680980769271,0.381050930821772,0.564452241725443,-13.7893657132187,FALSE,number of observations (=45) <= number of random effects (=50) for term (1 + SampleCode | ID2); the random-effects parameters and the residual variance (or scale parameter) are probably unidentifiable,TRUE,FALSE,FALSE,0.0405232669979405,0.0575028422596571,0.480985974565912,-13.6738369257059,0.231057575025513,0.890894925218898,0.08713160995854,-0.502479801075119,0.177027549552853,0.169393739250293,0.656469373413723,0.564452241725443
Q15019,SEPTIN2,51,26,-0.0633062970589993,0.0723576519263173,0.381623901710275,0.564759509714918,-7.6393914886641,FALSE,number of observations (=51) <= number of random effects (=52) for term (1 + SampleCode | ID2); the random-effects parameters and the residual variance (or scale parameter) are probably unidentifiable,TRUE,FALSE,FALSE,-0.0635858599472335,0.0722792088403182,0.379008055744295,-6.81711010574701,1.64456276583418,0.439428006541231,0.208188424069437,-0.850418309993584,0.257155717782034,0.211535960953013,0.565793312430375,0.564759509714918
O14880,MGST3,44,26,0.104958749252081,0.121018953604473,0.385782134199586,0.57036688740513,-24.6682511209835,FALSE,number of observations (=44) <= number of random effects (=52) for term (1 + SampleCode | ID2); the random-effects parameters and the residual variance (or scale parameter) are probably unidentifiable,TRUE,FALSE,FALSE,0.0927171125887774,0.125089540949787,0.458568573616728,-23.4665435713487,2.40341509926952,0.300680346695699,0.33391288677355,0.127042151046668,0.390077158680115,0.319314174325074,0.639430005629824,0.57036688740513
Q00341,HDLBP,49,26,-0.0660757273150561,0.0763531806564736,0.386821546221177,0.571356872764549,-6.83520359429745,FALSE,number of observations (=49) <= number of random effects (=52) for term (1 + SampleCode | ID2); the random-effects parameters and the residual variance (or scale parameter) are probably unidentifiable,TRUE,TRUE,FALSE,-0.0630045499114814,0.0791905426452921,0.426260497771356,-4.60793947764732,4.45452823330026,0.107823018172944,0.2666229984581,-0.0161726298504558,0.26556931632487,0.195570774704598,0.60978932320069,0.571356872764549
P11586,MTHFD1,50,26,-0.0515402409053044,0.05976926914339,0.388511406327422,0.573304797302642,-8.31608617834072,FALSE,number of observations (=50) <= number of random effects (=52) for term (1 + SampleCode | ID2); the random-effects parameters and the residual variance (or scale parameter) are probably unidentifiable,TRUE,TRUE,FALSE,-0.0539107652254627,0.0602015760798309,0.370517612763147,-8.19464782242205,0.242876711837351,0.885645646478435,0.107084672761661,0.143695748063648,0.207624461266522,0.195022484429426,0.559474324395733,0.573304797302642
Q96AG4,LRRC59,52,26,-0.201225462236158,0.234162351128455,0.390152049306078,0.574469824242469,-67.62326598376,FALSE,number of observations (=52) <= number of random effects (=52) for term (1 + SampleCode | ID2); the random-effects parameters and the residual variance (or scale parameter) are probably unidentifiable,TRUE,FALSE,FALSE,-0.202392036144165,0.233862322284198,0.386801491768894,-67.5204066926945,0.205718582130999,0.902253919737766,0.802282180215373,-0.53617054946511,0.840890603021329,0.619224233080908,0.573340736814579,0.574469824242469
P27169,PON1,52,26,0.10980634227285,0.127852337075743,0.390421713119287,0.574469824242469,-42.6771260323218,FALSE,number of observations (=52) <= number of random effects (=52) for term (1 + SampleCode | ID2); the random-effects parameters and the residual variance (or scale parameter) are probably unidentifiable,TRUE,FALSE,FALSE,0.110254057812595,0.127850797007329,0.388486671685705,-42.6141424117723,0.125967241099005,0.938958853193234,0.254491468473625,-0.528959219808965,0.458087744081358,0.421291990390971,0.573816355405749,0.574469824242469
P60953,CDC42,52,26,-0.0944647895215549,0.11002296231953,0.390565882782748,0.574469824242469,-28.9410857437172,FALSE,number of observations (=52) <= number of random effects (=52) for term (1 + SampleCode | ID2); the random-effects parameters and the residual variance (or scale parameter) are probably unidentifiable,TRUE,FALSE,FALSE,-0.0947081925848816,0.110010241424911,0.389291240372791,-28.9301358594206,0.0218997685931512,0.989109847469043,0.356242913026798,-0.570616415623461,0.395031154469199,0.304231321543215,0.574126160461218,0.574469824242469
Q96E17,RAB3C,47,25,-0.107275870691511,0.125021830548764,0.390860928581621,0.574469824242469,-34.2286115826842,FALSE,number of observations (=47) <= number of random effects (=50) for term (1 + SampleCode | ID2); the random-effects parameters and the residual variance (or scale parameter) are probably unidentifiable,TRUE,FALSE,FALSE,-0.107376275269707,0.124234793901302,0.387422478468881,-33.7552260937057,0.946770977956987,0.622889907696213,0.344170872382892,-0.0706600041444515,0.421477441464992,0.342058646294547,0.573340736814579,0.574469824242469
P04003,C4BPA,52,26,0.0826613661708419,0.0963963488252871,0.391160035665422,0.574469824242469,-33.0069175354305,FALSE,number of observations (=52) <= number of random effects (=52) for term (1 + SampleCode | ID2); the random-effects parameters and the residual variance (or scale parameter) are probably unidentifiable,TRUE,FALSE,FALSE,0.0787907396600301,0.0959719808783639,0.411659661779197,-32.6423383724051,0.729158326050836,0.694488855977342,0.234097859071831,0.118247939850074,0.344558843889855,0.300448856117281,0.596639419405507,0.574469824242469
P02750,LRG1,52,26,0.282806885476844,0.330495844923284,0.392161076825923,0.575393032949717,-83.18374147108,FALSE,number of observations (=52) <= number of random effects (=52) for term (1 + SampleCode | ID2); the random-effects parameters and the residual variance (or scale parameter) are probably unidentifiable,TRUE,TRUE,FALSE,0.301950846003137,0.327695725733799,0.356822510616912,-78.533272305293,9.30093833157386,0.00955711700621824,1.27052087360378,0.0404640490846688,1.18756432657953,0.762742177212886,0.547813881229152,0.575393032949717
P56377,AP1S2,46,26,-0.17454509163333,0.204153968633255,0.392568913847563,0.575444944871428,-47.8913755156468,FALSE,number of observations (=46) <= number of random effects (=52) for term (1 + SampleCode | ID2); the random-effects parameters and the residual variance (or scale parameter) are probably unidentifiable,TRUE,TRUE,FALSE,-0.187954540174341,0.224175333062348,0.40179121071078,-47.1539418211311,1.47486738903143,0.478339908041872,0.751632226038103,-0.842290095502163,0.685352705860263,0.542673756764173,0.588405137960337,0.575444944871428
O60613,SELENOF,45,25,-0.0919951939398945,0.108123313152283,0.39486052916165,0.578255466876539,-20.0681878477665,FALSE,number of observations (=45) <= number of random effects (=50) for term (1 + SampleCode | ID2); the random-effects parameters and the residual variance (or scale parameter) are probably unidentifiable,TRUE,TRUE,FALSE,-0.096070207956878,0.106981622960184,0.369182008603512,-18.7670273696809,2.6023209561713,0.272215709300149,0.313385894795308,-0.922626530341482,0.35684191872046,0.277511123486162,0.558107831010201,0.578255466876539
Q9NRL3,STRN4,47,25,-0.0832555761773066,0.0981318619740971,0.39621238064878,0.579685727369664,-15.1864616133339,FALSE,number of observations (=47) <= number of random effects (=50) for term (1 + SampleCode | ID2); the random-effects parameters and the residual variance (or scale parameter) are probably unidentifiable,TRUE,FALSE,FALSE,-0.0821003895320475,0.106981253348559,0.442827195977667,-14.6714248025181,1.03007362163148,0.597478600538757,0.42405265713513,-0.850975616455424,0.334264618520947,0.212785624918689,0.626527488814556,0.579685727369664
Q8NE71,ABCF1,43,24,-0.0861058887397474,0.101706872154704,0.397213449854505,0.580600548746651,-21.8646211214681,FALSE,number of observations (=43) <= number of random effects (=48) for term (1 + SampleCode | ID2); the random-effects parameters and the residual variance (or scale parameter) are probably unidentifiable,TRUE,FALSE,FALSE,-0.0852791597104832,0.10125436780794,0.399660918466557,-21.8416277890449,0.0459866648465024,0.977268999767614,0.154604861555138,-0.427005523013779,0.324942761716013,0.305163353512554,0.585840720143103,0.580600548746651
P25311,AZGP1,52,26,0.188438830130132,0.223376974668449,0.398897933439571,0.582511632480281,-72.7004112759265,FALSE,number of observations (=52) <= number of random effects (=52) for term (1 + SampleCode | ID2); the random-effects parameters and the residual variance (or scale parameter) are probably unidentifiable,TRUE,FALSE,FALSE,0.191484791855349,0.222669064542603,0.389815293295413,-72.544016117879,0.312790316095004,0.855221176060765,0.614956627416884,-0.186755066611253,0.800001704853108,0.668422411315732,0.574126160461218,0.582511632480281
Q8TDZ2,MICAL1,50,26,-0.0723897686172356,0.0861495052347303,0.400751006696309,0.584665066426626,-11.3400362414891,FALSE,number of observations (=50) <= number of random effects (=52) for term (1 + SampleCode | ID2); the random-effects parameters and the residual variance (or scale parameter) are probably unidentifiable,TRUE,TRUE,FALSE,-0.070535165976079,0.0868518345768643,0.416715814786772,-10.2557987475836,2.16847498781095,0.338159536321455,0.30088635131962,-0.913050506526046,0.3035715919852,0.222880967087003,0.602833271390976,0.584665066426626
Q9Y2A7,NCKAP1,51,26,-0.0827036887617173,0.0989036200393357,0.40303965903179,0.587375534882379,-33.3991794696855,FALSE,number of observations (=51) <= number of random effects (=52) for term (1 + SampleCode | ID2); the random-effects parameters and the residual variance (or scale parameter) are probably unidentifiable,TRUE,FALSE,FALSE,-0.0743299969268622,0.097943972358974,0.447910446966282,-32.5324589736892,1.73344099199261,0.420327757938263,0.173836292538728,-0.991496196786619,0.348929740232255,0.324774215336318,0.630243109657,0.587375534882379
Q93034,CUL5,43,25,-0.107682487661393,0.128896772132535,0.403483254069315,0.587375534882379,-23.8022787198105,FALSE,number of observations (=43) <= number of random effects (=50) for term (1 + SampleCode | ID2); the random-effects parameters and the residual variance (or scale parameter) are probably unidentifiable,TRUE,TRUE,FALSE,-0.106547393812543,0.131791623771542,0.418829589196055,-23.7638415135604,0.0768744125002598,0.962292128773908,0.450756915787455,-0.710153468767028,0.420884357785419,0.290647822431335,0.604193945198791,0.587375534882379
Q99747,NAPG,48,26,-0.0684080483418033,0.0819313286236541,0.403749396792936,0.587375534882379,-7.42104963884368,FALSE,number of observations (=48) <= number of random effects (=52) for term (1 + SampleCode | ID2); the random-effects parameters and the residual variance (or scale parameter) are probably unidentifiable,TRUE,FALSE,FALSE,-0.0693293329869971,0.0830348112892128,0.403749812318389,-5.11007956689913,4.62194014388911,0.099165007693611,0.271034846970972,-0.420626717941845,0.282427518669957,0.213451813196784,0.589596843130351,0.587375534882379
P27708,CAD,51,26,-0.0811872816260062,0.0975264761530543,0.405147083395804,0.588198643974019,-22.8424282205868,FALSE,number of observations (=51) <= number of random effects (=52) for term (1 + SampleCode | ID2); the random-effects parameters and the residual variance (or scale parameter) are probably unidentifiable,TRUE,TRUE,FALSE,-0.0815278627605851,0.0976364300601937,0.403709383271445,-22.8222517156131,0.0403530099474736,0.980025678633326,0.323525661510131,-0.53442396109578,0.346609210626059,0.260686924757365,0.589596843130351,0.588198643974019
Q63ZY3,KANK2,40,24,-0.143516429117333,0.172416521078689,0.40519329185895,0.588198643974019,-32.0726580427009,FALSE,number of observations (=40) <= number of random effects (=48) for term (1 + SampleCode | ID2); the random-effects parameters and the residual variance (or scale parameter) are probably unidentifiable,TRUE,FALSE,FALSE,-0.137173488128465,0.172025794857835,0.425218356612497,-31.6711916364909,0.802932812420096,0.669337804915665,0.538190962874382,-0.851550301718016,0.539494827377995,0.386272671733987,0.609427050989154,0.588198643974019
P60900,PSMA6,48,25,0.115017490005757,0.138329169979961,0.405704351899352,0.588198643974019,-43.5610712622278,FALSE,number of observations (=48) <= number of random effects (=50) for term (1 + SampleCode | ID2); the random-effects parameters and the residual variance (or scale parameter) are probably unidentifiable,TRUE,TRUE,FALSE,0.112031324048954,0.137592510090195,0.415515805841291,-43.535681203397,0.0507801176617022,0.974929557969382,0.178367726003499,0.0378805855305449,0.470031294228801,0.449855836955115,0.601660656068223,0.588198643974019
P31146,CORO1A,52,26,0.133069211453019,0.160192482163617,0.406152592095006,0.588198643974019,-45.685778472413,FALSE,number of observations (=52) <= number of random effects (=52) for term (1 + SampleCode | ID2); the random-effects parameters and the residual variance (or scale parameter) are probably unidentifiable,TRUE,TRUE,FALSE,0.133446135446471,0.160137446365362,0.404662876039228,-45.2975908019416,0.776375340942778,0.678285037246011,0.556322412274695,-0.814712442104469,0.575593864145531,0.420028422552718,0.590372184589809,0.588198643974019
P84095,RHOG,51,26,0.107430850400407,0.129346524538745,0.406218739883676,0.588198643974019,-32.8665846084434,FALSE,number of observations (=51) <= number of random effects (=52) for term (1 + SampleCode | ID2); the random-effects parameters and the residual variance (or scale parameter) are probably unidentifiable,TRUE,FALSE,FALSE,0.101363349010392,0.142903055095454,0.478128724717014,-32.2377210226341,1.25772717161858,0.533197389922162,0.575108076536463,-0.821538068316073,0.460936173547729,0.308711348235892,0.654860061406821,0.588198643974019
P0DMM9;P0DMN0,SULT1A3;SULT1A4,50,26,0.0715164465657426,0.0866376645756514,0.409107077014005,0.591671366614166,-19.1723239209854,FALSE,number of observations (=50) <= number of random effects (=52) for term (1 + SampleCode | ID2); the random-effects parameters and the residual variance (or scale parameter) are probably unidentifiable,TRUE,FALSE,FALSE,0.0715819273055336,0.0865490711170361,0.408198781362229,-19.1672910194156,0.010065803139554,0.99497974225872,0.206048968657009,-0.456554412424898,0.302693229505262,0.265149805532456,0.593289856260248,0.591671366614166
Q15366,PCBP2,41,25,-0.0982945708681576,0.119147829434981,0.409382971463135,0.591671366614166,-33.3869827374717,FALSE,number of observations (=41) <= number of random effects (=50) for term (1 + SampleCode | ID2); the random-effects parameters and the residual variance (or scale parameter) are probably unidentifiable,TRUE,FALSE,FALSE,-0.123166699368434,0.11631456910806,0.289640616917082,-32.960540946738,0.852883581467253,0.652827865100676,0.279029207327975,0.213053570666077,0.350496101183693,0.278877003486208,0.488531389887436,0.591671366614166
Q7Z7H5,TMED4,50,26,0.162154889721504,0.196850476732183,0.410083616417682,0.592130081649831,-52.603123052053,FALSE,number of observations (=50) <= number of random effects (=52) for term (1 + SampleCode | ID2); the random-effects parameters and the residual variance (or scale parameter) are probably unidentifiable,TRUE,FALSE,FALSE,0.160080491378517,0.20386726541084,0.432325059206682,-52.5151378235966,0.17597045691285,0.91577440402493,0.799471479898957,-0.772519331323254,0.692895508765073,0.445220426797994,0.615614946059284,0.592130081649831
P01889,HLA-B,52,26,0.114029993931417,0.138905030255313,0.411691524426207,0.593896736917357,-59.4451941885714,FALSE,number of observations (=52) <= number of random effects (=52) for term (1 + SampleCode | ID2); the random-effects parameters and the residual variance (or scale parameter) are probably unidentifiable,TRUE,TRUE,FALSE,0.120975617373751,0.140104701409713,0.387881418017162,-58.5336918212772,1.82300473458837,0.401919938847143,0.219147475623602,-0.958152734260586,0.494192445842869,0.474588711233939,0.573470613240684,0.593896736917357
P01714,IGLV3-19,44,25,0.226215355262098,0.276917722839557,0.413982961914361,0.59664522029635,-65.0866344531662,FALSE,number of observations (=44) <= number of random effects (=50) for term (1 + SampleCode | ID2); the random-effects parameters and the residual variance (or scale parameter) are probably unidentifiable,TRUE,TRUE,FALSE,0.232079421857921,0.279890300354823,0.407002595513001,-64.2972295926005,1.57880972113128,0.454114976606913,0.458244846294973,-0.99890407188114,0.895618787597305,0.839056613469364,0.592666361986415,0.59664522029635
P01876,IGHA1,52,26,0.0532703292654196,0.0653751794812081,0.415163743507095,0.59753738406127,-24.3153379660434,FALSE,number of observations (=52) <= number of random effects (=52) for term (1 + SampleCode | ID2); the random-effects parameters and the residual variance (or scale parameter) are probably unidentifiable,TRUE,FALSE,FALSE,0.052799822856286,0.0654102682030887,0.419545503075604,-24.3111591987054,0.00835753467593747,0.995829951561285,0.0142874646769988,-0.494574094473923,0.231888299930351,0.231808092076551,0.604662128966238,0.59753738406127
O76074,PDE5A,52,26,-0.0719930242018388,0.0884540969230206,0.415700720439297,0.59753738406127,-23.3490486784799,FALSE,number of observations (=52) <= number of random effects (=52) for term (1 + SampleCode | ID2); the random-effects parameters and the residual variance (or scale parameter) are probably unidentifiable,TRUE,FALSE,FALSE,-0.0802068784698029,0.0904733625553354,0.375334803355999,-22.3878251415839,1.92244707379199,0.382424688888522,0.284466152453903,0.0749835943331855,0.316948623282952,0.254544494079213,0.56327398103169,0.59753738406127
Q13033,STRN3,51,26,-0.0688660644247068,0.0846233306777242,0.415762257518359,0.59753738406127,-15.2144684600105,FALSE,number of observations (=51) <= number of random effects (=52) for term (1 + SampleCode | ID2); the random-effects parameters and the residual variance (or scale parameter) are probably unidentifiable,TRUE,FALSE,FALSE,-0.0686117398719988,0.0846687258034839,0.417736074264808,-15.1791340569777,0.0706688060656262,0.965282568861452,0.31237698438339,-0.649559940250875,0.300617541394803,0.203886636996306,0.603477573305005,0.59753738406127
Q92882,OSTF1,52,26,-0.0932479843342141,0.115140475958329,0.418019053713055,0.599640741421988,-38.8743830796323,FALSE,number of observations (=52) <= number of random effects (=52) for term (1 + SampleCode | ID2); the random-effects parameters and the residual variance (or scale parameter) are probably unidentifiable,TRUE,FALSE,FALSE,-0.0853796994929779,0.116606212262335,0.464043202596014,-36.6143831251424,4.51999990897978,0.104350489503767,0.407338167791796,0.23152123618988,0.412246668786371,0.302892001264543,0.644736284182411,0.599640741421988
Q15370,ELOB,43,24,-0.173770891684846,0.214721546880636,0.418351327012919,0.599640741421988,-45.5887465948811,FALSE,number of observations (=43) <= number of random effects (=48) for term (1 + SampleCode | ID2); the random-effects parameters and the residual variance (or scale parameter) are probably unidentifiable,TRUE,TRUE,FALSE,-0.16553025908365,0.233025927844562,0.477486346107346,-45.3810215211003,0.415450147561614,0.812430364419659,0.884274396007158,-0.822771505096482,0.698559358442208,0.444071930497182,0.654584210058429,0.599640741421988
Q86YW5,TREML1,52,26,-0.243483277792026,0.300887349378205,0.418390109548804,0.599640741421988,-81.0827676063197,FALSE,number of observations (=52) <= number of random effects (=52) for term (1 + SampleCode | ID2); the random-effects parameters and the residual variance (or scale parameter) are probably unidentifiable,TRUE,FALSE,FALSE,-0.233625451131298,0.300056710466802,0.436212833286398,-79.2863384071655,3.59285839830844,0.165890192718462,1.08561913078526,-0.886834997368892,1.0803733063209,0.756890414964733,0.619596917284054,0.599640741421988
Q9BSJ8,ESYT1,52,26,-0.110990236441105,0.137294847229078,0.418855816937686,0.599751841676297,-37.0493954335257,FALSE,number of observations (=52) <= number of random effects (=52) for term (1 + SampleCode | ID2); the random-effects parameters and the residual variance (or scale parameter) are probably unidentifiable,TRUE,FALSE,FALSE,-0.110684384052121,0.139003679188669,0.425875434643489,-36.8758715089982,0.347047849055102,0.84069703764184,0.539522511079756,-0.785644416561103,0.493392557316398,0.322642160938936,0.60978932320069,0.599751841676297
Q96RT1,ERBIN,49,26,-0.0788023758183262,0.0976526706652012,0.419686126343695,0.599788078750442,-17.6129083940659,FALSE,number of observations (=49) <= number of random effects (=52) for term (1 + SampleCode | ID2); the random-effects parameters and the residual variance (or scale parameter) are probably unidentifiable,TRUE,TRUE,FALSE,-0.0771624463216106,0.0997929720570792,0.439389081917314,-16.5240985983051,2.17761959152149,0.336616898237168,0.275162534114229,-0.0923548324889267,0.339216122737265,0.283402549049371,0.623081510238869,0.599788078750442
P12074,COX6A1,45,25,0.0862203196654829,0.106932138018287,0.420064840445612,0.599788078750442,-30.1867732944554,FALSE,number of observations (=45) <= number of random effects (=50) for term (1 + SampleCode | ID2); the random-effects parameters and the residual variance (or scale parameter) are probably unidentifiable,TRUE,FALSE,FALSE,0.0888171272124108,0.106876690126666,0.405959898706808,-29.7735601430368,0.826426302837312,0.66152126360335,0.125773148982476,-0.91924257474873,0.343332035884476,0.33195603398647,0.591705701416998,0.599788078750442
Q9UIJ7,AK3,44,25,-0.0940602442308439,0.116712344886398,0.42029178850835,0.599788078750442,-26.5849767889013,FALSE,number of observations (=44) <= number of random effects (=50) for term (1 + SampleCode | ID2); the random-effects parameters and the residual variance (or scale parameter) are probably unidentifiable,TRUE,FALSE,FALSE,-0.105192689197358,0.11760798491049,0.371089232942662,-25.9893717220946,1.19121013361342,0.551228934612178,0.329837847574537,-0.0606566758558966,0.375792797021383,0.294820399658798,0.559474324395733,0.599788078750442
Q9UPU5,USP24,47,26,-0.0531377388229612,0.0659548360980129,0.420433973648368,0.599788078750442,-2.85536640957221,FALSE,number of observations (=47) <= number of random effects (=52) for term (1 + SampleCode | ID2); the random-effects parameters and the residual variance (or scale parameter) are probably unidentifiable,TRUE,FALSE,FALSE,-0.0534361485292151,0.066586992589184,0.422263033122712,-2.74524571357222,0.220241391999984,0.895726018224522,0.16067458878753,-0.244606144091519,0.22091584799288,0.190266202809201,0.60631634402843,0.599788078750442
P98172,EFNB1,42,24,-0.0760467125379322,0.0947574254892903,0.422240121110622,0.601713895511234,-21.4520952447378,FALSE,number of observations (=42) <= number of random effects (=48) for term (1 + SampleCode | ID2); the random-effects parameters and the residual variance (or scale parameter) are probably unidentifiable,TRUE,TRUE,FALSE,-0.0670076687799646,0.0964276037977878,0.487117147906878,-21.037292929203,0.829604631069749,0.660470832623793,0.220313817089055,0.165001161554901,0.293662545967469,0.251192389296434,0.660171924136954,0.601713895511234
P28331,NDUFS1,49,26,-0.0706208075439802,0.0880577440434507,0.422562832770025,0.601713895511234,-17.6995817850815,FALSE,number of observations (=49) <= number of random effects (=52) for term (1 + SampleCode | ID2); the random-effects parameters and the residual variance (or scale parameter) are probably unidentifiable,TRUE,FALSE,FALSE,-0.0703299282465629,0.0876296802042688,0.422216875430125,-17.4295073400879,0.540148889987322,0.76332266667053,0.197992994938948,-0.732705018521463,0.303203415169638,0.268102738844474,0.60631634402843,0.601713895511234
Q8WXF7,ATL1,48,26,-0.0748115767611077,0.093420405139806,0.423244238887131,0.602129234880864,-18.174141693453,FALSE,number of observations (=48) <= number of random effects (=52) for term (1 + SampleCode | ID2); the random-effects parameters and the residual variance (or scale parameter) are probably unidentifiable,TRUE,FALSE,FALSE,-0.0733332049597852,0.0924546596432116,0.427672844654309,-17.997962719035,0.352357948836151,0.838467905601957,0.239957511934301,-0.69728211590093,0.318575565418996,0.268001857344353,0.611243797401395,0.602129234880864
Q8NCA5,FAM98A,40,24,-0.123127994519387,0.155375505325534,0.428095801608061,0.608471033564355,-27.8677299419471,FALSE,number of observations (=40) <= number of random effects (=48) for term (1 + SampleCode | ID2); the random-effects parameters and the residual variance (or scale parameter) are probably unidentifiable,TRUE,TRUE,TRUE,-0.141011462117524,0.159145554318135,0.375588743602477,-27.0038128451378,1.72783419361866,0.421507757665461,0.404398989849789,,0.485660584603488,0.402750629206204,0.56327398103169,0.608471033564355
P30048,PRDX3,51,26,0.10164085380726,0.128632098249727,0.429430179087099,0.609806642177911,-38.7731537890826,FALSE,number of observations (=51) <= number of random effects (=52) for term (1 + SampleCode | ID2); the random-effects parameters and the residual variance (or scale parameter) are probably unidentifiable,TRUE,TRUE,FALSE,0.101362599538804,0.128891944082755,0.431624210713793,-38.5703855207129,0.40553653673949,0.816467420831817,0.369561415027883,-0.291397817786694,0.456604062057159,0.374692122356403,0.615614946059284,0.609806642177911
Q9BT78,COPS4,51,26,0.054329996294747,0.0689319018686401,0.430597790335539,0.610903201164746,-16.0175545433785,FALSE,number of observations (=51) <= number of random effects (=52) for term (1 + SampleCode | ID2); the random-effects parameters and the residual variance (or scale parameter) are probably unidentifiable,TRUE,TRUE,FALSE,0.0559333208350223,0.0675641228436951,0.407752421753398,-14.6858180984924,2.66347288977229,0.264018409612566,0.130898483680372,-0.969619181032198,0.242975904357575,0.220834867461776,0.593199144641243,0.610903201164746
Q9Y450,HBS1L,44,26,-0.0915081774341704,0.116570833887059,0.432453202270898,0.612972658264713,-20.6413729498355,FALSE,number of observations (=44) <= number of random effects (=52) for term (1 + SampleCode | ID2); the random-effects parameters and the residual variance (or scale parameter) are probably unidentifiable,TRUE,FALSE,FALSE,-0.0901820489006086,0.114817593586958,0.4321970745748,-20.282695001108,0.717355897454951,0.698599299920667,0.375313077350477,-0.823104504958717,0.383570508715136,0.273515626945266,0.615614946059284,0.612972658264713
P02766,TTR,52,26,-0.0458822913177148,0.0587961899466875,0.435178039201199,0.616269542223512,-7.71670168242814,FALSE,number of observations (=52) <= number of random effects (=52) for term (1 + SampleCode | ID2); the random-effects parameters and the residual variance (or scale parameter) are probably unidentifiable,TRUE,FALSE,FALSE,-0.049944718789136,0.0586564591674542,0.39450355494146,-6.98490846568368,1.46358643348891,0.481045597176547,0.104729620276902,-0.893601567500765,0.210113270384516,0.196244010403456,0.57892774733363,0.616269542223512
Q13162,PRDX4,51,26,-0.160270007593929,0.206114005825464,0.436817001710064,0.618024054617261,-69.883358685041,FALSE,number of observations (=51) <= number of random effects (=52) for term (1 + SampleCode | ID2); the random-effects parameters and the residual variance (or scale parameter) are probably unidentifiable,TRUE,FALSE,FALSE,-0.160419227448722,0.2060845230993,0.436324560521069,-69.8825295168097,0.00165833646258307,0.999171175433694,0.205601223580859,-0.0920638946458579,0.727106556578515,0.712399650190601,0.619596917284054,0.618024054617261
Q8IY22,CMIP,51,26,0.0699591913109905,0.0901117924309007,0.437536454565448,0.618162006784789,-18.9870660655748,FALSE,number of observations (=51) <= number of random effects (=52) for term (1 + SampleCode | ID2); the random-effects parameters and the residual variance (or scale parameter) are probably unidentifiable,TRUE,FALSE,FALSE,0.0711415388005187,0.0899277839659874,0.4288877875131,-18.0383453197509,1.89744149164765,0.387236080107985,0.225370708850233,-0.918121841070268,0.320220218593694,0.278300607695396,0.612413707678133,0.618162006784789
Q93052,LPP,52,26,-0.0766198851847372,0.0987295807061607,0.437714715483857,0.618162006784789,-19.9025941752705,FALSE,number of observations (=52) <= number of random effects (=52) for term (1 + SampleCode | ID2); the random-effects parameters and the residual variance (or scale parameter) are probably unidentifiable,TRUE,FALSE,FALSE,-0.0750949505663094,0.102180126176065,0.4623838526007,-14.8297896108263,10.1456091288884,0.00626482537301352,0.415796470682257,-0.47109913817587,0.354801664377913,0.220760136562665,0.64358833537665,0.618162006784789
P49720,PSMB3,52,26,0.11656849689988,0.150865071278315,0.439719344624257,0.620425924606829,-47.1675919284477,FALSE,number of observations (=52) <= number of random effects (=52) for term (1 + SampleCode | ID2); the random-effects parameters and the residual variance (or scale parameter) are probably unidentifiable,TRUE,TRUE,FALSE,0.110817710152378,0.149424196529203,0.458310555242719,-46.3740722485949,1.58703935970567,0.452250214752726,0.403856386270575,-0.863262922342422,0.541367910664033,0.453971971196484,0.639430005629824,0.620425924606829
P15498,VAV1,46,26,-0.0722684212698539,0.0938933769570986,0.441486154379943,0.622350463975375,-12.5111906488745,FALSE,number of observations (=46) <= number of random effects (=52) for term (1 + SampleCode | ID2); the random-effects parameters and the residual variance (or scale parameter) are probably unidentifiable,TRUE,FALSE,FALSE,-0.0736315881811675,0.097108879777783,0.448308852759251,-12.4348743097432,0.152632678262481,0.926523064694345,0.334785134917574,-0.735650038172849,0.317602039574929,0.229741236135793,0.630243109657,0.622350463975375
Q6WCQ1,MPRIP,48,26,0.0602813874211396,0.0785867702937767,0.443041156905822,0.62374920137828,-19.1035999349201,FALSE,number of observations (=48) <= number of random effects (=52) for term (1 + SampleCode | ID2); the random-effects parameters and the residual variance (or scale parameter) are probably unidentifiable,TRUE,FALSE,FALSE,0.0649170107913798,0.080589125741778,0.420513527081631,-18.4283442413459,1.35051138714842,0.509026249225234,0.212301986404328,0.214366287480702,0.262911226413771,0.220078746340569,0.604928677226369,0.62374920137828
O43306,ADCY6,50,26,-0.0786952241230175,0.10289471880715,0.444382873413909,0.62374920137828,-20.221141145856,FALSE,number of observations (=50) <= number of random effects (=52) for term (1 + SampleCode | ID2); the random-effects parameters and the residual variance (or scale parameter) are probably unidentifiable,TRUE,FALSE,FALSE,-0.081573877291745,0.10718603927927,0.446627525940116,-20.1333871961078,0.175507899496289,0.915986227640371,0.400441049079856,-0.775498757271961,0.362577980106188,0.251446222801322,0.629120749841091,0.62374920137828
Q16401,PSMD5,51,26,-0.0578439560877452,0.0756629607260996,0.444572307879157,0.62374920137828,-9.97877468818345,FALSE,number of observations (=51) <= number of random effects (=52) for term (1 + SampleCode | ID2); the random-effects parameters and the residual variance (or scale parameter) are probably unidentifiable,TRUE,FALSE,FALSE,-0.057982283538096,0.0755531471986652,0.442821714024272,-9.93990125781742,0.0777468607320593,0.961872445285481,0.232825293938482,-0.630348688215336,0.268891839705673,0.212339402848907,0.626527488814556,0.62374920137828
O15269,SPTLC1,48,25,-0.0875473881137353,0.11455192058703,0.444712643505554,0.62374920137828,-28.2999313650979,FALSE,number of observations (=48) <= number of random effects (=50) for term (1 + SampleCode | ID2); the random-effects parameters and the residual variance (or scale parameter) are probably unidentifiable,TRUE,FALSE,FALSE,-0.0845023222213708,0.117791785787902,0.473135200554019,-27.1567185689417,2.28642559231231,0.31879315732152,0.326456976029767,0.119946164980452,0.394395528771289,0.330134602530211,0.651509701297647,0.62374920137828
O14672,ADAM10,49,26,-0.134667127197364,0.176212590173902,0.444729585112352,0.62374920137828,-45.8076466732207,FALSE,number of observations (=49) <= number of random effects (=52) for term (1 + SampleCode | ID2); the random-effects parameters and the residual variance (or scale parameter) are probably unidentifiable,TRUE,FALSE,FALSE,-0.126343298828624,0.182312340722201,0.488306636950728,-45.7266409421414,0.162011462158802,0.922188406294484,0.718852785884059,-0.773376216951479,0.616258598304816,0.38685063503005,0.660625003580451,0.62374920137828
O95168,NDUFB4,42,25,-0.0685580497291272,0.0897422667774325,0.444900724866579,0.62374920137828,-13.132792800822,FALSE,number of observations (=42) <= number of random effects (=50) for term (1 + SampleCode | ID2); the random-effects parameters and the residual variance (or scale parameter) are probably unidentifiable,TRUE,TRUE,FALSE,-0.0688290745330736,0.0898194979148053,0.443495213609371,-13.0964456130588,0.0726943755265275,0.964305440309101,0.20815224023006,-0.324101773984017,0.281556280605251,0.240429175585197,0.626898540737857,0.62374920137828
Q96BM9,ARL8A,51,26,-0.0816788471322824,0.107378625221346,0.446858936670946,0.625926615735822,-34.6863598659216,FALSE,number of observations (=51) <= number of random effects (=52) for term (1 + SampleCode | ID2); the random-effects parameters and the residual variance (or scale parameter) are probably unidentifiable,TRUE,FALSE,FALSE,-0.0788748839516526,0.108041812487477,0.465365513203129,-33.90322491322,1.56626990540305,0.456971180380348,0.30437315696265,0.107926942643769,0.379727674415006,0.314255848358026,0.645005663156757,0.625926615735822
P35908,KRT2,42,24,-0.253991675670714,0.334477427749904,0.447632056397572,0.62644160066508,-62.7810960527268,FALSE,number of observations (=42) <= number of random effects (=48) for term (1 + SampleCode | ID2); the random-effects parameters and the residual variance (or scale parameter) are probably unidentifiable,TRUE,FALSE,FALSE,-0.260540716781115,0.370694684289501,0.482152667055985,-58.3961745036161,8.76984309822136,0.012463865897343,1.43112141597865,-0.999953985688599,1.07880016804177,0.688363945880466,0.65690096341358,0.62644160066508
P00488,F13A1,52,26,-0.0736590728227216,0.0971208333357515,0.448195334265449,0.626662254696939,-19.0483019317346,FALSE,number of observations (=52) <= number of random effects (=52) for term (1 + SampleCode | ID2); the random-effects parameters and the residual variance (or scale parameter) are probably unidentifiable,TRUE,FALSE,FALSE,-0.0750419241836264,0.101374038218874,0.459149556136992,-18.8708061026096,0.354991658250128,0.837364491871042,0.381156082418784,-0.720989174109082,0.349020355063093,0.245385011448689,0.639662817161094,0.626662254696939
P51812,RPS6KA3,50,26,-0.058593513431438,0.0776077629715786,0.450251669736512,0.628706084709385,-13.3237778814384,FALSE,number of observations (=50) <= number of random effects (=52) for term (1 + SampleCode | ID2); the random-effects parameters and the residual variance (or scale parameter) are probably unidentifiable,TRUE,FALSE,FALSE,-0.0595226152747667,0.077012633002209,0.43958501369603,-12.5107012699067,1.62615322306356,0.443491514019457,0.146405648008399,-0.964622236251518,0.271893785062189,0.251177862843574,0.623081510238869,0.628706084709385
Q96A65,EXOC4,49,26,-0.0494075313355231,0.0654725165758401,0.450470961665559,0.628706084709385,-0.060909853517924,FALSE,number of observations (=49) <= number of random effects (=52) for term (1 + SampleCode | ID2); the random-effects parameters and the residual variance (or scale parameter) are probably unidentifiable,TRUE,FALSE,FALSE,-0.0490695310598006,0.0654577079057628,0.453473256486827,-0.0397496443143979,0.0423204184070523,0.979062097245198,0.209438200096278,-0.652411730216956,0.226718946234724,0.171781233447738,0.634880656184745,0.628706084709385
P05165,PCCA,43,25,-0.0655131482473701,0.0869154882646647,0.450995213568495,0.628869679569787,-6.83415073557818,FALSE,number of observations (=43) <= number of random effects (=50) for term (1 + SampleCode | ID2); the random-effects parameters and the residual variance (or scale parameter) are probably unidentifiable,TRUE,FALSE,FALSE,-0.066998834470723,0.0938912379587986,0.475487423149855,-6.33431792783128,0.999665615493809,0.606632075417926,0.295495220047545,-0.836932954774054,0.283652666334329,0.228992650864407,0.653583691073422,0.628869679569787
Q04917,YWHAH,52,26,-0.0940996900450371,0.12501477269258,0.451625062476895,0.629180091548064,-42.9009866110364,FALSE,number of observations (=52) <= number of random effects (=52) for term (1 + SampleCode | ID2); the random-effects parameters and the residual variance (or scale parameter) are probably unidentifiable,TRUE,FALSE,FALSE,-0.09367181324204,0.125008521698657,0.453662294128129,-42.7242550937002,0.353463034672558,0.838004744068672,0.204392926407128,-0.636994096092795,0.447651377459437,0.423732964790658,0.634880656184745,0.629180091548064
P01042,KNG1,52,26,0.0467316653740966,0.062166814888083,0.452223066587353,0.629445619709424,-5.22350090738607,FALSE,number of observations (=52) <= number of random effects (=52) for term (1 + SampleCode | ID2); the random-effects parameters and the residual variance (or scale parameter) are probably unidentifiable,TRUE,TRUE,FALSE,0.047359456073779,0.062238531456138,0.446696092281992,-5.03328812778916,0.380425559193832,0.826783192631201,0.119189552813719,-0.652421308258801,0.222736377757744,0.206498057645311,0.629120749841091,0.629445619709424
Q9Y394,DHRS7,48,26,0.0857311526162153,0.114327693015049,0.45333171112819,0.629642132752917,-28.658122065384,FALSE,number of observations (=48) <= number of random effects (=52) for term (1 + SampleCode | ID2); the random-effects parameters and the residual variance (or scale parameter) are probably unidentifiable,TRUE,FALSE,FALSE,0.0894339634756648,0.110942779128879,0.420169657259859,-27.2160824799319,2.88407917090419,0.236445016736388,0.261268994400604,-0.999785487615374,0.389539596983238,0.337655297519943,0.604928677226369,0.629642132752917
Q02487,DSC2,49,26,0.153520183160016,0.204836173753895,0.453569220458113,0.629642132752917,-52.9229080515274,FALSE,number of observations (=49) <= number of random effects (=52) for term (1 + SampleCode | ID2); the random-effects parameters and the residual variance (or scale parameter) are probably unidentifiable,TRUE,TRUE,FALSE,0.161368701689743,0.220204129330886,0.463671790275581,-52.2811477210444,1.28352066096592,0.526365031613634,0.892725434930842,-0.855142482652396,0.712568532703562,0.447778069691654,0.644736284182411,0.629642132752917
Q99426,TBCB,48,25,-0.101363917890611,0.135402388094157,0.454090806350296,0.629642132752917,-40.914956177788,FALSE,number of observations (=48) <= number of random effects (=50) for term (1 + SampleCode | ID2); the random-effects parameters and the residual variance (or scale parameter) are probably unidentifiable,TRUE,TRUE,FALSE,-0.101953106104718,0.133261071098921,0.444234069926064,-39.861537535658,2.10683728425994,0.348743479732114,0.242183268685333,-0.99919268343339,0.464426712615252,0.427777081930546,0.62736895615701,0.629642132752917
Q99471,PFDN5,50,26,0.100696373236146,0.134613536603213,0.454435747097486,0.629642132752917,-33.6562243105632,FALSE,number of observations (=50) <= number of random effects (=52) for term (1 + SampleCode | ID2); the random-effects parameters and the residual variance (or scale parameter) are probably unidentifiable,TRUE,FALSE,FALSE,0.0982659982296745,0.134683023160708,0.465628981529676,-32.4276211125714,2.45720639598348,0.292701137812743,0.4924319203147,-0.902787003409656,0.474348001164389,0.327421694461784,0.645005663156757,0.629642132752917
Q8IUI8,CRLF3,47,25,0.0976616581084443,0.130690475893948,0.454897890586564,0.629642132752917,-28.8478189602723,FALSE,number of observations (=47) <= number of random effects (=50) for term (1 + SampleCode | ID2); the random-effects parameters and the residual variance (or scale parameter) are probably unidentifiable,TRUE,FALSE,FALSE,0.0987867746864032,0.139399327071669,0.478535281118642,-28.1603939407981,1.37485003894837,0.502869281960567,0.568848410023731,-0.858670522666736,0.447018565769461,0.262438607659906,0.654860061406821,0.629642132752917
Q5JSH3,WDR44,52,26,0.0775741273402158,0.10383937717645,0.455028028516262,0.629642132752917,-28.3683429373551,FALSE,number of observations (=52) <= number of random effects (=52) for term (1 + SampleCode | ID2); the random-effects parameters and the residual variance (or scale parameter) are probably unidentifiable,TRUE,FALSE,FALSE,0.0774457310298036,0.103806406561433,0.455631617100163,-28.2926669511543,0.151351972401621,0.927116556455748,0.28225832754585,-0.616134191018665,0.372541896716215,0.31445081343033,0.637059591330092,0.629642132752917
O15400,STX7,51,26,0.0869704599887082,0.116465946253706,0.455216998242724,0.629642132752917,-40.071655391814,FALSE,number of observations (=51) <= number of random effects (=52) for term (1 + SampleCode | ID2); the random-effects parameters and the residual variance (or scale parameter) are probably unidentifiable,TRUE,FALSE,FALSE,0.0877675070917826,0.116509207207824,0.451263876811157,-40.0645151223861,0.0142805388558003,0.99288516173141,0.117083879710232,0.00274746648638144,0.411455437196518,0.403040307858497,0.633820626975671,0.629642132752917
P42858,HTT,50,26,-0.0546373995723759,0.0735200642124309,0.457382934640862,0.632072123452712,-3.41374281938972,FALSE,number of observations (=50) <= number of random effects (=52) for term (1 + SampleCode | ID2); the random-effects parameters and the residual variance (or scale parameter) are probably unidentifiable,TRUE,FALSE,FALSE,-0.0516787107419242,0.0788622157396477,0.512272165791632,-2.93459634468116,0.958292949417118,0.619311764538639,0.314469813084271,-0.8435759661938,0.25906826597565,0.169400182595367,0.678564664185979,0.632072123452712
P20674,COX5A,52,26,-0.0688125652792084,0.0935333268693333,0.461912660346531,0.637761447931537,-25.7852113935438,FALSE,number of observations (=52) <= number of random effects (=52) for term (1 + SampleCode | ID2); the random-effects parameters and the residual variance (or scale parameter) are probably unidentifiable,TRUE,FALSE,FALSE,-0.0680259592171729,0.0934685906839214,0.466739175722853,-24.1586324044711,3.25315797814538,0.196600999162347,0.309867073829586,0.119013068246892,0.335212307638281,0.253619214309855,0.6455792537975,0.637761447931537
Q13546,RIPK1,40,24,-0.0909418952819281,0.12461143075539,0.465510123381267,0.642154589842909,-19.2561703752432,FALSE,number of observations (=40) <= number of random effects (=48) for term (1 + SampleCode | ID2); the random-effects parameters and the residual variance (or scale parameter) are probably unidentifiable,TRUE,TRUE,FALSE,-0.0813990765158911,0.124962346821643,0.514795521233821,-18.3635631310319,1.78521448842264,0.409586467467796,0.380068732254447,-0.925584982241689,0.391513656347659,0.285750258750073,0.680352477737265,0.642154589842909
O00203,AP3B1,49,26,0.0692452850941534,0.0949812906790271,0.465976390201379,0.642224373649537,-16.8305679416994,FALSE,number of observations (=49) <= number of random effects (=52) for term (1 + SampleCode | ID2); the random-effects parameters and the residual variance (or scale parameter) are probably unidentifiable,TRUE,FALSE,FALSE,0.069358454735129,0.0935746168761471,0.458566037080772,-16.1944913615141,1.27215316037051,0.529365277265415,0.308104509484858,-0.841926233950178,0.33113032700239,0.246056776618942,0.639430005629824,0.642224373649537
P0CG47;P0CG48;P62979;P62987,RPS27A;UBA52;UBB;UBC,52,26,-0.128093641077383,0.176463085352011,0.467903247078758,0.644305273383851,-50.1004034590389,FALSE,number of observations (=52) <= number of random effects (=52) for term (1 + SampleCode | ID2); the random-effects parameters and the residual variance (or scale parameter) are probably unidentifiable,TRUE,FALSE,FALSE,-0.127235471348715,0.183493928925018,0.488055891834096,-49.8754474753105,0.449911967456885,0.798551367239652,0.752583483898684,-0.799335517616123,0.634150332011371,0.389983402053008,0.660625003580451,0.644305273383851
P48740,MASP1,52,26,0.0686861674611098,0.0947445666751396,0.468475622061363,0.644518999185045,-17.7601886518132,FALSE,number of observations (=52) <= number of random effects (=52) for term (1 + SampleCode | ID2); the random-effects parameters and the residual variance (or scale parameter) are probably unidentifiable,TRUE,FALSE,FALSE,0.068451065912548,0.097350418656557,0.481967914140914,-17.4462288564226,0.627919590781275,0.730548398982001,0.408154188269657,-0.805802705576935,0.340480833673854,0.197987801173749,0.65690096341358,0.644518999185045
P35858,IGFALS,52,26,0.102127677237918,0.141749333522746,0.471228999567286,0.647730252963929,-44.7644604551789,FALSE,number of observations (=52) <= number of random effects (=52) for term (1 + SampleCode | ID2); the random-effects parameters and the residual variance (or scale parameter) are probably unidentifiable,TRUE,FALSE,FALSE,0.102689320069697,0.141698330678403,0.468633757447452,-44.301131958524,0.926656993309862,0.629185913088923,0.43301634467123,-0.220284801342124,0.508513347984474,0.405829300380342,0.647619995756988,0.647730252963929
P25787,PSMA2,52,26,0.0859493067988135,0.119556115584104,0.472200395992134,0.648488543829197,-32.2091867816697,FALSE,number of observations (=52) <= number of random effects (=52) for term (1 + SampleCode | ID2); the random-effects parameters and the residual variance (or scale parameter) are probably unidentifiable,TRUE,FALSE,FALSE,0.0860148062092584,0.119553829247297,0.47185440600475,-32.2084607478791,0.00145206758116956,0.999274229708174,0.382118193801777,-0.623275846960252,0.429387774843888,0.333704718584262,0.650325653235806,0.648488543829197
A0FGR8,ESYT2,52,26,-0.0544002318202877,0.0762409574432412,0.475517681916794,0.652464314885832,-17.1930005553154,FALSE,number of observations (=52) <= number of random effects (=52) for term (1 + SampleCode | ID2); the random-effects parameters and the residual variance (or scale parameter) are probably unidentifiable,TRUE,FALSE,FALSE,-0.0543254700746248,0.0762578679647869,0.476222271016582,-17.1404405885688,0.105119933493121,0.948797423055219,0.163612882827404,-0.153042649693458,0.273001744619989,0.24734002606932,0.654011918862772,0.652464314885832
Q9P2E9,RRBP1,44,25,-0.0605592971169797,0.0850684160244283,0.476533314099269,0.653277702114792,-23.6407456835594,FALSE,number of observations (=44) <= number of random effects (=50) for term (1 + SampleCode | ID2); the random-effects parameters and the residual variance (or scale parameter) are probably unidentifiable,TRUE,FALSE,FALSE,-0.0620502881194705,0.0850989280233774,0.465907003289929,-23.6353480847402,0.0107951976383234,0.994616942043667,0.151793101543066,-0.117090824578323,0.266130592738656,0.243459488088575,0.645005663156757,0.653277702114792
P07948,LYN,52,26,-0.0660384545227229,0.0928998552181945,0.477173240544356,0.653575050213679,-24.2343818813433,FALSE,number of observations (=52) <= number of random effects (=52) for term (1 + SampleCode | ID2); the random-effects parameters and the residual variance (or scale parameter) are probably unidentifiable,TRUE,FALSE,FALSE,-0.0656766378833408,0.0928718516979096,0.47945782511268,-24.2226933705451,0.0233770215962679,0.988379534470221,0.231041855561305,-0.49454179648289,0.333097048315521,0.290171925344539,0.655299009545342,0.653575050213679
P49755,TMED10,52,26,-0.102494384147057,0.144414688540601,0.477876106200003,0.653958001841456,-42.2920800433735,FALSE,number of observations (=52) <= number of random effects (=52) for term (1 + SampleCode | ID2); the random-effects parameters and the residual variance (or scale parameter) are probably unidentifiable,TRUE,FALSE,FALSE,-0.097008622543446,0.143535507978125,0.499135224436398,-41.5506990382931,1.48276201016083,0.476455473540271,0.463398361556813,-0.842146925858867,0.518630421276105,0.398062482562446,0.669994719160934,0.653958001841456
Q8WXE9,STON2,45,25,0.0755990913071607,0.106737028015091,0.478774948086591,0.654608225481224,-17.4820006048496,FALSE,number of observations (=45) <= number of random effects (=50) for term (1 + SampleCode | ID2); the random-effects parameters and the residual variance (or scale parameter) are probably unidentifiable,TRUE,TRUE,FALSE,0.0978798904446744,0.122591595502471,0.424625339787461,-13.7754118161109,7.41317757747736,0.024561163851424,0.492907030411307,-0.756910497378168,0.356846475299469,0.216869934253356,0.609142200530758,0.654608225481224
P38606,ATP6V1A,44,25,-0.0519883536051563,0.073528685642052,0.479536281710808,0.655069456448451,-11.3282448184178,FALSE,number of observations (=44) <= number of random effects (=50) for term (1 + SampleCode | ID2); the random-effects parameters and the residual variance (or scale parameter) are probably unidentifiable,TRUE,FALSE,FALSE,-0.0572557498417962,0.0735069447144537,0.436029082022311,-10.8793880985603,0.897713439714959,0.638357556103215,0.18303940556136,0.10480722698133,0.234138887750355,0.191796716843268,0.619596917284054,0.655069456448451
Q8NFH8,REPS2,46,25,0.0831353190179122,0.117998803566491,0.481094217330885,0.655941854229588,-33.2915677169122,FALSE,number of observations (=46) <= number of random effects (=50) for term (1 + SampleCode | ID2); the random-effects parameters and the residual variance (or scale parameter) are probably unidentifiable,TRUE,TRUE,FALSE,0.0826307670990322,0.117997953375779,0.483756902611778,-33.2894938454888,0.00414774284678288,0.997928277562119,0.14042309463448,-0.120172907771806,0.390510770859599,0.377426612855358,0.657926421245772,0.655941854229588
P14868,DARS1,43,25,-0.0518277303909416,0.0735711198919603,0.481147881226562,0.655941854229588,-3.27226512398924,FALSE,number of observations (=43) <= number of random effects (=50) for term (1 + SampleCode | ID2); the random-effects parameters and the residual variance (or scale parameter) are probably unidentifiable,TRUE,FALSE,FALSE,-0.0519843125486414,0.0735510977691877,0.479704323492415,-3.26910398817202,0.006322271634426,0.996843855312017,0.180138628015127,-0.559242191178046,0.236850245417434,0.199893446449616,0.655299009545342,0.655941854229588
Q16539,MAPK14,49,26,0.0816642268367285,0.116004505616336,0.481448584269484,0.655941854229588,-30.4373358963471,FALSE,number of observations (=49) <= number of random effects (=52) for term (1 + SampleCode | ID2); the random-effects parameters and the residual variance (or scale parameter) are probably unidentifiable,TRUE,FALSE,FALSE,0.0871525856609061,0.114469463034965,0.446441470782246,-29.6642588812972,1.54615403009977,0.46159055979416,0.29350255443725,-0.860217432187455,0.400563310354087,0.340875491866117,0.629120749841091,0.655941854229588
O00159,MYO1C,51,26,-0.0633109277004367,0.0900458969887098,0.48199580220793,0.656108823269825,-14.3956324393317,FALSE,number of observations (=51) <= number of random effects (=52) for term (1 + SampleCode | ID2); the random-effects parameters and the residual variance (or scale parameter) are probably unidentifiable,TRUE,FALSE,FALSE,-0.0661378148707932,0.0995193213375534,0.506323894514949,-13.4016600841736,1.98794471031618,0.370103584225616,0.432096456166697,-0.865470694224116,0.320885399508482,0.183031197662095,0.675535765997925,0.656108823269825
P67812,SEC11A,42,24,-0.0890218066893068,0.127085199504208,0.483621862462854,0.657220698080723,-22.3736719863226,FALSE,number of observations (=42) <= number of random effects (=48) for term (1 + SampleCode | ID2); the random-effects parameters and the residual variance (or scale parameter) are probably unidentifiable,TRUE,FALSE,FALSE,-0.0904817957277053,0.123923654589598,0.465303732613411,-19.20157597092,6.34419203080523,0.0419156499176394,0.411161059787413,-0.995959379298879,0.408496486821092,0.280583917700465,0.645005663156757,0.657220698080723
P62873;P62879,GNB1;GNB2,46,26,0.144410355858616,0.206176018589956,0.4836633875196,0.657220698080723,-56.1311686190739,FALSE,number of observations (=46) <= number of random effects (=52) for term (1 + SampleCode | ID2); the random-effects parameters and the residual variance (or scale parameter) are probably unidentifiable,TRUE,FALSE,FALSE,0.15622759585693,0.208079643055093,0.452768980081849,-55.3946210802964,1.47309507755489,0.478763979565183,0.326614340025815,-0.987737943224271,0.680884676071087,0.642357192238733,0.634880656184745,0.657220698080723
Q9H3N1,TMX1,49,26,0.101250486147227,0.145140499657933,0.485425340444276,0.659035282061869,-36.2370849519685,FALSE,number of observations (=49) <= number of random effects (=52) for term (1 + SampleCode | ID2); the random-effects parameters and the residual variance (or scale parameter) are probably unidentifiable,TRUE,FALSE,FALSE,0.105718276310617,0.156316233498747,0.498843664589621,-35.4728825524878,1.52840479896146,0.465705229613602,0.664224894395901,-0.855224848636271,0.506917917334682,0.286568003058842,0.669994719160934,0.659035282061869
Q93050,ATP6V0A1,50,26,-0.0565049204286307,0.081124211403015,0.486101039627494,0.659373227589533,-8.44241892437406,FALSE,number of observations (=50) <= number of random effects (=52) for term (1 + SampleCode | ID2); the random-effects parameters and the residual variance (or scale parameter) are probably unidentifiable,TRUE,FALSE,FALSE,-0.0560397521521357,0.0831100689844319,0.500131061851869,-8.37549195672355,0.133853935301023,0.935263503333658,0.289774210634389,-0.702396516232149,0.286478968265558,0.210070993196051,0.670674339418004,0.659373227589533
P13796,LCP1,52,26,0.0780354898541721,0.112536238110744,0.488042604902284,0.661426161907043,-47.1568611177491,FALSE,number of observations (=52) <= number of random effects (=52) for term (1 + SampleCode | ID2); the random-effects parameters and the residual variance (or scale parameter) are probably unidentifiable,TRUE,TRUE,FALSE,0.0783997530152417,0.112374256478129,0.485385789716745,-46.7397034967717,0.834315241954769,0.658917052608653,0.118659998349542,-0.99999693793586,0.400752157287951,0.391530487286097,0.658990181929783,0.661426161907043
Q5VZK9,CARMIL1,41,24,-0.0817855007794385,0.118641558436643,0.490603345222675,0.664313907422466,-25.7368461578471,FALSE,number of observations (=41) <= number of random effects (=48) for term (1 + SampleCode | ID2); the random-effects parameters and the residual variance (or scale parameter) are probably unidentifiable,TRUE,FALSE,FALSE,-0.0851457937569347,0.11975381968257,0.477079951425501,-25.5310462575973,0.411599800499651,0.813995940372157,0.246863317355197,-0.0106029838069554,0.362282876741578,0.318534598588799,0.654584210058429,0.664313907422466
Q14258,TRIM25,51,26,-0.0574491452606046,0.0835021621357816,0.491455362738426,0.664341656827006,-10.5478363818385,FALSE,number of observations (=51) <= number of random effects (=52) for term (1 + SampleCode | ID2); the random-effects parameters and the residual variance (or scale parameter) are probably unidentifiable,TRUE,FALSE,FALSE,-0.0588435053117812,0.0845633555714176,0.48652207403019,-10.2294564778063,0.636759808064561,0.727326421681121,0.278366965918509,-0.584300631153265,0.297566302883539,0.227692950781865,0.659944340980372,0.664341656827006
Q71U36,TUBA1A,52,26,0.165165948419166,0.240083989221553,0.491483827672018,0.664341656827006,-68.2532627711416,FALSE,number of observations (=52) <= number of random effects (=52) for term (1 + SampleCode | ID2); the random-effects parameters and the residual variance (or scale parameter) are probably unidentifiable,TRUE,FALSE,FALSE,0.164988464854623,0.239741167410135,0.491330538052862,-63.4767957079024,9.55293412647828,0.00842571396057593,0.900949673761724,-0.987362508430134,0.862315144762303,0.580946322756558,0.662395882453465,0.664341656827006
P45974,USP5,52,26,-0.0702356241484317,0.102431496209706,0.492912484023336,0.665034262264058,-32.5575122175094,FALSE,number of observations (=52) <= number of random effects (=52) for term (1 + SampleCode | ID2); the random-effects parameters and the residual variance (or scale parameter) are probably unidentifiable,TRUE,FALSE,FALSE,-0.071555393375093,0.102565384157465,0.48539212105896,-31.8338916078617,1.44724121929551,0.484993102571543,0.157210788759304,-0.99775677309942,0.366782673490348,0.35024298503394,0.658990181929783,0.665034262264058
Q01518,CAP1,52,26,0.0535501674405298,0.0781271611608918,0.493076919373772,0.665034262264058,-20.1040364799736,FALSE,number of observations (=52) <= number of random effects (=52) for term (1 + SampleCode | ID2); the random-effects parameters and the residual variance (or scale parameter) are probably unidentifiable,TRUE,FALSE,FALSE,0.0533923509146363,0.0781286067806201,0.494360095011035,-19.7666130845761,0.674846790795122,0.713606638165554,0.207548542100967,-0.023199624192765,0.279540740852,0.23794993150639,0.664740075537031,0.665034262264058
Q15057,ACAP2,47,26,0.0980436478619199,0.14311074904017,0.493287549873534,0.665034262264058,-35.6015644866638,FALSE,number of observations (=47) <= number of random effects (=52) for term (1 + SampleCode | ID2); the random-effects parameters and the residual variance (or scale parameter) are probably unidentifiable,TRUE,FALSE,FALSE,0.0987474721928228,0.142873529202435,0.489469379463424,-35.1132623246919,0.976604323943874,0.613667418068351,0.377903046874675,-0.181348382698859,0.482448995660929,0.399082335683561,0.661618715022738,0.665034262264058
P11177,PDHB,49,26,-0.0614380559279749,0.089892731674672,0.494316431678655,0.665081518457681,-13.504468518989,FALSE,number of observations (=49) <= number of random effects (=52) for term (1 + SampleCode | ID2); the random-effects parameters and the residual variance (or scale parameter) are probably unidentifiable,TRUE,FALSE,FALSE,-0.0617768963308801,0.0899707866397467,0.492314131379074,-13.3989949302571,0.210947177463762,0.899898239986618,0.319289170735404,-0.611830410174447,0.313594163646059,0.217545591548371,0.6625656210633,0.665081518457681
P35606,COPB2,51,26,-0.038522921108772,0.0563682207773763,0.494344268780795,0.665081518457681,-3.31788124388101,FALSE,number of observations (=51) <= number of random effects (=52) for term (1 + SampleCode | ID2); the random-effects parameters and the residual variance (or scale parameter) are probably unidentifiable,TRUE,FALSE,FALSE,-0.0390997243077485,0.0567247364835281,0.490641558335607,-2.67314401435181,1.2894744590584,0.524800426044913,0.143549013219841,0.185440994110266,0.199098292707188,0.172078524578445,0.662044722819661,0.665081518457681
P53814,SMTN,51,26,-0.0806582554530805,0.118176913691923,0.494909407364822,0.665081518457681,-31.2619071239156,FALSE,number of observations (=51) <= number of random effects (=52) for term (1 + SampleCode | ID2); the random-effects parameters and the residual variance (or scale parameter) are probably unidentifiable,TRUE,TRUE,FALSE,-0.0793105943867064,0.117726008141585,0.500509717377967,-30.7604653545225,1.00288353878612,0.605656812465986,0.386861023316994,-0.797005327994685,0.420371410654643,0.318386907476356,0.670674339418004,0.665081518457681
P13611,VCAN,45,25,0.185773420158008,0.272272259634481,0.495044495939374,0.665081518457681,-59.6472408498041,FALSE,number of observations (=45) <= number of random effects (=50) for term (1 + SampleCode | ID2); the random-effects parameters and the residual variance (or scale parameter) are probably unidentifiable,TRUE,TRUE,TRUE,0.186573751183495,0.28000071907201,0.505198203975378,-58.329420089221,2.63564152116629,0.267718088530612,0.778555978014088,,0.910788754143704,0.744410434328,0.674705426077254,0.665081518457681
P02545,LMNA,44,25,-0.0583966419388654,0.0858226536763557,0.496229769570665,0.66609469503621,-16.884416033911,FALSE,number of observations (=44) <= number of random effects (=50) for term (1 + SampleCode | ID2); the random-effects parameters and the residual variance (or scale parameter) are probably unidentifiable,TRUE,FALSE,FALSE,-0.0529120835063963,0.0854898796377252,0.535963766516507,-16.8424123926392,0.0840072825436238,0.958866289073338,0.103523251491849,-0.494588700337165,0.273048970048992,0.263836727977664,0.695812631539698,0.66609469503621
P68400;Q8NEV1,CSNK2A1;CSNK2A3,51,26,-0.0695199422604664,0.102478841055903,0.497528646093355,0.667258470672078,-27.9363743519673,FALSE,number of observations (=51) <= number of random effects (=52) for term (1 + SampleCode | ID2); the random-effects parameters and the residual variance (or scale parameter) are probably unidentifiable,TRUE,TRUE,FALSE,-0.0679658709750851,0.103323511701105,0.510668738196722,-27.6654083797676,0.54193194439938,0.762642447008437,0.280936558186084,-0.192680024979655,0.363577592199334,0.30736724498541,0.677945013310877,0.667258470672078
P02671,FGA,52,26,-0.0489466712669895,0.0722636836536158,0.498193875824689,0.667259044811864,-12.6374589516785,FALSE,number of observations (=52) <= number of random effects (=52) for term (1 + SampleCode | ID2); the random-effects parameters and the residual variance (or scale parameter) are probably unidentifiable,TRUE,FALSE,FALSE,-0.0507801823830742,0.0723196852041734,0.482577730404151,-12.5305334525567,0.213850998243586,0.898592616435677,0.189282264418188,-0.212896113627342,0.258956317868161,0.22192411839504,0.65690096341358,0.667259044811864
O00264,PGRMC1,51,26,-0.0989230358151875,0.146115237277902,0.498392839943619,0.667259044811864,-45.2499877727646,FALSE,number of observations (=51) <= number of random effects (=52) for term (1 + SampleCode | ID2); the random-effects parameters and the residual variance (or scale parameter) are probably unidentifiable,TRUE,FALSE,FALSE,-0.09732065696972,0.146076919492076,0.505264840110928,-44.898523104983,0.702929335563198,0.703656711275395,0.431596371612379,-0.23313600869923,0.51867181556276,0.417849334075198,0.674705426077254,0.667259044811864
P24539,ATP5PB,52,26,-0.0976718827255163,0.145316034330061,0.501498238502613,0.670713407112154,-41.3425119466512,FALSE,number of observations (=52) <= number of random effects (=52) for term (1 + SampleCode | ID2); the random-effects parameters and the residual variance (or scale parameter) are probably unidentifiable,TRUE,FALSE,FALSE,-0.0963719191682199,0.145328900537843,0.507247451135506,-41.2413991519213,0.20222558945963,0.903831079753645,0.496049998006765,-0.741767736884879,0.522045577583456,0.386749855297121,0.676184048321274,0.670713407112154
P0C7P3,SLFN14,50,26,-0.0517403385636365,0.077040922330668,0.501841228881327,0.670713407112154,-16.5130837629341,FALSE,number of observations (=50) <= number of random effects (=52) for term (1 + SampleCode | ID2); the random-effects parameters and the residual variance (or scale parameter) are probably unidentifiable,TRUE,TRUE,FALSE,-0.0523242465135272,0.0761378999820603,0.491937822869609,-15.7254374202497,1.57529268536875,0.45491424847439,0.121456155489971,-0.999996405916692,0.268898017886065,0.253558845065537,0.6625656210633,0.670713407112154
P31946,YWHAB,52,26,-0.0888222434189762,0.132671111827816,0.503181704244324,0.671923710507762,-43.8282828692998,FALSE,number of observations (=52) <= number of random effects (=52) for term (1 + SampleCode | ID2); the random-effects parameters and the residual variance (or scale parameter) are probably unidentifiable,TRUE,FALSE,FALSE,-0.0887593101663461,0.132670081461213,0.503480930123308,-43.805784764034,0.0449962105315365,0.977753089773831,0.300511878229363,-0.476556988904874,0.475502956038744,0.425394256702207,0.673487477957152,0.671923710507762
Q9NS28,RGS18,49,26,0.0888598705250366,0.133126707534247,0.50446339441092,0.673053492543066,-42.0625131426954,FALSE,number of observations (=49) <= number of random effects (=52) for term (1 + SampleCode | ID2); the random-effects parameters and the residual variance (or scale parameter) are probably unidentifiable,TRUE,TRUE,FALSE,0.0818043748826692,0.132307298517484,0.53638371790536,-40.7453668949371,2.63429249551645,0.267898728730007,0.281510791667993,-0.995896332639376,0.456494365592812,0.415639916612676,0.695812631539698,0.673053492543066
P32004,L1CAM,49,26,0.0797767525000906,0.120569750578172,0.50818610778812,0.676902598048121,-28.5858605421391,FALSE,number of observations (=49) <= number of random effects (=52) for term (1 + SampleCode | ID2); the random-effects parameters and the residual variance (or scale parameter) are probably unidentifiable,TRUE,FALSE,FALSE,0.0796824170167849,0.120666491650693,0.509027659496485,-28.5671807864922,0.0373595112937792,0.981493629711458,0.395679412374788,-0.693019537939485,0.420021136913503,0.313490316879657,0.677216427876607,0.676902598048121
Q9P260,RELCH,49,26,-0.0417009844562033,0.0630300622316243,0.508224604359754,0.676902598048121,4.55703581073725,FALSE,number of observations (=49) <= number of random effects (=52) for term (1 + SampleCode | ID2); the random-effects parameters and the residual variance (or scale parameter) are probably unidentifiable,TRUE,FALSE,FALSE,-0.045183294432232,0.0698335539913447,0.517622814747006,5.64322734218077,2.17238306288703,0.337499405064313,0.290996502444482,-0.880045415255783,0.220481990308577,0.135731777290616,0.68118153836753,0.676902598048121
Q9UJU6,DBNL,51,26,-0.0873433410079102,0.132176173133314,0.508734149352435,0.676997640611121,-33.9702571504413,FALSE,number of observations (=51) <= number of random effects (=52) for term (1 + SampleCode | ID2); the random-effects parameters and the residual variance (or scale parameter) are probably unidentifiable,TRUE,FALSE,FALSE,-0.0861339248529461,0.134207876165883,0.521006388619702,-33.8492646318,0.241985037282603,0.886040588355542,0.531527817892285,-0.775655608142919,0.471019841433792,0.296836383263071,0.683323319539423,0.676997640611121
O43865,AHCYL1,50,26,-0.0616172805754604,0.0939053157008061,0.511718657133382,0.680383240336554,-20.4810004976321,FALSE,number of observations (=50) <= number of random effects (=52) for term (1 + SampleCode | ID2); the random-effects parameters and the residual variance (or scale parameter) are probably unidentifiable,TRUE,FALSE,FALSE,-0.0621953683232594,0.0940138054093388,0.508256010030134,-20.4549917798261,0.052017435612072,0.974326595581449,0.254240788317138,-0.444520764775092,0.329785360733474,0.276470698041617,0.676944427152204,0.680383240336554
P07951,TPM2,51,26,-0.127639753555464,0.194885367022149,0.512501326210908,0.680837961303399,-60.8802922063542,FALSE,number of observations (=51) <= number of random effects (=52) for term (1 + SampleCode | ID2); the random-effects parameters and the residual variance (or scale parameter) are probably unidentifiable,TRUE,FALSE,FALSE,-0.128154178717218,0.194866564901635,0.510762456630331,-60.876944651603,0.00669510950234553,0.996658042063277,0.53747840353777,-0.440485515741906,0.691341009735743,0.577234286148555,0.677945013310877,0.680837961303399
Q92823,NRCAM,38,23,0.123006769174248,0.188243432854953,0.513469301883537,0.681218222966185,-32.9046028423209,FALSE,number of observations (=38) <= number of random effects (=46) for term (1 + SampleCode | ID2); the random-effects parameters and the residual variance (or scale parameter) are probably unidentifiable,TRUE,FALSE,FALSE,0.118530971037184,0.195578368832024,0.544479172923165,-32.7183920167809,0.372421651079961,0.830098570553397,0.662395681177943,-0.732135384249736,0.575205487712767,0.382559533808698,0.7039500603902,0.681218222966185
P61073,CXCR4,50,26,-0.115200473203131,0.176434333010614,0.513797007284721,0.681218222966185,-57.4612762265112,FALSE,number of observations (=50) <= number of random effects (=52) for term (1 + SampleCode | ID2); the random-effects parameters and the residual variance (or scale parameter) are probably unidentifiable,TRUE,FALSE,FALSE,-0.115862490373635,0.17692250176927,0.512546901686108,-57.3592145110725,0.204123430877374,0.90297382252364,0.405128830178442,-0.123137538865841,0.617615251073103,0.547374486905252,0.678564664185979,0.681218222966185
O60610,DIAPH1,51,26,-0.0495126371447157,0.0758871439057046,0.514110322316228,0.681218222966185,-22.5425039641749,FALSE,number of observations (=51) <= number of random effects (=52) for term (1 + SampleCode | ID2); the random-effects parameters and the residual variance (or scale parameter) are probably unidentifiable,TRUE,TRUE,FALSE,-0.049249360581883,0.07584172743084,0.516099096380631,-22.5394015929525,0.00620474244481528,0.996902436158481,0.099603728097988,-0.221452285238038,0.26710969364281,0.257564356319273,0.680352477737265,0.681218222966185
Q7Z2W4,ZC3HAV1,51,26,-0.0464482198991627,0.0713656449475082,0.515144316436159,0.682003400937331,-6.11648855732986,FALSE,number of observations (=51) <= number of random effects (=52) for term (1 + SampleCode | ID2); the random-effects parameters and the residual variance (or scale parameter) are probably unidentifiable,TRUE,FALSE,FALSE,-0.0501102386307994,0.0726282824063575,0.490222555535106,-4.82607304380101,2.5808310270577,0.275156428114947,0.219993676270851,0.104583790460459,0.253764453882304,0.205013546106849,0.662044722819661,0.682003400937331
P01619,IGKV3-20,52,26,0.114884970577373,0.176924288749379,0.516115155986529,0.682703695204784,-56.2234752334455,FALSE,number of observations (=52) <= number of random effects (=52) for term (1 + SampleCode | ID2); the random-effects parameters and the residual variance (or scale parameter) are probably unidentifiable,TRUE,TRUE,FALSE,0.11273492862559,0.176793874414396,0.523693015840273,-54.7582123543378,2.93052575821538,0.231017253884796,0.412909731681807,-0.999997285189273,0.63471515926412,0.563505456178066,0.683912780638246,0.682703695204784
P32119,PRDX2,45,25,0.129189873698169,0.199405745731913,0.517066203160035,0.682873545267904,-47.4880387721374,FALSE,number of observations (=45) <= number of random effects (=50) for term (1 + SampleCode | ID2); the random-effects parameters and the residual variance (or scale parameter) are probably unidentifiable,TRUE,FALSE,FALSE,0.129632240175306,0.20349790485896,0.524111800825685,-45.2347470046477,4.50658353497943,0.105052845233889,0.674552584010538,-0.0375630129253955,0.654752739750928,0.455388335305636,0.683912780638246,0.682873545267904
Q13637,RAB32,49,25,0.0705358953695092,0.10906587850822,0.517808366686611,0.682873545267904,-33.2945275106054,FALSE,number of observations (=49) <= number of random effects (=50) for term (1 + SampleCode | ID2); the random-effects parameters and the residual variance (or scale parameter) are probably unidentifiable,TRUE,FALSE,FALSE,0.070180281686254,0.109681200598321,0.522265584992538,-33.134891818477,0.319271384256666,0.852454288211549,0.249609501736333,-0.039659599123094,0.37772957438993,0.335669908167618,0.683813837977518,0.682873545267904
Q96T51,RUFY1,47,26,-0.0601925669023081,0.0930997656708916,0.517930782951949,0.682873545267904,-15.5631646214378,FALSE,number of observations (=47) <= number of random effects (=52) for term (1 + SampleCode | ID2); the random-effects parameters and the residual variance (or scale parameter) are probably unidentifiable,TRUE,FALSE,FALSE,-0.0604161528496913,0.0921777165783154,0.51219015894309,-15.420446265449,0.285436711977596,0.866998219368324,0.304452199980086,-0.716928302830972,0.314961364803083,0.228657232433307,0.678564664185979,0.682873545267904
P61769,B2M,52,26,-0.102082764348304,0.157921739490059,0.518011517834293,0.682873545267904,-65.5806049934052,FALSE,number of observations (=52) <= number of random effects (=52) for term (1 + SampleCode | ID2); the random-effects parameters and the residual variance (or scale parameter) are probably unidentifiable,TRUE,FALSE,FALSE,-0.104522755597687,0.158398872439163,0.509336886208814,-65.5615058599306,0.0381982669493652,0.981082099344424,0.443714134635466,-0.173545002300302,0.562061861777489,0.46842828676254,0.677216427876607,0.682873545267904
P62136,PPP1CA,51,26,-0.0745437878030856,0.115460945084785,0.518526085129066,0.682969140259512,-29.0132254135824,FALSE,number of observations (=51) <= number of random effects (=52) for term (1 + SampleCode | ID2); the random-effects parameters and the residual variance (or scale parameter) are probably unidentifiable,TRUE,FALSE,FALSE,-0.0747710106333065,0.115681361648808,0.518050684518995,-28.9413826967957,0.143685433573417,0.93067726421091,0.383212026657859,-0.57071307579365,0.410980880561628,0.309596545159848,0.68118153836753,0.682969140259512
Q00722,PLCB2,49,26,-0.0611767536282687,0.0948989589661988,0.519153070684256,0.683212516360457,-23.127871560007,FALSE,number of observations (=49) <= number of random effects (=52) for term (1 + SampleCode | ID2); the random-effects parameters and the residual variance (or scale parameter) are probably unidentifiable,TRUE,TRUE,FALSE,-0.0601349275549702,0.0933257729760751,0.519345264212022,-22.4267767226565,1.40218967470097,0.496041921165192,0.157562771718783,-0.975811443318791,0.327209172845887,0.30527987710382,0.681723392699723,0.683212516360457
Q6IAN0,DHRS7B,49,26,-0.0581849737894241,0.0905396007300916,0.52045338648763,0.684185722131679,-20.7376688517313,FALSE,number of observations (=49) <= number of random effects (=52) for term (1 + SampleCode | ID2); the random-effects parameters and the residual variance (or scale parameter) are probably unidentifiable,TRUE,FALSE,FALSE,-0.0417161145937313,0.0906507633147771,0.645383491550342,-19.2006057280678,3.07412624732699,0.215011637661015,0.237852402608047,-0.999998312744673,0.310954269057219,0.26876516895362,0.781440042668713,0.684185722131679
Q8N3D4,EHBP1L1,48,26,0.0549392703196787,0.0856010876430999,0.520999315271456,0.684185722131679,-9.58970301018052,FALSE,number of observations (=48) <= number of random effects (=52) for term (1 + SampleCode | ID2); the random-effects parameters and the residual variance (or scale parameter) are probably unidentifiable,TRUE,FALSE,FALSE,0.0532306063577751,0.0889892224048216,0.549727082526914,-9.5126810253419,0.154043969677236,0.925869498291241,0.309675516133786,-0.749883134690252,0.295480316901196,0.216430800737702,0.707356852979348,0.684185722131679
Q6UWL2,SUSD1,45,26,-0.0806659864506346,0.125752893832384,0.52122109705436,0.684185722131679,-32.6691795140145,FALSE,number of observations (=45) <= number of random effects (=52) for term (1 + SampleCode | ID2); the random-effects parameters and the residual variance (or scale parameter) are probably unidentifiable,TRUE,TRUE,FALSE,-0.0666411445355144,0.124670851554913,0.592970270948837,-31.7788148461093,1.78072933581042,0.41050602708096,0.224581607761391,-0.992045270166862,0.407724128016008,0.377733284554151,0.740015402759252,0.684185722131679
Q9Y265,RUVBL1,50,26,-0.0710450758618395,0.111074634390143,0.52242249735187,0.685180609854533,-33.8522991828948,FALSE,number of observations (=50) <= number of random effects (=52) for term (1 + SampleCode | ID2); the random-effects parameters and the residual variance (or scale parameter) are probably unidentifiable,TRUE,TRUE,FALSE,-0.0626751537771753,0.110994828108774,0.572300056213967,-32.8302236324901,2.04415110080956,0.359847283367137,0.208203732608316,-0.999145077626767,0.388326863992591,0.359278411318635,0.726543621076894,0.685180609854533
Q8WUW1,BRK1,48,26,-0.0759502666139582,0.119048358001758,0.52348781928208,0.685460498596016,-25.3400109723701,FALSE,number of observations (=48) <= number of random effects (=52) for term (1 + SampleCode | ID2); the random-effects parameters and the residual variance (or scale parameter) are probably unidentifiable,TRUE,FALSE,FALSE,-0.0930954109165132,0.138736546880535,0.502205891245695,-23.7068005231924,3.2664208983554,0.195301560828565,0.57593891914108,-0.872383866748594,0.41023642548899,0.261432200078197,0.672364039839341,0.685460498596016
Q9UL46,PSME2,48,26,-0.0627998050698652,0.098444040944885,0.523523228701164,0.685460498596016,-18.956044124059,FALSE,number of observations (=48) <= number of random effects (=52) for term (1 + SampleCode | ID2); the random-effects parameters and the residual variance (or scale parameter) are probably unidentifiable,TRUE,FALSE,FALSE,-0.0629410832336527,0.098725329635974,0.523774901160021,-18.9120618981484,0.0879644518212501,0.956970966609375,0.318786523183474,-0.553144508641674,0.338805700524586,0.253530990642813,0.683912780638246,0.685460498596016
O14523,C2CD2L,49,26,-0.0610715419305354,0.0960931504390165,0.525072887453672,0.68690737605074,-18.6718356849817,FALSE,number of observations (=49) <= number of random effects (=52) for term (1 + SampleCode | ID2); the random-effects parameters and the residual variance (or scale parameter) are probably unidentifiable,TRUE,FALSE,FALSE,-0.0621742642469135,0.0958520029242258,0.516565556515609,-18.5880782023458,0.167514965271863,0.919654261180005,0.301804496743411,-0.513511730548306,0.334211876786811,0.255521701217829,0.680386858326185,0.68690737605074
P02763,ORM1,52,26,0.14904663388411,0.234792860689974,0.525558513486211,0.686961001130454,-64.9511861704814,FALSE,number of observations (=52) <= number of random effects (=52) for term (1 + SampleCode | ID2); the random-effects parameters and the residual variance (or scale parameter) are probably unidentifiable,TRUE,TRUE,TRUE,0.146500562756618,0.234887089687908,0.53282047056686,-63.9770749019457,1.94822253707157,0.377527725281454,0.623518323412985,,0.843768373784415,0.719997078895607,0.693156841502109,0.686961001130454
P51149,RAB7A,52,26,0.0686763329871595,0.108584469222963,0.527080324627792,0.688367795054894,-31.510713673238,FALSE,number of observations (=52) <= number of random effects (=52) for term (1 + SampleCode | ID2); the random-effects parameters and the residual variance (or scale parameter) are probably unidentifiable,TRUE,FALSE,FALSE,0.0686184102140416,0.108586074538679,0.527434953285698,-31.4854236236859,0.0505800991042165,0.975027064847014,0.313795019355367,-0.42517975159741,0.389454361756733,0.320067001608468,0.687160716242242,0.688367795054894
Q9H2U2,PPA2,45,25,0.114349937441615,0.181233013241425,0.528069726119514,0.689077472005616,-41.0463435761147,FALSE,number of observations (=45) <= number of random effects (=50) for term (1 + SampleCode | ID2); the random-effects parameters and the residual variance (or scale parameter) are probably unidentifiable,TRUE,FALSE,FALSE,0.108451617772874,0.196090826368258,0.580216650088361,-40.0464061863536,1.99987477952213,0.36790247491222,0.74446978620321,-0.909826246768852,0.602421709471467,0.401317148568567,0.733579970856397,0.689077472005616
P17987,TCP1,52,26,0.0469646938190698,0.0745807753355703,0.528880532608186,0.689553099476495,-5.31649880629975,FALSE,number of observations (=52) <= number of random effects (=52) for term (1 + SampleCode | ID2); the random-effects parameters and the residual variance (or scale parameter) are probably unidentifiable,TRUE,FALSE,FALSE,0.0441606431511963,0.0779378824219576,0.570976915955044,-4.19159637696484,2.24980485866982,0.324684145460914,0.259062845171478,-0.604702146783471,0.268018794675225,0.212126002101685,0.726543621076894,0.689553099476495
P11182,DBT,45,26,-0.072440339000781,0.115291613116023,0.529792556288199,0.689676457703873,-26.8374728174578,FALSE,number of observations (=45) <= number of random effects (=52) for term (1 + SampleCode | ID2); the random-effects parameters and the residual variance (or scale parameter) are probably unidentifiable,TRUE,FALSE,FALSE,-0.0756817735795167,0.11579095333257,0.513365055798802,-25.4401821783687,2.79458127817821,0.247265990023756,0.253901370326171,-0.999999520140081,0.377383125436723,0.331646917828171,0.679065934254409,0.689676457703873
P46939,UTRN,51,26,0.0294060585359865,0.0468094577399942,0.529867932229448,0.689676457703873,0.994701260833583,FALSE,number of observations (=51) <= number of random effects (=52) for term (1 + SampleCode | ID2); the random-effects parameters and the residual variance (or scale parameter) are probably unidentifiable,TRUE,TRUE,FALSE,0.0378052225040331,0.0458723947167725,0.409860669253823,3.96388876652579,5.93837501138442,0.0513450109179849,0.132278930106532,-0.997765411162056,0.164595981843833,0.133499212195306,0.595145426689057,0.689676457703873
P36776,LONP1,43,25,-0.0916129106393401,0.146034037357424,0.530436758259649,0.689684845748348,-29.0363463255333,FALSE,number of observations (=43) <= number of random effects (=50) for term (1 + SampleCode | ID2); the random-effects parameters and the residual variance (or scale parameter) are probably unidentifiable,TRUE,FALSE,FALSE,-0.0906155979149958,0.151013792310133,0.548473920421405,-28.9801293935183,0.112433864029896,0.945334040427126,0.499954248963814,-0.752599391548312,0.475363898965687,0.345387665575565,0.707339070994216,0.689684845748348
O95671,ASMTL,40,23,0.0600999095860537,0.0958783037948949,0.530767172553259,0.689684845748348,-15.5240385340919,FALSE,number of observations (=40) <= number of random effects (=46) for term (1 + SampleCode | ID2); the random-effects parameters and the residual variance (or scale parameter) are probably unidentifiable,TRUE,FALSE,FALSE,0.0691452622152542,0.0921305052276419,0.452945010774238,-11.2888090301913,8.47045900780119,0.0144764874061508,0.283677181922309,-0.999564516002302,0.294049808742608,0.208745138078953,0.634880656184745,0.689684845748348
Q96QK1,VPS35,49,26,-0.068211360729474,0.109652195007674,0.533895721845567,0.692614847197092,-22.5780390477436,FALSE,number of observations (=49) <= number of random effects (=52) for term (1 + SampleCode | ID2); the random-effects parameters and the residual variance (or scale parameter) are probably unidentifiable,TRUE,FALSE,FALSE,-0.0712427786774203,0.112754168623728,0.527490362112168,-22.4864680918157,0.183141911855742,0.912496566814286,0.433474728865873,-0.777727262610015,0.383597203514403,0.249898728969139,0.687160716242242,0.692614847197092
Q96SB3,PPP1R9B,49,26,-0.0522331735423777,0.083971392140479,0.533918629781059,0.692614847197092,-10.1157105701587,FALSE,number of observations (=49) <= number of random effects (=52) for term (1 + SampleCode | ID2); the random-effects parameters and the residual variance (or scale parameter) are probably unidentifiable,TRUE,FALSE,FALSE,-0.052566573743596,0.084315961171818,0.532990503368612,-10.0553424250916,0.120736290134108,0.941417891428098,0.283082941259422,-0.622539131572712,0.292727208588242,0.214333456578995,0.693156841502109,0.692614847197092
P31943,HNRNPH1,48,25,0.0593605964339318,0.0958989811646957,0.535922355318084,0.694630905173187,-18.8107928791899,FALSE,number of observations (=48) <= number of random effects (=50) for term (1 + SampleCode | ID2); the random-effects parameters and the residual variance (or scale parameter) are probably unidentifiable,TRUE,FALSE,FALSE,0.0621724081906664,0.0964276372128042,0.519084576810453,-18.6235722839674,0.374441190445069,0.829260785239613,0.277291912150759,-0.381219318810947,0.329193617017923,0.266762600495972,0.681723392699723,0.694630905173187
Q96P70,IPO9,49,26,-0.0632638738912888,0.102400065431647,0.536700014834885,0.69505576103931,-18.9586719897476,FALSE,number of observations (=49) <= number of random effects (=52) for term (1 + SampleCode | ID2); the random-effects parameters and the residual variance (or scale parameter) are probably unidentifiable,TRUE,FALSE,FALSE,-0.058213485568613,0.110995998908339,0.599955351447936,-18.4993077118733,0.91872855574848,0.631685094079355,0.449337067749921,-0.822387766178317,0.356284090286738,0.224782850736841,0.746922657523821,0.69505576103931
P0DMV8;P0DMV9,HSPA1A;HSPA1B,49,25,0.0404437306556209,0.0658365519326389,0.53901372264036,0.697467505426597,-24.3946220614605,FALSE,number of observations (=49) <= number of random effects (=50) for term (1 + SampleCode | ID2); the random-effects parameters and the residual variance (or scale parameter) are probably unidentifiable,TRUE,FALSE,FALSE,0.0463672644493936,0.0642608688172193,0.47057277277166,-23.4297914476045,1.92966122771207,0.381047738480286,0.142295404784353,0.559794165534336,0.22301984580797,0.193519227565856,0.649138333868049,0.697467505426597
Q13790,APOF,52,26,0.0812207855093317,0.132724597889971,0.540570999454088,0.698897233603821,-35.2889617472488,FALSE,number of observations (=52) <= number of random effects (=52) for term (1 + SampleCode | ID2); the random-effects parameters and the residual variance (or scale parameter) are probably unidentifiable,TRUE,FALSE,FALSE,0.0807963681475741,0.136730184618912,0.554575164300535,-35.2052824369366,0.167358620624412,0.919726155500662,0.522658564378951,-0.776007326649936,0.476968583259793,0.324088042001896,0.712234936695201,0.698897233603821
P09493,TPM1,46,24,-0.0925330919168947,0.151847618284386,0.54227176098532,0.70050992535311,-34.2524839768328,FALSE,number of observations (=46) <= number of random effects (=48) for term (1 + SampleCode | ID2); the random-effects parameters and the residual variance (or scale parameter) are probably unidentifiable,TRUE,FALSE,FALSE,-0.097766514952696,0.163598472969549,0.550106588839828,-33.9506687534203,0.603630446825051,0.739474689876313,0.620549950643727,-0.805842078400228,0.50950311305571,0.334678104025782,0.707356852979348,0.70050992535311
P22392,NME2,46,26,-0.0831832910780463,0.136740786625093,0.542969751096634,0.700825618583375,-33.5660334325309,FALSE,number of observations (=46) <= number of random effects (=52) for term (1 + SampleCode | ID2); the random-effects parameters and the residual variance (or scale parameter) are probably unidentifiable,TRUE,FALSE,FALSE,-0.088507597241223,0.138301451663714,0.522197663417903,-33.3234425749241,0.485181715213741,0.784592458147062,0.367930817676787,-0.282467210680369,0.451998953599157,0.372017128090834,0.683813837977518,0.700825618583375
P51692,STAT5B,50,26,-0.0755375254839094,0.125195056565034,0.546270096476877,0.704261633323672,-30.0294739260761,FALSE,number of observations (=50) <= number of random effects (=52) for term (1 + SampleCode | ID2); the random-effects parameters and the residual variance (or scale parameter) are probably unidentifiable,TRUE,FALSE,FALSE,-0.0735115178005432,0.128284997669967,0.566622452027214,-29.9819609667497,0.0950259186526736,0.953598115063383,0.453269453498597,-0.7172771965218,0.441159383638607,0.319103025791196,0.722303373252513,0.704261633323672
P13716,ALAD,45,26,0.0607263427669491,0.100779342384335,0.546796536310746,0.704261633323672,-23.2543238530807,FALSE,number of observations (=45) <= number of random effects (=52) for term (1 + SampleCode | ID2); the random-effects parameters and the residual variance (or scale parameter) are probably unidentifiable,TRUE,TRUE,FALSE,0.0707766705496384,0.0977746684339428,0.469142275721642,-21.172590296521,4.16346711311934,0.124713826222579,0.242838985457639,-0.999999971922781,0.326114634883313,0.274002521536647,0.647743356559372,0.704261633323672
Q92747,ARPC1A,41,24,-0.0873101818137879,0.14499883329019,0.547078268222901,0.704261633323672,-25.9986081693885,FALSE,number of observations (=41) <= number of random effects (=48) for term (1 + SampleCode | ID2); the random-effects parameters and the residual variance (or scale parameter) are probably unidentifiable,TRUE,FALSE,FALSE,-0.0991401360630911,0.15261720768266,0.515950641753079,-25.6513612874402,0.694493763896752,0.706630852319553,0.437761090074639,-0.695143930103505,0.456199010185077,0.369705609194968,0.680352477737265,0.704261633323672
O75844,ZMPSTE24,51,26,-0.0626742794302506,0.104183152296762,0.547455159625715,0.704261633323672,-32.0262891055302,FALSE,number of observations (=51) <= number of random effects (=52) for term (1 + SampleCode | ID2); the random-effects parameters and the residual variance (or scale parameter) are probably unidentifiable,TRUE,FALSE,FALSE,-0.0624317628664423,0.104011170674038,0.548345672768495,-31.9695513030182,0.113475605023964,0.944841772030797,0.176937567660137,-0.489185338792739,0.368746851443023,0.346605697737891,0.707339070994216,0.704261633323672
P05155,SERPING1,52,26,0.0378025534278156,0.0632321121660686,0.549948096306165,0.706880040593198,-10.0068585867209,FALSE,number of observations (=52) <= number of random effects (=52) for term (1 + SampleCode | ID2); the random-effects parameters and the residual variance (or scale parameter) are probably unidentifiable,TRUE,FALSE,FALSE,0.0389850083964693,0.0633246937153148,0.538134293149448,-9.26585857298629,1.48200002746932,0.476637033536525,0.0945425136231617,-0.992250474526342,0.226143935849265,0.216541474421992,0.696913229602596,0.706880040593198
O15260,SURF4,40,25,-0.0719362120920365,0.120895069662343,0.551823313972631,0.708700764827693,-18.1908626477481,FALSE,number of observations (=40) <= number of random effects (=50) for term (1 + SampleCode | ID2); the random-effects parameters and the residual variance (or scale parameter) are probably unidentifiable,TRUE,FALSE,FALSE,-0.0619779982467916,0.125702739420036,0.621975782754689,-16.589942603632,3.2018400882323,0.201710849715804,0.422251956138503,-0.952383761975614,0.381300703540196,0.269324118666667,0.766479786681745,0.708700764827693
P62937,PPIA,51,26,-0.073047723326101,0.12302280642783,0.552663392792563,0.709190151050258,-38.9607412606892,FALSE,number of observations (=51) <= number of random effects (=52) for term (1 + SampleCode | ID2); the random-effects parameters and the residual variance (or scale parameter) are probably unidentifiable,TRUE,FALSE,FALSE,-0.0699095178651372,0.123723403330215,0.57204190637584,-38.5449041681841,0.831674185010272,0.659787746098719,0.340386169969262,-0.0699281579834984,0.434241863782875,0.363498997767286,0.726543621076894,0.709190151050258
Q86VS8,HOOK3,45,26,-0.0530734469304941,0.0895802352684068,0.553537062790043,0.709721794199682,-14.4256228460605,FALSE,number of observations (=45) <= number of random effects (=52) for term (1 + SampleCode | ID2); the random-effects parameters and the residual variance (or scale parameter) are probably unidentifiable,TRUE,FALSE,FALSE,-0.0551872559809115,0.0887097496200964,0.533869290533583,-13.8930547245771,1.06513624296684,0.58709529994783,0.213108846094886,-0.802104170943473,0.294581189989242,0.250661939623589,0.693715772812772,0.709721794199682
Q9Y624,F11R,51,26,0.0512140828808902,0.0865835913262433,0.554186316880212,0.709965057694798,-21.0162981170796,FALSE,number of observations (=51) <= number of random effects (=52) for term (1 + SampleCode | ID2); the random-effects parameters and the residual variance (or scale parameter) are probably unidentifiable,TRUE,FALSE,FALSE,0.0517421785906932,0.0866293809700539,0.550319053256425,-20.9930099292783,0.0465763756027471,0.976980889224719,0.188336726978449,-0.257771270305214,0.305087243904282,0.274830214199367,0.707356852979348,0.709965057694798
P13861,PRKAR2A,50,26,-0.0717020172302065,0.121688597544939,0.555710054707846,0.710875370380982,-30.6540428860928,FALSE,number of observations (=50) <= number of random effects (=52) for term (1 + SampleCode | ID2); the random-effects parameters and the residual variance (or scale parameter) are probably unidentifiable,TRUE,FALSE,FALSE,-0.0717943259337347,0.12172434007399,0.555317525854421,-30.6528141712316,0.00245742972241914,0.998772039699817,0.4146095572724,-0.63646236810495,0.427842621628061,0.311648461936863,0.712595994555715,0.710875370380982
P27348,YWHAQ,52,26,-0.108436206424605,0.184081645794467,0.555817118071344,0.710875370380982,-52.2983228181794,FALSE,number of observations (=52) <= number of random effects (=52) for term (1 + SampleCode | ID2); the random-effects parameters and the residual variance (or scale parameter) are probably unidentifiable,TRUE,FALSE,FALSE,-0.109324647652657,0.208274744528703,0.599648589603532,-49.9877776013274,4.62109043370406,0.0992071474031312,0.922589263558475,-0.914564571826194,0.661528934308813,0.369329475250899,0.746922657523821,0.710875370380982
Q99829,CPNE1,43,25,-0.0774902266819199,0.131916211129391,0.556921634602422,0.711698863077536,-34.2946197093402,FALSE,number of observations (=43) <= number of random effects (=50) for term (1 + SampleCode | ID2); the random-effects parameters and the residual variance (or scale parameter) are probably unidentifiable,TRUE,TRUE,FALSE,-0.0454864311330557,0.132136387428634,0.730666934578412,-33.3522148946323,1.88480962941564,0.389689576416392,0.270310629682424,-0.9999526510836,0.412646891871977,0.382539539978512,0.843234526076569,0.711698863077536
Q9Y2D4,EXOC6B,45,26,-0.0797794985904753,0.136093868079667,0.557734836023289,0.712149026161968,-32.9960116084909,FALSE,number of observations (=45) <= number of random effects (=52) for term (1 + SampleCode | ID2); the random-effects parameters and the residual variance (or scale parameter) are probably unidentifiable,TRUE,FALSE,FALSE,-0.0788539432289389,0.133886155646015,0.555886338088221,-32.771378393522,0.44926642993785,0.798809156274752,0.324422369905282,-0.707978169057669,0.445194467741187,0.378019492749747,0.712733935557096,0.712149026161968
Q01970,PLCB3,44,25,-0.104686742286044,0.179280911727501,0.559270262490699,0.713364346234123,-39.2052125543577,FALSE,number of observations (=44) <= number of random effects (=50) for term (1 + SampleCode | ID2); the random-effects parameters and the residual variance (or scale parameter) are probably unidentifiable,TRUE,FALSE,FALSE,-0.104328190180359,0.179042608277826,0.560095038808336,-39.2020609503725,0.00630320797039019,0.996853357105478,0.587485775581651,-0.719635695557524,0.589667929244451,0.418077434206663,0.717146196209521,0.713364346234123
P61163,ACTR1A,51,26,-0.073040467534553,0.125193467804942,0.559610089084632,0.713364346234123,-42.0244433916484,FALSE,number of observations (=51) <= number of random effects (=52) for term (1 + SampleCode | ID2); the random-effects parameters and the residual variance (or scale parameter) are probably unidentifiable,TRUE,TRUE,FALSE,-0.0785488650216112,0.122953930258743,0.522921858077869,-41.5134782196296,1.0219303440375,0.599916276890187,0.350106699687843,0.0480939549463237,0.442896580130349,0.355602132051208,0.683912780638246,0.713364346234123
P55884,EIF3B,51,26,-0.0537286610620954,0.0923679334477696,0.560781650815863,0.714268467032571,-15.6941113564464,FALSE,number of observations (=51) <= number of random effects (=52) for term (1 + SampleCode | ID2); the random-effects parameters and the residual variance (or scale parameter) are probably unidentifiable,TRUE,FALSE,FALSE,-0.0544922112185097,0.0980514922234021,0.578381112219672,-15.3446073352424,0.699008042408039,0.705037686758187,0.393460390248982,-0.729208448237916,0.329160152959293,0.211828831532115,0.732458047851962,0.714268467032571
Q9Y2X7,GIT1,51,26,-0.0611875980428436,0.10541343352359,0.561608825537137,0.714732813389519,-22.4317317076499,FALSE,number of observations (=51) <= number of random effects (=52) for term (1 + SampleCode | ID2); the random-effects parameters and the residual variance (or scale parameter) are probably unidentifiable,TRUE,FALSE,FALSE,-0.0606840866322882,0.108403102473371,0.575615675698433,-21.8444166784124,1.17463005847489,0.555817637167923,0.42979259060636,-0.842204151613439,0.375648784241876,0.240264491166538,0.730152889124859,0.714732813389519
P04196,HRG,52,26,0.0848316684288381,0.146875688471448,0.563551353139202,0.716490349085982,-42.8490837530901,FALSE,number of observations (=52) <= number of random effects (=52) for term (1 + SampleCode | ID2); the random-effects parameters and the residual variance (or scale parameter) are probably unidentifiable,TRUE,FALSE,FALSE,0.0897651993160437,0.146070796878552,0.538863741747176,-39.7212447064963,6.25567809318761,0.0438123715241296,0.537291138561327,0.0108266270680135,0.527515401331416,0.362291240575317,0.697273434672853,0.716490349085982
Q10472,GALNT1,45,25,-0.0784054396269473,0.135876928751616,0.563917323293563,0.716490349085982,-28.442262290625,FALSE,number of observations (=45) <= number of random effects (=50) for term (1 + SampleCode | ID2); the random-effects parameters and the residual variance (or scale parameter) are probably unidentifiable,TRUE,FALSE,FALSE,-0.0851905377579271,0.146686598429603,0.561398408483218,-27.8117562140737,1.26101215310265,0.532322336975445,0.471546344935644,-0.85155630310665,0.455259241802989,0.369378518947992,0.717419802404112,0.716490349085982
P00450,CP,52,26,-0.052189772083841,0.0907544340556296,0.565246790234567,0.717589392697129,-19.6307756382448,FALSE,number of observations (=52) <= number of random effects (=52) for term (1 + SampleCode | ID2); the random-effects parameters and the residual variance (or scale parameter) are probably unidentifiable,TRUE,FALSE,FALSE,-0.0523657382032947,0.0907761019934145,0.564029300349505,-19.5971780895523,0.067195097384996,0.966960580890214,0.2968235280661,-0.64461746676735,0.325780045582747,0.249275831045821,0.719910947489954,0.717589392697129
O43396,TXNL1,50,26,-0.0764888235976092,0.133540127956999,0.566795137555469,0.718964275470607,-39.9620815017165,FALSE,number of observations (=50) <= number of random effects (=52) for term (1 + SampleCode | ID2); the random-effects parameters and the residual variance (or scale parameter) are probably unidentifiable,TRUE,TRUE,FALSE,-0.0861298790051298,0.132602584054245,0.515993315566661,-36.9181236832182,6.08791563699673,0.0476459418405952,0.399599624170051,-0.998360672845449,0.466697360039295,0.368864883268917,0.680352477737265,0.718964275470607
Q14155,ARHGEF7,43,25,-0.0602931032248903,0.105546235282319,0.567831368993514,0.719687830266595,-15.3550496645612,FALSE,number of observations (=43) <= number of random effects (=50) for term (1 + SampleCode | ID2); the random-effects parameters and the residual variance (or scale parameter) are probably unidentifiable,TRUE,FALSE,FALSE,-0.0647229408930625,0.119653410763983,0.588562621610408,-14.5612776884876,1.58754395214702,0.452136128125162,0.471650998962706,-0.870050635809219,0.345817411735952,0.224992401836153,0.738091924016299,0.719687830266595
P49913,CAMP,52,26,0.117180279985493,0.205606451742231,0.568728492030116,0.720117504765227,-70.5312751101417,FALSE,number of observations (=52) <= number of random effects (=52) for term (1 + SampleCode | ID2); the random-effects parameters and the residual variance (or scale parameter) are probably unidentifiable,TRUE,TRUE,FALSE,0.119783991291554,0.205651394688413,0.560255960404461,-69.8628512544424,1.33684771139863,0.512515740280216,0.587290754928966,0.0680073122717833,0.735624608335722,0.607596955537809,0.717146196209521,0.720117504765227
P47756,CAPZB,52,26,-0.0871932725979744,0.153138922673466,0.569102571727082,0.720117504765227,-47.5356824550503,FALSE,number of observations (=52) <= number of random effects (=52) for term (1 + SampleCode | ID2); the random-effects parameters and the residual variance (or scale parameter) are probably unidentifiable,TRUE,FALSE,FALSE,-0.0881296209070547,0.152871073276387,0.564279713534197,-46.1898837476895,2.69159741472153,0.260331695958913,0.428271446445297,0.243646533920374,0.549600452764874,0.457703021842355,0.719910947489954,0.720117504765227
P40967,PMEL,52,26,0.150200623656783,0.267273493791668,0.574134067025632,0.725889634660066,-71.6887624125858,FALSE,number of observations (=52) <= number of random effects (=52) for term (1 + SampleCode | ID2); the random-effects parameters and the residual variance (or scale parameter) are probably unidentifiable,TRUE,FALSE,FALSE,0.150487589061806,0.273501568664299,0.582164585871346,-71.6526937502037,0.0721373247640997,0.964574061256608,0.982284253431842,-0.756350011561251,0.960493093995954,0.695809145390967,0.73424023279284,0.725889634660066
P41240,CSK,52,26,-0.0754450120193105,0.135065513174515,0.576447797901309,0.728219008796012,-40.4755021543634,FALSE,number of observations (=52) <= number of random effects (=52) for term (1 + SampleCode | ID2); the random-effects parameters and the residual variance (or scale parameter) are probably unidentifiable,TRUE,FALSE,FALSE,-0.0762214342330577,0.134891955332572,0.572036050473713,-40.2390434943732,0.47291731998034,0.789418516196641,0.409106733881239,-0.722593578001939,0.484817652799492,0.388342623529389,0.726543621076894,0.728219008796012
Q00325,SLC25A3,52,26,-0.0965815550729801,0.174155143347186,0.579187488848496,0.730966744860379,-49.4158143086272,FALSE,number of observations (=52) <= number of random effects (=52) for term (1 + SampleCode | ID2); the random-effects parameters and the residual variance (or scale parameter) are probably unidentifiable,TRUE,FALSE,FALSE,-0.095795390940198,0.192749906897842,0.619193854230808,-46.4848877566968,5.86185310386075,0.0533475859299879,0.904683587637136,-0.90449000908945,0.625856346979299,0.268435094118693,0.765622212574803,0.730966744860379
Q04759,PRKCQ,49,26,-0.0395105527773826,0.071316854505548,0.579569101911951,0.730966744860379,-1.88548880459312,FALSE,number of observations (=49) <= number of random effects (=52) for term (1 + SampleCode | ID2); the random-effects parameters and the residual variance (or scale parameter) are probably unidentifiable,TRUE,FALSE,FALSE,-0.0385874165288178,0.070961468520167,0.586592978222666,-1.55400243694638,0.662972735293479,0.717855942215827,0.240620647493167,-0.81117729254042,0.248899650193815,0.180547404617839,0.737417535682685,0.730966744860379
P21291,CSRP1,51,26,0.0815067887742793,0.147776774488911,0.581254341542275,0.732303756549518,-45.9885448080491,FALSE,number of observations (=51) <= number of random effects (=52) for term (1 + SampleCode | ID2); the random-effects parameters and the residual variance (or scale parameter) are probably unidentifiable,TRUE,FALSE,FALSE,0.081916400044468,0.147918647837368,0.579720110873015,-45.9337643899412,0.109560836215792,0.946693001772752,0.431861533479168,-0.396799795156635,0.521661419937085,0.424065388635223,0.733552474446198,0.732303756549518
Q9BX10,GTPBP2,48,25,-0.0500071948833219,0.0908468200206977,0.582006514242715,0.732303756549518,-13.6456093132459,FALSE,number of observations (=48) <= number of random effects (=50) for term (1 + SampleCode | ID2); the random-effects parameters and the residual variance (or scale parameter) are probably unidentifiable,TRUE,TRUE,FALSE,-0.0493019199292121,0.0914110994139549,0.589650329384342,-12.9723122788699,1.34659406875184,0.510024235208611,0.212713643892885,0.226516133279251,0.313816362724681,0.275705278178955,0.738856252148263,0.732303756549518
P22314,UBA1,48,26,-0.0478351358096712,0.0869111700090173,0.582051141128031,0.732303756549518,-17.6009193264153,FALSE,number of observations (=48) <= number of random effects (=52) for term (1 + SampleCode | ID2); the random-effects parameters and the residual variance (or scale parameter) are probably unidentifiable,TRUE,FALSE,FALSE,-0.0480069483623358,0.0861732049846749,0.577460250282097,-17.3790594379744,0.443719776881871,0.801027589696887,0.135960941503537,-0.745826165565783,0.293287775257313,0.275695240873273,0.731891785632354,0.732303756549518
Q14162,SCARF1,43,25,-0.0715521374045974,0.130522365496401,0.583555757023544,0.733599385355065,-32.6224240974512,FALSE,number of observations (=43) <= number of random effects (=50) for term (1 + SampleCode | ID2); the random-effects parameters and the residual variance (or scale parameter) are probably unidentifiable,TRUE,TRUE,FALSE,-0.0779405684741992,0.129651855465438,0.547738257008278,-32.5973755422684,0.0500971103655132,0.975262556826989,0.179805098801846,-0.0284870699963123,0.412527827909842,0.388638277097205,0.707339070994216,0.733599385355065
Q8TD55,PLEKHO2,51,26,-0.0775702294863982,0.143102313505357,0.587776261272942,0.738304328184305,-47.2213997710239,FALSE,number of observations (=51) <= number of random effects (=52) for term (1 + SampleCode | ID2); the random-effects parameters and the residual variance (or scale parameter) are probably unidentifiable,TRUE,TRUE,FALSE,-0.0775811923515159,0.143149617973871,0.587846902077579,-47.2196573084089,0.00348492522986987,0.998259054591694,0.34607610431679,-0.360519748332451,0.506876666416549,0.443988618413927,0.738091924016299,0.738304328184305
P05556,ITGB1,52,26,-0.0597619128612673,0.110493802966723,0.588602619754877,0.738741712040037,-30.9955242239814,FALSE,number of observations (=52) <= number of random effects (=52) for term (1 + SampleCode | ID2); the random-effects parameters and the residual variance (or scale parameter) are probably unidentifiable,TRUE,FALSE,FALSE,-0.0601861203899963,0.110446804251095,0.585799524117513,-30.9033419580004,0.184364531961926,0.911938918954818,0.321934970388575,-0.646481559396803,0.396495785817987,0.324457537702174,0.737019759577815,0.738741712040037
O60271,SPAG9,51,26,-0.0432394605459033,0.0803254495616541,0.590367622148002,0.740355500177486,-11.2610127543131,FALSE,number of observations (=51) <= number of random effects (=52) for term (1 + SampleCode | ID2); the random-effects parameters and the residual variance (or scale parameter) are probably unidentifiable,TRUE,FALSE,FALSE,-0.0435140868255659,0.0804015046581981,0.588362944295611,-11.1733423073296,0.175340893967046,0.916062718216277,0.266389632259453,-0.536373650130333,0.285784049696057,0.214920518933136,0.738091924016299,0.740355500177486
A0A087WSY6,IGKV3D-15,52,26,0.0923978823947319,0.172980203397824,0.593235732324738,0.741744126731874,-62.7474600472464,FALSE,number of observations (=52) <= number of random effects (=52) for term (1 + SampleCode | ID2); the random-effects parameters and the residual variance (or scale parameter) are probably unidentifiable,TRUE,FALSE,FALSE,0.0779472680534977,0.174065987756813,0.654295392474394,-61.1346469231803,3.22562624813233,0.199326095598338,0.385627450599341,-0.999999988699283,0.618517346745928,0.560465704937295,0.787294689542788,0.741744126731874
P34932,HSPA4,51,26,0.0578369563006103,0.108309198116638,0.593342527337594,0.741744126731874,-32.5738381747627,FALSE,number of observations (=51) <= number of random effects (=52) for term (1 + SampleCode | ID2); the random-effects parameters and the residual variance (or scale parameter) are probably unidentifiable,TRUE,FALSE,FALSE,0.0599788482827176,0.109715067104302,0.58459975303502,-31.4726514322185,2.20237348508843,0.332476285729424,0.229540445310663,-0.980627019374191,0.383762402590372,0.355373233867746,0.73671012923255,0.741744126731874
P42338,PIK3CB,44,24,-0.0926686200733455,0.173716346528387,0.593723567856955,0.741744126731874,-41.4367737495415,FALSE,number of observations (=44) <= number of random effects (=48) for term (1 + SampleCode | ID2); the random-effects parameters and the residual variance (or scale parameter) are probably unidentifiable,TRUE,TRUE,FALSE,-0.0938656804789649,0.174398454718882,0.590421436801639,-41.3735446658838,0.126458167315562,0.938728401719408,0.480560507348794,-0.461878783651839,0.570937954767776,0.460208992126569,0.73911161539922,0.741744126731874
P09543,CNP,43,25,0.0719478557881294,0.134910787709905,0.593826272922699,0.741744126731874,-29.9017337765825,FALSE,number of observations (=43) <= number of random effects (=50) for term (1 + SampleCode | ID2); the random-effects parameters and the residual variance (or scale parameter) are probably unidentifiable,TRUE,FALSE,FALSE,0.0747834928733484,0.135417173456829,0.580780325515821,-28.9212897194458,1.96088811427338,0.375144476277185,0.388019623110818,-0.0570981736442664,0.432841992596086,0.334809103376293,0.733692234605023,0.741744126731874
Q684P5,RAP1GAP2,49,26,-0.0490161009844623,0.0919232528977481,0.59387539467141,0.741744126731874,-27.0529634709122,FALSE,number of observations (=49) <= number of random effects (=52) for term (1 + SampleCode | ID2); the random-effects parameters and the residual variance (or scale parameter) are probably unidentifiable,TRUE,FALSE,FALSE,-0.0453632534740663,0.0915120400032996,0.620100417713827,-26.6769520952554,0.752022751313561,0.686594522534241,0.102323300666172,-0.993421199345869,0.316007031965794,0.308783466388291,0.765831451133384,0.741744126731874
Q6IAA8,LAMTOR1,46,25,-0.101251041743658,0.19019694082223,0.594484699408739,0.741905380118337,-51.0249618507655,FALSE,number of observations (=46) <= number of random effects (=50) for term (1 + SampleCode | ID2); the random-effects parameters and the residual variance (or scale parameter) are probably unidentifiable,TRUE,FALSE,FALSE,-0.0904394505199025,0.188257559233083,0.630941034147427,-49.1170904755598,3.81574275041139,0.148395929895421,0.483072347218803,-0.996618856593098,0.635588225341416,0.537719235274653,0.770595966606937,0.741905380118337
P00747,PLG,52,26,0.0902779152900833,0.169894270717358,0.595157526311609,0.742145583657333,-48.1277626725041,FALSE,number of observations (=52) <= number of random effects (=52) for term (1 + SampleCode | ID2); the random-effects parameters and the residual variance (or scale parameter) are probably unidentifiable,TRUE,TRUE,FALSE,0.0893282034102884,0.185295566950038,0.629745603363181,-41.7918448839642,12.6718355770799,0.00177151921223215,0.802986321699657,-0.731901339531171,0.610544171135419,0.350146898704963,0.770353885349259,0.742145583657333
Q8TF42,UBASH3B,50,26,-0.129545612386571,0.244762532523694,0.596617747549645,0.743366467713065,-63.6128135323105,FALSE,number of observations (=50) <= number of random effects (=52) for term (1 + SampleCode | ID2); the random-effects parameters and the residual variance (or scale parameter) are probably unidentifiable,TRUE,TRUE,FALSE,-0.132227597085622,0.267863299047609,0.621561611331523,-63.2410357311755,0.743555602270135,0.689507433273223,1.10739473873864,-0.818220809952351,0.863568321818435,0.536824842861252,0.766479786681745,0.743366467713065
P02745,C1QA,52,26,0.143277371918578,0.271377355574988,0.597524584172925,0.743896440408678,-76.4674820209535,FALSE,number of observations (=52) <= number of random effects (=52) for term (1 + SampleCode | ID2); the random-effects parameters and the residual variance (or scale parameter) are probably unidentifiable,TRUE,FALSE,FALSE,0.145188354308307,0.270968125013298,0.592087515223623,-75.3281682043126,2.27862763328176,0.320038551617239,0.762955533906133,0.125549865712569,0.974196065661946,0.809709217970718,0.739511084090944,0.743896440408678
P54819,AK2,46,25,-0.0549786377267776,0.104427212116589,0.59855608085079,0.744219797991414,-27.852888535495,FALSE,number of observations (=46) <= number of random effects (=50) for term (1 + SampleCode | ID2); the random-effects parameters and the residual variance (or scale parameter) are probably unidentifiable,TRUE,TRUE,FALSE,-0.0535890500794854,0.103988806305591,0.606319089181224,-27.8097081154343,0.0863608401214009,0.957738579225629,0.135720312352522,-0.491774178884579,0.346851922524918,0.332497126694005,0.751816206087473,0.744219797991414
Q9Y333,LSM2,42,24,0.0896562796979156,0.170383695437785,0.598747708028043,0.744219797991414,-34.5783978684174,FALSE,number of observations (=42) <= number of random effects (=48) for term (1 + SampleCode | ID2); the random-effects parameters and the residual variance (or scale parameter) are probably unidentifiable,TRUE,TRUE,FALSE,0.0973014842230004,0.187355193540122,0.603522034114007,-32.3067811415354,4.54323345376396,0.103145287450579,0.62770113840169,-0.049558551772541,0.54713700694381,0.384224507089317,0.750185600297758,0.744219797991414
P42224,STAT1,46,25,-0.0532688546533509,0.101793437713537,0.600763117550078,0.745765702125352,-25.0072722899206,FALSE,number of observations (=46) <= number of random effects (=50) for term (1 + SampleCode | ID2); the random-effects parameters and the residual variance (or scale parameter) are probably unidentifiable,TRUE,TRUE,FALSE,-0.0491147302939556,0.101055260554542,0.626954020303325,-24.014481482431,1.98558161497918,0.370541137696899,0.187267487938502,-0.999366334672342,0.338360433803484,0.312186505231021,0.768892065740478,0.745765702125352
P06730,EIF4E,39,24,0.0577810283935207,0.110474688476995,0.600956827926255,0.745765702125352,-13.1588427699508,FALSE,number of observations (=39) <= number of random effects (=48) for term (1 + SampleCode | ID2); the random-effects parameters and the residual variance (or scale parameter) are probably unidentifiable,TRUE,FALSE,FALSE,0.0639677539539514,0.117338285792315,0.585645741436568,-12.5011754198019,1.31533470029774,0.518058374934194,0.371960221450754,-0.939353979163551,0.339075559067056,0.259124048195944,0.737019759577815,0.745765702125352
P55145,MANF,44,25,-0.047846672949637,0.0929476538064335,0.606713682235624,0.752305488807414,-23.7610160727203,FALSE,number of observations (=44) <= number of random effects (=50) for term (1 + SampleCode | ID2); the random-effects parameters and the residual variance (or scale parameter) are probably unidentifiable,TRUE,FALSE,FALSE,-0.0495225214710275,0.0931128480154174,0.594826517880314,-23.4611741584539,0.599683828532804,0.740935342731016,0.216544199110426,0.0710445456962815,0.295082794645548,0.251278133230039,0.741732824959714,0.752305488807414
Q5SW96,LDLRAP1,46,26,0.0682337387966287,0.132795137032943,0.607372886303343,0.752518932909916,-40.5551015649609,FALSE,number of observations (=46) <= number of random effects (=52) for term (1 + SampleCode | ID2); the random-effects parameters and the residual variance (or scale parameter) are probably unidentifiable,TRUE,TRUE,FALSE,0.0712073796304344,0.132439102266669,0.590810902924296,-40.5394327138821,0.031337702157515,0.984453266721152,0.156277784179731,-0.339967700542839,0.431962328317067,0.416824543719276,0.73911161539922,0.752518932909916
P25788,PSMA3,48,26,0.107569368513892,0.20975045737961,0.60806009851584,0.752525090978535,-52.5988689211672,FALSE,number of observations (=48) <= number of random effects (=52) for term (1 + SampleCode | ID2); the random-effects parameters and the residual variance (or scale parameter) are probably unidentifiable,TRUE,FALSE,FALSE,0.112180474275492,0.242484144857159,0.643629499663867,-51.1732900351051,2.85115777212428,0.240369276501673,0.996545922706001,-0.895817030019838,0.723880638590169,0.477490427487535,0.780539699356887,0.752525090978535
P36542,ATP5F1C,52,26,-0.0805537662418184,0.157200384514999,0.608351999114687,0.752525090978535,-44.0897036816032,FALSE,number of observations (=52) <= number of random effects (=52) for term (1 + SampleCode | ID2); the random-effects parameters and the residual variance (or scale parameter) are probably unidentifiable,TRUE,TRUE,TRUE,-0.0814541712289613,0.157187197272295,0.604319775101374,-43.2448529093122,1.68970154458185,0.429621464854346,0.400583117298577,,0.564926516124555,0.488828743235722,0.75054184287108,0.752525090978535
Q8N766,EMC1,45,26,0.052677585288804,0.103007189453138,0.609072975393327,0.752814197586152,-15.6293220736865,FALSE,number of observations (=45) <= number of random effects (=52) for term (1 + SampleCode | ID2); the random-effects parameters and the residual variance (or scale parameter) are probably unidentifiable,TRUE,TRUE,FALSE,0.0631068449889894,0.102244508499991,0.537092918782078,-10.2481664477551,10.7623112518627,0.00460250008710558,0.420240996556019,-0.999732142897305,0.342453202757265,0.194426918088396,0.696148120401267,0.752814197586152
O14818,PSMA7,52,26,0.0536328279902885,0.105300345946044,0.610519583422967,0.7538354273843,-28.0806446823027,FALSE,number of observations (=52) <= number of random effects (=52) for term (1 + SampleCode | ID2); the random-effects parameters and the residual variance (or scale parameter) are probably unidentifiable,TRUE,FALSE,FALSE,0.0545658246279011,0.105468929465669,0.604902102426377,-27.8202207959384,0.520847772728537,0.770724816811549,0.316944905694453,-0.316433546090579,0.377910054168052,0.305066171477798,0.750661645179721,0.7538354273843
Q9UJW0,DCTN4,43,25,-0.0571030178923622,0.112225309538416,0.610875051835044,0.7538354273843,-17.5050506140851,FALSE,number of observations (=43) <= number of random effects (=50) for term (1 + SampleCode | ID2); the random-effects parameters and the residual variance (or scale parameter) are probably unidentifiable,TRUE,FALSE,FALSE,-0.0355756915073062,0.122286724293023,0.77111226913465,-16.941376578052,1.12734807206614,0.569114271693135,0.369255931174397,-0.892423755547395,0.36354785760942,0.304313380362734,0.866219652031112,0.7538354273843
P19367,HK1,51,26,-0.0477337849179485,0.094279355267224,0.612644966035933,0.755416179190356,-27.0693384329078,FALSE,number of observations (=51) <= number of random effects (=52) for term (1 + SampleCode | ID2); the random-effects parameters and the residual variance (or scale parameter) are probably unidentifiable,TRUE,TRUE,TRUE,-0.0487541843453758,0.0938833474234867,0.603547379398131,-26.2759284888202,1.58681988817521,0.452299845499202,0.151057554357344,-0.999999996776418,0.333658218984494,0.315986511609961,0.750185600297758,0.755416179190356
P13798,APEH,51,26,-0.0460672429210744,0.0913227418209788,0.613949145416734,0.756248492000289,-19.1766313228798,FALSE,number of observations (=51) <= number of random effects (=52) for term (1 + SampleCode | ID2); the random-effects parameters and the residual variance (or scale parameter) are probably unidentifiable,TRUE,FALSE,FALSE,-0.0457792460422883,0.0911388995466999,0.615455144865421,-19.0835637769918,0.186135091775967,0.911131955000628,0.292463844895797,-0.668659430148047,0.323492817167369,0.248325132198269,0.761921633667528,0.756248492000289
P43250,GRK6,38,26,0.0493027350556207,0.0978332621370108,0.614298936867549,0.756248492000289,-7.90237890474968,FALSE,number of observations (=38) <= number of random effects (=52) for term (1 + SampleCode | ID2); the random-effects parameters and the residual variance (or scale parameter) are probably unidentifiable,TRUE,TRUE,FALSE,0.0431688541010736,0.103026325935235,0.675210290504737,-7.13336638370175,1.53802504209585,0.463470509790465,0.39642173965181,-0.879546570216375,0.297904833662406,0.163391544180165,0.80597588074485,0.756248492000289
P02774,GC,52,26,-0.0643661162903892,0.12805670137844,0.615219070878219,0.756284702850541,-33.754533493305,FALSE,number of observations (=52) <= number of random effects (=52) for term (1 + SampleCode | ID2); the random-effects parameters and the residual variance (or scale parameter) are probably unidentifiable,TRUE,TRUE,FALSE,-0.0614614507986337,0.128226771862495,0.631712136046959,-32.149714834144,3.20963731832207,0.200925987693935,0.391957234296683,-0.0998971286790902,0.460157796083862,0.36828826900274,0.770928317687639,0.756284702850541
P22234,PAICS,50,26,-0.0479006178393746,0.0953223218972807,0.615307360183256,0.756284702850541,-23.9274829078588,FALSE,number of observations (=50) <= number of random effects (=52) for term (1 + SampleCode | ID2); the random-effects parameters and the residual variance (or scale parameter) are probably unidentifiable,TRUE,FALSE,FALSE,-0.0399073362570978,0.0962252392677576,0.678340764460091,-22.4673762191344,2.92021337744876,0.232211499059519,0.320287149005905,0.0253265878173301,0.333843918913021,0.245675300733141,0.806802525858999,0.756284702850541
P61020,RAB5B,50,26,-0.0705233535645918,0.140990603934921,0.616934990053921,0.757682479835698,-35.9704877169085,FALSE,number of observations (=50) <= number of random effects (=52) for term (1 + SampleCode | ID2); the random-effects parameters and the residual variance (or scale parameter) are probably unidentifiable,TRUE,FALSE,FALSE,-0.0738507037753896,0.153612873326647,0.630688105772093,-31.700817319938,8.53934079394102,0.0139863923509843,0.624691108154145,-0.999998919319158,0.496819360423025,0.326158450661994,0.770595966606937,0.757682479835698
P02787,TF,52,26,0.124257210964893,0.25148861897573,0.621244868558678,0.762208390545361,-72.090987794375,FALSE,number of observations (=52) <= number of random effects (=52) for term (1 + SampleCode | ID2); the random-effects parameters and the residual variance (or scale parameter) are probably unidentifiable,TRUE,TRUE,FALSE,0.137605604769054,0.249697735029368,0.581572858723978,-70.4184483544032,3.34507887994369,0.187769629981849,0.749263459924675,0.273495724489218,0.902912605744936,0.723522449059098,0.734093191771688,0.762208390545361
Q9Y5M8,SRPRB,50,26,-0.0578534850563602,0.117213321436389,0.621606842774857,0.762208390545361,-26.7981659977417,FALSE,number of observations (=50) <= number of random effects (=52) for term (1 + SampleCode | ID2); the random-effects parameters and the residual variance (or scale parameter) are probably unidentifiable,TRUE,FALSE,FALSE,-0.0579561116359083,0.128413227929336,0.651755264412134,-26.1727400216441,1.25085195219527,0.535033468500662,0.493187509346501,-0.805124903698575,0.413550678054813,0.291304860804618,0.784849480527472,0.762208390545361
O43169,CYB5B,52,26,-0.0806921503544318,0.1640299910225,0.622765050277892,0.76225981992015,-50.6726209697908,FALSE,number of observations (=52) <= number of random effects (=52) for term (1 + SampleCode | ID2); the random-effects parameters and the residual variance (or scale parameter) are probably unidentifiable,TRUE,FALSE,FALSE,-0.0792530379673012,0.163776215796064,0.628449355766843,-50.5213285247922,0.302584889997291,0.859596277265392,0.523903340184836,-0.702229052993137,0.588768432847654,0.456495264525686,0.769441929910217,0.76225981992015
P61978,HNRNPK,51,26,0.033801614808138,0.0687652899144492,0.623037121500067,0.76225981992015,-17.6466642376331,FALSE,number of observations (=51) <= number of random effects (=52) for term (1 + SampleCode | ID2); the random-effects parameters and the residual variance (or scale parameter) are probably unidentifiable,TRUE,TRUE,FALSE,0.0222913069778974,0.0660810717961297,0.735866104820973,-17.2543236802765,0.784681114713102,0.675474037133167,0.204456916222725,0.186802037761712,0.242013665957457,0.180396034208361,0.844033505529623,0.76225981992015
O00534,VWA5A,47,25,0.0625669998167665,0.127454829386629,0.623500373192092,0.76225981992015,-28.8348057150611,FALSE,number of observations (=47) <= number of random effects (=50) for term (1 + SampleCode | ID2); the random-effects parameters and the residual variance (or scale parameter) are probably unidentifiable,TRUE,FALSE,FALSE,0.0616999114185508,0.125565148548032,0.623159347465104,-28.1653774365245,1.33885655707305,0.51200121620937,0.408879585239425,-0.850669870606126,0.434485679365601,0.320470011476421,0.766545534899351,0.76225981992015
P33176,KIF5B,51,26,-0.0564526122510943,0.115128875247607,0.623891362648739,0.76225981992015,-31.5703193747196,FALSE,number of observations (=51) <= number of random effects (=52) for term (1 + SampleCode | ID2); the random-effects parameters and the residual variance (or scale parameter) are probably unidentifiable,TRUE,FALSE,FALSE,-0.0566095192835639,0.115014878287261,0.622582904535078,-31.5380578518353,0.0645230457685244,0.968253328561664,0.337768567456441,-0.614043752489188,0.409096915845997,0.331951656251025,0.766479786681745,0.76225981992015
P47712,PLA2G4A,50,26,-0.0445165907778195,0.0908454028118614,0.624115645436239,0.76225981992015,-19.2402983500726,FALSE,number of observations (=50) <= number of random effects (=52) for term (1 + SampleCode | ID2); the random-effects parameters and the residual variance (or scale parameter) are probably unidentifiable,TRUE,FALSE,FALSE,-0.0453105851380962,0.0912323128691599,0.619435447066993,-19.0763089184158,0.327978863313746,0.848750991724519,0.246104209243778,-0.304964230441674,0.318244737838434,0.267040466304422,0.765622212574803,0.76225981992015
Q9UBF2,COPG2,46,25,-0.0417026434603909,0.0854466484864084,0.625511054636073,0.763360647245444,-8.16763990868305,FALSE,number of observations (=46) <= number of random effects (=50) for term (1 + SampleCode | ID2); the random-effects parameters and the residual variance (or scale parameter) are probably unidentifiable,TRUE,FALSE,FALSE,-0.0409769800590292,0.0869874539707218,0.637592388572176,-7.336381539978,1.6625167374101,0.435500920641236,0.242805762732171,-0.377974353048821,0.288984812577518,0.237125561163898,0.775043462111733,0.763360647245444
Q15363,TMED2,48,26,-0.0624733740378269,0.128306348711737,0.626323604483027,0.763748988892089,-35.6907909253799,FALSE,number of observations (=48) <= number of random effects (=52) for term (1 + SampleCode | ID2); the random-effects parameters and the residual variance (or scale parameter) are probably unidentifiable,TRUE,TRUE,FALSE,-0.0498537518663863,0.127465092547669,0.695710829186239,-34.5100179845344,2.36154588169096,0.307041322079403,0.275481369486521,-0.989537522840713,0.435815421004803,0.391429893466422,0.822397269390007,0.763748988892089
Q53T59,HS1BP3,50,26,0.0599372816125104,0.123283336228907,0.626843062602025,0.763779599148366,-34.9104566559776,FALSE,number of observations (=50) <= number of random effects (=52) for term (1 + SampleCode | ID2); the random-effects parameters and the residual variance (or scale parameter) are probably unidentifiable,TRUE,TRUE,FALSE,0.058191444389706,0.122585490173847,0.635000165445133,-34.5976346305706,0.625644050814017,0.731380068056288,0.312277331024206,-0.746333506702462,0.431178852193376,0.369672009000093,0.773718655846001,0.763779599148366
O43432,EIF4G3,46,25,0.061990429989943,0.128480987979263,0.629459901031585,0.766363709293774,-27.0679305455863,FALSE,number of observations (=46) <= number of random effects (=50) for term (1 + SampleCode | ID2); the random-effects parameters and the residual variance (or scale parameter) are probably unidentifiable,TRUE,FALSE,FALSE,0.0621137061748592,0.1272835979907,0.625553678861544,-26.4493812883195,1.23709851453361,0.538725422945815,0.418998707513112,-0.862017357120733,0.434676418102976,0.315564610685062,0.768878626762995,0.766363709293774
Q9BS26,ERP44,52,26,0.058109481415209,0.120704316876924,0.630217970954856,0.766682492224608,-40.0086649943047,FALSE,number of observations (=52) <= number of random effects (=52) for term (1 + SampleCode | ID2); the random-effects parameters and the residual variance (or scale parameter) are probably unidentifiable,TRUE,FALSE,FALSE,0.0584340001901119,0.120772264011053,0.628502081259996,-39.9346081705209,0.148113647567669,0.928618924700988,0.311409426722636,-0.245533594674886,0.432418041039022,0.372437932937316,0.769441929910217,0.766682492224608
P11021,HSPA5,52,26,0.0321911665508353,0.0670465244104576,0.631133697751772,0.76687250699292,-0.772360628949612,FALSE,number of observations (=52) <= number of random effects (=52) for term (1 + SampleCode | ID2); the random-effects parameters and the residual variance (or scale parameter) are probably unidentifiable,TRUE,FALSE,FALSE,0.0318349587968807,0.0669324748846535,0.634339427715306,0.227415472620468,1.99955220314016,0.3679618180224,0.195336655884543,-0.16346310917411,0.240884851678736,0.196902695727929,0.773523611539185,0.76687250699292
O75069,TMCC2,51,26,-0.056436097698985,0.117726511652729,0.631666128546689,0.76687250699292,-29.2318710612714,FALSE,number of observations (=51) <= number of random effects (=52) for term (1 + SampleCode | ID2); the random-effects parameters and the residual variance (or scale parameter) are probably unidentifiable,TRUE,FALSE,FALSE,-0.0571375657776289,0.117537209279299,0.62687980989915,-29.0615592801052,0.340623562332375,0.843401818797005,0.405719443629348,-0.764676942774057,0.41924049189775,0.30552201753268,0.768892065740478,0.76687250699292
P04792,HSPB1,52,26,-0.0456884571288075,0.095361901592156,0.63186323715339,0.76687250699292,-37.2256434076156,FALSE,number of observations (=52) <= number of random effects (=52) for term (1 + SampleCode | ID2); the random-effects parameters and the residual variance (or scale parameter) are probably unidentifiable,TRUE,FALSE,FALSE,-0.043020849135798,0.0946066742948587,0.64930078684575,-37.035134383253,0.381018048725196,0.826538298714091,0.298047253295773,-0.0942041123035458,0.339892054457173,0.263111466659584,0.784168801769899,0.76687250699292
Q13976,PRKG1,49,26,0.0294358276236444,0.0617896961124795,0.633798467819357,0.768617451162407,-4.32502699417745,FALSE,number of observations (=49) <= number of random effects (=52) for term (1 + SampleCode | ID2); the random-effects parameters and the residual variance (or scale parameter) are probably unidentifiable,TRUE,TRUE,FALSE,0.0317840159346184,0.0620502645783327,0.608489948895831,-4.03049346866417,0.589067051026564,0.744878973473073,0.0955796404265605,-0.791987136781665,0.211370621607475,0.202088075900378,0.753902943900609,0.768617451162407
Q16512,PKN1,49,26,-0.0492308371075414,0.104236000722264,0.636711479263603,0.771544498401778,-21.2775691738755,FALSE,number of observations (=49) <= number of random effects (=52) for term (1 + SampleCode | ID2); the random-effects parameters and the residual variance (or scale parameter) are probably unidentifiable,TRUE,FALSE,FALSE,-0.04925644470845,0.10412865599442,0.636188579482003,-21.238254322125,0.0786297035010009,0.961447947917,0.359016850017622,-0.708999635435424,0.361853869556827,0.257696095074591,0.773945949054878,0.771544498401778
P49588,AARS1,49,26,-0.0581032990481111,0.123581973906149,0.638240720185745,0.772350788314678,-28.3581107822928,FALSE,number of observations (=49) <= number of random effects (=52) for term (1 + SampleCode | ID2); the random-effects parameters and the residual variance (or scale parameter) are probably unidentifiable,TRUE,FALSE,FALSE,-0.0593147586637755,0.128542285583209,0.64448180727634,-28.2085812230375,0.299059118510577,0.861112983784979,0.493518164775298,-0.799521802810552,0.431623508655319,0.28523933250463,0.780960307640742,0.772350788314678
P61225,RAP2B,51,26,-0.0616323153259465,0.131141042326497,0.638376670988895,0.772350788314678,-33.5692811413348,FALSE,number of observations (=51) <= number of random effects (=52) for term (1 + SampleCode | ID2); the random-effects parameters and the residual variance (or scale parameter) are probably unidentifiable,TRUE,FALSE,FALSE,-0.0614280267292283,0.138626288383701,0.657679222357657,-30.7568285824379,5.62490511779374,0.0600575170225834,0.552044412369938,-0.960734408695515,0.467331074109607,0.307483388317277,0.790135613174634,0.772350788314678
Q5T2T1,MPP7,40,24,-0.0473244686595255,0.101282374621366,0.640319053187932,0.774011280527605,-10.9337684041339,FALSE,number of observations (=40) <= number of random effects (=48) for term (1 + SampleCode | ID2); the random-effects parameters and the residual variance (or scale parameter) are probably unidentifiable,TRUE,FALSE,FALSE,-0.0475626803211429,0.10116176835122,0.638237437880041,-10.7500514837464,0.367433840774936,0.832171341228016,0.320298675793971,-0.804026989501991,0.318034846155068,0.225021798044346,0.775217642708068,0.774011280527605
O75369,FLNB,38,24,-0.158560759361069,0.339785982609519,0.640751085951331,0.774011280527605,-55.3847704951634,FALSE,number of observations (=38) <= number of random effects (=48) for term (1 + SampleCode | ID2); the random-effects parameters and the residual variance (or scale parameter) are probably unidentifiable,TRUE,FALSE,FALSE,-0.225313747089536,0.376723725297573,0.549781557422256,-54.7474332960199,1.27467439828695,0.528698369807484,1.2771685808906,-0.935870461288112,1.03930833270651,0.791600864890655,0.707356852979348,0.774011280527605
P01597;P04432,IGKV1-39;IGKV1D-39,42,24,0.11345810371005,0.244013868534358,0.641955947842927,0.774387394058407,-57.1016591283844,FALSE,number of observations (=42) <= number of random effects (=48) for term (1 + SampleCode | ID2); the random-effects parameters and the residual variance (or scale parameter) are probably unidentifiable,TRUE,TRUE,FALSE,0.149671980832616,0.263522679739905,0.570057904101816,-56.2036256645452,1.79606692767827,0.407369980350179,0.756365481796835,-0.0214471801022028,0.763056965021365,0.628705699856828,0.726083645372882,0.774387394058407
Q8TEW0,PARD3,45,26,0.0271386822565254,0.0583861517512216,0.642064887889203,0.774387394058407,6.44101951885691,FALSE,number of observations (=45) <= number of random effects (=52) for term (1 + SampleCode | ID2); the random-effects parameters and the residual variance (or scale parameter) are probably unidentifiable,TRUE,FALSE,FALSE,0.0271658685355277,0.0583767408762009,0.64167774115979,6.44112930625396,0.000219574794101618,0.999890218629365,0.180062860167866,-0.587571025711839,0.192285369140347,0.144083424751366,0.778784061344757,0.774387394058407
Q32P28,P3H1,50,26,0.0406636818343958,0.087721375175691,0.64296660308957,0.774870048185168,-23.6781786575033,FALSE,number of observations (=50) <= number of random effects (=52) for term (1 + SampleCode | ID2); the random-effects parameters and the residual variance (or scale parameter) are probably unidentifiable,TRUE,TRUE,FALSE,0.0411256945915889,0.0868849144982197,0.635974001803523,-23.1368526940117,1.08265192698321,0.581976061528118,0.11210965293187,-0.99970902444206,0.305072334370685,0.293469866112396,0.773945949054878,0.774870048185168
Q15018,ABRAXAS2,51,26,-0.0792185006275877,0.171341091778903,0.64383475616348,0.775311534117363,-67.3431401139232,FALSE,number of observations (=51) <= number of random effects (=52) for term (1 + SampleCode | ID2); the random-effects parameters and the residual variance (or scale parameter) are probably unidentifiable,TRUE,FALSE,FALSE,-0.0963963085615006,0.17962161592819,0.591500290151323,-66.7244877226409,1.23730478256465,0.538669864894695,0.531645320225748,0.151027175729522,0.601264179648478,0.504944094317832,0.739375362689154,0.775311534117363
P07359,GP1BA,52,26,0.0502646935764845,0.109571448751141,0.646421625454429,0.777820413806147,-26.1354337883086,FALSE,number of observations (=52) <= number of random effects (=52) for term (1 + SampleCode | ID2); the random-effects parameters and the residual variance (or scale parameter) are probably unidentifiable,TRUE,TRUE,FALSE,0.0487582154459,0.109277583552361,0.655462316236292,-22.5006880936799,7.26949138925741,0.0263906448168677,0.404327017045089,-0.00163829096555783,0.393686071910166,0.269527445229187,0.788085041700445,0.777820413806147
Q9NVA2,SEPTIN11,52,26,0.0453375600440293,0.099112365460977,0.647357722370125,0.778340607830228,-20.1038137090823,FALSE,number of observations (=52) <= number of random effects (=52) for term (1 + SampleCode | ID2); the random-effects parameters and the residual variance (or scale parameter) are probably unidentifiable,TRUE,TRUE,FALSE,0.0485496724958459,0.0986471241811063,0.622609794359605,-17.6030988250451,5.00142976807437,0.082026338338839,0.344717903600019,0.00537686638787958,0.356177266979848,0.257627743162185,0.766479786681745,0.778340607830228
O00186,STXBP3,43,25,0.0628112375198259,0.137755727379615,0.648418032070585,0.779009222044366,-26.7115998582173,FALSE,number of observations (=43) <= number of random effects (=50) for term (1 + SampleCode | ID2); the random-effects parameters and the residual variance (or scale parameter) are probably unidentifiable,TRUE,FALSE,FALSE,0.0649415002500664,0.149836305010303,0.664712344777002,-24.6561788820484,4.11084195233765,0.12803892289513,0.60956980852946,-0.933467625139424,0.450346255017757,0.255870369326863,0.795647050775636,0.779009222044366
Q14141,SEPTIN6,52,26,0.099624640852619,0.219854163247582,0.650448178393187,0.780294662850079,-72.3955908468023,FALSE,number of observations (=52) <= number of random effects (=52) for term (1 + SampleCode | ID2); the random-effects parameters and the residual variance (or scale parameter) are probably unidentifiable,TRUE,TRUE,FALSE,0.099312641553708,0.219821082441058,0.651421340549453,-72.3947202170096,0.0017412595853159,0.999129749095495,0.466117363459124,-0.343203267376535,0.787201825593712,0.714752108410185,0.784849480527472,0.780294662850079
P23528,CFL1,52,26,0.0381194648072248,0.0841358602420644,0.650498074919677,0.780294662850079,-24.3938621995891,FALSE,number of observations (=52) <= number of random effects (=52) for term (1 + SampleCode | ID2); the random-effects parameters and the residual variance (or scale parameter) are probably unidentifiable,TRUE,TRUE,FALSE,0.0382173856042557,0.084131573641067,0.649643610347916,-24.3880703240693,0.0115837510395522,0.994224865055872,0.0925815431529107,-0.275358669389416,0.300975028802933,0.293759133642346,0.784168801769899,0.780294662850079
Q8WWZ8,OIT3,45,26,0.122191840830857,0.270925770985126,0.65197806177338,0.781163781414172,-63.4909093426231,FALSE,number of observations (=45) <= number of random effects (=52) for term (1 + SampleCode | ID2); the random-effects parameters and the residual variance (or scale parameter) are probably unidentifiable,TRUE,FALSE,FALSE,0.119403212237919,0.27200109213929,0.660675567797635,-63.0689558496196,0.843906986006829,0.655764536323328,0.72696069720359,-0.185783031551456,0.893188822436623,0.732094051075803,0.792502913235517,0.781163781414172
O95573,ACSL3,49,26,-0.0360651141524264,0.0800271328571044,0.65223383690892,0.781163781414172,-7.01782878459891,FALSE,number of observations (=49) <= number of random effects (=52) for term (1 + SampleCode | ID2); the random-effects parameters and the residual variance (or scale parameter) are probably unidentifiable,TRUE,FALSE,FALSE,-0.0385522127918221,0.0848748257519808,0.64966735680613,-6.83408268604214,0.367492197113538,0.832147060345971,0.322202028833709,-0.798541368322796,0.279230537911674,0.19115712650347,0.784168801769899,0.781163781414172
Q14166,TTLL12,51,26,0.0443909620918384,0.0991523740272464,0.654366487744716,0.783110940019818,-27.7468246240145,FALSE,number of observations (=51) <= number of random effects (=52) for term (1 + SampleCode | ID2); the random-effects parameters and the residual variance (or scale parameter) are probably unidentifiable,TRUE,FALSE,FALSE,0.0453553701612761,0.0989100944087486,0.646556286257112,-27.7182685432461,0.0571121615368213,0.971847790646974,0.209088285977881,-0.479065421978454,0.349899316347759,0.316401444781066,0.782247033881941,0.783110940019818
P02790,HPX,52,26,0.117031893862165,0.2645336604732,0.658193755252774,0.786236769277056,-76.9160083042996,FALSE,number of observations (=52) <= number of random effects (=52) for term (1 + SampleCode | ID2); the random-effects parameters and the residual variance (or scale parameter) are probably unidentifiable,TRUE,FALSE,FALSE,0.127877915999294,0.263192361748079,0.627057607011652,-76.3015227277491,1.22897115310101,0.540919085211188,0.773011362014944,-0.0929240174034799,0.949086103342839,0.770051014962246,0.768892065740478,0.786236769277056
Q9BY43,CHMP4A,50,26,0.0667464029694086,0.150985858246273,0.658438147003932,0.786236769277056,-39.3402100140418,FALSE,number of observations (=50) <= number of random effects (=52) for term (1 + SampleCode | ID2); the random-effects parameters and the residual variance (or scale parameter) are probably unidentifiable,TRUE,FALSE,FALSE,0.0678538017145922,0.150337807728825,0.651742911342786,-39.0651722422247,0.550075543634279,0.759543433347464,0.523092358658347,-0.810498942941009,0.531456285006694,0.380789017374951,0.784849480527472,0.786236769277056
Q9P107,GMIP,42,25,-0.0400778195444437,0.0906783059235429,0.658505099964085,0.786236769277056,-7.96074613260656,FALSE,number of observations (=42) <= number of random effects (=50) for term (1 + SampleCode | ID2); the random-effects parameters and the residual variance (or scale parameter) are probably unidentifiable,TRUE,FALSE,FALSE,-0.0363659880723695,0.0938934046269945,0.698525670550509,-7.65579478666866,0.609902691875792,0.737159239310544,0.302494459934379,-0.883011387624791,0.292468895358703,0.222233016593875,0.823468764601795,0.786236769277056
Q969X0,RILPL2,48,26,-0.0676249517637972,0.157190711692793,0.667043185972037,0.795816001796755,-38.6389515567128,FALSE,number of observations (=48) <= number of random effects (=52) for term (1 + SampleCode | ID2); the random-effects parameters and the residual variance (or scale parameter) are probably unidentifiable,TRUE,FALSE,FALSE,-0.0624925646105559,0.159115911902854,0.694505111202249,-38.537028752379,0.203845608667592,0.903099264327443,0.597799564274229,-0.781631529968764,0.541203250950727,0.353282737074959,0.821600610112921,0.795816001796755
P06733,ENO1,52,26,0.0638085266016785,0.149276618450556,0.669050444374611,0.797594858455845,-41.4002511200532,FALSE,number of observations (=52) <= number of random effects (=52) for term (1 + SampleCode | ID2); the random-effects parameters and the residual variance (or scale parameter) are probably unidentifiable,TRUE,FALSE,FALSE,0.0667009290480899,0.153595873490882,0.664097827049805,-40.5267309483763,1.74704034335389,0.417479360568643,0.491340600893573,-0.544289736446349,0.536451105131241,0.429254333099965,0.795647050775636,0.797594858455845
Q4KMQ2,ANO6,52,26,-0.0355679862787264,0.0841641658532316,0.672585307686987,0.801190671068924,-15.6522088337,FALSE,number of observations (=52) <= number of random effects (=52) for term (1 + SampleCode | ID2); the random-effects parameters and the residual variance (or scale parameter) are probably unidentifiable,TRUE,FALSE,FALSE,-0.0351649155873514,0.084163388915238,0.676080738799564,-15.4097958572191,0.484825952961771,0.78473203475061,0.292686391449669,-0.72145040582765,0.302128442093588,0.220159933505221,0.80597588074485,0.801190671068924
Q9Y6N5,SQOR,45,26,-0.0523638742559422,0.124822994091396,0.674847077204484,0.803265588814274,-26.3090574149862,FALSE,number of observations (=45) <= number of random effects (=52) for term (1 + SampleCode | ID2); the random-effects parameters and the residual variance (or scale parameter) are probably unidentifiable,TRUE,FALSE,FALSE,-0.0444189188846653,0.126550407434602,0.725589973469909,-26.1182235512323,0.381667727507768,0.826269850119962,0.343465403047394,-0.787316079555704,0.411040319717031,0.338830640945036,0.840987628665424,0.803265588814274
Q8NG06,TRIM58,51,26,0.0301884785872129,0.0723686680313889,0.676569819360021,0.80469620547439,-28.173936551838,FALSE,number of observations (=51) <= number of random effects (=52) for term (1 + SampleCode | ID2); the random-effects parameters and the residual variance (or scale parameter) are probably unidentifiable,TRUE,FALSE,FALSE,0.0217520126532482,0.071183773311389,0.759927924684823,-26.6020986697816,3.14367576411272,0.207663171002891,0.132079298643501,-0.999895655980087,0.252750469433197,0.232513292337473,0.860138200467437,0.80469620547439
Q8NEZ2,VPS37A,50,26,-0.0693384042534592,0.167449901663034,0.678812243790265,0.806742243581508,-44.6325998558282,FALSE,number of observations (=50) <= number of random effects (=52) for term (1 + SampleCode | ID2); the random-effects parameters and the residual variance (or scale parameter) are probably unidentifiable,TRUE,FALSE,FALSE,-0.0745290811493346,0.169092063800839,0.659386484155833,-44.0159210342712,1.23335764311392,0.539734017175976,0.628514392582017,-0.860895177391369,0.59079479639642,0.402890084583856,0.791571187273319,0.806742243581508
P98194,ATP2C1,50,26,-0.041248654701222,0.101129564869287,0.683362300993149,0.811525561133294,-24.534085327046,FALSE,number of observations (=50) <= number of random effects (=52) for term (1 + SampleCode | ID2); the random-effects parameters and the residual variance (or scale parameter) are probably unidentifiable,TRUE,TRUE,FALSE,-0.0396124964137832,0.101657735065298,0.696784025453589,-23.7672066002845,1.53375745352301,0.464460516375747,0.31315825533949,-0.139227321461505,0.35407973861494,0.278721391966844,0.823036176854583,0.811525561133294
Q14677,CLINT1,51,26,-0.0361133992407986,0.0888251055954822,0.684325686864848,0.812045457915661,-13.6994734545225,FALSE,number of observations (=51) <= number of random effects (=52) for term (1 + SampleCode | ID2); the random-effects parameters and the residual variance (or scale parameter) are probably unidentifiable,TRUE,FALSE,FALSE,-0.0336693765036827,0.0961430702965252,0.726188034744338,-12.6651698586559,2.06860719173331,0.355473848203517,0.404605502106134,-0.879321237759814,0.316535016570085,0.191192078281726,0.841049860329836,0.812045457915661
Q9UPN7,PPP6R1,47,26,0.0612202217199577,0.150895021919162,0.684952760252342,0.812165782494142,-57.4871475156255,FALSE,number of observations (=47) <= number of random effects (=52) for term (1 + SampleCode | ID2); the random-effects parameters and the residual variance (or scale parameter) are probably unidentifiable,TRUE,TRUE,FALSE,0.0318451948392866,0.152708763671783,0.834810885004688,-57.2003699383401,0.573555154570784,0.750678678259125,0.340960350186847,0.231629916380742,0.486920740457977,0.431243816386789,0.906382865307268,0.812165782494142
P07339,CTSD,44,26,0.047222258163845,0.116911509081969,0.686275565417749,0.812585628966755,-20.4969909406908,FALSE,number of observations (=44) <= number of random effects (=52) for term (1 + SampleCode | ID2); the random-effects parameters and the residual variance (or scale parameter) are probably unidentifiable,TRUE,TRUE,TRUE,0.0435235953883382,0.118898530756783,0.714322819610592,-19.2906655947047,2.41265069197205,0.299295067019194,0.317692813896181,,0.385544819282255,0.318004166991488,0.834186512697177,0.812585628966755
Q9UKE5,TNIK,52,26,-0.0421994898317719,0.104676359382072,0.686843392502189,0.812585628966755,-26.4777117556771,FALSE,number of observations (=52) <= number of random effects (=52) for term (1 + SampleCode | ID2); the random-effects parameters and the residual variance (or scale parameter) are probably unidentifiable,TRUE,FALSE,FALSE,-0.0417310800112321,0.104570263629405,0.689840041860978,-26.1227917404207,0.709840030512801,0.701229528629605,0.373969301530098,-0.747798944189462,0.375820411655195,0.266590500162293,0.818588989765908,0.812585628966755
Q12912,IRAG2,42,24,0.0568988021494733,0.141157838883797,0.686884680537593,0.812585628966755,-26.2464525445724,FALSE,number of observations (=42) <= number of random effects (=48) for term (1 + SampleCode | ID2); the random-effects parameters and the residual variance (or scale parameter) are probably unidentifiable,TRUE,FALSE,FALSE,0.0659129583619016,0.157054763373837,0.674718236074525,-24.6544619569804,3.18398117518401,0.203520083695251,0.634143532383752,-0.924723796400654,0.45202264699712,0.259096119986946,0.80597588074485,0.812585628966755
Q99442,SEC62,50,26,0.0347333160784638,0.0875447416436565,0.691552331961951,0.817481524775221,-20.2126306413691,FALSE,number of observations (=50) <= number of random effects (=52) for term (1 + SampleCode | ID2); the random-effects parameters and the residual variance (or scale parameter) are probably unidentifiable,TRUE,FALSE,FALSE,0.0312732887145259,0.0875602688598072,0.720969779774035,-19.7949977587155,0.83526576530717,0.658603968989969,0.177513242346193,-0.784999137678552,0.306432652410106,0.28139276682883,0.838778847703979,0.817481524775221
P09104,ENO2,46,26,0.0749818294054811,0.190213052755553,0.693433991109487,0.819079140874738,-44.8717955701863,FALSE,number of observations (=46) <= number of random effects (=52) for term (1 + SampleCode | ID2); the random-effects parameters and the residual variance (or scale parameter) are probably unidentifiable,TRUE,FALSE,FALSE,0.0734823755548159,0.199221372723527,0.712241134242433,-44.2657412243596,1.21210869165348,0.545498978760734,0.535361216243785,-0.805328156602014,0.641808878623062,0.556722042448782,0.833645873033757,0.819079140874738
Q9BSJ2,TUBGCP2,45,26,-0.053573348176211,0.136698960009806,0.695126558459196,0.820451132787974,-28.6487367176405,FALSE,number of observations (=45) <= number of random effects (=52) for term (1 + SampleCode | ID2); the random-effects parameters and the residual variance (or scale parameter) are probably unidentifiable,TRUE,FALSE,FALSE,-0.0676567397380075,0.156165180405085,0.664841645664302,-26.7730777657405,3.75131790380018,0.153253946585539,0.640431872341071,-0.91546049937924,0.45735291671339,0.291328599191632,0.795647050775636,0.820451132787974
O94979,SEC31A,46,25,-0.0360455283919762,0.0929162200160347,0.698063542209959,0.822685950169423,-13.131527966261,FALSE,number of observations (=46) <= number of random effects (=50) for term (1 + SampleCode | ID2); the random-effects parameters and the residual variance (or scale parameter) are probably unidentifiable,TRUE,FALSE,FALSE,-0.0350613341343091,0.0935181813733308,0.707723960066851,-12.9496714764866,0.363712979548712,0.833720979316693,0.284506981276328,-0.527521233699173,0.31275855396305,0.241007437630207,0.828986746249647,0.822685950169423
P40306,PSMB10,44,24,-0.0486705391696538,0.125600446675832,0.698383927569279,0.822685950169423,-36.5340213817759,FALSE,number of observations (=44) <= number of random effects (=48) for term (1 + SampleCode | ID2); the random-effects parameters and the residual variance (or scale parameter) are probably unidentifiable,TRUE,FALSE,FALSE,-0.0513034944507071,0.126469841332962,0.684993955349503,-36.4568304398222,0.154381883907405,0.925713079266291,0.197600095123808,0.103450419486629,0.40418420855891,0.380194224384053,0.814088970011524,0.822685950169423
P17812,CTPS1,38,24,-0.048103810969419,0.12423908178657,0.698617454124455,0.822685950169423,-17.1526600985663,FALSE,number of observations (=38) <= number of random effects (=48) for term (1 + SampleCode | ID2); the random-effects parameters and the residual variance (or scale parameter) are probably unidentifiable,TRUE,FALSE,FALSE,-0.0311316403098439,0.137816349671141,0.821285253894646,-16.8781139930432,0.549092211046222,0.759916967071938,0.507824872224523,-0.88068089657558,0.380011888533302,0.251228511481515,0.895473336109546,0.822685950169423
P61158,ACTR3,52,26,-0.0505145167208757,0.131177697409686,0.700174705761102,0.823891790099697,-34.679344114603,FALSE,number of observations (=52) <= number of random effects (=52) for term (1 + SampleCode | ID2); the random-effects parameters and the residual variance (or scale parameter) are probably unidentifiable,TRUE,FALSE,FALSE,-0.0517604775156656,0.133625102199067,0.698492714952945,-33.8381397112598,1.68240880668625,0.431190882822656,0.485443564835233,-0.879545032116654,0.471409531341347,0.336125891975638,0.823468764601795,0.823891790099697
Q9UH62,ARMCX3,45,26,-0.0406564114631194,0.106122190843663,0.70163863201652,0.824524360742405,-17.4901532622649,FALSE,number of observations (=45) <= number of random effects (=52) for term (1 + SampleCode | ID2); the random-effects parameters and the residual variance (or scale parameter) are probably unidentifiable,TRUE,TRUE,FALSE,-0.0399833908343878,0.104961870817962,0.70325331483268,-16.8619785493895,1.25634942575078,0.533564821714885,0.288325179359007,-0.925911326078664,0.354266444704487,0.288872305641244,0.826255795753985,0.824524360742405
P02655,APOC2,51,26,0.052981744923015,0.138471415663855,0.702002546422089,0.824524360742405,-40.4254104279808,FALSE,number of observations (=51) <= number of random effects (=52) for term (1 + SampleCode | ID2); the random-effects parameters and the residual variance (or scale parameter) are probably unidentifiable,TRUE,TRUE,FALSE,0.0533763037489679,0.138241905482662,0.699416695393552,-40.1299132504443,0.590994355072965,0.744161515088879,0.415619253252221,-0.743944917738291,0.492221908649742,0.395000693432734,0.823468764601795,0.824524360742405
P00492,HPRT1,52,26,0.0474113805922517,0.124232880366615,0.702733520985648,0.824524360742405,-31.8508040578839,FALSE,number of observations (=52) <= number of random effects (=52) for term (1 + SampleCode | ID2); the random-effects parameters and the residual variance (or scale parameter) are probably unidentifiable,TRUE,FALSE,FALSE,0.048492559741059,0.140120184013184,0.729283846037616,-29.2734275161017,5.15475308356436,0.0759730549431182,0.619852302945684,-0.922237224214278,0.446452141387315,0.249530672054418,0.843234526076569,0.824524360742405
P02768,ALB,52,26,-0.0570564305673065,0.149816030334477,0.703319531435005,0.824524360742405,-43.8866626264706,FALSE,number of observations (=52) <= number of random effects (=52) for term (1 + SampleCode | ID2); the random-effects parameters and the residual variance (or scale parameter) are probably unidentifiable,TRUE,FALSE,FALSE,-0.0507946192386288,0.149458112027643,0.733963042778471,-43.1724479550798,1.42842934278167,0.489576439249023,0.370630297312937,0.209833567071055,0.538074856641687,0.468532828183065,0.843234526076569,0.824524360742405
Q06124,PTPN11,51,26,0.0270802709472143,0.0712214385587215,0.70377736639411,0.824524360742405,-4.90000618982729,FALSE,number of observations (=51) <= number of random effects (=52) for term (1 + SampleCode | ID2); the random-effects parameters and the residual variance (or scale parameter) are probably unidentifiable,TRUE,FALSE,FALSE,0.0272304154993299,0.0707778193311918,0.700436784886382,-3.78326052497835,2.23349132969789,0.327343348068795,0.229754122564713,-0.884831064035772,0.253429156216823,0.193593339854282,0.823572932001111,0.824524360742405
P21926,CD9,50,26,0.0524615703802698,0.138195518711749,0.704228653694922,0.824524360742405,-39.4585262775283,FALSE,number of observations (=50) <= number of random effects (=52) for term (1 + SampleCode | ID2); the random-effects parameters and the residual variance (or scale parameter) are probably unidentifiable,TRUE,FALSE,FALSE,0.0507681524294685,0.138266729914885,0.713488130708621,-39.3380329896812,0.240986575694322,0.886483037535046,0.424595505586038,-0.426254422780422,0.485493406374657,0.380303033241118,0.834186512697177,0.824524360742405
Q15435,PPP1R7,43,25,0.04088705895391,0.107866372808245,0.704648598265862,0.824524360742405,-19.4476105587676,FALSE,number of observations (=43) <= number of random effects (=50) for term (1 + SampleCode | ID2); the random-effects parameters and the residual variance (or scale parameter) are probably unidentifiable,TRUE,FALSE,FALSE,0.0361314590506777,0.105449157023608,0.731866738165136,-18.7902410825233,1.3147389524885,0.518212713990805,0.26515388863076,-0.867244998211154,0.345807069462076,0.288827346606607,0.843234526076569,0.824524360742405
Q9Y385,UBE2J1,50,26,-0.0499284104227465,0.132106412041148,0.705474530960772,0.824524360742405,-32.6858578876369,FALSE,number of observations (=50) <= number of random effects (=52) for term (1 + SampleCode | ID2); the random-effects parameters and the residual variance (or scale parameter) are probably unidentifiable,TRUE,TRUE,TRUE,-0.0524008742147583,0.135827163621733,0.699651587040356,-30.6491176029119,4.07348056945003,0.130453259030583,0.440711025377461,,0.465230928866533,0.357938380286243,0.823468764601795,0.824524360742405
P55039,DRG2,42,25,-0.0542226886334257,0.143489571478636,0.705515342978291,0.824524360742405,-31.4812430816625,FALSE,number of observations (=42) <= number of random effects (=50) for term (1 + SampleCode | ID2); the random-effects parameters and the residual variance (or scale parameter) are probably unidentifiable,TRUE,FALSE,FALSE,-0.0537955971098221,0.143362472674118,0.707480620729582,-31.468372722685,0.0257407179550242,0.987212109912052,0.333916105854001,-0.542724913581758,0.451449265689784,0.384917883773154,0.828986746249647,0.824524360742405
P04070,PROC,52,26,0.0374620837829352,0.0993973264261879,0.706253667748462,0.824763353493102,-20.253105970114,FALSE,number of observations (=52) <= number of random effects (=52) for term (1 + SampleCode | ID2); the random-effects parameters and the residual variance (or scale parameter) are probably unidentifiable,TRUE,TRUE,FALSE,0.0338815489456679,0.100122514317519,0.735061096066734,-19.1386425900963,2.22892676003526,0.328091292012623,0.29573810624605,-0.218307173072537,0.357201323032921,0.292928110528162,0.843736547862633,0.824763353493102
P55957,BID,43,24,0.0566890678008918,0.151616246970882,0.708479928248975,0.825716407217174,-41.7376859590391,FALSE,number of observations (=43) <= number of random effects (=48) for term (1 + SampleCode | ID2); the random-effects parameters and the residual variance (or scale parameter) are probably unidentifiable,TRUE,FALSE,FALSE,0.062547372705649,0.150475142619053,0.677654559779935,-41.5942991955376,0.286773527003078,0.866418904875613,0.179277888698574,-0.67543464529159,0.478044754191516,0.462139860517265,0.806607314992295,0.825716407217174
P04439,HLA-A,52,26,-0.0450512940156488,0.120726750302905,0.709023817569742,0.825716407217174,-44.61379405837,FALSE,number of observations (=52) <= number of random effects (=52) for term (1 + SampleCode | ID2); the random-effects parameters and the residual variance (or scale parameter) are probably unidentifiable,TRUE,FALSE,FALSE,-0.0436027406200676,0.120811003829001,0.718161522317156,-44.2437107968295,0.740166523081086,0.690676821427066,0.169929466669415,-0.800676858922068,0.431547649253101,0.414976640343962,0.836821351822911,0.825716407217174
P34913,EPHX2,46,26,-0.0316629751093424,0.0848991233316463,0.709186998388247,0.825716407217174,-20.5074513253098,FALSE,number of observations (=46) <= number of random effects (=52) for term (1 + SampleCode | ID2); the random-effects parameters and the residual variance (or scale parameter) are probably unidentifiable,TRUE,FALSE,FALSE,-0.0321264518828456,0.0849552676157112,0.705313767851576,-20.5051748189552,0.00455301270918795,0.997726082920791,0.114993110677312,-0.126015160713647,0.275475056517808,0.263119607633079,0.828046938701128,0.825716407217174
Q8WUM4,PDCD6IP,51,26,-0.0314609148844142,0.0843635793293053,0.709207554936693,0.825716407217174,-12.8218106400456,FALSE,number of observations (=51) <= number of random effects (=52) for term (1 + SampleCode | ID2); the random-effects parameters and the residual variance (or scale parameter) are probably unidentifiable,TRUE,TRUE,FALSE,-0.0364697071219754,0.0860985893339052,0.671871579051872,-11.6144785187992,2.41466424249278,0.298993895781484,0.255650226908395,0.146831231833769,0.30032476184924,0.246243959810584,0.803437762875497,0.825716407217174
Q9H939,PSTPIP2,50,26,-0.0429018476900435,0.116138143956183,0.71182692007659,0.827694025035125,-39.1716488444054,FALSE,number of observations (=50) <= number of random effects (=52) for term (1 + SampleCode | ID2); the random-effects parameters and the residual variance (or scale parameter) are probably unidentifiable,TRUE,FALSE,FALSE,-0.0437968267311811,0.116148724307134,0.706117571771948,-39.1593332519947,0.0246311848215726,0.987759934128128,0.104763554344058,-0.34073996493914,0.402811180893897,0.396074590382455,0.828361160506955,0.827694025035125
Q8TBF2,PRXL2B,43,24,-0.0504724848617805,0.13689415688634,0.712353476746212,0.827694025035125,-26.5342029516009,FALSE,number of observations (=43) <= number of random effects (=48) for term (1 + SampleCode | ID2); the random-effects parameters and the residual variance (or scale parameter) are probably unidentifiable,TRUE,FALSE,FALSE,-0.0597065478644331,0.150948810541366,0.692443159328816,-25.8735771677666,1.3212515676685,0.516527998461645,0.583971218891069,-0.86552301464605,0.4484921744273,0.285702945874408,0.82041770027839,0.827694025035125
P31150,GDI1,43,25,0.0552758838000796,0.150196257610015,0.712855059302184,0.827694025035125,-30.256663103347,FALSE,number of observations (=43) <= number of random effects (=50) for term (1 + SampleCode | ID2); the random-effects parameters and the residual variance (or scale parameter) are probably unidentifiable,TRUE,TRUE,FALSE,0.0562804309686492,0.154325287690865,0.715345040657396,-28.7360978383453,3.04113053000332,0.218588291712396,0.467089314041178,-0.44906452603526,0.489047721044916,0.378995059323733,0.834749311039031,0.827694025035125
Q08495,DMTN,52,26,-0.03154166634512,0.0857659934917115,0.713049027392719,0.827694025035125,-12.5829689759884,FALSE,number of observations (=52) <= number of random effects (=52) for term (1 + SampleCode | ID2); the random-effects parameters and the residual variance (or scale parameter) are probably unidentifiable,TRUE,FALSE,FALSE,-0.0312612637622188,0.0881925166110895,0.722989551233656,-12.4706281250305,0.224681701915742,0.893739573587661,0.344605719724998,-0.780354645074825,0.308214792570123,0.202841063205718,0.838835062663255,0.827694025035125
Q15118,PDK1,41,24,-0.0452639562969857,0.123725539467773,0.714483234080823,0.828603065194028,-23.3707930241567,FALSE,number of observations (=41) <= number of random effects (=48) for term (1 + SampleCode | ID2); the random-effects parameters and the residual variance (or scale parameter) are probably unidentifiable,TRUE,FALSE,FALSE,-0.0446125427329722,0.123628326287409,0.718203956321799,-23.3604442881862,0.0206974719409274,0.989704627955925,0.321311220264458,-0.591169664346775,0.389322325109591,0.316000086939381,0.836821351822911,0.828603065194028
P36507,MAP2K2,44,25,0.0295145812814679,0.0808005867205673,0.714904780520155,0.828603065194028,-4.24472165409761,FALSE,number of observations (=44) <= number of random effects (=50) for term (1 + SampleCode | ID2); the random-effects parameters and the residual variance (or scale parameter) are probably unidentifiable,TRUE,TRUE,FALSE,0.027582491576917,0.0811343143373628,0.733886000675218,-3.91299382527059,0.663455657654037,0.717682628797822,0.211330736853602,-0.436379352346225,0.266476935118178,0.2204624328183,0.843234526076569,0.828603065194028
Q9BR76,CORO1B,52,26,-0.0506908991050795,0.139389566606798,0.716109294723919,0.82937695678295,-37.836772556002,FALSE,number of observations (=52) <= number of random effects (=52) for term (1 + SampleCode | ID2); the random-effects parameters and the residual variance (or scale parameter) are probably unidentifiable,TRUE,FALSE,FALSE,-0.0494905227656147,0.152672157554128,0.745815335936994,-37.2857971805013,1.10195075100145,0.576387342023813,0.633716745279267,-0.829925436989461,0.500920290304869,0.317580404442414,0.85102266914524,0.82937695678295
P11908,PRPS2,49,26,0.0328617466161692,0.0906551479360779,0.716984559519945,0.829768647534318,-12.9892652740098,FALSE,number of observations (=49) <= number of random effects (=52) for term (1 + SampleCode | ID2); the random-effects parameters and the residual variance (or scale parameter) are probably unidentifiable,TRUE,FALSE,FALSE,0.0305383992256287,0.0919887290486726,0.739904517408837,-11.7734295330827,2.43167148185415,0.296462145183234,0.360398191993413,-0.89458904026168,0.315419592517497,0.200028450361681,0.846779614367891,0.829768647534318
Q9Y6W5,WASF2,39,24,0.0369828374641178,0.102442652924372,0.718091859685806,0.829970570664037,-13.0938268422999,FALSE,number of observations (=39) <= number of random effects (=48) for term (1 + SampleCode | ID2); the random-effects parameters and the residual variance (or scale parameter) are probably unidentifiable,TRUE,FALSE,FALSE,0.0399715014389874,0.101741134848463,0.694412147669366,-9.80038177944708,6.58689012570567,0.0371257283627588,0.355951642285762,0.0242460913258303,0.313288013842213,0.188564565540163,0.821600610112921,0.829970570664037
P22891,PROZ,52,26,0.0316321585458222,0.0876672321950521,0.718233432348102,0.829970570664037,-40.1162298266619,FALSE,number of observations (=52) <= number of random effects (=52) for term (1 + SampleCode | ID2); the random-effects parameters and the residual variance (or scale parameter) are probably unidentifiable,TRUE,FALSE,FALSE,0.0293336718714306,0.0875162150659051,0.737489420854415,-38.1054279019571,4.02160384940962,0.133881268911844,0.185546863085728,-0.993897640905568,0.31082771809671,0.282246333486368,0.844645020879249,0.829970570664037
Q9Y2Q3,GSTK1,51,26,-0.0366150817972281,0.102646926903677,0.721309673404323,0.832902425567772,-24.4749829282348,FALSE,number of observations (=51) <= number of random effects (=52) for term (1 + SampleCode | ID2); the random-effects parameters and the residual variance (or scale parameter) are probably unidentifiable,TRUE,FALSE,FALSE,-0.0346733692134875,0.101889935313453,0.733628960056089,-23.5434699140325,1.86302602840462,0.393957196385097,0.391910538580931,-0.807437929012013,0.36503716206138,0.235274504184246,0.843234526076569,0.832902425567772
Q9P270,SLAIN2,52,26,0.0382997011998781,0.10771631103568,0.722169480465064,0.833272477459689,-32.4825540504562,FALSE,number of observations (=52) <= number of random effects (=52) for term (1 + SampleCode | ID2); the random-effects parameters and the residual variance (or scale parameter) are probably unidentifiable,TRUE,TRUE,FALSE,0.0383706973368158,0.107709903493482,0.721659995150687,-32.4678048944795,0.0294983119535033,0.985359080040898,0.250981956502669,-0.475559073088569,0.386140644852664,0.342924943009915,0.838835062663255,0.833272477459689
Q5T5C0,STXBP5,43,25,0.0529558365546573,0.151942499107772,0.727445561273547,0.838733874751963,-30.622766091059,FALSE,number of observations (=43) <= number of random effects (=50) for term (1 + SampleCode | ID2); the random-effects parameters and the residual variance (or scale parameter) are probably unidentifiable,TRUE,FALSE,FALSE,0.0625118817383149,0.150043416584802,0.67695250918347,-29.9797482256366,1.28603573084485,0.525703525216346,0.566549146810018,-0.856577846087077,0.493229260175989,0.286546503442849,0.806392927284858,0.838733874751963
Q16610,ECM1,52,26,-0.0599926010766789,0.174685305431325,0.731273156574754,0.842518290013419,-57.5190525921365,FALSE,number of observations (=52) <= number of random effects (=52) for term (1 + SampleCode | ID2); the random-effects parameters and the residual variance (or scale parameter) are probably unidentifiable,TRUE,FALSE,FALSE,-0.0680982906997992,0.176617221408857,0.699815202538613,-57.0558656447274,0.926373894818212,0.629274980183946,0.538032302497246,-0.142659795184029,0.626235957826334,0.506371382556078,0.823468764601795,0.842518290013419
P30566,ADSL,51,26,-0.0427561709361838,0.125125435251288,0.732571801647438,0.8426852737696,-33.2946654790652,FALSE,number of observations (=51) <= number of random effects (=52) for term (1 + SampleCode | ID2); the random-effects parameters and the residual variance (or scale parameter) are probably unidentifiable,TRUE,FALSE,FALSE,-0.0426243289632084,0.125474176716887,0.734077953121673,-33.0400745463341,0.509181865462139,0.775233555781118,0.379763039978778,-0.441865381705519,0.443863137520052,0.354215232522321,0.843234526076569,0.8426852737696
P69905,HBA1,52,26,0.0850198451002506,0.249396560540465,0.733177181575034,0.8426852737696,-74.7230417681721,FALSE,number of observations (=52) <= number of random effects (=52) for term (1 + SampleCode | ID2); the random-effects parameters and the residual variance (or scale parameter) are probably unidentifiable,TRUE,FALSE,FALSE,0.0990145770263981,0.247022940474736,0.688544181682821,-73.3737210781122,2.69864138011994,0.259416424960115,0.912403471823163,-0.126473804869843,0.894506359539843,0.607531550634277,0.817679293389668,0.8426852737696
Q14318,FKBP8,49,26,-0.0299796349713573,0.0882888630767625,0.734185613783634,0.8426852737696,-14.8314914830654,FALSE,number of observations (=49) <= number of random effects (=52) for term (1 + SampleCode | ID2); the random-effects parameters and the residual variance (or scale parameter) are probably unidentifiable,TRUE,FALSE,FALSE,-0.030431192101601,0.0884411555371316,0.730783068134344,-14.7507820019711,0.161418962188577,0.922461645067613,0.273001007956056,-0.496677372996384,0.305663955622223,0.237271631785189,0.843234526076569,0.8426852737696
Q16644,MAPKAPK3,50,26,-0.0309087736553812,0.0911090487659072,0.734421167016754,0.8426852737696,-16.5538891700547,FALSE,number of observations (=50) <= number of random effects (=52) for term (1 + SampleCode | ID2); the random-effects parameters and the residual variance (or scale parameter) are probably unidentifiable,TRUE,FALSE,FALSE,-0.0300666196954046,0.0911467319698833,0.741497800929262,-16.2769509302688,0.553876479571827,0.758101316164302,0.272427031514372,-0.418669942396542,0.32086715968222,0.256766989342865,0.847974909278838,0.8426852737696
Q66K74,MAP1S,43,25,0.0380218240094461,0.112078684941203,0.734427251838354,0.8426852737696,-23.3347234977127,FALSE,number of observations (=43) <= number of random effects (=50) for term (1 + SampleCode | ID2); the random-effects parameters and the residual variance (or scale parameter) are probably unidentifiable,TRUE,FALSE,FALSE,0.0357207473860469,0.110539737467111,0.74658280154412,-22.7332667821845,1.20291343105639,0.548012755673702,0.19222544623025,-0.928014722043562,0.356577293313857,0.328958566150685,0.85126968884551,0.8426852737696
O60268,KIAA0513,50,26,-0.0486041568594931,0.143740655103483,0.735259304377839,0.8426852737696,-37.0680165881406,FALSE,number of observations (=50) <= number of random effects (=52) for term (1 + SampleCode | ID2); the random-effects parameters and the residual variance (or scale parameter) are probably unidentifiable,TRUE,FALSE,FALSE,-0.0486728175241472,0.143163781380817,0.733871615081554,-36.9723564444464,0.19132028738845,0.908772815763926,0.478237121786739,-0.769282394748864,0.506437847554663,0.375459775177899,0.843234526076569,0.8426852737696
P13639,EEF2,50,26,-0.0500189307009407,0.148160250819065,0.73566448944622,0.8426852737696,-38.4505484364791,FALSE,number of observations (=50) <= number of random effects (=52) for term (1 + SampleCode | ID2); the random-effects parameters and the residual variance (or scale parameter) are probably unidentifiable,TRUE,FALSE,FALSE,-0.0493311236083042,0.151765923755573,0.745145174416675,-38.3474432765816,0.206210319794963,0.902032110889428,0.583074498078388,-0.780974492712128,0.522083592790478,0.343018910984907,0.850886396506846,0.8426852737696
Q16718,NDUFA5,46,25,0.0458279653413991,0.135808719350572,0.735781510883619,0.8426852737696,-36.6503396201379,FALSE,number of observations (=46) <= number of random effects (=50) for term (1 + SampleCode | ID2); the random-effects parameters and the residual variance (or scale parameter) are probably unidentifiable,TRUE,FALSE,FALSE,0.0478971251083813,0.133684944469865,0.720131079052618,-36.380888590539,0.538902059197838,0.763798682134356,0.244953463890933,-0.719353978488162,0.450288228788314,0.410075181888044,0.838434451496831,0.8426852737696
P00338,LDHA,48,25,0.0371530869046528,0.110622218788817,0.736979792617221,0.843166040159656,-32.6104484494813,FALSE,number of observations (=48) <= number of random effects (=50) for term (1 + SampleCode | ID2); the random-effects parameters and the residual variance (or scale parameter) are probably unidentifiable,TRUE,FALSE,FALSE,0.0351602895411988,0.110820411117846,0.751036700665531,-32.5108261722247,0.199244554513328,0.905179260264501,0.267348445196275,-0.145959491281971,0.378917324313953,0.329274431112766,0.855086000389275,0.843166040159656
P21964,COMT,49,26,0.023819097625281,0.0710849685006264,0.737565308323186,0.843166040159656,-10.332062360647,FALSE,number of observations (=49) <= number of random effects (=52) for term (1 + SampleCode | ID2); the random-effects parameters and the residual variance (or scale parameter) are probably unidentifiable,TRUE,FALSE,FALSE,0.0238233804737146,0.0710773158085719,0.737492642825959,-10.3319509979289,0.000222725436181292,0.999888643482507,0.149590548320593,-0.351599485012689,0.244664728028182,0.220598702454883,0.844645020879249,0.843166040159656
P61204;P84077,ARF1;ARF3,52,26,-0.0704933799199522,0.210605853011211,0.737838502456864,0.843166040159656,-59.3129558473685,FALSE,number of observations (=52) <= number of random effects (=52) for term (1 + SampleCode | ID2); the random-effects parameters and the residual variance (or scale parameter) are probably unidentifiable,TRUE,FALSE,FALSE,-0.0746743772221829,0.210249506959887,0.722462024831439,-58.8841665309827,0.857578632771578,0.651297132361065,0.583004722284123,-0.421385736078611,0.756845545734383,0.633233735401364,0.838835062663255,0.843166040159656
Q96T76,MMS19,44,26,-0.0385601817236885,0.115589766624731,0.738685103439764,0.843509597054276,-19.9795500250321,FALSE,number of observations (=44) <= number of random effects (=52) for term (1 + SampleCode | ID2); the random-effects parameters and the residual variance (or scale parameter) are probably unidentifiable,TRUE,TRUE,FALSE,-0.0225076305475055,0.127050843362294,0.859387022188443,-18.9712864997901,2.01652705048394,0.364851986076793,0.492107441473457,-0.925859058944646,0.381037360039026,0.258262706459894,0.918170672342107,0.843509597054276
P00734,F2,52,26,0.0239539663495709,0.0724168652340267,0.740811548671912,0.844841811680362,-3.78543403800305,FALSE,number of observations (=52) <= number of random effects (=52) for term (1 + SampleCode | ID2); the random-effects parameters and the residual variance (or scale parameter) are probably unidentifiable,TRUE,FALSE,FALSE,0.0211180566990883,0.0743549183578514,0.776397395517176,0.929167149891697,9.4292023757895,0.00896344008256077,0.295981236509651,-0.202962327824418,0.260242412965706,0.166617085286886,0.868559801505101,0.844841811680362
O95373,IPO7,51,26,-0.0384966316893204,0.116444164487865,0.740945407654945,0.844841811680362,-35.1279811545931,FALSE,number of observations (=51) <= number of random effects (=52) for term (1 + SampleCode | ID2); the random-effects parameters and the residual variance (or scale parameter) are probably unidentifiable,TRUE,FALSE,FALSE,-0.0356975442912931,0.11574529399741,0.757766836152295,-32.9665497117546,4.322862885677,0.115160157815333,0.303231331917732,-0.998725959721026,0.412926832784274,0.352856475575069,0.859232169052371,0.844841811680362
Q9Y5K6,CD2AP,51,26,-0.0438133461432983,0.133603845483773,0.742960984581698,0.846515281105253,-34.7524274520476,FALSE,number of observations (=51) <= number of random effects (=52) for term (1 + SampleCode | ID2); the random-effects parameters and the residual variance (or scale parameter) are probably unidentifiable,TRUE,TRUE,TRUE,-0.0468580899856846,0.135613727446086,0.729698849822382,-31.6312007865166,6.24245333106195,0.0441030355514965,0.466400397838749,,0.476042927416479,0.350447640755657,0.843234526076569,0.846515281105253
Q99719,SEPTIN5,50,26,-0.0446488933504938,0.137875671012413,0.746063366144818,0.848806469904277,-34.7985183114435,FALSE,number of observations (=50) <= number of random effects (=52) for term (1 + SampleCode | ID2); the random-effects parameters and the residual variance (or scale parameter) are probably unidentifiable,TRUE,FALSE,FALSE,-0.0432484929594282,0.141509523944482,0.759892095350939,-34.6469183090148,0.303200004857274,0.859331942694641,0.559912211379722,-0.794184324358834,0.485309636015997,0.305246691252417,0.860138200467437,0.848806469904277
P12931,SRC,52,26,-0.0282584448184974,0.0873663998691199,0.746356350904964,0.848806469904277,-17.8527636406877,FALSE,number of observations (=52) <= number of random effects (=52) for term (1 + SampleCode | ID2); the random-effects parameters and the residual variance (or scale parameter) are probably unidentifiable,TRUE,TRUE,FALSE,-0.0271519298966657,0.0875189001313306,0.756377878284995,-17.6653092230681,0.374908835239197,0.829066908162302,0.260765794700548,-0.383067460133994,0.313598671061205,0.254358690520079,0.859232169052371,0.848806469904277
Q92616,GCN1,46,25,-0.0300237904186671,0.0929243511783743,0.746620059935219,0.848806469904277,-14.3048780295325,FALSE,number of observations (=46) <= number of random effects (=50) for term (1 + SampleCode | ID2); the random-effects parameters and the residual variance (or scale parameter) are probably unidentifiable,TRUE,FALSE,FALSE,-0.0288894348044546,0.0923783714148656,0.754486239554561,-14.0640633050348,0.481629448995452,0.785987237079013,0.293614583834749,-0.75417032128431,0.312128536727897,0.232191888794742,0.858380883734755,0.848806469904277
P28290,ITPRID2,45,26,0.0394522616309453,0.122974069653121,0.748348523959292,0.849878745258103,-23.5821903664912,FALSE,number of observations (=45) <= number of random effects (=52) for term (1 + SampleCode | ID2); the random-effects parameters and the residual variance (or scale parameter) are probably unidentifiable,TRUE,FALSE,FALSE,0.0522868505454538,0.125118683425109,0.676021677457541,-21.8173273375647,3.52972605785301,0.171210235728751,0.432824891208715,-0.999992266729714,0.408652605816622,0.295046765476626,0.80597588074485,0.849878745258103
Q8N4C8,MINK1,50,26,-0.0297259052976447,0.0927768277616708,0.7486634124895,0.849878745258103,-28.3806600948791,FALSE,number of observations (=50) <= number of random effects (=52) for term (1 + SampleCode | ID2); the random-effects parameters and the residual variance (or scale parameter) are probably unidentifiable,TRUE,TRUE,FALSE,-0.0245439049233658,0.0931508332236012,0.792176306676811,-27.7576038574906,1.24611247477704,0.536302861492456,0.242107624475377,0.221544097667436,0.321610995744603,0.273557984397881,0.878616219537453,0.849878745258103
O75695,RP2,42,23,0.058314168735971,0.185689649621143,0.753489876880241,0.854729706152697,-37.612870942836,FALSE,number of observations (=42) <= number of random effects (=46) for term (1 + SampleCode | ID2); the random-effects parameters and the residual variance (or scale parameter) are probably unidentifiable,TRUE,TRUE,FALSE,0.0567636746668115,0.203426192101166,0.780215523580438,-36.8926009208219,1.44054004402825,0.486620839878853,0.599674753551341,-0.999182597014563,0.59250617330517,0.503888784430957,0.870977589546081,0.854729706152697
Q14644,RASA3,51,26,0.0228775683038264,0.0738327383940179,0.756669935428538,0.85609877329568,-13.4201576220003,FALSE,number of observations (=51) <= number of random effects (=52) for term (1 + SampleCode | ID2); the random-effects parameters and the residual variance (or scale parameter) are probably unidentifiable,TRUE,FALSE,FALSE,0.0217996640232961,0.0738305019056517,0.767790407493205,-12.8779589926846,1.08439725863152,0.581468412444965,0.128803962177763,-0.872475044444895,0.261529856150093,0.246035982673307,0.865234266649892,0.85609877329568
O43852,CALU,52,26,0.0389581980741422,0.125838995262194,0.756874553581866,0.85609877329568,-46.5449558586524,FALSE,number of observations (=52) <= number of random effects (=52) for term (1 + SampleCode | ID2); the random-effects parameters and the residual variance (or scale parameter) are probably unidentifiable,TRUE,TRUE,FALSE,0.0387820802454395,0.125840927677994,0.757942811487975,-46.5443292086637,0.00125329997732138,0.999373546315437,0.164741648670727,-0.14457452949945,0.449875764008373,0.434536901663217,0.859232169052371,0.85609877329568
P05141,SLC25A5,50,26,-0.0443183186481419,0.143310622300673,0.757133969737137,0.85609877329568,-51.5407245107308,FALSE,number of observations (=50) <= number of random effects (=52) for term (1 + SampleCode | ID2); the random-effects parameters and the residual variance (or scale parameter) are probably unidentifiable,TRUE,FALSE,FALSE,-0.0459909360710175,0.143678643367985,0.748895678927028,-51.4766320801904,0.12818486108084,0.937918303228461,0.166077011118458,-0.49294512769746,0.499496783589617,0.487041073396751,0.853277156299601,0.85609877329568
Q16881,TXNRD1,44,25,0.028028278852956,0.0906386589357805,0.75714585012938,0.85609877329568,-9.50271604311437,FALSE,number of observations (=44) <= number of random effects (=50) for term (1 + SampleCode | ID2); the random-effects parameters and the residual variance (or scale parameter) are probably unidentifiable,TRUE,FALSE,FALSE,0.0275192263641441,0.0996509775738266,0.782428165696655,-8.98429674720775,1.03683859181324,0.595461052167555,0.396418490784003,-0.85844982535823,0.300301678666638,0.184422406919844,0.871558410959865,0.85609877329568
Q8TCJ2,STT3B,51,26,-0.0425578580673825,0.137813178349691,0.757467328864204,0.85609877329568,-36.1001859709253,FALSE,number of observations (=51) <= number of random effects (=52) for term (1 + SampleCode | ID2); the random-effects parameters and the residual variance (or scale parameter) are probably unidentifiable,TRUE,FALSE,FALSE,-0.0384100801772112,0.156670616664028,0.806329029094084,-34.2574500812466,3.68547177935733,0.158383512989909,0.654644623347737,-0.924450969282299,0.491107738066276,0.317541803344951,0.887306517058661,0.85609877329568
P16109,SELP,51,26,0.0429017782294696,0.139392747537103,0.758252588595088,0.856359831417698,-36.6814065938514,FALSE,number of observations (=51) <= number of random effects (=52) for term (1 + SampleCode | ID2); the random-effects parameters and the residual variance (or scale parameter) are probably unidentifiable,TRUE,FALSE,FALSE,0.0482139311640685,0.156057593875931,0.757359865999294,-35.0436768887646,3.27545941017358,0.194420934482447,0.670133457238358,-0.904479017221765,0.496736652949736,0.296639634620199,0.859232169052371,0.856359831417698
Q8IWA5,SLC44A2,47,25,-0.0290536288884494,0.0947669047220675,0.759163149070893,0.85676191768775,-13.7355553754503,FALSE,number of observations (=47) <= number of random effects (=50) for term (1 + SampleCode | ID2); the random-effects parameters and the residual variance (or scale parameter) are probably unidentifiable,TRUE,FALSE,FALSE,-0.0317373954441069,0.0968077462961493,0.743033079784004,-12.8168354329525,1.83743988499572,0.399029495008287,0.34518491296089,-0.891100715820191,0.324103401344316,0.226119284300768,0.849102151084532,0.85676191768775
O00410,IPO5,52,26,0.0288044505951666,0.094663349057952,0.760912273377906,0.858109096619609,-17.7155937220158,FALSE,number of observations (=52) <= number of random effects (=52) for term (1 + SampleCode | ID2); the random-effects parameters and the residual variance (or scale parameter) are probably unidentifiable,TRUE,FALSE,FALSE,0.0281975411750144,0.0960900773892168,0.769178944197556,-17.3423172161195,0.746553011792578,0.688474839170205,0.302972698857518,-0.577431204421776,0.340188964250842,0.270929520403569,0.866167251301184,0.858109096619609
Q9Y3F4,STRAP,52,26,-0.0282241776639474,0.093153956401543,0.761901896803329,0.858598417623007,-22.2598820133767,FALSE,number of observations (=52) <= number of random effects (=52) for term (1 + SampleCode | ID2); the random-effects parameters and the residual variance (or scale parameter) are probably unidentifiable,TRUE,FALSE,FALSE,-0.0270627204308433,0.0934628724235058,0.772156055658913,-21.4273591067609,1.66504581323159,0.434950561265407,0.272296623643194,0.0358819872478549,0.334257946621286,0.27469320694074,0.866219652031112,0.858598417623007
Q16543,CDC37,49,26,-0.0410772426595358,0.136756540438488,0.763896725557043,0.860218980310227,-41.06012706174,FALSE,number of observations (=49) <= number of random effects (=52) for term (1 + SampleCode | ID2); the random-effects parameters and the residual variance (or scale parameter) are probably unidentifiable,TRUE,TRUE,FALSE,-0.0339957084677938,0.13707009038177,0.804121276925602,-40.8497657159618,0.420722691556435,0.810291397687948,0.271789749484241,-0.703515980588999,0.471665658612622,0.433106772693961,0.886099211459464,0.860218980310227
E9PAV3,NACA,49,25,0.0535274199401452,0.180367500709843,0.766643140382145,0.862272925503174,-55.3893406488805,FALSE,number of observations (=49) <= number of random effects (=50) for term (1 + SampleCode | ID2); the random-effects parameters and the residual variance (or scale parameter) are probably unidentifiable,TRUE,TRUE,FALSE,0.066953151899922,0.182586512879538,0.713848209452888,-54.8524933413234,1.07369461511423,0.584588377535542,0.368311678873108,-0.833609650219175,0.623075341636833,0.577145664696935,0.834186512697177,0.862272925503174
P0DJI9,SAA2,52,26,-0.084786021664837,0.285941862840506,0.766836892971755,0.862272925503174,-88.6772207638567,FALSE,number of observations (=52) <= number of random effects (=52) for term (1 + SampleCode | ID2); the random-effects parameters and the residual variance (or scale parameter) are probably unidentifiable,TRUE,FALSE,FALSE,-0.0662462501852404,0.2860361107682,0.816847928309615,-87.7861357960789,1.78216993555577,0.410210446108169,0.573679995717689,-0.892415747667797,1.02253835751026,0.939862855327046,0.891894027730286,0.862272925503174
Q9HC35,EML4,49,26,-0.0200099146942238,0.068007541902696,0.768581532876571,0.863606158759493,-16.1281029733796,FALSE,number of observations (=49) <= number of random effects (=52) for term (1 + SampleCode | ID2); the random-effects parameters and the residual variance (or scale parameter) are probably unidentifiable,TRUE,FALSE,FALSE,-0.0232876377384581,0.0682874258571912,0.733085661652087,-15.8736610126932,0.50888392137286,0.775349052511674,0.0768479308079845,-0.891066949629199,0.231059727053154,0.226810783972182,0.843234526076569,0.863606158759493
Q9H9Q2,COPS7B,51,26,0.0442017866430549,0.151419276938931,0.770350461018219,0.864964725489207,-44.1608365090367,FALSE,number of observations (=51) <= number of random effects (=52) for term (1 + SampleCode | ID2); the random-effects parameters and the residual variance (or scale parameter) are probably unidentifiable,TRUE,FALSE,FALSE,0.0437741052404999,0.151523568645795,0.772663225672933,-44.1189146758096,0.0838436664542996,0.95894473525826,0.493652709784391,-0.658003612093449,0.535792703729147,0.406582677207369,0.866219652031112,0.864964725489207
Q13501,SQSTM1,45,25,0.0326295498309401,0.113765370493617,0.77425441380995,0.86871682595234,-20.3464459362093,FALSE,number of observations (=45) <= number of random effects (=50) for term (1 + SampleCode | ID2); the random-effects parameters and the residual variance (or scale parameter) are probably unidentifiable,TRUE,FALSE,FALSE,0.0322893765803042,0.114803751553435,0.778513169506394,-20.3418324892497,0.00922689391917686,0.995397178640342,0.38914773783691,-0.711814721930242,0.380299837942843,0.267904463895068,0.869705601509312,0.86871682595234
Q12931,TRAP1,48,26,0.0910354436827169,0.320014456029541,0.776047991201438,0.870097348625705,-72.8117355984159,FALSE,number of observations (=48) <= number of random effects (=52) for term (1 + SampleCode | ID2); the random-effects parameters and the residual variance (or scale parameter) are probably unidentifiable,TRUE,FALSE,FALSE,0.123618692711973,0.401244414466975,0.758015175675328,-72.636490210295,0.350490776241884,0.839251053260293,1.71040136723232,-0.946734649406066,1.10293259202104,0.732082847056708,0.859232169052371,0.870097348625705
P13667,PDIA4,52,26,0.0222535308344645,0.078639242944604,0.777190239563474,0.870400398726551,-18.9259202299504,FALSE,number of observations (=52) <= number of random effects (=52) for term (1 + SampleCode | ID2); the random-effects parameters and the residual variance (or scale parameter) are probably unidentifiable,TRUE,FALSE,FALSE,0.0222773137492431,0.078627264903539,0.776925337009741,-18.687112019888,0.477616420124789,0.787565915106664,0.122900333438123,-0.707823354163976,0.28157393605016,0.267844678570985,0.868559801505101,0.870400398726551
O75390,CS,51,26,-0.0376272199476097,0.133436487617922,0.777954253595096,0.870400398726551,-40.5632415640575,FALSE,number of observations (=51) <= number of random effects (=52) for term (1 + SampleCode | ID2); the random-effects parameters and the residual variance (or scale parameter) are probably unidentifiable,TRUE,TRUE,FALSE,-0.0385944566045903,0.132944602078846,0.771583064226682,-40.3499460157877,0.426591096539553,0.807917323360674,0.343926517392391,-0.69018913022784,0.473684149511938,0.405402323280671,0.866219652031112,0.870400398726551
P61923,COPZ1,40,25,0.0416098069934804,0.147699535997053,0.778158769439141,0.870400398726551,-38.6715271886864,FALSE,number of observations (=40) <= number of random effects (=50) for term (1 + SampleCode | ID2); the random-effects parameters and the residual variance (or scale parameter) are probably unidentifiable,TRUE,FALSE,FALSE,0.0864473897083828,0.148752126164995,0.561138947743253,-36.0147838460832,5.31348668520644,0.0701763904704163,0.357945858594724,-0.999997676204876,0.428505670983355,0.361376667850867,0.717419802404112,0.870400398726551
P45880,VDAC2,51,26,-0.0390034307000719,0.138713005865728,0.778571748246015,0.870400398726551,-36.4320993152363,FALSE,number of observations (=51) <= number of random effects (=52) for term (1 + SampleCode | ID2); the random-effects parameters and the residual variance (or scale parameter) are probably unidentifiable,TRUE,FALSE,FALSE,-0.0412707524289056,0.143956150028146,0.774349887856109,-36.2708870370908,0.322424556291082,0.851111379584092,0.568046240921029,-0.795246362565924,0.494314341827562,0.320673302027601,0.866935200534557,0.870400398726551
O00743,PPP6C,47,26,0.0326753587158961,0.117918339519266,0.781702105234924,0.872241461190091,-30.7405544768129,FALSE,number of observations (=47) <= number of random effects (=52) for term (1 + SampleCode | ID2); the random-effects parameters and the residual variance (or scale parameter) are probably unidentifiable,TRUE,TRUE,TRUE,0.0356683732913694,0.11701988117398,0.760513837376551,-29.8682696997743,1.74456955407708,0.417995431042046,0.217343706885464,-0.999999986015122,0.397005903941302,0.364472859333424,0.860171214309495,0.872241461190091
P48556,PSMD8,45,26,-0.0319339470718726,0.11531180037374,0.781829526753378,0.872241461190091,-20.4837995083681,FALSE,number of observations (=45) <= number of random effects (=52) for term (1 + SampleCode | ID2); the random-effects parameters and the residual variance (or scale parameter) are probably unidentifiable,TRUE,FALSE,FALSE,-0.0224544619308941,0.113333861560917,0.842945949519662,-18.174281652466,4.61903571180416,0.0993091213253725,0.406832819250925,-0.988136553595886,0.38146240109211,0.264549364734311,0.910098876315778,0.872241461190091
O95299,NDUFA10,43,24,0.0208392113052754,0.0752785772887795,0.781912248380762,0.872241461190091,-1.80015892741621,FALSE,number of observations (=43) <= number of random effects (=48) for term (1 + SampleCode | ID2); the random-effects parameters and the residual variance (or scale parameter) are probably unidentifiable,TRUE,TRUE,FALSE,0.0219515065553669,0.0758608970233912,0.772301893360215,-1.72543626482918,0.149445325174064,0.928000819989426,0.222439687918398,-0.554588748985042,0.241844718461006,0.185349633553448,0.866219652031112,0.872241461190091
Q15008,PSMD6,42,25,0.0276831903477801,0.100460578899049,0.782883946680185,0.872695308528777,-13.4336729393155,FALSE,number of observations (=42) <= number of random effects (=50) for term (1 + SampleCode | ID2); the random-effects parameters and the residual variance (or scale parameter) are probably unidentifiable,TRUE,FALSE,FALSE,0.0276815869835305,0.102235812172901,0.786573982677363,-11.9127594023698,3.0418270738914,0.218512176798212,0.285128441291087,0.0868488515386195,0.322765438163256,0.255317991151329,0.874914905137888,0.872695308528777
P51970,NDUFA8,49,26,-0.0356320396001563,0.129787197950525,0.78366811571413,0.872939609789713,-32.7702498184841,FALSE,number of observations (=49) <= number of random effects (=52) for term (1 + SampleCode | ID2); the random-effects parameters and the residual variance (or scale parameter) are probably unidentifiable,TRUE,FALSE,FALSE,-0.0322035307001512,0.126715776605616,0.799387504245656,-28.748945002692,8.0426096315842,0.0179295549035485,0.45167944122856,-0.999997917028437,0.450494716752097,0.314964137069866,0.884075657880844,0.872939609789713
P07237,P4HB,52,26,0.0217030050277605,0.0796615020293136,0.785283474597033,0.873090864111021,-20.7747482269788,FALSE,number of observations (=52) <= number of random effects (=52) for term (1 + SampleCode | ID2); the random-effects parameters and the residual variance (or scale parameter) are probably unidentifiable,TRUE,TRUE,FALSE,0.0221387023331546,0.0796814373017152,0.781135070393651,-20.672883379849,0.203729694259685,0.903151606952497,0.10836464875111,-0.578863559796318,0.285077698083201,0.274699567591409,0.871374500908441,0.873090864111021
P30085,CMPK1,47,25,-0.0212875372108099,0.0781726879234032,0.785380396960972,0.873090864111021,-17.8102048953296,FALSE,number of observations (=47) <= number of random effects (=50) for term (1 + SampleCode | ID2); the random-effects parameters and the residual variance (or scale parameter) are probably unidentifiable,TRUE,TRUE,FALSE,-0.0172792185620938,0.0776089848701281,0.823812150175647,-17.2656729922624,1.08906380613433,0.580113269036012,0.119216361493903,-0.899732374316922,0.259929842540297,0.246936761061264,0.896962489091878,0.873090864111021
Q7L5N1,COPS6,51,26,0.0178126037560511,0.0654490854978864,0.785499224022213,0.873090864111021,-16.2901113135467,FALSE,number of observations (=51) <= number of random effects (=52) for term (1 + SampleCode | ID2); the random-effects parameters and the residual variance (or scale parameter) are probably unidentifiable,TRUE,TRUE,FALSE,0.0164064376345154,0.064950381653009,0.800577672359178,-16.1518907486462,0.276441129800958,0.870906579136974,0.040930561315941,-0.972855953427803,0.230098121002238,0.226883842322645,0.884214701389598,0.873090864111021
O14828,SCAMP3,49,26,-0.028189318602856,0.104428207763402,0.787206647778244,0.874302185419725,-20.1061669512288,FALSE,number of observations (=49) <= number of random effects (=52) for term (1 + SampleCode | ID2); the random-effects parameters and the residual variance (or scale parameter) are probably unidentifiable,TRUE,FALSE,FALSE,-0.0254866514457618,0.109421272832639,0.815821763677408,-19.3904526935187,1.43142851542019,0.488842827313181,0.439532439756678,-0.859412019076754,0.364726108254953,0.22631715735635,0.891403553664495,0.874302185419725
Q99733,NAP1L4,52,26,0.0399457338308338,0.148347455578823,0.787720803950975,0.874302185419725,-46.5988377936321,FALSE,number of observations (=52) <= number of random effects (=52) for term (1 + SampleCode | ID2); the random-effects parameters and the residual variance (or scale parameter) are probably unidentifiable,TRUE,FALSE,FALSE,0.044979175343219,0.148513738921147,0.761994993968493,-45.9567716580117,1.28413227124079,0.526204091092273,0.451007766132204,-0.147639810773179,0.532279623492165,0.427024104411972,0.861215995377704,0.874302185419725
Q06187,BTK,50,26,-0.0278223055477622,0.104576412255881,0.790202534991323,0.875864097575753,-28.743771905094,FALSE,number of observations (=50) <= number of random effects (=52) for term (1 + SampleCode | ID2); the random-effects parameters and the residual variance (or scale parameter) are probably unidentifiable,TRUE,TRUE,FALSE,-0.030262658450417,0.10498502748115,0.773150097185051,-28.5566835605361,0.374176689115728,0.829370462781949,0.230803510682593,-0.661141522469595,0.366470238880979,0.329853455142354,0.866219652031112,0.875864097575753
Q9UN37,VPS4A,44,25,0.0327663889545464,0.12319552636266,0.790261845968026,0.875864097575753,-23.1582186228879,FALSE,number of observations (=44) <= number of random effects (=50) for term (1 + SampleCode | ID2); the random-effects parameters and the residual variance (or scale parameter) are probably unidentifiable,TRUE,TRUE,FALSE,0.033128666362417,0.124796957386422,0.790654712435899,-21.9998978148307,2.31664161611442,0.314013026565437,0.33747243457508,-0.0857451823644998,0.407333067276572,0.332772176428213,0.878189454143396,0.875864097575753
Q16531,DDB1,50,26,0.0210022572670433,0.0796017648120549,0.791901975138,0.876684481314744,-7.38763842750833,FALSE,number of observations (=50) <= number of random effects (=52) for term (1 + SampleCode | ID2); the random-effects parameters and the residual variance (or scale parameter) are probably unidentifiable,TRUE,FALSE,FALSE,0.0251831664078905,0.0836806499016809,0.763457407953088,-7.17054344434362,0.434189966329416,0.804853518139993,0.323501011731979,-0.714501761433229,0.280498818919335,0.186354262077275,0.861608250757868,0.876684481314744
Q92598,HSPH1,51,26,-0.0242807757778211,0.0921343133938335,0.792136916450086,0.876684481314744,-20.7864298597775,FALSE,number of observations (=51) <= number of random effects (=52) for term (1 + SampleCode | ID2); the random-effects parameters and the residual variance (or scale parameter) are probably unidentifiable,TRUE,FALSE,FALSE,-0.025643497774983,0.0928479231976052,0.782403544800487,-19.6356981035674,2.30146351242021,0.316405153210332,0.300757175416013,-0.106044812977793,0.326083405158503,0.249412072146277,0.871558410959865,0.876684481314744
Q06830,PRDX1,52,26,0.021213369966521,0.081264323594411,0.794060418272189,0.877750476105821,-17.1238423148776,FALSE,number of observations (=52) <= number of random effects (=52) for term (1 + SampleCode | ID2); the random-effects parameters and the residual variance (or scale parameter) are probably unidentifiable,TRUE,TRUE,FALSE,0.0215835946626798,0.0812670983668643,0.79055625788727,-16.367873511593,1.51193760656922,0.469555487403208,0.15618853118957,-0.937308742669949,0.291393851721688,0.269795134132596,0.878189454143396,0.877750476105821
P35998,PSMC2,51,26,-0.0321292126705069,0.123188469377778,0.794236353136529,0.877750476105821,-30.378825742644,FALSE,number of observations (=51) <= number of random effects (=52) for term (1 + SampleCode | ID2); the random-effects parameters and the residual variance (or scale parameter) are probably unidentifiable,TRUE,FALSE,FALSE,-0.0349991000520457,0.128022148520468,0.784558693051551,-29.4325522199864,1.89254704531525,0.388184893719811,0.461009900806512,-0.9075854940641,0.438991475825747,0.321551694270582,0.873302003432742,0.877750476105821
Q15404,RSU1,52,26,0.0331071203359042,0.130049146575927,0.799052208628111,0.881697382368258,-42.2704482738146,FALSE,number of observations (=52) <= number of random effects (=52) for term (1 + SampleCode | ID2); the random-effects parameters and the residual variance (or scale parameter) are probably unidentifiable,TRUE,FALSE,FALSE,0.0341737161023092,0.130299332323865,0.793112637148602,-42.2394708306812,0.0619548862668609,0.969497441653813,0.356767839090033,-0.356190975134213,0.466200947038084,0.393128827603395,0.879023690383494,0.881697382368258
P46976,GYG1,42,26,0.0347628350977911,0.136849154782945,0.799477776622776,0.881697382368258,-29.0088327664381,FALSE,number of observations (=42) <= number of random effects (=52) for term (1 + SampleCode | ID2); the random-effects parameters and the residual variance (or scale parameter) are probably unidentifiable,TRUE,FALSE,FALSE,0.0349845167985578,0.137058995374598,0.798528841913021,-29.0019381353767,0.0137892621228417,0.993129082377547,0.352240512767983,-0.477591885409328,0.428119536994923,0.348699748913894,0.883758639509755,0.881697382368258
O15533,TAPBP,51,26,0.0288094305336889,0.113797596934066,0.800141649320512,0.881697382368258,-32.2303904745015,FALSE,number of observations (=51) <= number of random effects (=52) for term (1 + SampleCode | ID2); the random-effects parameters and the residual variance (or scale parameter) are probably unidentifiable,TRUE,FALSE,FALSE,0.0301189801541639,0.114059195660947,0.791730247307703,-31.8393965529214,0.781987843160223,0.676384267374377,0.344763595193438,-0.241723349902875,0.404027237790592,0.322258328014547,0.878616219537453,0.881697382368258
P98171,ARHGAP4,51,26,0.0164977124312818,0.0653069556678373,0.800563420221617,0.881697382368258,-6.78489266635102,FALSE,number of observations (=51) <= number of random effects (=52) for term (1 + SampleCode | ID2); the random-effects parameters and the residual variance (or scale parameter) are probably unidentifiable,TRUE,FALSE,FALSE,0.0188035580108686,0.0651143662541784,0.772751720525795,-6.62438546848221,0.321014395737631,0.851711693040853,0.119893986191768,-0.677057260750883,0.230496022958226,0.214020046951495,0.866219652031112,0.881697382368258
P49908,SELENOP,52,26,0.031174930896142,0.123469187963854,0.800661118098813,0.881697382368258,-38.9314236197424,FALSE,number of observations (=52) <= number of random effects (=52) for term (1 + SampleCode | ID2); the random-effects parameters and the residual variance (or scale parameter) are probably unidentifiable,TRUE,FALSE,FALSE,0.0307991287252109,0.123467568828399,0.803011812718443,-38.8978771660648,0.0670929073552458,0.967009989017722,0.309229511424832,-0.533495391915641,0.4427207261493,0.384967432557614,0.885548358779439,0.881697382368258
P48736,PIK3CG,41,24,0.023565798634519,0.0940004907203261,0.802047083840936,0.882253084894273,-8.62160244980794,FALSE,number of observations (=41) <= number of random effects (=48) for term (1 + SampleCode | ID2); the random-effects parameters and the residual variance (or scale parameter) are probably unidentifiable,TRUE,FALSE,FALSE,0.0228210896795405,0.0949574748344929,0.810074768327742,-8.35438062456722,0.534443650481435,0.765503244688614,0.31243122271071,-0.832210256323413,0.298598461393727,0.209927616251712,0.888895963825541,0.882253084894273
Q9ULV4,CORO1C,52,26,0.019974709232689,0.0797834788168982,0.802307821538158,0.882253084894273,-17.9836240879717,FALSE,number of observations (=52) <= number of random effects (=52) for term (1 + SampleCode | ID2); the random-effects parameters and the residual variance (or scale parameter) are probably unidentifiable,TRUE,TRUE,FALSE,0.0207640163343837,0.0798497721489824,0.794834062993518,-16.9199697261471,2.1273087236492,0.34519204597538,0.246748297232726,0.0485804978765951,0.285880159578088,0.226892086813392,0.880300091272391,0.882253084894273
P0DP23;P0DP24;P0DP25,CALM1;CALM2;CALM3,39,24,-0.0553771301060436,0.222203383998887,0.80319199248761,0.882279791532017,-42.1047980133394,FALSE,number of observations (=39) <= number of random effects (=48) for term (1 + SampleCode | ID2); the random-effects parameters and the residual variance (or scale parameter) are probably unidentifiable,TRUE,FALSE,FALSE,-0.089752708728711,0.22567125922907,0.690840723938994,-41.8386336997877,0.532328627103496,0.766313201511737,0.524734533612905,-0.240107792998071,0.649993368916964,0.552269539509832,0.8191472897051,0.882279791532017
P04264,KRT1,49,25,0.098521690151417,0.395902600053803,0.803474217919448,0.882279791532017,-93.756627013071,FALSE,number of observations (=49) <= number of random effects (=50) for term (1 + SampleCode | ID2); the random-effects parameters and the residual variance (or scale parameter) are probably unidentifiable,TRUE,FALSE,FALSE,0.118728562253209,0.394441821570879,0.763411451698834,-92.8448354118153,1.82358320251123,0.401803706760995,0.797974284205221,-0.94731751270556,1.37425839945569,1.25416053243336,0.861608250757868,0.882279791532017
Q8N392,ARHGAP18,51,26,0.019268712624692,0.0800531404739865,0.809788396975051,0.888564844455213,-10.4279646417179,FALSE,number of observations (=51) <= number of random effects (=52) for term (1 + SampleCode | ID2); the random-effects parameters and the residual variance (or scale parameter) are probably unidentifiable,TRUE,FALSE,FALSE,0.0192674172001542,0.0800535915202343,0.809801990866959,-10.4279633271981,2.62903957803928e-06,0.999998685481075,0.263438067332983,-0.642910141135255,0.284931318706229,0.215607031373656,0.888895963825541,0.888564844455213
O15173,PGRMC2,51,26,0.0298856666654096,0.124535576695669,0.810348133228088,0.888564844455213,-31.5225318643485,FALSE,number of observations (=51) <= number of random effects (=52) for term (1 + SampleCode | ID2); the random-effects parameters and the residual variance (or scale parameter) are probably unidentifiable,TRUE,FALSE,FALSE,0.0297314488347825,0.125046088181559,0.812064199392763,-31.2038798770275,0.637303974641988,0.727128555235638,0.382784741327191,-0.497454568358412,0.443639959427442,0.352904635735788,0.889763970526031,0.888564844455213
P05546,SERPIND1,52,26,-0.0294783929694347,0.123536931712679,0.811400190495837,0.889087442777353,-35.7606296013805,FALSE,number of observations (=52) <= number of random effects (=52) for term (1 + SampleCode | ID2); the random-effects parameters and the residual variance (or scale parameter) are probably unidentifiable,TRUE,FALSE,FALSE,-0.0294749810510593,0.123530838521967,0.811412482004695,-35.706255752271,0.108747698218949,0.947077976052296,0.408731545489255,-0.652001631024563,0.443446151976168,0.336318177837903,0.889731926683644,0.889087442777353
P41226,UBA7,48,26,0.0262445579792541,0.110752996553671,0.812684124019798,0.889234103530106,-27.9394807041952,FALSE,number of observations (=48) <= number of random effects (=52) for term (1 + SampleCode | ID2); the random-effects parameters and the residual variance (or scale parameter) are probably unidentifiable,TRUE,FALSE,FALSE,0.0279595583117867,0.110845950799384,0.800857125978048,-27.9119757390134,0.0550099303637452,0.972869852065708,0.27460338109472,-0.550215066685926,0.378516627899392,0.325371844410119,0.884214701389598,0.889234103530106
P18433,PTPRA,49,26,-0.0216555051952694,0.0913875348173971,0.812685148339488,0.889234103530106,-17.7575326594967,FALSE,number of observations (=49) <= number of random effects (=52) for term (1 + SampleCode | ID2); the random-effects parameters and the residual variance (or scale parameter) are probably unidentifiable,TRUE,FALSE,FALSE,-0.0167818639334596,0.0902474017439176,0.852480847005077,-17.4407037135306,0.633657891932195,0.728455349695279,0.211133045591113,-0.783427656436836,0.316646744253116,0.275372421221826,0.91529333585552,0.889234103530106
P02679,FGG,52,26,0.0198931196895665,0.0869781351745027,0.819091190588301,0.895609263594427,-14.7561336410909,FALSE,number of observations (=52) <= number of random effects (=52) for term (1 + SampleCode | ID2); the random-effects parameters and the residual variance (or scale parameter) are probably unidentifiable,TRUE,FALSE,FALSE,0.0194959448767203,0.0868703172482445,0.82242595745268,-13.3894124391308,2.73344240392021,0.254941492338298,0.252954146349197,0.0480425973102702,0.3124592920038,0.255831395700808,0.896084699763322,0.895609263594427
Q00765,REEP5,51,26,-0.0215672556922162,0.0950988418518062,0.820588762470006,0.896612190959094,-19.6521728059923,FALSE,number of observations (=51) <= number of random effects (=52) for term (1 + SampleCode | ID2); the random-effects parameters and the residual variance (or scale parameter) are probably unidentifiable,TRUE,TRUE,FALSE,-0.0224017676420445,0.0947864730782674,0.813169402189486,-19.2975618677225,0.709221876539537,0.701446296036434,0.239494461726834,-0.219185733152762,0.338168547925534,0.29215983980005,0.889763970526031,0.896612190959094
Q9UHB6,LIMA1,50,25,-0.0196110319982263,0.0869958647912352,0.821648761677313,0.897135927061094,-17.6004134899303,FALSE,number of observations (=50) <= number of random effects (=50) for term (1 + SampleCode | ID2); the random-effects parameters and the residual variance (or scale parameter) are probably unidentifiable,TRUE,TRUE,FALSE,-0.0179743961709107,0.0866258437977239,0.835623597204718,-17.4632558702241,0.274315239412374,0.871832797272296,0.224972985974879,-0.656966118096733,0.305928288896226,0.259800921730586,0.906397206414757,0.897135927061094
Q5SW79,CEP170,50,26,0.0127831054297416,0.0588591783009233,0.828067155710851,0.903505477099763,3.62429989581364,FALSE,number of observations (=50) <= number of random effects (=52) for term (1 + SampleCode | ID2); the random-effects parameters and the residual variance (or scale parameter) are probably unidentifiable,TRUE,FALSE,FALSE,0.0127294031155756,0.058707983270858,0.828344135578464,3.6568583513888,0.06511691115033,0.967965865176089,0.182562123549568,-0.631474207560002,0.206467418075493,0.160773256838753,0.901261753146991,0.903505477099763
O60496,DOK2,50,26,-0.0190482404048642,0.0884685105198627,0.829524880983857,0.903671944488384,-16.8529244397496,FALSE,number of observations (=50) <= number of random effects (=52) for term (1 + SampleCode | ID2); the random-effects parameters and the residual variance (or scale parameter) are probably unidentifiable,TRUE,TRUE,FALSE,-0.0219782928488508,0.0873001922220034,0.801230150126496,-14.859006809193,3.98783526111319,0.136160950890361,0.242792637605948,-0.995986774498324,0.309933282420298,0.256852566434543,0.884214701389598,0.903671944488384
P29692,EEF1D,52,26,0.0219017487193754,0.101761645838873,0.829591145863718,0.903671944488384,-30.7886687144356,FALSE,number of observations (=52) <= number of random effects (=52) for term (1 + SampleCode | ID2); the random-effects parameters and the residual variance (or scale parameter) are probably unidentifiable,TRUE,FALSE,FALSE,0.0206953045771714,0.101658055955835,0.838683587449117,-30.7021616134644,0.173014201942287,0.917129036254762,0.208041943173693,-0.550033149709867,0.364609273972004,0.333236510372324,0.907597684199046,0.903671944488384
Q6ZVM7,TOM1L2,50,26,-0.0251328398123593,0.117315627216031,0.830365622058519,0.903671944488384,-28.0667967791766,FALSE,number of observations (=50) <= number of random effects (=52) for term (1 + SampleCode | ID2); the random-effects parameters and the residual variance (or scale parameter) are probably unidentifiable,TRUE,TRUE,FALSE,-0.0272721862976392,0.116137436085827,0.814343140352451,-27.4072471533339,1.3190992516853,0.517084163402072,0.388922150253251,-0.85155580381621,0.413431253543438,0.305948407489873,0.890417658771788,0.903671944488384
Q96K76,USP47,51,26,-0.0180103299818539,0.0841666090399438,0.830559327620392,0.903671944488384,-12.4101296963297,FALSE,number of observations (=51) <= number of random effects (=52) for term (1 + SampleCode | ID2); the random-effects parameters and the residual variance (or scale parameter) are probably unidentifiable,TRUE,FALSE,FALSE,-0.0169731046912911,0.0840350822339858,0.839935161853671,-12.1541975677444,0.511864257170668,0.774194512685917,0.288059444406755,-0.783378720070945,0.299676538141406,0.219855385157726,0.908117442312052,0.903671944488384
Q5T1M5,FKBP15,50,26,-0.0190684327139019,0.0902662544370162,0.832694906895911,0.904641869915739,-22.0687051744684,FALSE,number of observations (=50) <= number of random effects (=52) for term (1 + SampleCode | ID2); the random-effects parameters and the residual variance (or scale parameter) are probably unidentifiable,TRUE,FALSE,FALSE,-0.0225027298268618,0.0927689447545091,0.808340470444995,-19.4881092662992,5.16119181633857,0.0757288631260791,0.337721984205353,0.124394553812391,0.315851446041538,0.214956125514251,0.888886851841649,0.904641869915739
P09871,C1S,52,26,0.0151249280760985,0.0716114713670439,0.832724833009952,0.904641869915739,-13.3525760277156,FALSE,number of observations (=52) <= number of random effects (=52) for term (1 + SampleCode | ID2); the random-effects parameters and the residual variance (or scale parameter) are probably unidentifiable,TRUE,TRUE,FALSE,0.0153646841635573,0.0714973763902564,0.829846397438305,-8.51498198695934,9.67518808151242,0.00792610100528919,0.27444016425597,0.437695140180628,0.256490729923496,0.16779687238667,0.90226086139492,0.904641869915739
Q9C0I1,MTMR12,43,25,0.0125623223821091,0.059653040770132,0.833207366271907,0.904641869915739,4.95750209276444,FALSE,number of observations (=43) <= number of random effects (=50) for term (1 + SampleCode | ID2); the random-effects parameters and the residual variance (or scale parameter) are probably unidentifiable,TRUE,TRUE,FALSE,0.0121353834812037,0.0596793906740655,0.838866985783973,4.97864577175224,0.0422873579755994,0.979078281486639,0.150728442501552,-0.572312962322473,0.191761459395907,0.159366307833517,0.907597684199046,0.904641869915739
P49368,CCT3,52,26,-0.0289638306917455,0.13975914510095,0.835821617058594,0.906842976373263,-43.0827311615208,FALSE,number of observations (=52) <= number of random effects (=52) for term (1 + SampleCode | ID2); the random-effects parameters and the residual variance (or scale parameter) are probably unidentifiable,TRUE,FALSE,FALSE,-0.0294586569853813,0.139739031103504,0.833034016988461,-42.77966121611,0.606139890821666,0.738547436559951,0.401393861559784,-0.734753507494253,0.501532959705876,0.413505612137272,0.905089702002231,0.906842976373263
P36957,DLST,49,26,0.016248673651707,0.0835320442061215,0.845768545746369,0.916221347452713,-13.7669369072718,FALSE,number of observations (=49) <= number of random effects (=52) for term (1 + SampleCode | ID2); the random-effects parameters and the residual variance (or scale parameter) are probably unidentifiable,TRUE,FALSE,FALSE,0.0167562382971103,0.0837406294024174,0.841404816930901,-13.7499376909864,0.0339984325708507,0.983144455139246,0.224493068124368,-0.460613546395291,0.289408897841769,0.242372566676653,0.909070239271497,0.916221347452713
Q5TCZ1,SH3PXD2A,46,26,-0.0229605865302738,0.118526032829089,0.846396957804354,0.916221347452713,-23.1647690490345,FALSE,number of observations (=46) <= number of random effects (=52) for term (1 + SampleCode | ID2); the random-effects parameters and the residual variance (or scale parameter) are probably unidentifiable,TRUE,TRUE,FALSE,-0.0227231708945233,0.121519665141611,0.851667126889636,-22.4996922652182,1.33015356763277,0.514234041338485,0.333033020417136,-0.42664782456932,0.400373828383038,0.334587578050533,0.91529333585552,0.916221347452713
Q9UIB8,CD84,46,26,-0.0269929968602208,0.139357961082775,0.846414389153322,0.916221347452713,-40.6643521937767,FALSE,number of observations (=46) <= number of random effects (=52) for term (1 + SampleCode | ID2); the random-effects parameters and the residual variance (or scale parameter) are probably unidentifiable,TRUE,FALSE,FALSE,-0.0250041986934592,0.13927078270819,0.857516404725181,-40.6604584447409,0.00778749807153645,0.996113821775541,0.191866819599849,-0.307979728647374,0.457700929008553,0.436488531897726,0.917673905907728,0.916221347452713
Q9H7M9,VSIR,40,26,0.0265787063527382,0.138051397285226,0.847328938380049,0.916221347452713,-27.6723538715953,FALSE,number of observations (=40) <= number of random effects (=52) for term (1 + SampleCode | ID2); the random-effects parameters and the residual variance (or scale parameter) are probably unidentifiable,TRUE,FALSE,FALSE,0.0184793382210424,0.140796087015616,0.895578376383366,-26.334722685687,2.67526237181675,0.262466667515021,0.441284790978067,-0.0919505582811119,0.414639864406915,0.28252033915211,0.939992249668683,0.916221347452713
O14773,TPP1,48,26,0.0221258030408322,0.115000293486206,0.847430618453027,0.916221347452713,-29.2265222582013,FALSE,number of observations (=48) <= number of random effects (=52) for term (1 + SampleCode | ID2); the random-effects parameters and the residual variance (or scale parameter) are probably unidentifiable,TRUE,FALSE,FALSE,0.0218121769981361,0.114258490659962,0.848602355292494,-28.6866136843135,1.07981714777543,0.582801533216738,0.229077302524976,-0.867377994688521,0.390363225542362,0.354927697743427,0.914289148484591,0.916221347452713
P04075,ALDOA,52,26,-0.0144185625275392,0.0755885327811654,0.848720946275934,0.916974728668754,-17.5764327326999,FALSE,number of observations (=52) <= number of random effects (=52) for term (1 + SampleCode | ID2); the random-effects parameters and the residual variance (or scale parameter) are probably unidentifiable,TRUE,FALSE,FALSE,-0.0126873549533314,0.0755266300951411,0.866594933857597,-16.1022088264418,2.94844781251627,0.228956349700554,0.243705416832613,0.168696723955823,0.270562388433765,0.208492818575527,0.921465363255325,0.916974728668754
Q86Y82,STX12,46,26,0.0137571356805544,0.0726899000988859,0.849890713222999,0.917596891634894,-13.3371022184414,FALSE,number of observations (=46) <= number of random effects (=52) for term (1 + SampleCode | ID2); the random-effects parameters and the residual variance (or scale parameter) are probably unidentifiable,TRUE,FALSE,FALSE,-2.78441846209389e-05,0.0754767963842427,0.999705651994022,-12.1010202398867,2.47216395710952,0.29052025556748,0.208022277370216,0.291988397378598,0.237052041816514,0.193183097206531,0.999710416747022,0.917596891634894
Q66K14,TBC1D9B,49,26,0.00871464819089246,0.0466817050645112,0.851909732636403,0.919023678978984,5.70009762952184,FALSE,number of observations (=49) <= number of random effects (=52) for term (1 + SampleCode | ID2); the random-effects parameters and the residual variance (or scale parameter) are probably unidentifiable,TRUE,FALSE,FALSE,0.00909685790049714,0.0465454569501779,0.845048272867668,5.76033012973647,0.120465000429267,0.94154559858026,0.0642043252920409,-0.461987791189453,0.160070087997926,0.153507212539992,0.911731551383064,0.919023678978984
Q92530,PSMF1,41,25,0.0227308635916621,0.122173041453871,0.852401897719666,0.919023678978984,-19.5662442345061,FALSE,number of observations (=41) <= number of random effects (=50) for term (1 + SampleCode | ID2); the random-effects parameters and the residual variance (or scale parameter) are probably unidentifiable,TRUE,FALSE,FALSE,0.0393965083214512,0.131365213148833,0.764252964578109,-19.0127274888432,1.10703349132581,0.574924388171952,0.50657805210716,-0.861461482408943,0.389959237687708,0.24011042409097,0.861876518447575,0.919023678978984
Q3LXA3,TKFC,48,26,0.0179095584888727,0.0968393560998171,0.853275384117701,0.919148571191962,-18.9778903236788,FALSE,number of observations (=48) <= number of random effects (=52) for term (1 + SampleCode | ID2); the random-effects parameters and the residual variance (or scale parameter) are probably unidentifiable,TRUE,TRUE,FALSE,0.0171904398695897,0.0982594227663543,0.861119290759685,-18.3072010520873,1.3413785431831,0.511355993127976,0.247933963875959,0.0541292411698005,0.331658917212328,0.285198053834974,0.918170672342107,0.919148571191962
P49721,PSMB2,52,26,-0.0232586409325865,0.126138349847916,0.853707572595771,0.919148571191962,-47.06775281432,FALSE,number of observations (=52) <= number of random effects (=52) for term (1 + SampleCode | ID2); the random-effects parameters and the residual variance (or scale parameter) are probably unidentifiable,TRUE,FALSE,FALSE,-0.0241859574193644,0.12615789780969,0.84796796395329,-46.9526451260654,0.230215376509321,0.891270159410825,0.14325741868947,-0.60687876668553,0.450849769691113,0.439469917487483,0.914243199098278,0.919148571191962
Q9Y2G3,ATP11B,41,25,0.0190086556036299,0.10380447405901,0.854704012176919,0.919285711063804,-19.3346444523704,FALSE,number of observations (=41) <= number of random effects (=50) for term (1 + SampleCode | ID2); the random-effects parameters and the residual variance (or scale parameter) are probably unidentifiable,TRUE,FALSE,FALSE,0.0191783163328289,0.103886826147696,0.853536683379204,-19.3152522906178,0.0387843235050909,0.980794656662885,0.184242335291039,-0.445971096578634,0.317616782246542,0.289826405900768,0.915603735912494,0.919285711063804
P48507,GCLM,50,26,0.011751976483999,0.0650836394811152,0.856707231629905,0.919285711063804,-11.2696210179615,FALSE,number of observations (=50) <= number of random effects (=52) for term (1 + SampleCode | ID2); the random-effects parameters and the residual variance (or scale parameter) are probably unidentifiable,TRUE,FALSE,FALSE,0.0116219028907886,0.0650841906517733,0.858277536593313,-11.2688453242612,0.0015513874006281,0.99922460707227,0.0870206893665439,-0.212165108673529,0.225433825500001,0.216933154762961,0.917673905907728,0.919285711063804
Q9UNH7,SNX6,50,26,0.0202517768264866,0.112166572174686,0.856720089583634,0.919285711063804,-27.9390574005536,FALSE,number of observations (=50) <= number of random effects (=52) for term (1 + SampleCode | ID2); the random-effects parameters and the residual variance (or scale parameter) are probably unidentifiable,TRUE,FALSE,FALSE,0.0210109802869029,0.112451785556509,0.851782676341477,-27.8683160190657,0.141482762975748,0.931702816568654,0.358149024574574,-0.509401224261981,0.393763330337739,0.301931047672174,0.91529333585552,0.919285711063804
Q9Y6G9,DYNC1LI1,47,25,0.0150460219923283,0.0840593768017952,0.857943366633042,0.919285711063804,-30.7441619664544,FALSE,number of observations (=47) <= number of random effects (=50) for term (1 + SampleCode | ID2); the random-effects parameters and the residual variance (or scale parameter) are probably unidentifiable,TRUE,TRUE,FALSE,0.0171653664251418,0.0838537569463735,0.837801839294087,-29.9303874441364,1.62754904463612,0.443182104490883,0.115329031417084,-0.982020450310932,0.276373102445242,0.265244212453985,0.907597684199046,0.919285711063804
P10515,DLAT,43,25,-0.0234188744652281,0.131012484364339,0.85813165225489,0.919285711063804,-28.8549333795999,FALSE,number of observations (=43) <= number of random effects (=50) for term (1 + SampleCode | ID2); the random-effects parameters and the residual variance (or scale parameter) are probably unidentifiable,TRUE,TRUE,FALSE,-0.0207464917720302,0.127403660403212,0.870643920505185,-28.419573447007,0.870719865185784,0.647031737350141,0.245706271323287,-0.847749290267353,0.415760664156446,0.37180743182041,0.92259592399212,0.919285711063804
P00390,GSR,52,26,0.015707463380469,0.0879387929931422,0.858237552196354,0.919285711063804,-13.8839287210462,FALSE,number of observations (=52) <= number of random effects (=52) for term (1 + SampleCode | ID2); the random-effects parameters and the residual variance (or scale parameter) are probably unidentifiable,TRUE,FALSE,FALSE,0.0161724369832919,0.0896749783829452,0.856881703568156,-13.8050856082059,0.157686225680536,0.924184905816873,0.335730563524721,-0.690880276211817,0.316023119861226,0.218047406998889,0.917673905907728,0.919285711063804
P14780,MMP9,43,25,-0.0227253799974252,0.127891014783998,0.858963825597264,0.919285711063804,-28.3652706768701,FALSE,number of observations (=43) <= number of random effects (=50) for term (1 + SampleCode | ID2); the random-effects parameters and the residual variance (or scale parameter) are probably unidentifiable,TRUE,TRUE,FALSE,-0.0228775373507121,0.127803590561986,0.857933433942795,-28.3255970459155,0.0793472619091844,0.961103062260071,0.305980462532834,-0.354374508343043,0.408401025642366,0.345522503538325,0.917673905907728,0.919285711063804
Q9Y262,EIF3L,51,26,0.0159167112039463,0.0901360001327616,0.859833979599981,0.919285711063804,-22.2525430429906,FALSE,number of observations (=51) <= number of random effects (=52) for term (1 + SampleCode | ID2); the random-effects parameters and the residual variance (or scale parameter) are probably unidentifiable,TRUE,FALSE,FALSE,0.0142700022913398,0.0905406736715096,0.874765109212739,-21.9082125490466,0.688660987888056,0.708694670044602,0.258095901081278,-0.166606012214593,0.319592171608462,0.263313949327771,0.925059612411829,0.919285711063804
A0M8Q6,IGLC7,52,26,0.0226926645682162,0.129010202304674,0.860373906091241,0.919285711063804,-46.8085551281117,FALSE,number of observations (=52) <= number of random effects (=52) for term (1 + SampleCode | ID2); the random-effects parameters and the residual variance (or scale parameter) are probably unidentifiable,TRUE,TRUE,FALSE,0.0214504082795481,0.129224647739097,0.868162329060198,-46.5867951148225,0.443520026578298,0.801107596444269,0.283169553899091,0.0701692289227773,0.461458521111444,0.416643391052893,0.921863091682479,0.919285711063804
Q14165,MLEC,52,26,0.0165656493852932,0.0942892412654712,0.860537720362861,0.919285711063804,-29.8441710504169,FALSE,number of observations (=52) <= number of random effects (=52) for term (1 + SampleCode | ID2); the random-effects parameters and the residual variance (or scale parameter) are probably unidentifiable,TRUE,TRUE,FALSE,0.0236054821019811,0.0954440007982068,0.804658377784872,-27.0805350552337,5.5272719903665,0.0630620576613154,0.334126196837075,0.34725244861387,0.337375186549506,0.247282002652222,0.886099211459464,0.919285711063804
P55084,HADHB,51,26,-0.0177758502086309,0.101264651277937,0.860656481268968,0.919285711063804,-27.2870165515026,FALSE,number of observations (=51) <= number of random effects (=52) for term (1 + SampleCode | ID2); the random-effects parameters and the residual variance (or scale parameter) are probably unidentifiable,TRUE,FALSE,FALSE,-0.017670891252231,0.10093094492124,0.861017540705822,-27.0523573217699,0.469318459465399,0.790840298575971,0.250123001473688,-0.678202563315828,0.359280287758332,0.312112460670412,0.918170672342107,0.919285711063804
P55786,NPEPPS,50,26,-0.0109557250838403,0.0625565561959995,0.86097503165652,0.919285711063804,-0.550824173359973,FALSE,number of observations (=50) <= number of random effects (=52) for term (1 + SampleCode | ID2); the random-effects parameters and the residual variance (or scale parameter) are probably unidentifiable,TRUE,FALSE,FALSE,-0.0110105064070169,0.0625966766263916,0.860375630636762,-0.547517904211802,0.00661253829634312,0.996699190540944,0.182596925452681,-0.50524682258614,0.219153616897166,0.177147406567575,0.918170672342107,0.919285711063804
Q07021,C1QBP,52,26,-0.0258476232989825,0.151197274409511,0.864260744668244,0.922156664718534,-49.8304157477998,FALSE,number of observations (=52) <= number of random effects (=52) for term (1 + SampleCode | ID2); the random-effects parameters and the residual variance (or scale parameter) are probably unidentifiable,TRUE,FALSE,FALSE,-0.0249934804678597,0.151483690259239,0.86895088444905,-49.8121726002493,0.0364862951010139,0.981922251339766,0.394620873021314,-0.369420839031673,0.542070197084501,0.465947875597487,0.92206670087485,0.922156664718534
P06241,FYN,47,26,0.0173981938569003,0.103048927784898,0.865926976044601,0.923296879219399,-17.6752055477768,FALSE,number of observations (=47) <= number of random effects (=52) for term (1 + SampleCode | ID2); the random-effects parameters and the residual variance (or scale parameter) are probably unidentifiable,TRUE,FALSE,FALSE,0.0231968239892592,0.112053332395688,0.835997423392251,-15.8194479227611,3.71151525003151,0.156334454902114,0.496765005228899,-0.891302488639746,0.35244160498832,0.167776757340748,0.906397206414757,0.923296879219399
Q9BYE9,CDHR2,50,26,-0.0236131669728784,0.151393066229486,0.876054635502304,0.93340955699793,-56.9639015267214,FALSE,number of observations (=50) <= number of random effects (=52) for term (1 + SampleCode | ID2); the random-effects parameters and the residual variance (or scale parameter) are probably unidentifiable,TRUE,FALSE,FALSE,-0.0357789504018237,0.151355575296406,0.813130024643121,-56.0987751919217,1.73025266959944,0.4209983625237,0.405605350345278,0.298745599466688,0.522148336159358,0.43555483852224,0.889763970526031,0.93340955699793
Q96RI0,F2RL3,45,25,-0.0260563944424167,0.167983669312754,0.876732498655077,0.93340955699793,-43.1909840505981,FALSE,number of observations (=45) <= number of random effects (=50) for term (1 + SampleCode | ID2); the random-effects parameters and the residual variance (or scale parameter) are probably unidentifiable,TRUE,TRUE,FALSE,-0.0290076562598714,0.169613245730905,0.864206189955953,-42.9026114307265,0.576745239743389,0.749482268214813,0.359783931508046,-0.730750484137932,0.55071227555955,0.490896784916986,0.919661591607778,0.93340955699793
Q13347,EIF3I,51,26,0.0137454437128441,0.0889732829806402,0.877223739003879,0.93340955699793,-18.6786324395523,FALSE,number of observations (=51) <= number of random effects (=52) for term (1 + SampleCode | ID2); the random-effects parameters and the residual variance (or scale parameter) are probably unidentifiable,TRUE,FALSE,FALSE,0.0143334281953141,0.0887765383064558,0.871734942836229,-18.4235148688352,0.510235141434109,0.774825395828335,0.247897267081792,-0.720695342226373,0.316103520617965,0.262887644274673,0.922710038384771,0.93340955699793
P11274,BCR,45,25,-0.0144577561795304,0.0945365172249878,0.878451086823558,0.934072215514381,-17.2282264582381,FALSE,number of observations (=45) <= number of random effects (=50) for term (1 + SampleCode | ID2); the random-effects parameters and the residual variance (or scale parameter) are probably unidentifiable,TRUE,TRUE,FALSE,-0.0138015724017585,0.0947585160443353,0.884197740023395,-17.2138424151415,0.0287680861932031,0.985718913018423,0.221769515579981,-0.388578788368837,0.309811496433666,0.267516450865184,0.932481575656072,0.934072215514381
Q8IVB4,SLC9A9,46,25,0.019319411566617,0.127902233002371,0.879937635387677,0.935009385607951,-26.5257455038527,FALSE,number of observations (=46) <= number of random effects (=50) for term (1 + SampleCode | ID2); the random-effects parameters and the residual variance (or scale parameter) are probably unidentifiable,TRUE,TRUE,FALSE,0.0167601464839638,0.129498085413382,0.897022241977452,-26.2179658167297,0.61555937424599,0.735077247154017,0.319218268433487,-0.418247965160983,0.430722222585222,0.369302701064889,0.940868543010973,0.935009385607951
Q13418,ILK,52,26,-0.0117165933924412,0.0781795970511769,0.880869025847206,0.935355769714043,-17.0246106077692,FALSE,number of observations (=52) <= number of random effects (=52) for term (1 + SampleCode | ID2); the random-effects parameters and the residual variance (or scale parameter) are probably unidentifiable,TRUE,TRUE,FALSE,-0.0145347561131329,0.0780591180676415,0.852286433864835,-16.2489906182635,1.55123997901158,0.460418238015441,0.232210819156819,0.0300544047062037,0.280121888726985,0.226488541491856,0.91529333585552,0.935355769714043
Q9NYJ8,TAB2,48,26,-0.0118382671275444,0.0800286001334515,0.882401598626623,0.936339608432784,-9.07091882723289,FALSE,number of observations (=48) <= number of random effects (=52) for term (1 + SampleCode | ID2); the random-effects parameters and the residual variance (or scale parameter) are probably unidentifiable,TRUE,FALSE,FALSE,-0.0120988968491135,0.0794318859916639,0.878936219583386,-8.73695914541318,0.66791936363942,0.716082652794698,0.244333296993954,-0.770597292700856,0.274580890416057,0.212216989772741,0.928348907430049,0.936339608432784
P10644,PRKAR1A,52,26,-0.0176391583155372,0.121024981563956,0.884120266721166,0.936982911855499,-30.490437870404,FALSE,number of observations (=52) <= number of random effects (=52) for term (1 + SampleCode | ID2); the random-effects parameters and the residual variance (or scale parameter) are probably unidentifiable,TRUE,TRUE,TRUE,-0.0223219837780686,0.121279343543147,0.853970863074371,-29.7759526074736,1.42897052586085,0.489443981928303,0.307561507763974,,0.434924007405597,0.377776536619003,0.915603735912494,0.936982911855499
Q8NBF2,NHLRC2,51,26,-0.0168868392441292,0.115964492898551,0.884220767304413,0.936982911855499,-27.2968240642276,FALSE,number of observations (=51) <= number of random effects (=52) for term (1 + SampleCode | ID2); the random-effects parameters and the residual variance (or scale parameter) are probably unidentifiable,TRUE,FALSE,FALSE,-0.0149975744551794,0.119797780867089,0.900372537287365,-26.8788001968352,0.836047734784671,0.65834651522274,0.464645744034671,-0.834459931809055,0.413248286451249,0.274326561425759,0.942987966829258,0.936982911855499
O15155,BET1,41,23,0.0255672268611899,0.177066042036901,0.885189565007862,0.937213321386988,-42.1510417283123,FALSE,number of observations (=41) <= number of random effects (=46) for term (1 + SampleCode | ID2); the random-effects parameters and the residual variance (or scale parameter) are probably unidentifiable,TRUE,FALSE,FALSE,0.0256656957821687,0.177241642064184,0.884863855246383,-42.1470059046649,0.008071647294841,0.995972309344051,0.32207547520991,-0.271017218656306,0.544396393609212,0.495006695441884,0.932547514567299,0.937213321386988
P49137,MAPKAPK2,47,25,-0.0199671785263298,0.138845280705474,0.885651423446604,0.937213321386988,-37.2752211603954,FALSE,number of observations (=47) <= number of random effects (=50) for term (1 + SampleCode | ID2); the random-effects parameters and the residual variance (or scale parameter) are probably unidentifiable,TRUE,TRUE,FALSE,-0.0229993425732295,0.142687257475674,0.871946055690463,-36.297505535217,1.95543125035675,0.376169430077755,0.426234162954474,-0.0362202968832727,0.469978654208268,0.370866807914449,0.922710038384771,0.937213321386988
P63010,AP2B1,52,26,0.0130794319751528,0.0925224736219274,0.887581666620246,0.937952575049008,-16.526076529111,FALSE,number of observations (=52) <= number of random effects (=52) for term (1 + SampleCode | ID2); the random-effects parameters and the residual variance (or scale parameter) are probably unidentifiable,TRUE,TRUE,TRUE,0.00703551895892537,0.0931576834041988,0.939798844103997,-15.027789136921,2.99657478437993,0.223512622013462,0.286658186533825,,0.332495361558575,0.266594175426548,0.96477688647221,0.937952575049008
P06753,TPM3,52,26,0.0245710918969041,0.174758379648228,0.888185660183614,0.937952575049008,-67.4178127211657,FALSE,number of observations (=52) <= number of random effects (=52) for term (1 + SampleCode | ID2); the random-effects parameters and the residual variance (or scale parameter) are probably unidentifiable,TRUE,FALSE,FALSE,0.060470665295082,0.170725172072227,0.72318984043201,-65.6607030579268,3.51421932647779,0.172542850745789,0.412982836838,-0.997896746531632,0.623398267095855,0.535364958886015,0.838835062663255,0.937952575049008
O60762,DPM1,50,26,-0.0129227336276015,0.0926260230904082,0.889043084005379,0.937952575049008,-16.7944886137764,FALSE,number of observations (=50) <= number of random effects (=52) for term (1 + SampleCode | ID2); the random-effects parameters and the residual variance (or scale parameter) are probably unidentifiable,TRUE,FALSE,FALSE,-0.00938398657062374,0.0932310860146421,0.919825938815643,-14.9489312944926,3.69111463856749,0.157937274868148,0.277599458037528,0.209854413966789,0.325359036585481,0.258895944951114,0.95250072082451,0.937952575049008
P47755,CAPZA2,52,26,-0.0274106797263903,0.196662295772103,0.889150321998817,0.937952575049008,-55.7359719298043,FALSE,number of observations (=52) <= number of random effects (=52) for term (1 + SampleCode | ID2); the random-effects parameters and the residual variance (or scale parameter) are probably unidentifiable,TRUE,FALSE,FALSE,-0.0277924892158405,0.197298664074755,0.887976540685404,-54.8219022709987,1.82813931761122,0.400889416591401,0.679149019493654,-0.888992165639765,0.706739655544488,0.521930896893562,0.935190017286264,0.937952575049008
O43312,MTSS1,52,26,0.0171955782508955,0.123745116309597,0.889482032987811,0.937952575049008,-43.5459947418186,FALSE,number of observations (=52) <= number of random effects (=52) for term (1 + SampleCode | ID2); the random-effects parameters and the residual variance (or scale parameter) are probably unidentifiable,TRUE,TRUE,FALSE,0.0146251525819546,0.124028612659667,0.906132971740346,-42.7890015678862,1.51398634786483,0.469074734820853,0.347939201648165,0.154304803108704,0.442863786208199,0.369621443062833,0.944015806701844,0.937952575049008
P50990,CCT8,51,26,0.0101926289490638,0.0736921422711197,0.889992540467214,0.937952575049008,-11.0378787473888,FALSE,number of observations (=51) <= number of random effects (=52) for term (1 + SampleCode | ID2); the random-effects parameters and the residual variance (or scale parameter) are probably unidentifiable,TRUE,FALSE,FALSE,0.00825587019969044,0.0742897862919005,0.911512765852683,-8.52520421420863,5.02534906636041,0.0810511750406388,0.280691555058858,-0.00841282765664531,0.261462022351692,0.171542109049688,0.948341564472994,0.937952575049008
Q12765,SCRN1,46,26,0.0249720665072653,0.183003356854511,0.891460112987909,0.93885881020199,-43.1056529754495,FALSE,number of observations (=46) <= number of random effects (=52) for term (1 + SampleCode | ID2); the random-effects parameters and the residual variance (or scale parameter) are probably unidentifiable,TRUE,FALSE,FALSE,0.0488604783944496,0.202553478918572,0.809382589723583,-41.5331180967892,3.1450697573207,0.207518480908038,0.854403956980283,-0.910792476932839,0.617634067494118,0.358733288378584,0.888895963825541,0.93885881020199
Q6P3W7,SCYL2,52,26,-0.00938976424772776,0.0702822862776662,0.893718312590996,0.940342916727735,-2.22962400507488,FALSE,number of observations (=52) <= number of random effects (=52) for term (1 + SampleCode | ID2); the random-effects parameters and the residual variance (or scale parameter) are probably unidentifiable,TRUE,TRUE,TRUE,-0.00938189422888211,0.0702718822490382,0.89379123524724,-0.980535042992104,2.49817792416555,0.286765932527783,0.196706953048839,,0.252571437751937,0.210848701688237,0.939392828882303,0.940342916727735
Q14344,GNA13,51,26,-0.0127242598989956,0.0955740709058549,0.894086566131419,0.940342916727735,-17.4343170685018,FALSE,number of observations (=51) <= number of random effects (=52) for term (1 + SampleCode | ID2); the random-effects parameters and the residual variance (or scale parameter) are probably unidentifiable,TRUE,FALSE,FALSE,-0.0107924855027105,0.104392876719763,0.917658724654597,-15.7494974861304,3.36963916474286,0.185477892418953,0.46508028255316,-0.889682052293523,0.340585467532436,0.178011343563081,0.952171074272232,0.940342916727735
Q15642,TRIP10,51,26,0.0139022982141353,0.105480584557063,0.895142807732279,0.940813359147191,-28.9028641331751,FALSE,number of observations (=51) <= number of random effects (=52) for term (1 + SampleCode | ID2); the random-effects parameters and the residual variance (or scale parameter) are probably unidentifiable,TRUE,TRUE,FALSE,0.0127150916115201,0.105199454274352,0.903796763384831,-27.545862093168,2.71400408001418,0.257431390251356,0.242280538069234,-0.999995581994553,0.374359008279519,0.333687333840572,0.94397267147366,0.940813359147191
O60763,USO1,51,26,0.0180375435693385,0.138216543004526,0.896169224544975,0.941251836792649,-47.8883287475873,FALSE,number of observations (=51) <= number of random effects (=52) for term (1 + SampleCode | ID2); the random-effects parameters and the residual variance (or scale parameter) are probably unidentifiable,TRUE,FALSE,FALSE,0.0235062836771284,0.137545028513064,0.86430332104498,-46.5206265862228,2.73540432272908,0.254691527706431,0.274068039358625,-0.999495589995302,0.488655267569102,0.448861213507584,0.919661591607778,0.941251836792649
P62191,PSMC1,51,26,0.0115011182092685,0.0896337656218505,0.897901799927983,0.942384019543469,-14.1616745582361,FALSE,number of observations (=51) <= number of random effects (=52) for term (1 + SampleCode | ID2); the random-effects parameters and the residual variance (or scale parameter) are probably unidentifiable,TRUE,FALSE,FALSE,0.0120359685600308,0.0910000014514133,0.894775964534718,-14.1445125271793,0.0343240621135337,0.982984397729796,0.325467974668456,-0.74240326042023,0.319416738051079,0.228758294826131,0.939788487563657,0.942384019543469
Q86VP6,CAND1,52,26,-0.00991337883984925,0.0776922594041109,0.89846709436086,0.942384019543469,-13.2881666571226,FALSE,number of observations (=52) <= number of random effects (=52) for term (1 + SampleCode | ID2); the random-effects parameters and the residual variance (or scale parameter) are probably unidentifiable,TRUE,FALSE,FALSE,-0.0118056385365956,0.0775977201523425,0.879077314932144,-11.6049160882472,3.36650113775065,0.185769138159889,0.26348898272712,-0.007566351372065,0.27873412025124,0.207030825680798,0.928348907430049,0.942384019543469
Q15365,PCBP1,51,26,0.0155568596837402,0.123597621648867,0.899837218904636,0.943074669314514,-37.6961385971712,FALSE,number of observations (=51) <= number of random effects (=52) for term (1 + SampleCode | ID2); the random-effects parameters and the residual variance (or scale parameter) are probably unidentifiable,TRUE,TRUE,FALSE,0.0154045368891273,0.123674182644065,0.900873941126204,-37.6796086414218,0.0330599114986114,0.983605914297166,0.306308800675548,-0.355061355149093,0.438440739665536,0.381245845299749,0.942987966829258,0.943074669314514
Q92835,INPP5D,46,25,-0.0175531249528283,0.141244355753797,0.901097638247255,0.943074669314514,-31.1636021972451,FALSE,number of observations (=46) <= number of random effects (=50) for term (1 + SampleCode | ID2); the random-effects parameters and the residual variance (or scale parameter) are probably unidentifiable,TRUE,FALSE,FALSE,-0.0253531733605218,0.147721638803315,0.863729972309704,-30.9335430919716,0.460118210546867,0.794486642765304,0.54148568477595,-0.708534514934288,0.476413587731517,0.320782026112384,0.919661591607778,0.943074669314514
P19823,ITIH2,52,26,-0.00826192858305096,0.0665812221591477,0.901245624454771,0.943074669314514,-5.76070649375198,FALSE,number of observations (=52) <= number of random effects (=52) for term (1 + SampleCode | ID2); the random-effects parameters and the residual variance (or scale parameter) are probably unidentifiable,TRUE,FALSE,FALSE,-0.00800706432235585,0.0665682940279856,0.904258610861499,-3.79397808103692,3.93345682543013,0.139913848630319,0.249122343833337,-0.070571363768569,0.238830253852012,0.161409802511638,0.94397267147366,0.943074669314514
P05386,RPLP1,52,26,0.021386106878639,0.174005872981774,0.902182712774398,0.943074669314514,-52.7241717455897,FALSE,number of observations (=52) <= number of random effects (=52) for term (1 + SampleCode | ID2); the random-effects parameters and the residual variance (or scale parameter) are probably unidentifiable,TRUE,FALSE,FALSE,0.0163492484543363,0.173940020816435,0.92511424199692,-51.5202791990515,2.40778509307643,0.300024078302539,0.616547083417138,-0.85076452179627,0.624767969364027,0.447578836448661,0.953186080574517,0.943074669314514
Q8IYB7,DIS3L2,50,26,0.0148081011089708,0.120650730521859,0.90231672621306,0.943074669314514,-40.5055832616297,FALSE,number of observations (=50) <= number of random effects (=52) for term (1 + SampleCode | ID2); the random-effects parameters and the residual variance (or scale parameter) are probably unidentifiable,TRUE,FALSE,FALSE,0.0162015853243114,0.119757958898987,0.892385687040073,-40.1294686141877,0.752229294884003,0.686523620353336,0.167133231274307,-0.818171917520544,0.418707180436161,0.4006061655779,0.938554041168763,0.943074669314514
O60331,PIP5K1C,49,26,-0.00930191431389132,0.0763564683114743,0.903039817734366,0.943074669314514,-8.79300576715848,FALSE,number of observations (=49) <= number of random effects (=52) for term (1 + SampleCode | ID2); the random-effects parameters and the residual variance (or scale parameter) are probably unidentifiable,TRUE,FALSE,FALSE,-0.0064937846087429,0.0749961722622715,0.930998834622993,-7.96924067724823,1.64753017982051,0.438776507571239,0.189068904893306,-0.891267760427788,0.26374740313922,0.224827508000857,0.95701477012144,0.943074669314514
Q8NF50,DOCK8,45,26,-0.0160460052813146,0.132207908773399,0.903398388728467,0.943074669314514,-27.2153701830387,FALSE,number of observations (=45) <= number of random effects (=52) for term (1 + SampleCode | ID2); the random-effects parameters and the residual variance (or scale parameter) are probably unidentifiable,TRUE,FALSE,FALSE,-0.0165550603512967,0.136688243617563,0.903599579092701,-25.5484094129525,3.33392154017238,0.188820062044671,0.464146513985638,-0.95147943841543,0.443014610292256,0.319631989363261,0.94397267147366,0.943074669314514
P49902,NT5C2,45,26,-0.00632838060499593,0.0535808004313599,0.905981205938405,0.945132318146412,0.738615785747685,FALSE,number of observations (=45) <= number of random effects (=52) for term (1 + SampleCode | ID2); the random-effects parameters and the residual variance (or scale parameter) are probably unidentifiable,TRUE,TRUE,FALSE,0.00209471297901655,0.0534358966489314,0.968730548244696,1.33282385301553,1.18841613453569,0.551999539321525,0.0668246869402186,-0.998197609463848,0.168528171580269,0.163887034281408,0.98264899477142,0.945132318146412
P61981,YWHAG,52,26,0.0169443057931263,0.146090412761939,0.907664379538999,0.946249302555839,-41.8793262736402,FALSE,number of observations (=52) <= number of random effects (=52) for term (1 + SampleCode | ID2); the random-effects parameters and the residual variance (or scale parameter) are probably unidentifiable,TRUE,FALSE,FALSE,0.01882768155635,0.146556398030165,0.897779299829609,-41.623430759384,0.511791028512434,0.774222859817557,0.412667674732217,-0.426540184182342,0.52479204879941,0.438249438741246,0.941023757284088,0.946249302555839
P61006,RAB8A,48,26,-0.013675982812421,0.121079534657413,0.910069872374782,0.947833559402364,-36.4704397038078,FALSE,number of observations (=48) <= number of random effects (=52) for term (1 + SampleCode | ID2); the random-effects parameters and the residual variance (or scale parameter) are probably unidentifiable,TRUE,FALSE,FALSE,-0.0114932729433543,0.121584220610585,0.924688697651614,-36.1430836898396,0.654712027936526,0.7208270728336,0.316656798919164,-0.0506502581493814,0.411675341780915,0.34538676694164,0.953186080574517,0.947833559402364
Q9Y274,ST3GAL6,50,26,-0.0226794321000086,0.202972607649095,0.911032402858732,0.947833559402364,-63.2351083622918,FALSE,number of observations (=50) <= number of random effects (=52) for term (1 + SampleCode | ID2); the random-effects parameters and the residual variance (or scale parameter) are probably unidentifiable,TRUE,FALSE,FALSE,-0.0205161837036772,0.200205875775989,0.918379312223714,-62.2772990555454,1.91561861349278,0.383732606286255,0.363464390324263,-0.984154195727166,0.709737697775057,0.656863233092998,0.952279219721904,0.947833559402364
Q9NZP8,C1RL,52,26,-0.0171373610259156,0.153447976770812,0.911075634193318,0.947833559402364,-53.355278593764,FALSE,number of observations (=52) <= number of random effects (=52) for term (1 + SampleCode | ID2); the random-effects parameters and the residual variance (or scale parameter) are probably unidentifiable,TRUE,FALSE,FALSE,-0.0210852436098482,0.154950318356102,0.891760056988048,-52.7510721811982,1.20841282513159,0.546507956441981,0.464254984262015,-0.0439737135613649,0.54951424043023,0.447644715481831,0.938534937361399,0.947833559402364
Q9UPT5,EXOC7,43,25,0.00899778003439769,0.082837285592805,0.913503953656223,0.947833559402364,-7.47176994149082,FALSE,number of observations (=43) <= number of random effects (=50) for term (1 + SampleCode | ID2); the random-effects parameters and the residual variance (or scale parameter) are probably unidentifiable,TRUE,TRUE,FALSE,0.00991618792529004,0.0838280637716347,0.905836309149676,-7.27835279982322,0.38683428333521,0.82413812007642,0.216093297194235,-0.337311491920686,0.263512525522726,0.216850457151416,0.944015806701844,0.947833559402364
Q96MK2,RIPOR3,50,26,0.0131244663027786,0.121158227235229,0.913737883409628,0.947833559402364,-29.3761512203843,FALSE,number of observations (=50) <= number of random effects (=52) for term (1 + SampleCode | ID2); the random-effects parameters and the residual variance (or scale parameter) are probably unidentifiable,TRUE,FALSE,FALSE,0.0118235045016042,0.120171870482535,0.921623975045757,-29.066252944639,0.619796551490644,0.733521569364176,0.40303532534708,-0.797392516686943,0.426476856964018,0.314482258718581,0.953186080574517,0.947833559402364
Q01433,AMPD2,51,26,-0.00930434811675564,0.0861358445451101,0.913980249214111,0.947833559402364,-21.3973121898565,FALSE,number of observations (=51) <= number of random effects (=52) for term (1 + SampleCode | ID2); the random-effects parameters and the residual variance (or scale parameter) are probably unidentifiable,TRUE,TRUE,FALSE,-0.00922493993906553,0.0861898509517656,0.91476480994911,-21.3524911745305,0.0896420306520014,0.956168606044579,0.229921438543676,-0.301258011316365,0.305083322708612,0.2580840602932,0.950444943760171,0.947833559402364
Q99501,GAS2L1,51,26,0.0135339226497358,0.125607803846493,0.914196015756287,0.947833559402364,-34.2390273852458,FALSE,number of observations (=51) <= number of random effects (=52) for term (1 + SampleCode | ID2); the random-effects parameters and the residual variance (or scale parameter) are probably unidentifiable,TRUE,FALSE,FALSE,0.0136824288245957,0.125548566799604,0.913217431071748,-34.2325267240058,0.0130013224800791,0.993520422347747,0.400631135305481,-0.633642545801339,0.445161815967368,0.343263800053756,0.949475727460196,0.947833559402364
Q12913,PTPRJ,52,26,-0.0059738382904524,0.0557507384750683,0.914667894222366,0.947833559402364,3.11923259518142,FALSE,number of observations (=52) <= number of random effects (=52) for term (1 + SampleCode | ID2); the random-effects parameters and the residual variance (or scale parameter) are probably unidentifiable,TRUE,FALSE,FALSE,-0.0062379429221291,0.0557470262710109,0.9109048203885,3.1299310104139,0.021396830464953,0.989358609273316,0.147063507174712,-0.413674889232344,0.199955800370013,0.170769854510881,0.948341564472994,0.947833559402364
P29350,PTPN6,48,26,-0.00678131917935142,0.0633144716077457,0.914705396161117,0.947833559402364,-9.52443776133026,FALSE,number of observations (=48) <= number of random effects (=52) for term (1 + SampleCode | ID2); the random-effects parameters and the residual variance (or scale parameter) are probably unidentifiable,TRUE,FALSE,FALSE,-0.00593706984217278,0.0634272218189592,0.92542337919856,-9.51414314806298,0.0205892265345433,0.989758194895333,0.0929739603767138,-0.302414002204528,0.212791830096434,0.203046254100007,0.953186080574517,0.947833559402364
O15145,ARPC3,52,26,-0.0215042465863794,0.205216104598677,0.91654379475025,0.949101985850628,-62.9063123233004,FALSE,number of observations (=52) <= number of random effects (=52) for term (1 + SampleCode | ID2); the random-effects parameters and the residual variance (or scale parameter) are probably unidentifiable,TRUE,TRUE,FALSE,-0.0216598032851026,0.205173580178757,0.915924965194451,-62.8095779539523,0.193468738696225,0.907797112848055,0.619384579660772,-0.653619400378799,0.736464955195947,0.591950138469338,0.951010800554723,0.949101985850628
P02743,APCS,52,26,0.01258969254659,0.121384909379931,0.917393844486524,0.949345940878553,-47.9296163049602,FALSE,number of observations (=52) <= number of random effects (=52) for term (1 + SampleCode | ID2); the random-effects parameters and the residual variance (or scale parameter) are probably unidentifiable,TRUE,FALSE,FALSE,0.0144135702640095,0.121099148695707,0.905257223640913,-47.2135838548667,1.4320649001869,0.488687305993033,0.172218198382098,-0.962954698716368,0.433147700791777,0.414944185751808,0.944015806701844,0.949345940878553
Q9NR28,DIABLO,48,26,0.0116717483664473,0.116959422932639,0.92050855231892,0.951851190759549,-31.7185144223984,FALSE,number of observations (=48) <= number of random effects (=52) for term (1 + SampleCode | ID2); the random-effects parameters and the residual variance (or scale parameter) are probably unidentifiable,TRUE,FALSE,FALSE,0.0113744956041384,0.117225009794196,0.922701534450935,-31.704979882534,0.0270690797287898,0.986556640196673,0.265640449954704,-0.320354464440543,0.391963187234816,0.344332172401395,0.953186080574517,0.951851190759549
P09211,GSTP1,42,24,-0.0195761879432265,0.19750979798297,0.9210469451039,0.951851190759549,-40.6264171605132,FALSE,number of observations (=42) <= number of random effects (=48) for term (1 + SampleCode | ID2); the random-effects parameters and the residual variance (or scale parameter) are probably unidentifiable,TRUE,FALSE,FALSE,-0.0112512690238165,0.209656251100761,0.957201816567662,-40.2538951139041,0.745044093218382,0.68899446139881,0.702399541677341,-0.743835744287954,0.636581460955433,0.4653219089325,0.976801061160527,0.951851190759549
Q05655,PRKCD,46,26,0.00737514356780864,0.0765856442546194,0.923282870797922,0.952964814333771,-15.322011439529,FALSE,number of observations (=46) <= number of random effects (=52) for term (1 + SampleCode | ID2); the random-effects parameters and the residual variance (or scale parameter) are probably unidentifiable,TRUE,FALSE,FALSE,0.012694522891722,0.0774106954869159,0.869739596365226,-14.3367907130911,1.97044145287575,0.373356808122676,0.129306997783299,-0.999999971805835,0.249753005715247,0.236272866525234,0.922270196557498,0.952964814333771
P50453,SERPINB9,49,26,0.0100199397352489,0.105449995937255,0.924298330055057,0.952964814333771,-27.7830592648266,FALSE,number of observations (=49) <= number of random effects (=52) for term (1 + SampleCode | ID2); the random-effects parameters and the residual variance (or scale parameter) are probably unidentifiable,TRUE,TRUE,FALSE,0.0237783588866957,0.103698542213314,0.81863363132317,-18.4931654409317,18.5797876477898,9.23528654270724e-05,0.423962607462035,-0.999862831156759,0.362405235358877,0.205169159140157,0.89321254265134,0.952964814333771
P14317,HCLS1,52,26,0.0097167816761927,0.102695079661735,0.924618417348451,0.952964814333771,-26.6470394702534,FALSE,number of observations (=52) <= number of random effects (=52) for term (1 + SampleCode | ID2); the random-effects parameters and the residual variance (or scale parameter) are probably unidentifiable,TRUE,FALSE,FALSE,0.00894969088187937,0.102653270752546,0.930525503891685,-25.8935239521781,1.50703103615051,0.470708855126943,0.272560985427144,0.0423606128996595,0.368575470075198,0.314068436392337,0.95701477012144,0.952964814333771
P00558,PGK1,51,26,-0.0105161887588357,0.111715658624965,0.925003089406966,0.952964814333771,-29.1964405882643,FALSE,number of observations (=51) <= number of random effects (=52) for term (1 + SampleCode | ID2); the random-effects parameters and the residual variance (or scale parameter) are probably unidentifiable,TRUE,FALSE,FALSE,-0.00756990789785289,0.10995047085521,0.94511033598967,-23.8128974568178,10.7670862628929,0.0045915246998765,0.453284145987784,0.0866865949337249,0.395138318347819,0.226288226957425,0.968299382694987,0.952964814333771
Q9H6Q3,SLA2,48,26,-0.0129698814329057,0.138161380412488,0.925208557605603,0.952964814333771,-32.2552216926601,FALSE,number of observations (=48) <= number of random effects (=52) for term (1 + SampleCode | ID2); the random-effects parameters and the residual variance (or scale parameter) are probably unidentifiable,TRUE,FALSE,FALSE,-0.0124620173490564,0.138184689709205,0.92814117525107,-31.9453776627865,0.619688059747318,0.733561360960345,0.474761661387107,-0.829317183660276,0.47380722044319,0.339791401766349,0.955348511500934,0.952964814333771
Q99704,DOK1,51,26,-0.00955207295153066,0.104460701091698,0.927141561317957,0.954319595094099,-29.3817111655475,FALSE,number of observations (=51) <= number of random effects (=52) for term (1 + SampleCode | ID2); the random-effects parameters and the residual variance (or scale parameter) are probably unidentifiable,TRUE,FALSE,FALSE,-0.0126355385295115,0.10371459983765,0.903033739639441,-28.062213491233,2.63899534862907,0.267269524598437,0.331713164936341,0.0700815992102366,0.368435931645561,0.282737855083401,0.94397267147366,0.954319595094099
Q13098,GPS1,50,26,-0.00982809704634635,0.110650372600369,0.929224022248852,0.955826307839198,-23.8545969404608,FALSE,number of observations (=50) <= number of random effects (=52) for term (1 + SampleCode | ID2); the random-effects parameters and the residual variance (or scale parameter) are probably unidentifiable,TRUE,FALSE,FALSE,-0.000804303702142156,0.124879610544023,0.994861154141915,-22.697549793121,2.31409429467963,0.314413227428082,0.523552122118073,-0.878337257623988,0.389907169780331,0.24444632860725,0.998091222824194,0.955826307839198
P51570,GALK1,45,26,0.0114863703153743,0.143765339836016,0.936319447165278,0.962161542334049,-30.7335046411621,FALSE,number of observations (=45) <= number of random effects (=52) for term (1 + SampleCode | ID2); the random-effects parameters and the residual variance (or scale parameter) are probably unidentifiable,TRUE,FALSE,FALSE,0.0223943217255765,0.153163911249042,0.883754445392601,-27.0068848527859,7.45323957675231,0.024074073922904,0.571240185191913,-0.680559014207933,0.479039719450212,0.316498987689555,0.932481575656072,0.962161542334049
Q9GZY8,MFF,46,26,-0.013664635507399,0.17186459829342,0.936628452861107,0.962161542334049,-40.2609669273985,FALSE,number of observations (=46) <= number of random effects (=52) for term (1 + SampleCode | ID2); the random-effects parameters and the residual variance (or scale parameter) are probably unidentifiable,TRUE,FALSE,FALSE,0.00358228000040637,0.16353463276902,0.982523473543451,-35.4585560907744,9.60482167324818,0.00820993037041262,0.645328023584429,-0.999587729647279,0.57948544835236,0.337124685958476,0.99086081372365,0.962161542334049
Q9BV40,VAMP8,47,25,-0.0182322736821004,0.239498660837226,0.939318195339265,0.963912094430545,-57.2637105842528,FALSE,number of observations (=47) <= number of random effects (=50) for term (1 + SampleCode | ID2); the random-effects parameters and the residual variance (or scale parameter) are probably unidentifiable,TRUE,FALSE,FALSE,-0.0179208430982819,0.248882746863221,0.942597797944183,-57.1966020672365,0.134217034032559,0.935093722250092,0.869419301702971,-0.749358319523049,0.818270991112836,0.589887580108614,0.966366023771574,0.963912094430545
Q6IBS0,TWF2,47,25,0.00534622994978651,0.0705332137821155,0.939580332823561,0.963912094430545,-9.59471131301841,FALSE,number of observations (=47) <= number of random effects (=50) for term (1 + SampleCode | ID2); the random-effects parameters and the residual variance (or scale parameter) are probably unidentifiable,TRUE,FALSE,FALSE,-9.07952034276817e-05,0.0702511993247712,0.998968785279997,-8.13724474584224,2.91493313435234,0.232825375639749,0.214548262292575,0.198028341691634,0.237735744262374,0.18036162195454,0.999710416747022,0.963912094430545
O60749,SNX2,51,26,-0.00605771757888353,0.0838905974347737,0.94243500018078,0.96619912095508,-15.5672004827906,FALSE,number of observations (=51) <= number of random effects (=52) for term (1 + SampleCode | ID2); the random-effects parameters and the residual variance (or scale parameter) are probably unidentifiable,TRUE,FALSE,FALSE,-0.00467719597623985,0.083724458417309,0.955450027771979,-15.4402663177791,0.253868330023114,0.880791657597014,0.245907360223614,-0.668901053629333,0.297005678904288,0.24050222431676,0.975657827434043,0.96619912095508
P0C0L5,C4B,52,26,-0.00492773408449016,0.0719498520815973,0.945396811422631,0.968274710915433,-3.44900235778583,FALSE,number of observations (=52) <= number of random effects (=52) for term (1 + SampleCode | ID2); the random-effects parameters and the residual variance (or scale parameter) are probably unidentifiable,TRUE,TRUE,TRUE,-0.00689412868575244,0.0720869711626178,0.923809461796526,-2.26097895048506,2.37604681460153,0.304823180271829,0.203532255273793,,0.25856412118544,0.215479039056848,0.953186080574517,0.968274710915433
Q9H425,C1orf198,44,25,-0.0073311227817393,0.107666099814726,0.945712970078568,0.968274710915433,-23.5963820099952,FALSE,number of observations (=44) <= number of random effects (=50) for term (1 + SampleCode | ID2); the random-effects parameters and the residual variance (or scale parameter) are probably unidentifiable,TRUE,TRUE,FALSE,-0.0108825666558887,0.107717086048289,0.919527312745857,-23.56128139899,0.0702012220104606,0.965508270613023,0.25815816758388,-0.308868189642657,0.347288756842785,0.294069290013224,0.95250072082451,0.968274710915433
Q93009,USP7,50,26,0.00608870198173928,0.0933983956511335,0.948022206704551,0.96939556794456,-22.5871681111973,FALSE,number of observations (=50) <= number of random effects (=52) for term (1 + SampleCode | ID2); the random-effects parameters and the residual variance (or scale parameter) are probably unidentifiable,TRUE,TRUE,FALSE,0.00548386727347992,0.092344668977111,0.952645640449049,-21.2788537209177,2.6166287805592,0.270275251227136,0.202654646427065,-0.999923409353315,0.327214216546823,0.293219869828768,0.974071022683162,0.96939556794456
P47985,UQCRFS1,46,26,0.00899678387997893,0.138114737635208,0.948062591044809,0.96939556794456,-34.4266798445481,FALSE,number of observations (=46) <= number of random effects (=52) for term (1 + SampleCode | ID2); the random-effects parameters and the residual variance (or scale parameter) are probably unidentifiable,TRUE,TRUE,FALSE,0.00865936701118775,0.138418339848325,0.950117367519674,-34.4065624017029,0.0402348856904666,0.980083562745256,0.377832481629288,-0.471151073067223,0.460538030799305,0.375797686156646,0.972139955508541,0.96939556794456
P31948,STIP1,50,26,0.0040565409559701,0.0666924105568775,0.951498877595919,0.970047734933474,-7.92716716193374,FALSE,number of observations (=50) <= number of random effects (=52) for term (1 + SampleCode | ID2); the random-effects parameters and the residual variance (or scale parameter) are probably unidentifiable,TRUE,TRUE,FALSE,0.00286049782526258,0.0667657878902217,0.96582607539435,-7.83686768085337,0.180598962160733,0.913657521153141,0.170789621480095,-0.203885202503466,0.23312039851661,0.198972152403504,0.98106593457217,0.970047734933474
P16930,FAH,49,26,-0.0103657587288351,0.170558054886423,0.951537966624322,0.970047734933474,-51.6988256763119,FALSE,number of observations (=49) <= number of random effects (=52) for term (1 + SampleCode | ID2); the random-effects parameters and the residual variance (or scale parameter) are probably unidentifiable,TRUE,FALSE,FALSE,-0.00794269315293552,0.170906518141579,0.962932533030236,-51.3678429340988,0.661965484426261,0.718217563779259,0.456646449622462,-0.114206527166311,0.585951179518559,0.489351399970949,0.98016528369354,0.970047734933474
P62258,YWHAE,52,26,-0.00482415678601673,0.0794383332452388,0.951575574549435,0.970047734933474,-24.6305315084745,FALSE,number of observations (=52) <= number of random effects (=52) for term (1 + SampleCode | ID2); the random-effects parameters and the residual variance (or scale parameter) are probably unidentifiable,TRUE,TRUE,TRUE,-0.00361239986073233,0.0793099037397834,0.963670592835267,-24.1466333599413,0.967796297066528,0.616375977512712,0.0906089100882603,-0.999999977047058,0.283677236947178,0.276019836375856,0.98016528369354,0.970047734933474
P11413,G6PD,52,26,0.00469267726571532,0.0775534814805888,0.951750313183566,0.970047734933474,-10.4714924307232,FALSE,number of observations (=52) <= number of random effects (=52) for term (1 + SampleCode | ID2); the random-effects parameters and the residual variance (or scale parameter) are probably unidentifiable,TRUE,TRUE,FALSE,0.00498317085388735,0.0775338489958283,0.948754517824388,-10.4522342898333,0.0385162817797529,0.980926112417582,0.236581606505111,-0.64703229261968,0.278474353941787,0.222543246830306,0.9713888204365,0.970047734933474
P22061,PCMT1,52,26,0.00417618562138809,0.0691459703450747,0.951839719196859,0.970047734933474,-3.60149276642259,FALSE,number of observations (=52) <= number of random effects (=52) for term (1 + SampleCode | ID2); the random-effects parameters and the residual variance (or scale parameter) are probably unidentifiable,TRUE,FALSE,FALSE,0.00500064868103673,0.0693414728795199,0.94250937490035,-3.40781218102171,0.387361170801767,0.823921034649484,0.201914512403879,-0.449826601215435,0.248348018537467,0.204081010662825,0.966366023771574,0.970047734933474
Q0VDG4,SCRN3,50,26,0.0112522147461551,0.193344744814846,0.953591172153801,0.97119206392724,-51.7414782753394,FALSE,number of observations (=50) <= number of random effects (=52) for term (1 + SampleCode | ID2); the random-effects parameters and the residual variance (or scale parameter) are probably unidentifiable,TRUE,FALSE,FALSE,0.018577222088415,0.198369496920123,0.925387515421883,-50.638146175614,2.20666419945073,0.331763769916014,0.693674258857161,-0.915085724566189,0.681057209899687,0.499339707388991,0.953186080574517,0.97119206392724
P68104;Q5VTE0,EEF1A1;EEF1A1P5,49,26,0.00425464201723208,0.0742522181999912,0.954306328553061,0.971280156531277,-8.61285985505636,FALSE,number of observations (=49) <= number of random effects (=52) for term (1 + SampleCode | ID2); the random-effects parameters and the residual variance (or scale parameter) are probably unidentifiable,TRUE,FALSE,FALSE,0.00434025552637363,0.0740577203697087,0.953265622198668,-8.27642987703545,0.672859956041815,0.714315899638009,0.187698626933326,-0.739562458101382,0.256082534665544,0.218913264682092,0.974071022683162,0.971280156531277
Q7LDG7,RASGRP2,52,26,-0.00558197608071887,0.105001263161553,0.957603599323703,0.973994444341752,-26.606465873141,FALSE,number of observations (=52) <= number of random effects (=52) for term (1 + SampleCode | ID2); the random-effects parameters and the residual variance (or scale parameter) are probably unidentifiable,TRUE,TRUE,FALSE,-0.00305576188555727,0.104667761379176,0.976709171122747,-25.8256141114454,1.56170352339118,0.458015724862882,0.280229186013226,0.026104105356395,0.376990526323995,0.319361461055687,0.98757569985906,0.973994444341752
Q15006,EMC2,42,25,-0.00700703533251086,0.136316869788801,0.959004749246539,0.974777853674936,-25.4588950342298,FALSE,number of observations (=42) <= number of random effects (=50) for term (1 + SampleCode | ID2); the random-effects parameters and the residual variance (or scale parameter) are probably unidentifiable,TRUE,FALSE,FALSE,-0.0047040037823974,0.131003468664172,0.971356135485517,-23.432288409426,4.05321324960762,0.131781948868329,0.421199655647835,-0.984851015434689,0.43865901466743,0.311580056039144,0.983450346870986,0.974777853674936
Q53HC9,EIPR1,45,25,0.00485539912507494,0.102524059035273,0.962227399334493,0.977341683758597,-15.6575328483093,FALSE,number of observations (=45) <= number of random effects (=50) for term (1 + SampleCode | ID2); the random-effects parameters and the residual variance (or scale parameter) are probably unidentifiable,TRUE,FALSE,FALSE,0.0108208099285244,0.111681990674026,0.922814163764379,-14.3802699750691,2.55452574648028,0.278799366248069,0.360127273356913,-0.824012942304109,0.34266795606802,0.273483860716068,0.953186080574517,0.977341683758597
P62256,UBE2H,49,26,-0.00571856052591627,0.122584624910009,0.962792260634683,0.977341683758597,-28.6733563170654,FALSE,number of observations (=49) <= number of random effects (=52) for term (1 + SampleCode | ID2); the random-effects parameters and the residual variance (or scale parameter) are probably unidentifiable,TRUE,FALSE,FALSE,-0.00592184055713831,0.120643141971855,0.960851082098172,-27.8647733046963,1.61716602473829,0.445488871416296,0.387637147673336,-0.881332626018138,0.427322457058685,0.32347613303843,0.979877836199125,0.977341683758597
P46109,CRKL,47,26,-0.00384174584367856,0.0862633463768174,0.964477882409107,0.978409933238391,-19.8730297585829,FALSE,number of observations (=47) <= number of random effects (=52) for term (1 + SampleCode | ID2); the random-effects parameters and the residual variance (or scale parameter) are probably unidentifiable,TRUE,FALSE,FALSE,-0.00659850637255036,0.0854785646487506,0.938468525533565,-19.4115544564861,0.922950604193581,0.630352998082886,0.122250275044708,-0.899921212882542,0.284891046097479,0.272014128535229,0.964051776562073,0.978409933238391
O75489,NDUFS3,45,25,0.00440119785677607,0.10299106317988,0.965913748352415,0.979223583467507,-19.3774931301626,FALSE,number of observations (=45) <= number of random effects (=50) for term (1 + SampleCode | ID2); the random-effects parameters and the residual variance (or scale parameter) are probably unidentifiable,TRUE,FALSE,FALSE,0.00394617925541702,0.102510081932482,0.96929260066773,-19.2362105914675,0.282565077390089,0.868243964522548,0.286457434909551,-0.698498898634837,0.339976781522977,0.27315978622004,0.98264899477142,0.979223583467507
Q9UBQ0,VPS29,42,25,-0.00367916205849747,0.0890664829736838,0.967050321605905,0.979732948774507,-11.9207139626049,FALSE,number of observations (=42) <= number of random effects (=50) for term (1 + SampleCode | ID2); the random-effects parameters and the residual variance (or scale parameter) are probably unidentifiable,TRUE,FALSE,FALSE,-0.00357801028362745,0.0885063558508588,0.967753030708061,-11.1993059763031,1.44281597260366,0.486067397699859,0.15473335542983,-0.996145919709,0.279573344255256,0.255285849188963,0.982377419476973,0.979732948774507
P62333,PSMC6,52,26,0.00420699585858587,0.106931350471708,0.968616955879937,0.980677062145808,-27.0650045002199,FALSE,number of observations (=52) <= number of random effects (=52) for term (1 + SampleCode | ID2); the random-effects parameters and the residual variance (or scale parameter) are probably unidentifiable,TRUE,TRUE,FALSE,0.00487926629208037,0.106987158294858,0.963624212707561,-26.3569437610721,1.41612147829554,0.492598548875407,0.283875291322707,-0.0256322105498968,0.383974754070748,0.32763441577725,0.98016528369354,0.980677062145808
P50225,SULT1A1,45,26,0.00603952494930281,0.157923872282148,0.969493723347031,0.980921940125189,-45.2814228752567,FALSE,number of observations (=45) <= number of random effects (=52) for term (1 + SampleCode | ID2); the random-effects parameters and the residual variance (or scale parameter) are probably unidentifiable,TRUE,FALSE,FALSE,0.0291796301713759,0.156935410876686,0.852496511518507,-44.9004141964457,0.762017357622028,0.683171960473836,0.229722673306027,-0.836322986126474,0.503965205377685,0.482827668738324,0.91529333585552,0.980921940125189
P27816,MAP4,49,26,-0.00461106393228384,0.132758547370977,0.972292879010074,0.98311027360639,-31.6244344407573,FALSE,number of observations (=49) <= number of random effects (=52) for term (1 + SampleCode | ID2); the random-effects parameters and the residual variance (or scale parameter) are probably unidentifiable,TRUE,TRUE,TRUE,-0.00146757393063394,0.132251423060817,0.991146178071013,-31.0981803689383,1.05250814363787,0.590813976429049,0.299232687242346,,0.461376017640848,0.409196438799947,0.996874311502676,0.98311027360639
O60664,PLIN3,48,26,-0.00267371409479848,0.0952100352086154,0.977596533484844,0.98782645142844,-26.5185614332013,FALSE,number of observations (=48) <= number of random effects (=52) for term (1 + SampleCode | ID2); the random-effects parameters and the residual variance (or scale parameter) are probably unidentifiable,TRUE,TRUE,FALSE,-0.00353544272124174,0.0955426840317271,0.97048197293552,-26.5140638063474,0.00899525370765986,0.995512472323378,0.124170526637188,-0.0996170495375031,0.321089575761638,0.309879655293323,0.983209605367461,0.98782645142844
Q9Y210,TRPC6,47,26,0.00273001991240517,0.10490997185171,0.979239390829827,0.988839777014433,-32.6361114364711,FALSE,number of observations (=47) <= number of random effects (=52) for term (1 + SampleCode | ID2); the random-effects parameters and the residual variance (or scale parameter) are probably unidentifiable,TRUE,TRUE,FALSE,0.00451355722285896,0.104580989983689,0.965575197371176,-32.2016874789737,0.868847914994802,0.647637626446613,0.11569026607159,-0.999986702320198,0.346591273381703,0.339796961134131,0.98106593457217,0.988839777014433
P40925,MDH1,40,22,-0.00477350054278989,0.207110491114433,0.981611915532343,0.990588118548315,-41.4464256123274,FALSE,number of observations (=40) <= number of random effects (=44) for term (1 + SampleCode | ID2); the random-effects parameters and the residual variance (or scale parameter) are probably unidentifiable,TRUE,FALSE,FALSE,0.00561818388687779,0.205310234489876,0.97816912140522,-40.9255074877802,1.04183624909435,0.593974954560981,0.485853240484851,-0.0694768322863573,0.643681901183756,0.536169855663343,0.988405031112534,0.990588118548315
Q9BVK6,TMED9,50,26,0.00366489586921995,0.18341021039958,0.984057761868822,0.991326041361922,-49.1039979294297,FALSE,number of observations (=50) <= number of random effects (=52) for term (1 + SampleCode | ID2); the random-effects parameters and the residual variance (or scale parameter) are probably unidentifiable,TRUE,FALSE,FALSE,0.00343566360363184,0.184311041226034,0.985127835077444,-49.0858828455696,0.0362301677202908,0.982048007979178,0.648514024657154,-0.688581356341206,0.646062794628701,0.459839492681926,0.9923566051489,0.991326041361922
O15551,CLDN3,47,26,0.00332220688962813,0.168249246343248,0.984246197820316,0.991326041361922,-45.7926182400541,FALSE,number of observations (=47) <= number of random effects (=52) for term (1 + SampleCode | ID2); the random-effects parameters and the residual variance (or scale parameter) are probably unidentifiable,TRUE,FALSE,FALSE,0.00444244513865926,0.168205335174645,0.978929643619732,-45.7874900678227,0.0102563444628601,0.994884954395667,0.387946558783865,-0.49401735951215,0.55959995849209,0.487773373189799,0.988526993066984,0.991326041361922
P31689,DNAJA1,41,25,0.00160263738540713,0.0812764662947692,0.984268056601416,0.991326041361922,-2.64792893335425,FALSE,number of observations (=41) <= number of random effects (=50) for term (1 + SampleCode | ID2); the random-effects parameters and the residual variance (or scale parameter) are probably unidentifiable,TRUE,TRUE,FALSE,-0.0152620307030667,0.0917060761636689,0.867823814190255,0.86507367576667,7.02600521824184,0.0298072803243952,0.359160901300347,-0.687130873795597,0.258113749759413,0.150913725168086,0.921863091682479,0.991326041361922
Q9UEU0,VTI1B,43,25,-0.00153628357068271,0.0848164168195512,0.98554867129089,0.991969183807443,-8.96549500992399,FALSE,number of observations (=43) <= number of random effects (=50) for term (1 + SampleCode | ID2); the random-effects parameters and the residual variance (or scale parameter) are probably unidentifiable,TRUE,FALSE,FALSE,-0.00155754982055867,0.0844855853388657,0.985291283041043,-8.77598693801593,0.37901614381612,0.827366038447908,0.222081406212034,-0.760117531126445,0.271144688617521,0.223899364340022,0.9923566051489,0.991969183807443
O95721,SNAP29,50,26,0.00142044416719518,0.0863372988913993,0.9868735835096,0.992585598080525,-24.6962345836379,FALSE,number of observations (=50) <= number of random effects (=52) for term (1 + SampleCode | ID2); the random-effects parameters and the residual variance (or scale parameter) are probably unidentifiable,TRUE,FALSE,FALSE,-0.00142469060848263,0.0869411991173916,0.986925786857965,-24.5952428339528,0.201983499370272,0.903940490648766,0.118878882008973,0.278150194325332,0.300524420977143,0.28983958973716,0.993355270811437,0.992585598080525
P29122,PCSK6,49,26,0.00148597769181124,0.0944391735219742,0.987445996278166,0.992585598080525,-16.9883393474744,FALSE,number of observations (=49) <= number of random effects (=52) for term (1 + SampleCode | ID2); the random-effects parameters and the residual variance (or scale parameter) are probably unidentifiable,TRUE,FALSE,FALSE,0.0044460408557956,0.0959617942648259,0.963046140990198,-16.455541448874,1.06559579720081,0.586960414379814,0.306723031916104,-0.856087420901996,0.3285503647993,0.252998947888056,0.98016528369354,0.992585598080525
P51665,PSMD7,51,26,-0.000891504701219441,0.106458051155682,0.993318405555128,0.997839360586913,-34.3640885480563,FALSE,number of observations (=51) <= number of random effects (=52) for term (1 + SampleCode | ID2); the random-effects parameters and the residual variance (or scale parameter) are probably unidentifiable,TRUE,TRUE,FALSE,-0.000849875999156436,0.106487748331898,0.993632171303467,-34.3622321129722,0.0037128701682434,0.998145287025662,0.157168677696768,-0.178574339631038,0.376437602527852,0.35969947470106,0.998091222824194,0.997839360586913
Q96CS3,FAF2,46,26,-0.000951788711359244,0.156887508157536,0.995159507162063,0.99794876737765,-37.3383337052671,FALSE,number of observations (=46) <= number of random effects (=52) for term (1 + SampleCode | ID2); the random-effects parameters and the residual variance (or scale parameter) are probably unidentifiable,TRUE,FALSE,FALSE,-0.000981755747084403,0.152372876563087,0.99485917473652,-36.1600029496049,2.35666151132429,0.307792090231136,0.500201766578564,-0.888123930413592,0.525762634624414,0.378959218778991,0.998091222824194,0.99794876737765
Q9UK55,SERPINA10,52,26,-0.00045937333244467,0.0931935207603444,0.996067050559513,0.99794876737765,-38.4682282152042,FALSE,number of observations (=52) <= number of random effects (=52) for term (1 + SampleCode | ID2); the random-effects parameters and the residual variance (or scale parameter) are probably unidentifiable,TRUE,FALSE,FALSE,-6.08969521621953e-05,0.0932226374906615,0.99947878824519,-38.009286806724,0.917882816960415,0.631952270858768,0.265147741589588,0.10197300127175,0.331613624951577,0.273724367863429,0.999710416747022,0.99794876737765
Q9UDT6,CLIP2,46,25,0.000344976094309008,0.0794098375784412,0.996533801829698,0.99794876737765,-15.6562466437469,FALSE,number of observations (=46) <= number of random effects (=50) for term (1 + SampleCode | ID2); the random-effects parameters and the residual variance (or scale parameter) are probably unidentifiable,TRUE,FALSE,FALSE,0.00242532363280746,0.0790367493930789,0.975519936702483,-15.5000325168721,0.312428253749641,0.855376011767791,0.0610873052686471,-0.91934846123875,0.260827435065873,0.256922436102723,0.987019189394458,0.99794876737765
P51572,BCAP31,52,26,-0.000350927200326054,0.0829646626536879,0.99662508649809,0.99794876737765,-22.4268514413219,FALSE,number of observations (=52) <= number of random effects (=52) for term (1 + SampleCode | ID2); the random-effects parameters and the residual variance (or scale parameter) are probably unidentifiable,TRUE,FALSE,FALSE,0.000858436709567738,0.0826451052596935,0.991712502769976,-22.4027905833405,0.0481217159628784,0.976226296788201,0.111270126038617,-0.426075455982251,0.296963374432049,0.285150881301717,0.996874311502676,0.99794876737765
Q9H446,RWDD1,42,26,-0.00059334484068099,0.141611900763467,0.996656924313084,0.99794876737765,-26.8936320925775,FALSE,number of observations (=42) <= number of random effects (=52) for term (1 + SampleCode | ID2); the random-effects parameters and the residual variance (or scale parameter) are probably unidentifiable,TRUE,FALSE,FALSE,-0.0002758242002492,0.140964399005366,0.998438785026608,-26.8445963326089,0.0980715199371147,0.952147080340051,0.464189407289448,-0.746222581979884,0.457277393619683,0.316203963141386,0.999710416747022,0.99794876737765
Q9NRW1,RAB6B,51,26,-2.66125828702346e-05,0.124876962709137,0.999829962481679,0.999969600101054,-32.1710199120198,FALSE,number of observations (=51) <= number of random effects (=52) for term (1 + SampleCode | ID2); the random-effects parameters and the residual variance (or scale parameter) are probably unidentifiable,TRUE,FALSE,FALSE,4.53140613373091e-05,0.124853176980252,0.999710416747022,-32.1218328688848,0.0983740862700131,0.952003047409966,0.436536486471475,-0.620872755201312,0.444722286030461,0.31960147060911,0.999710416747022,0.999969600101054
P53801,PTTG1IP,46,26,5.98777726245495e-06,0.15715693787781,0.999969600101054,0.999969600101054,-46.630499367987,FALSE,number of observations (=46) <= number of random effects (=52) for term (1 + SampleCode | ID2); the random-effects parameters and the residual variance (or scale parameter) are probably unidentifiable,TRUE,FALSE,FALSE,-0.00388610657707556,0.15254958357671,0.979676580953361,-45.0298817186511,3.20123529867189,0.201771855247281,0.365856449886323,-0.999286457331939,0.514151754688539,0.442028199815024,0.988635086592386,0.999969600101054
