Protein.Group,Genes,n_obs,n_ID,est_ri,se_ri,p_ri,q_ri,shapiro_p,shapiro_p_marginal,shapiro_p_ranef,bp_stat,bp_p,bp_p_marginal,spearman_rho_absres_fitted,spearman_p,levene_p
P62805,H4C1,50,26,0.732416447484698,0.278670894941557,0.00858257156090729,0.0688707459128668,7.8605260968871e-09,1.16772604669083e-08,9.3632485531527e-05,11.4879435985334,0.000700490971291365,0.118837803666182,-0.109627851140456,0.447359627761688,0.661513895678733
P04908;P0C0S8;P20671;Q7L7L0;Q93077;Q96KK5;Q99878;Q9BTM1,H2AC11;H2AC12;H2AC14;H2AC25;H2AC4;H2AC6;H2AC7;H2AJ,51,26,0.817390278303432,0.390744875128043,0.0364495060332946,0.157228748003735,2.04245402911742e-07,2.04245402911742e-07,,2.18903779947579,0.138996122232076,0.138996122232076,-0.139765648297111,0.32797846576694,0.804589502379169
P00734,F2,52,26,0.0239539663495709,0.0724168652340267,0.740811548671912,0.844841811680362,2.04796484179959e-07,2.04796484179959e-07,,2.54292830053087,0.110789144383452,0.110789144383452,-0.143588842528762,0.309849426715811,0.508156593051554
P02747,C1QC,52,26,0.336371961875138,0.293148401315291,0.251197336959147,0.446091822530898,2.71018411472705e-07,2.94362998013656e-07,0.0173680613946591,4.1781449454821,0.0409484981325025,0.0645328691111758,0.252625288141381,0.0709745276597601,0.737563679550196
P00748,F12,48,26,0.273816305606983,0.286677130715046,0.339507765673421,0.527175374839633,4.19988863986023e-07,9.41885554242433e-07,0.0137648252440334,0.415040677402289,0.519422080791689,0.753126275235566,0.278766825879288,0.0553483390377599,0.746664958137516
P05062,ALDOB,49,26,0.311040420229103,0.228200028010747,0.172877287403291,0.355365794677358,4.62380612420728e-07,4.62380612420728e-07,,1.74228050132702,0.186850131390727,0.186850131390727,-0.00814412649103778,0.955709804589943,0.479046468927161
Q9Y5K6,CD2AP,51,26,-0.0438133461432983,0.133603845483773,0.742960984581698,0.846515281105253,4.65470470664748e-07,4.53428983967084e-07,7.45767858108006e-05,4.4779307272786,0.0343352684513323,0.0419841556262093,-0.406787330316742,0.00327546256662644,0.670563814695345
P09871,C1S,52,26,0.0151249280760985,0.0716114713670439,0.832724833009952,0.904641869915739,6.65769786385062e-07,2.67020525443833e-07,0.000130676154780899,14.985167722015,0.000108359541450021,0.411019708634701,-0.145223256211048,0.303355998465047,0.382076043556167
O60814;P57053;P58876;P62807;Q5QNW6;Q93079;Q99877;Q99879;Q99880,H2BC12;H2BC12L;H2BC13;H2BC14;H2BC15;H2BC18;H2BC4;H2BC5;H2BC9,48,26,0.788910923261351,0.349885131243648,0.0241476928112584,0.122595572779218,9.2675018857521e-07,9.2675018857521e-07,,1.956211164293,0.161919107910428,0.161919107910428,0.110163799943608,0.456035005210459,0.454133538685898
Q96PD5,PGLYRP2,52,26,0.393142343891638,0.164636198902851,0.016942833487615,0.101068253816082,1.33965855274369e-06,1.33965855274369e-06,,1.50675085374198,0.219635547460337,0.219635547460337,0.261643111679024,0.0609779319798014,0.0258392830626599
P68871,HBB,52,26,0.420285898243208,0.274569306962729,0.125841158302918,0.300037946879643,1.41030313416653e-06,1.41030313416653e-06,,4.77322088614151,0.0289056990645924,0.0289056990645924,0.21954557178474,0.117858032364839,0.993225310016418
P13671,C6,52,26,0.415629196868891,0.222748658369165,0.0620538026584394,0.199735677306852,1.50986675922749e-06,1.50986675922749e-06,,5.12298952056258,0.02361090724158,0.02361090724158,0.257329839148872,0.0655229637167533,0.701377370149136
P05452,CLEC3B,49,26,0.263050357373975,0.291154475531736,0.36627463861762,0.552369353990151,1.59518864958615e-06,1.59518864958615e-06,,3.40079769923233,0.0651648982886361,0.0651648982886361,0.324438418432963,0.0229450959036776,0.492134606867517
P01008,SERPINC1,52,26,0.436985562662311,0.22208606481841,0.049109402321704,0.17793550742644,2.25207798894479e-06,2.29634840338491e-06,0.00858654039591314,5.55701233031508,0.0184068012282464,0.0949831035886716,0.0970716298130282,0.492477381396073,0.519401105508896
P29622,SERPINA4,52,26,0.345358548634258,0.175343127435217,0.0488824492752361,0.177702080306447,3.02035795407972e-06,3.15549763857548e-06,0.00581647861712387,2.19602265452255,0.138367350021482,0.499510963114315,0.190899001109878,0.174757946403539,0.319060535088078
Q14624,ITIH4,52,26,0.247753729192177,0.209063186631059,0.235991248989903,0.430976926346809,3.10843111029621e-06,3.10843111029621e-06,,3.87254726144636,0.0490819761416296,0.0490819761416296,0.383708724282328,0.00498400186692151,0.503410131854585
P04217,A1BG,52,26,0.250256616361698,0.23134485190503,0.279364930321555,0.47171455447738,4.61443329920269e-06,1.75020561657227e-06,0.00309530083173095,8.41659349807877,0.0037181177339048,0.3082794594721,0.214974814308888,0.125728140738207,0.532325147026823
Q9Y3B3,TMED7,48,26,-0.222822647496916,0.15514222980101,0.15093191286186,0.329364131880753,6.21063036435552e-06,6.21063036435552e-06,,2.03525104369454,0.153688807337429,0.153688807337429,0.0177102152970101,0.904899104484505,0.19862337955547
P10643,C7,52,26,0.552338850666284,0.22032610275346,0.0121789934620394,0.0828922682768763,6.21763848269001e-06,6.21763848269001e-06,,2.04065533404577,0.15314365725421,0.15314365725421,0.213118795714814,0.129279325907556,0.210216607929969
P06681,C2,52,26,0.449494433905147,0.233205715143349,0.0539224639116097,0.185320413862917,7.50962735855724e-06,7.50962735855724e-06,,3.83264268249744,0.0502636242188026,0.0502636242188026,0.216569413738935,0.123047739388232,0.367856484357732
P08603,CFH,52,26,0.207633630851035,0.202047627190899,0.304115923624062,0.497205398940927,7.87322747290605e-06,7.87322747290605e-06,,3.69156109122096,0.0546884083914794,0.0546884083914794,0.175118864724174,0.214338249319377,0.353209226128254
Q92820,GGH,49,26,0.308745099265335,0.178005795016859,0.0828353337784871,0.238793084810801,8.73032794498058e-06,1.01911220140613e-05,0.086511573676946,5.76630943822655,0.0163363069857234,0.0317465301806502,0.323265306122449,0.0239128009854379,0.280593616314476
O14980,XPO1,52,26,-0.121143724908174,0.116904320516864,0.30007905163455,0.492167871311443,8.91719108333616e-06,1.603794635902e-05,0.138974580328656,0.358944469436474,0.5490930352895,0.70724841737944,0.0554938956714761,0.695212891954124,0.403704711052809
P07360,C8G,52,26,0.432681997606854,0.199444777448931,0.0300498579202484,0.140434172716405,9.97779774051269e-06,1.88480443598835e-05,0.0642567553661987,11.2917006459132,0.000778543331552319,0.0323233666195596,0.298471783488432,0.0320107090582311,0.499465984774899
P02750,LRG1,52,26,0.282806885476844,0.330495844923284,0.392161076825923,0.575393032949717,1.68871453060454e-05,1.41907713754288e-05,0.0100221574048745,1.58740533544177,0.20769723101885,0.25931625934094,0.144028003073508,0.30738603150982,0.285553445010044
Q04756,HGFAC,52,26,0.369557363524909,0.243917042199765,0.129748480100166,0.305292260825664,1.74765019253942e-05,1.74765019253942e-05,,0.6209486144678,0.430694993236797,0.430694993236797,0.113223403916492,0.424178591074926,0.359847638970895
P01780,IGHV3-7,51,26,0.311175993698171,0.294173805376765,0.290148272259547,0.482370523485909,1.80910849315792e-05,7.1913495530597e-05,0.320626207980137,9.60377584742499,0.00194177679821741,0.129282157769788,-0.0342081447963801,0.81121376880636,0.475681774754473
P69905,HBA1,52,26,0.0850198451002506,0.249396560540465,0.733177181575034,0.8426852737696,1.95620307042415e-05,9.34693202926107e-05,0.309353953049553,11.0679713971966,0.000878317225840906,0.18287577859783,0.205668914880902,0.143260849708578,0.959249001769312
Q9Y3C8,UFC1,40,22,-0.168010796495332,0.101992358283096,0.0994988459101567,0.265522881559118,2.00331834679804e-05,3.08177416008529e-05,0.0245698403122082,0.0140855947254485,0.905526704859206,0.448855663305519,0.143151969981238,0.376866677700048,0.218520346451369
P04180,LCAT,51,26,0.526790732157859,0.232170854328423,0.0232696188532303,0.12023933487706,2.07721507920884e-05,2.07721507920884e-05,,3.09057004579162,0.0787472167457858,0.0787472167457858,-0.00790643386943894,0.956087265259543,0.524437130603326
P84095,RHOG,51,26,0.107430850400407,0.129346524538745,0.406218739883676,0.588198643974019,2.16979899398449e-05,2.16979899398449e-05,,0.56737491196316,0.451303946079153,0.451303946079153,-0.183138524829374,0.19831805090205,0.940188974789398
P19652,ORM2,52,26,0.311446108755634,0.175320128119585,0.0756600282021936,0.230315825572477,2.17770220446501e-05,4.1253490410696e-05,0.237284008961427,7.90770404391088,0.00492247050771423,0.027392291157273,0.318108085033723,0.0219595365484326,0.13520725641609
O75882,ATRN,52,26,0.424146897870854,0.220650364766552,0.0545733196522419,0.185320413862917,2.36236886303455e-05,2.36236886303455e-05,,0.496971255036951,0.480833958020278,0.480833958020278,-0.0988602063910854,0.48563235661029,0.729693090977695
Q71U36,TUBA1A,52,26,0.165165948419166,0.240083989221553,0.491483827672018,0.664341656827006,2.45390940468954e-05,4.42489863427377e-05,0.358815561684938,1.13417549104913,0.286886448414698,0.203102033954134,0.170750448219927,0.225471831541537,0.295226706451474
P00751,CFB,52,26,0.512001009132966,0.260288246630951,0.0491769978453658,0.17793550742644,2.51743161125957e-05,2.51743161125957e-05,,4.14612763653608,0.0417298524221982,0.0417298524221982,0.229293567702884,0.102021333506515,0.309952556417164
P07359,GP1BA,52,26,0.0502646935764845,0.109571448751141,0.646421625454429,0.777820413806147,2.56275278578361e-05,2.84163855274269e-05,0.0143686491937413,1.24937514246762,0.263671855242052,0.16703464301414,0.124050200631777,0.379832228000768,0.0759967551220084
P08185,SERPINA6,51,26,0.408820772555378,0.335577007691849,0.223124362169691,0.418866512214061,4.44738673932299e-05,7.06127043944133e-05,0.202841863407339,2.54701290355099,0.110502999911495,0.358334130691996,0.157556561085973,0.268633656021381,0.564700768352325
Q15018,ABRAXAS2,51,26,-0.0792185006275877,0.171341091778903,0.64383475616348,0.775311534117363,4.58894671834359e-05,4.85670906729992e-05,0.00751779461377185,15.7300418818347,7.30546414251941e-05,0.0967351391076744,-0.409321266968326,0.00307320572495749,0.61825834438647
P42224,STAT1,46,25,-0.0532688546533509,0.101793437713537,0.600763117550078,0.745765702125352,4.66074917554835e-05,4.17644877372324e-05,0.00569803362168339,12.6450672309212,0.000376557927287788,0.584829806881308,0.262658032685785,0.0779970839946669,0.547432689485437
O15143,ARPC1B,52,26,0.354459219801737,0.150670604735512,0.0186454861306051,0.104753731170127,4.98809810449893e-05,0.00048052605124099,0.438634902353354,10.8232285057491,0.0010023455196804,0.0267527671776643,-0.361478698881585,0.00880112024814176,0.286986522128714
P60660,MYL6,52,26,-0.179077999339391,0.166059537388037,0.280856914292553,0.472456425842375,5.1554705177054e-05,4.79655168369407e-05,0.00267319701738693,0.0418292497517735,0.837945599384553,0.317197208082325,-0.0751301972167677,0.595567337404439,0.318984809741642
P03952,KLKB1,52,26,0.316038581242655,0.199705921031314,0.113530947853367,0.28352549610646,8.26969678996595e-05,0.000360198626063264,0.944302571671846,8.81525530374431,0.00298722411045244,0.0573338515962546,0.241611884231196,0.0845192359494168,0.443592023873319
Q00325,SLC25A3,52,26,-0.0965815550729801,0.174155143347186,0.579187488848496,0.730966744860379,8.4412597334549e-05,8.4412597334549e-05,,5.91429719002517,0.0150184930443171,0.0150184930443171,-0.522251037950812,7.15364922059299e-05,0.387532883359944
O75396,SEC22B,49,26,-0.256611137238609,0.199739748573789,0.198887543511332,0.386900253736676,8.76032711218398e-05,0.000154637186816166,0.237756765390106,0.51539770388828,0.472811520774071,0.297301351272674,0.118979591836735,0.41431876766498,0.611005986618455
P01023,A2M,52,26,0.238720901633971,0.163597596847534,0.144511265808911,0.322644372362381,8.90668475946397e-05,0.00040943890822453,0.475276863027059,9.94492996141446,0.00161293006935082,0.0940112637980313,0.118756936736959,0.400619715615959,0.719405170977637
P00740,F9,52,26,0.206072328690611,0.117756926391489,0.08012167308243,0.235612066315097,9.78359280554743e-05,1.89689323633992e-05,0.000549574975875216,13.0248002498332,0.000307392864127115,0.491217134370672,-0.207803295483651,0.139086126876157,0.675426317554939
P43652,AFM,52,26,0.379489420675128,0.322815647836983,0.239770428468892,0.435818014099339,9.85935621372029e-05,9.85935621372029e-05,,2.83005192027793,0.0925153684690522,0.0925153684690522,0.244950746987336,0.0800841105745247,0.39862205239159
Q86YW5,TREML1,52,26,-0.243483277792026,0.300887349378205,0.418390109548804,0.599640741421988,0.000105500390566969,3.43804629979127e-05,0.000568848928387586,9.50762092546051,0.00204620283200713,0.340846282525147,-0.46572184751985,0.000577930784680272,0.611189561088443
P07358,C8B,52,26,0.33464739017672,0.158281545583692,0.0344935793210041,0.153260965495906,0.000111105651906096,0.000115471376322391,0.751229794550501,3.91505731862346,0.0478553834448259,0.0505358857067025,0.343549901818492,0.0130261983322183,0.350890344862478
P06241,FYN,47,26,0.0173981938569003,0.103048927784898,0.865926976044601,0.923296879219399,0.000112366763294319,0.000112366763294319,,0.292977802542231,0.58831857337271,0.58831857337271,-0.10728072282346,0.472911268887741,0.802644701273648
P26927,MST1,42,23,0.358802378082839,0.229022333158103,0.117191887999088,0.288314437832152,0.000124668602094839,0.000239550979038172,0.179199646541815,8.418623061217,0.00371396955109942,0.0259004193313208,0.457742484401588,0.00254169054407105,0.890349991862449
P02647,APOA1,52,26,0.113698741685082,0.0469916823405977,0.0155397090410548,0.0956952339154999,0.000125215852077747,0.000139920962223345,0.0322416596739746,8.10633753973127,0.00441107605968434,0.730983621403391,0.212242807137369,0.130696759964382,0.268215902458441
P00747,PLG,52,26,0.0902779152900833,0.169894270717358,0.595157526311609,0.742145583657333,0.000149569976419676,0.000149569976419676,,4.28221741727485,0.0385130737061527,0.0385130737061527,0.123402727087651,0.383439788274734,0.155054235123688
P02746,C1QB,52,26,0.322410950132365,0.184349817524082,0.0803068489900094,0.235612066315097,0.000153384076481519,3.41402611949666e-05,0.00309850578835284,0.22772887102151,0.633212973725129,0.192684803426734,-0.00119525313753949,0.993506261399464,0.537395467959861
P25311,AZGP1,52,26,0.188438830130132,0.223376974668449,0.398897933439571,0.582511632480281,0.000153982923362905,6.66326712937024e-05,0.00444087133573076,12.1314816775008,0.000495777138800731,0.491270030302886,0.392299154785281,0.0042704604657811,0.761609608180358
P18054,ALOX12,52,26,-0.121842735245411,0.112919632951729,0.280578050478511,0.472456425842375,0.00015664950708017,0.247054684562438,0.715903865463478,5.01035085928199,0.025196200217286,0.379434437581657,-0.150772645778195,0.285096618262624,0.33500752447653
O60496,DOK2,50,26,-0.0190482404048642,0.0884685105198627,0.829524880983857,0.903671944488384,0.000163018131393054,0.00022224003296324,0.240947719904868,1.07874500950792,0.298978475635,0.0901817614628581,-0.0357743097238896,0.804732167480596,0.5584671378928
P12814,ACTN1,52,26,-0.424373296856919,0.112463824702735,0.000161024574048357,0.00802525699692618,0.000164217159090515,0.000211049968061272,0.322971420979094,1.7412624405701,0.186978946652943,0.322556869206261,0.0411508580210023,0.771529556900436,0.483254675194364
P12259,F5,52,26,0.146748884697173,0.0927472728122542,0.113593710090549,0.28352549610646,0.000166021125459494,0.000827068624656548,0.769807374983167,8.19470553886871,0.00420128126282308,0.116567977797841,-0.136088107231281,0.335031739239939,0.227989503925915
Q12931,TRAP1,48,26,0.0910354436827169,0.320014456029541,0.776047991201438,0.870097348625705,0.000172001377073302,0.000172001377073302,,4.14312889432184,0.0418038320056747,0.0418038320056747,-0.142928192575768,0.332484918313036,0.990208922442126
P01009,SERPINA1,52,26,0.243542785408612,0.119320919622207,0.0412435066518238,0.164117665441389,0.000195365575661469,0.000195365575661469,,4.30417893122667,0.0380188434958889,0.0380188434958889,0.157606978251757,0.264471830889788,0.220789141007891
P23284,PPIB,47,26,0.158739920593804,0.171555593865167,0.35481130468156,0.541148534780859,0.000210885206613746,0.000212397957500474,0.126288881216061,2.09539643046897,0.147743385252009,0.182096638823175,0.119449583718779,0.422647965840803,0.803175773247515
P00558,PGK1,51,26,-0.0105161887588357,0.111715658624965,0.925003089406966,0.952964814333771,0.000226495860845937,0.000234893174892092,0.0711019297660674,3.54210999430762,0.0598293068319874,0.944012514759937,0.112850678733032,0.429278931838431,0.0777764836134835
P02745,C1QA,52,26,0.143277371918578,0.271377355574988,0.597524584172925,0.743896440408678,0.000243055274454662,0.00062575230589443,0.945689234860522,6.5915758943861,0.0102462431817075,0.178938076973087,0.101084265346197,0.474691966597331,0.87797467030421
A0A0C4DH31,IGHV1-18,50,26,0.481058296751756,0.254207388206419,0.0584396777547135,0.193131977187751,0.000256843761454775,0.000102917676793889,0.00111989818745904,4.27734085596914,0.0386237287003095,0.416670164163082,0.242833133253301,0.0893589613386883,0.839070535035201
P50453,SERPINB9,49,26,0.0100199397352489,0.105449995937255,0.924298330055057,0.952964814333771,0.000257426105288626,6.19187260388226e-05,0.012845383389578,13.2773774242516,0.000268628014333553,0.0975741050264729,-0.325204081632653,0.0230461706203326,0.0468256176284113
P02786,TFRC,50,26,0.249693819987506,0.174851637171278,0.153282505185956,0.331684004161402,0.000259292868561347,0.000285556897848681,0.192713914685667,0.00996467552554151,0.920484672137348,0.973589466769966,0.104345738295318,0.469652644494797,0.613264332668609
O15145,ARPC3,52,26,-0.0215042465863794,0.205216104598677,0.91654379475025,0.949101985850628,0.000291640154330333,0.000494204514440483,0.0858499149266292,1.01428014951878,0.31387962669175,0.915469781054999,-0.20899854862119,0.136788614395846,0.684708944145807
P35542,SAA4,52,26,0.442006695286363,0.175118987196594,0.011601592029903,0.0811061524262453,0.000292243305966496,0.136607739579751,0.999741822537839,6.26670789498334,0.0123027519503582,0.905615364817243,0.305557927089559,0.0280120427268575,0.353323343543744
P17858,PFKL,51,26,-0.106330888653251,0.0972714578801527,0.274334289175471,0.467445453271144,0.000317641156012395,0.000569508610684339,0.595591974964272,0.172958024103542,0.67749618777563,0.533328515099444,0.144434389140272,0.310921162234412,0.868521582682769
P02787,TF,52,26,0.124257210964893,0.25148861897573,0.621244868558678,0.762208390545361,0.000343405172987645,6.40285108265455e-05,0.00221893980450294,9.25112742620662,0.00235350488021279,0.24771713839928,0.153760778622044,0.275571987215359,0.453319204984304
P08670,VIM,50,26,0.156130630680553,0.173006893684604,0.366816153523557,0.552369353990151,0.0003614294482381,0.0114291205837554,0.907521977057122,8.56359429189411,0.00342951669905929,0.0664407171384958,0.0463385354141657,0.748677116963103,0.78444444298096
O75390,CS,51,26,-0.0376272199476097,0.133436487617922,0.777954253595096,0.870400398726551,0.000427314913041978,0.000996441776458348,0.0322111872652563,7.8418958149617,0.00510490415548677,0.437347721868985,-0.207420814479638,0.143869351232359,0.650284232112526
Q9Y6W5,WASF2,39,24,0.0369828374641178,0.102442652924372,0.718091859685806,0.829970570664037,0.00045355407431836,0.000919843827947372,0.538561692018786,5.21001225588528,0.0224571764072521,0.338349588852892,-0.0376518218623482,0.819603010362611,0.374817624602184
O75636,FCN3,52,26,0.252976140939078,0.213378377903324,0.235790049275086,0.430976926346809,0.000455563908394087,0.000455563908394087,,1.87747221208517,0.170621725652413,0.170621725652413,-0.0340748529882013,0.81047468011712,0.616658983549368
P49720,PSMB3,52,26,0.11656849689988,0.150865071278315,0.439719344624257,0.620425924606829,0.000480641305471336,0.000865211010729122,0.365308132232408,2.90799947265203,0.0881411448539213,0.943249727496745,-0.285409374199607,0.0406344448026762,0.484531754263066
Q5M775,SPECC1,50,26,-0.161264018601415,0.131877606509553,0.221393553747049,0.417137854316087,0.000497490158490818,0.000880705513863163,0.107979829018763,1.34227531450697,0.246633110192142,0.872062244413135,-0.0547899159663866,0.70473393308246,0.30465142439538
P19021,PAM,52,26,0.289393473150968,0.161611051419145,0.0733448640418446,0.226084585343282,0.000626872789461225,0.0027798004165495,0.682919538888411,1.94172825968895,0.163481005185935,0.842860939896713,-0.169128318961837,0.229960313801032,0.728788504711304
P04070,PROC,52,26,0.0374620837829352,0.0993973264261879,0.706253667748462,0.824763353493102,0.000675601812446568,0.000675601812446568,,0.637481653110912,0.424624200939025,0.424624200939025,-0.149282362268563,0.2908518695715,0.509717353991551
P02749,APOH,52,26,0.266588585819046,0.221473187476027,0.228703265186308,0.423169514626163,0.000727175641927103,0.00225570843060201,0.78944024293279,1.64331712571408,0.199870952192671,0.0800325923850392,-0.268761205498164,0.0543266952142757,0.856365754671564
P0C0L5,C4B,52,26,-0.00492773408449016,0.0719498520815973,0.945396811422631,0.968274710915433,0.00075576947057577,0.00075576947057577,,0.40425652156196,0.524899158739112,0.524899158739112,-0.149584291345674,0.289866111793795,0.712209412339303
Q03591,CFHR1,52,26,0.637982653586732,0.314459159491678,0.042476101998058,0.164117665441389,0.000756582052954093,0.00147868497298088,0.426976157705647,5.39538376157694,0.0201900851006858,0.0758836008927005,0.158541791172202,0.260778618837686,0.954172307197566
P22695,UQCRC2,52,26,-0.233387055806166,0.0964652872723489,0.0155466043448482,0.0956952339154999,0.000799275910413281,0.000799275910413281,,1.75700263934924,0.184998819335913,0.184998819335913,-0.172660299381987,0.220943756669136,0.700902506544779
P01591,JCHAIN,48,26,0.466079210383251,0.462121979028331,0.313184175573372,0.505670781741117,0.00093560579156983,0.00093560579156983,,0.651097113986741,0.419720705609884,0.419720705609884,-0.207087974413126,0.157864446245646,0.364223808096576
P02760,AMBP,52,26,0.141831160618377,0.132910680006506,0.285919296573171,0.477006284674888,0.000975339971117153,0.00830364186605995,0.105391144583675,6.8084978580217,0.00907250538392657,0.36897586538102,-0.122598821821907,0.38546648355715,0.174940379911169
Q9UI09,NDUFA12,42,25,-0.226118454475258,0.115345902501772,0.0499547797136847,0.179907073794039,0.000981434743578342,0.00110533632214657,0.0418692030233661,3.65557596139108,0.0558818306861932,0.120812285747159,0.0227696296896524,0.886079445532392,0.622483403340012
P04196,HRG,52,26,0.0848316684288381,0.146875688471448,0.563551353139202,0.716490349085982,0.00107279748087691,0.00149955028612809,0.0875689749065032,3.65107431340692,0.056033057263615,0.216462096328956,0.301033040211731,0.030513555656063,0.232160892485642
Q06033,ITIH3,52,26,0.145402203469483,0.10168921318242,0.152754762201305,0.331684004161402,0.00110630375181565,0.0315626319301095,0.889655810777686,4.34736654990653,0.0370662194264245,0.187214636601615,0.0236489370784598,0.867596949197765,0.24535212755647
O15327,INPP4B,51,26,-0.200439696469557,0.0903543399871479,0.0265293590769461,0.129724393079066,0.00123741337574175,0.00157574369907086,0.132483822555383,2.62134156616607,0.105435265507748,0.270058427349449,-0.141809954751131,0.31986697652083,0.567294943670205
P26038,MSN,52,26,0.120525617554407,0.130192252690649,0.354575359464523,0.541148534780859,0.00132031643840556,0.00207489788919512,0.0599557724064365,2.17997265116088,0.139816946332104,0.0732607969408517,0.00469563732604798,0.973788864226274,0.334331979622494
Q969X1,TMBIM1,50,26,-0.134692759565851,0.123281588439544,0.27458622334223,0.467445453271144,0.00139047326715993,0.0200174607453796,0.597895358335101,0.665250870976115,0.414712285944503,0.678115315087598,0.00744297719087635,0.9591966037095,0.525039523685186
Q92598,HSPH1,51,26,-0.0242807757778211,0.0921343133938335,0.792136916450086,0.876684481314744,0.00145235293108074,0.00311243887136996,0.0967962158020227,4.77042696545021,0.0289526445235877,0.527995640522504,-0.0286877828054299,0.841284899167307,0.685257834301661
P35443,THBS4,52,26,0.165945929884844,0.101754076495027,0.102921363889877,0.268972230766459,0.00147169402343725,0.0476088168636649,0.588833343188038,5.05057410406944,0.0246177802734347,0.197365536765762,0.0600187825493042,0.671709739621521,0.0832200628963085
P49747,COMP,52,26,0.255375155483966,0.145272791145916,0.0787643900369334,0.234021120398196,0.0015374232098993,0.00776779976452612,0.806999306287374,7.6918609206847,0.00554704027796628,0.0426750412733733,-0.105523776999915,0.45542333911866,0.39472531394802
P01871,IGHM,52,26,0.171871448624806,0.0708761591241781,0.015310312854884,0.0950203568378225,0.00154685825344554,0.00503951112815322,0.187544302382178,16.7943968821408,4.16561192376997e-05,0.929087442634697,-0.380773499530436,0.00563862978009784,0.492653432509339
Q15582,TGFBI,52,26,0.265972126653821,0.122627183906349,0.0300865444460389,0.140434172716405,0.00158623175813811,0.00158623175813811,,2.92419188277509,0.0872609051300036,0.0872609051300036,0.231838398495674,0.0981705157305147,0.0756527168620281
Q9H6Q3,SLA2,48,26,-0.0129698814329057,0.138161380412488,0.925208557605603,0.952964814333771,0.00172561649950884,0.00172561649950884,,1.1796773206488,0.277421696440544,0.277421696440544,0.128379896156615,0.384517445395655,0.215743374886547
P02763,ORM1,52,26,0.14904663388411,0.234792860689974,0.525558513486211,0.686961001130454,0.00177333398528417,0.00177333398528417,,1.20998162072954,0.27133576189066,0.27133576189066,0.140008826328736,0.322192598669311,0.984108657225373
P05106,ITGB3,52,26,-0.328962690338359,0.171103781628426,0.054531361933875,0.185320413862917,0.00179604757532163,0.00179604757532163,,0.0413519342668951,0.838860109670048,0.838860109670048,-0.0872575032849763,0.538487347777189,0.608586293571724
A0A0C4DH34,IGHV4-28,50,26,0.601511963524748,0.390113879563718,0.123100778865092,0.295250661341945,0.00200439331783761,0.00200439331783761,,2.85616052527031,0.0910245288826455,0.0910245288826455,0.243307575772254,0.0886390805769473,0.999189885408172
P61978,HNRNPK,51,26,0.033801614808138,0.0687652899144492,0.623037121500067,0.76225981992015,0.00201744027181332,0.000479905776084108,0.0359536899636638,2.40990523526859,0.120569664651812,0.0309596805999644,-0.141447963800905,0.321113658354125,0.987804696238836
Q9BS26,ERP44,52,26,0.058109481415209,0.120704316876924,0.630217970954856,0.766682492224608,0.00217355935413037,0.0166891971620153,0.326031602680267,2.2332519400288,0.135069302935168,0.802798556435923,-0.215999316998207,0.123902439466441,0.938311695821984
P00742,F10,52,26,0.279721081508719,0.133897312044013,0.0367012719497824,0.157228748003735,0.00219698924984879,0.00119707148752508,0.0756842018972017,5.77580657233392,0.0162482616852905,0.478509807522165,-0.189789123196448,0.177314055013565,0.873367571122246
P01031,C5,52,26,0.208878802442608,0.183630554652142,0.255331493980268,0.447571872616141,0.00228849304634639,0.00228849304634639,,8.89413319659677,0.00286088385935028,0.00286088385935028,0.435424861918851,0.00125449750045605,0.270304375912241
Q14126,DSG2,52,26,0.120523165616003,0.135142104385642,0.372486507954766,0.556109194095639,0.00237531978733788,0.0539364497131755,0.683884103100431,4.26107769660198,0.0389951751400301,0.0275969743824818,0.0219414325962606,0.877096707676244,0.946210352717058
P05156,CFI,52,26,0.328443017021281,0.273397141128412,0.229619204723106,0.423849069650178,0.00240114568633495,0.00240114568633495,,6.19446303967589,0.01281505994614,0.01281505994614,0.217388935519664,0.121601733576838,0.564414159307213
P35232,PHB1,51,26,-0.151289186196449,0.122868742698558,0.218207933262546,0.41315105011107,0.00247621739271612,0.00247621739271612,,0.734800924307371,0.391331434567095,0.391331434567095,-0.0567162264706353,0.692612605678621,0.947434390498617
P02768,ALB,52,26,-0.0570564305673065,0.149816030334477,0.703319531435005,0.824524360742405,0.0025122087777547,0.00119334926316817,0.031829469189193,2.47879047556332,0.115390959844593,0.487489501273689,0.245197643643815,0.079901730435594,0.672567026942912
P04430,IGKV1-16,48,25,0.331734330610986,0.232339345473299,0.153349168725232,0.331684004161402,0.00260146748239495,0.00662483437702157,0.325156026901163,0.119881041220614,0.729163545735339,0.338474725215149,-0.0422275293095962,0.775103535841406,0.497658063969774
Q9UHB6,LIMA1,50,25,-0.0196110319982263,0.0869958647912352,0.821648761677313,0.897135927061094,0.00304632576281334,0.00171092285297255,0.0747502285279958,9.4655325533724,0.00209368641008141,0.425390778946225,-0.22593037214886,0.114552917209798,0.725078693067726
P63010,AP2B1,52,26,0.0130794319751528,0.0925224736219274,0.887581666620246,0.937952575049008,0.00310509504724972,0.00310509504724972,,0.67389940940886,0.411695389910358,0.411695389910358,0.0554686847377556,0.696116627026451,0.436334842273386
Q9Y3E5,PTRH2,41,25,-0.183360145727986,0.0936864693460243,0.0503277374336466,0.180749285045741,0.00312138430763687,0.0077718788071138,0.313332879227438,0.0339342892083235,0.853846659910212,0.474236378237536,-0.0945993031358885,0.555064196991605,0.855514137878394
P27816,MAP4,49,26,-0.00461106393228384,0.132758547370977,0.972292879010074,0.98311027360639,0.00320216506546455,0.00320216506546455,,1.3961352084969,0.237371735963588,0.237371735963588,0.265670385450661,0.0650383728238688,0.603065125491067
P02675,FGB,52,26,-0.0932557705646312,0.0953977037327984,0.328298258121812,0.518737873262761,0.00328557505622796,0.00845051182746229,0.977843768618503,5.33343760970549,0.0209200837406818,0.181927029412859,-0.0291129514214975,0.837329523153581,0.750436010751936
P32004,L1CAM,49,26,0.0797767525000906,0.120569750578172,0.50818610778812,0.676902598048121,0.00330260488081864,0.00320968110588585,0.113862355519808,0.00583951944056677,0.939087545246082,0.592549371590646,-0.00816326530612245,0.955712167166694,0.527411322452272
P13598,ICAM2,50,26,0.180331856150104,0.191036175657017,0.345186483831628,0.53206226016848,0.00346632230138267,0.00346632230138267,,0.763079478264758,0.382366522701885,0.382366522701885,-0.0472553917807307,0.744517648089032,0.946591557222783
O00161,SNAP23,51,26,-0.261776946415857,0.227391132384826,0.249642233036435,0.445208083304202,0.00349142950270961,0.0158031077364489,0.975166364688032,0.139141363923813,0.709136109075533,0.578207737055169,0.225158371040724,0.112078049784648,0.865102701213884
P07737,PFN1,51,26,0.332523200684418,0.249626698525469,0.182833285487488,0.369251537357084,0.00352446456182686,0.0267003488735205,0.99521151690833,0.230177900698669,0.63139194918044,0.39235972423801,-0.0281447963800905,0.844255717707824,0.464792979257423
Q02108,GUCY1A1,52,26,-0.240305057206299,0.0986042273481791,0.0148069569010675,0.0926184146240862,0.00358062416205812,0.00358062416205812,,0.562314181453494,0.453329323609456,0.453329323609456,0.142251728044415,0.314423615028115,0.130420544749707
Q9NZP8,C1RL,52,26,-0.0171373610259156,0.153447976770812,0.911075634193318,0.947833559402364,0.00359487114537134,0.0115714175925989,0.526763505422791,0.649639664439216,0.420241538365204,0.00285125751856767,0.0332109621787757,0.814779937365046,0.660201385765998
A0A075B6P5;P01615,IGKV2-28;IGKV2D-28,52,26,0.245262011045,0.184686716841617,0.184181593049792,0.371004643105514,0.00372835159756872,0.0591823506401488,0.569779212471135,3.29134342952211,0.0696460159741891,0.626686577648993,0.0177580466148724,0.900441679149259,0.788606286675633
A0A0C4DH38,IGHV5-51,51,26,0.458812631954458,0.324325927401874,0.157166656069707,0.334582079332542,0.00428088766529099,0.00498259100347408,0.202369936726103,4.10401320120544,0.042781550385347,0.239758749241366,0.109683257918552,0.442409959999366,0.958908468492117
Q92905,COPS5,52,26,-0.183783334203122,0.0904222286876096,0.0421028910966437,0.164117665441389,0.00433470419568966,0.0185866277874154,0.724877781414521,4.32640529146092,0.0375254162007901,0.100672207983093,-0.263980192948007,0.0588888003323088,0.616656107680752
P36955,SERPINF1,52,26,0.248462636848511,0.188762226981333,0.188082404725233,0.373505546658722,0.00433591680677225,0.00433591680677225,,2.09410702478432,0.14786808449857,0.14786808449857,0.0829442307548242,0.55882447740573,0.72249079531022
Q8TF42,UBASH3B,50,26,-0.129545612386571,0.244762532523694,0.596617747549645,0.743366467713065,0.00436074554441757,0.00436074554441757,,17.4243524116145,2.98970990986677e-05,2.98970990986677e-05,-0.579422631037066,1.03878514837382e-05,0.928862429023049
P08575,PTPRC,51,26,0.230385169218881,0.120995305051884,0.0568993045615716,0.189451950024051,0.00510487090466635,0.00510487090466635,,2.73492290838499,0.0981762388820102,0.0981762388820102,-0.0267115131119766,0.852395860728546,0.287058985371518
P55056,APOC4,52,26,0.129279013863676,0.133301307804559,0.332133456110187,0.520583177169374,0.00511443872207646,0.0159620442908618,0.104653926615245,1.01063030670951,0.314751884386269,0.365970249184885,-0.0568598992572355,0.688086135030826,0.218886912493132
P01597;P04432,IGKV1-39;IGKV1D-39,42,24,0.11345810371005,0.244013868534358,0.641955947842927,0.774387394058407,0.00539666347002159,0.00992482823527137,0.0999744644165736,19.7961847414697,8.61544759029808e-06,0.00666384828197148,0.391297301677336,0.0108560280051972,0.828545218587718
P11279,LAMP1,45,24,0.489765864493865,0.278916648209415,0.0790956141269641,0.234248951465763,0.00540757159285395,0.0209704848719409,0.100653712556051,1.14571090745097,0.284448810123358,0.402212260656931,-0.179051383399209,0.238418830550567,0.973349679714214
Q05209,PTPN12,52,26,-0.0673209958969029,0.0687706437556234,0.327619241174541,0.518721856191716,0.00541292397574638,4.59688327750531e-05,0.000304992173512027,3.88743727987425,0.0486486030180608,0.0432105412927899,0.245709894988474,0.0792587560249545,0.429412997415702
Q9Y2D4,EXOC6B,45,26,-0.0797794985904753,0.136093868079667,0.557734836023289,0.712149026161968,0.00551667916638905,0.0850371413776646,0.429125607800596,3.7225163204088,0.0536834110283368,0.00899567649238613,0.375889328063241,0.0113705998113586,0.272732849359498
P49755,TMED10,52,26,-0.102494384147057,0.144414688540601,0.477876106200003,0.653958001841456,0.00556204630403883,0.00647401928116584,0.146581649390417,4.664227796783,0.0307972694776049,0.51044271237169,-0.124391701528217,0.378513748692084,0.643856022846425
Q9H444,CHMP4B,46,26,-0.321845208490298,0.19707161217499,0.102439901481631,0.268709079438235,0.00575544595989199,0.00630487230707519,0.575963494250302,6.66315119699127,0.00984267129478745,0.971438076377388,-0.0856614246068455,0.570234658987205,0.289302139687372
P11274,BCR,45,25,-0.0144577561795304,0.0945365172249878,0.878451086823558,0.934072215514381,0.00586506167675882,0.00736715938243458,0.204171077485832,5.9402565063853,0.014798864777536,0.351167498340359,-0.180368906455863,0.234938092764377,0.613585387853282
Q8NBS9,TXNDC5,51,26,0.122011685723183,0.108665634968666,0.261514975716485,0.45255221727652,0.0060174038640686,0.0169458164267297,0.337796053948543,1.97558313875516,0.1598564882301,0.541667520128232,-0.107149321266968,0.453074397212809,0.664756973204594
P16671,CD36,51,26,-0.088927689637603,0.101108830787004,0.379116977625941,0.562666407715734,0.00628355260674344,0.0119632085337914,0.134895365321918,6.00465969175409,0.0142681457166121,0.757495473119951,-0.200995475113122,0.156914184674097,0.648595608199558
Q06481,APLP2,50,26,0.123835431590552,0.106549855690889,0.245142079164085,0.440400595707572,0.0069850430847348,0.00698599929499383,0.374021881216683,1.97400461226169,0.160023435778229,0.191057820660576,-0.0714045618247299,0.621205549990351,0.196013367969331
P35998,PSMC2,51,26,-0.0321292126705069,0.123188469377778,0.794236353136529,0.877750476105821,0.00713211445399433,0.00713211445399433,,9.45689394860425,0.00210356976340976,0.00210356976340976,-0.397699668679172,0.0038526622633721,0.412843781568602
P11277,SPTB,52,26,-0.149229309770079,0.0681315417426346,0.0285016423413107,0.135492422822538,0.00775751264109983,0.00846962755629799,0.852673556250447,0.166761080948497,0.683006527091489,0.914736382443125,0.0182702979595321,0.897578176069498,0.386677462039595
P12111,COL6A3,52,26,0.304615371109398,0.130837936341439,0.0199020996645527,0.109426135166313,0.00785141273373388,0.0148229273870215,0.8852395546037,9.14352141935844,0.00249600257382809,0.00393597005905538,0.433279262358064,0.00147208276898556,0.0074533121142999
O95810,CAVIN2,52,26,-0.359201676051702,0.0928783371966095,0.000109982519935627,0.00648137914431768,0.00827757664836412,0.01051101264676,0.155942113996152,4.15368030583299,0.0415441353874005,0.584433343018681,-0.0677025527192009,0.632518242523238,0.60579727407992
P37840,SNCA,52,26,-0.11898250176434,0.114191421830734,0.297431816581775,0.489384618337425,0.00837777838701389,0.139896403957353,0.891431147186741,0.493924469335763,0.482181891882516,0.0309169761154323,-0.090668488004781,0.521565691590682,0.426337326466551
P10301,RRAS,42,24,0.203358881689883,0.129209084928072,0.11551647026517,0.285556714495499,0.00868035841591918,0.002143872386353,0.0104062015981606,5.84442586296038,0.0156264717322111,0.908589340489448,0.153553196661535,0.330405247908331,0.896895020458977
Q9UBC2,EPS15L1,50,26,-0.161492597717218,0.102358309050035,0.114630294500981,0.284732805472693,0.00894077324749957,0.00894077324749957,,0.0261426170845474,0.871552510085838,0.871552510085838,-0.164682100565476,0.253101316820763,0.205067162101073
Q9Y3I0,RTCB,43,26,-0.160134157393551,0.0811214473443318,0.0483811537673321,0.177550789953749,0.00903924396914413,0.474542185320701,0.36671031296151,2.28735251215417,0.130432239812259,0.109941443740002,-0.222742373905165,0.150744562458582,0.0218977748068878
Q9UH62,ARMCX3,45,26,-0.0406564114631194,0.106122190843663,0.70163863201652,0.824524360742405,0.00907493075987886,0.00920015263763158,0.377550734438214,0.190818952752868,0.662235882599741,0.61480710150378,0.0455862977602108,0.76559447314102,0.842502732250443
Q6IAA8,LAMTOR1,46,25,-0.101251041743658,0.19019694082223,0.594484699408739,0.741905380118337,0.00911992067111113,0.00567874975890479,0.209278874631217,0.00613218429448332,0.93758284350468,0.181015548391933,-0.0892383595436324,0.554186944369926,0.274269842439604
Q5VWC8,HACD4,50,26,-0.398269239301008,0.122420367962524,0.00114076090084247,0.0234996745573549,0.00928728408066717,0.00928728408066717,,0.0850180446541678,0.770608885811291,0.770608885811291,-0.162001663856178,0.261015019935201,0.526322825124835
P18085,ARF4,51,26,-0.166221704232752,0.153528750147103,0.278952806589839,0.47154070783724,0.00942952374168643,0.00815489618547411,0.0735342830198583,7.87806625858366,0.00500379565536369,0.28351935438974,-0.250045248868778,0.0769433689459582,0.390589806715608
Q13418,ILK,52,26,-0.0117165933924412,0.0781795970511769,0.880869025847206,0.935355769714043,0.00958865190018194,0.198728593571893,0.563910604072845,0.898595159059533,0.343158680100086,0.662148237420372,-0.0205754290105012,0.884709060585513,0.360683240372038
O00629,KPNA4,48,26,0.236942710906608,0.215489280709996,0.271525259025401,0.466118361326939,0.00961913661328613,0.0102406052279866,0.667981413347706,8.53538323634049,0.00348307983835732,0.0304679016500706,-0.310898827616153,0.0319292883428244,0.0162977609797208
A0A0B4J1V2,IGHV2-26,49,26,0.624237904089325,0.323554242243258,0.0536918257505116,0.185320413862917,0.00962372392629787,0.00962372392629787,,3.49387003871598,0.061596430332308,0.061596430332308,0.172324403084649,0.236407926821435,0.837007241420424
P42566,EPS15,51,26,0.170934901003958,0.148427829421136,0.249470489796925,0.445208083304202,0.00974691491343656,0.0086233025097622,0.701743644811141,9.1242305752732,0.00252245953023801,0.155582687082534,-0.387782805429864,0.00520807573654804,0.312991015818273
Q92882,OSTF1,52,26,-0.0932479843342141,0.115140475958329,0.418019053713055,0.599640741421988,0.00990502355579513,0.0130109633838714,0.541501286501074,8.56520947007741,0.00342647549359077,0.170074302947926,-0.0780329548365064,0.581393190256684,0.237942932077487
Q13103,SPP2,52,26,0.323343085446538,0.131011892706198,0.0135853707200813,0.0870929367739652,0.0101398497982005,0.00847645373709021,0.703912561148868,1.27064162442961,0.259646346108298,0.36125095864434,-0.127209083923845,0.36774169277714,0.576600269789868
P62256,UBE2H,49,26,-0.00571856052591627,0.122584624910009,0.962792260634683,0.977341683758597,0.0108165657029364,0.0108174881983707,0.176510789850947,0.57261704104373,0.44922084407746,0.690598349096444,-0.10765306122449,0.460383544015599,0.179757883877814
Q92823,NRCAM,38,23,0.123006769174248,0.188243432854953,0.513469301883537,0.681218222966185,0.0108912521881334,0.0108912521881334,,0.0376275422973794,0.846192951116749,0.846192951116749,0.183621144569624,0.269801231088271,0.730593806270115
Q8NBM8,PCYOX1L,48,26,-0.205889938358715,0.102886548870775,0.0453777760089946,0.170517299791322,0.0109603082482375,0.242811277419332,0.777338033507829,2.69977300368653,0.100362534849531,0.621088304656964,0.203647416413374,0.164619903962116,0.451212580927849
P02654,APOC1,52,26,0.386475124989776,0.169578545194649,0.0226650951530894,0.118645522421439,0.011261948302926,0.011261948302926,,2.26684541182588,0.132168689828071,0.132168689828071,-0.0443404416099633,0.754946001873553,0.916920123667472
Q7Z434,MAVS,52,26,-0.239968518068623,0.167582638376167,0.152160592249637,0.331110021162943,0.0115977087486119,0.0208530871213837,0.273496717138762,7.43140484323494,0.00640952846252337,0.391083694146089,-0.298727909160762,0.0318582798949482,0.50232110233446
Q93008,USP9X,44,25,-0.120679067984217,0.107557716330258,0.261865166501753,0.45255221727652,0.0116600212099868,0.113890757848993,0.998961566115272,3.25044800971805,0.0714039384549611,0.660644027057363,-0.286116983791402,0.0600587785880325,0.643539349139333
P05198,EIF2S1,48,26,-0.151479278535582,0.126840585271388,0.232380468572072,0.427923508872289,0.011717718510949,0.0332074703007879,0.756474299163173,0.173197194068403,0.677285852087899,0.722465525933065,0.0767477203647417,0.603088989622291,0.8934262846959
P20340,RAB6A,45,26,-0.168523600815998,0.169780547697773,0.320906563911523,0.512190745086057,0.011768197721233,0.00704284462630475,0.488706686921671,9.74269066345058,0.00180037171086484,0.169193630324277,-0.480632411067194,0.00095401177459887,0.894578376975426
P55145,MANF,44,25,-0.047846672949637,0.0929476538064335,0.606713682235624,0.752305488807414,0.0120126349914633,0.0452364625418813,0.0963285028113699,7.85596888955848,0.00506532004175815,0.690347171711135,0.416067653276956,0.00529987436382628,0.678965410519277
P06753,TPM3,52,26,0.0245710918969041,0.174758379648228,0.888185660183614,0.937952575049008,0.0121442083661945,0.0350116271695495,0.113346931192291,8.35525246591402,0.00384574030215793,0.200415445661108,-0.299154785281311,0.0316055813619336,0.869236570827036
Q96IX5,ATP5MK,43,25,-0.143732461129037,0.14224815314064,0.312287099714369,0.505218396920104,0.0123497111021925,0.0123497111021925,,0.557780178173493,0.455156027708011,0.455156027708011,0.20627966611144,0.184464943958564,0.563076376038548
P16452,EPB42,51,26,0.484824420522327,0.202105606830838,0.0164458980602825,0.0992535644653767,0.0126115393818179,0.00962999618418633,0.521230528076295,0.120042830597293,0.728988040951743,0.0976586345227313,-0.178280542986425,0.210048791977023,0.206128725549242
A0A0C4DH67,IGKV1-8,47,25,0.569779290422982,0.269587514950612,0.0345560675354999,0.153260965495906,0.0126235297336936,0.034475983948048,0.206051809243325,4.52282286485232,0.0334456044310934,0.863488013483619,-0.324583718778908,0.026477943951174,0.526975213755946
Q16512,PKN1,49,26,-0.0492308371075414,0.104236000722264,0.636711479263603,0.771544498401778,0.0127322854451419,0.0150956962796119,0.383804199234184,0.0896189143508183,0.764662187193584,0.169019951578141,-0.0561224489795918,0.700921985009293,0.785190886047076
P17987,TCP1,52,26,0.0469646938190698,0.0745807753355703,0.528880532608186,0.689553099476495,0.0129791774960393,0.0129791774960393,,0.643334754350072,0.422505807821933,0.422505807821933,-0.0753097383764551,0.59568257464161,0.601492301324866
Q99719,SEPTIN5,50,26,-0.0446488933504938,0.137875671012413,0.746063366144818,0.848806469904277,0.0132731887445851,0.0132731887445851,,1.91062988313268,0.166893307012415,0.166893307012415,-0.146731123711119,0.309239090704033,0.86394694804498
P10124,SRGN,52,26,-0.283545349003062,0.150820779526279,0.0601060145039904,0.197163041207357,0.0133540240103771,0.00267226557045768,0.000573359186763496,6.9981597695874,0.00815935520083587,0.22845910870935,-0.0287714505250576,0.839214832009573,0.460808478612087
O75069,TMCC2,51,26,-0.056436097698985,0.117726511652729,0.631666128546689,0.76687250699292,0.0134457904234887,0.0119481519448505,0.357074630321715,0.773492267080419,0.379138855081098,0.115516282129799,0.115384615384615,0.418935396753954,0.451165758363764
Q8N0U8,VKORC1L1,41,24,-0.345907365647172,0.167221123534017,0.0385871485655257,0.161922862636038,0.0135929293366067,0.00541103055535675,0.125328874540872,4.64475272314513,0.0311486244338255,0.132226640765596,-0.0942508710801394,0.556528543184128,0.908583077092582
A0A075B6S5,IGKV1-27,47,26,0.454458671048045,0.192327763746385,0.0181306797388257,0.104522015658529,0.0137842224808299,0.0129847658696431,0.0926884651717032,3.84980726621873,0.049751707442891,0.104199386907469,0.136794634597595,0.35804490954889,0.907110582757094
Q16762,TST,51,26,-0.178687517371507,0.11945393815686,0.134687633833271,0.31058566309314,0.0137917374921367,0.0287628296312605,0.989626002932197,0.286445534845352,0.59250737103347,0.415207053141149,-0.0368325791855204,0.797009745215749,0.923675938396476
Q13546,RIPK1,40,24,-0.0909418952819281,0.12461143075539,0.465510123381267,0.642154589842909,0.0138618784091467,0.0138505865760211,0.0529428307590227,1.6320670032041,0.201417391194457,0.202757019201859,-0.201500938086304,0.211702853948367,0.200559659466421
Q05397,PTK2,50,26,-0.139326523370968,0.0662786385111684,0.0355416134283043,0.155999411212302,0.0140252232540142,0.267083168287498,0.908048453167872,4.69724020991557,0.0302110913709018,0.589056747402719,-0.0351980792316927,0.807820951350167,0.462976182378759
Q9H4A9,DPEP2,52,26,0.253840925733663,0.160101929939204,0.112853747098403,0.283050388420507,0.0143690678767232,0.0283143551059421,0.36341038847509,6.4215895422709,0.0112741205656318,0.0297209550793723,0.235891744215829,0.0923189465364537,0.345998162610647
P56385,ATP5ME,44,25,-0.144324184735227,0.0873913035677257,0.0986424813897153,0.264587905810955,0.0145833057418094,0.0289361420167855,0.359391047290419,0.497227879959347,0.480720706664513,0.847823765361382,-0.0408738548273432,0.79170896661703,0.606797073322473
P47755,CAPZA2,52,26,-0.0274106797263903,0.196662295772103,0.889150321998817,0.937952575049008,0.0148274215586584,0.0148274215586584,,2.55885362774563,0.109678087936818,0.109678087936818,0.20479417973162,0.145287883742749,0.621047256646608
P00450,CP,52,26,-0.052189772083841,0.0907544340556296,0.565246790234567,0.717589392697129,0.014990151703083,0.0737968709095158,0.683272641808769,0.724967623317716,0.39451925711851,0.100726165815166,0.0913514897976607,0.518422305209088,0.762010343838018
Q02818,NUCB1,52,26,0.142189163550507,0.0944801067436448,0.132333321072517,0.306989461046605,0.0149925047260866,0.0417300234357396,0.110231048265238,1.72510366412782,0.189037414688548,0.972075077689406,-0.109365662084863,0.439102077904311,0.998420334408602
P0DP08;A0A0C4DH41;P01825;P0DP06;P01824;P06331,IGHV4-30-4;IGHV4-34;IGHV4-38-2;IGHV4-39;IGHV4-59;IGHV4-61,52,26,0.474704458332436,0.23681282349103,0.0450105832446407,0.170001775730506,0.0153744426955775,0.522782554563739,0.518239030355633,3.72680674756525,0.0535456687182911,0.088688860214982,0.187740117817809,0.18210430686027,0.33544048528805
Q2PZI1,DPY19L1,45,25,-0.290911802205423,0.128204035142486,0.02326033617647,0.12023933487706,0.0157676877909441,0.0342041347750041,0.0606324345614994,0.521928852766191,0.470020046123776,0.708442242282646,-0.0401844532279315,0.792751256685944,0.766143882409208
P07195,LDHB,51,26,0.284112913501329,0.192386610444882,0.139734319823848,0.317018390789787,0.0158038419287752,0.469746399515765,0.535981994026632,3.8366081550684,0.0501448655459496,0.0341944662152565,0.186968325791855,0.188398553082836,0.151643355709612
P08238,HSP90AB1,52,26,-0.224306885387746,0.130638637014971,0.0859786885816816,0.24329134406355,0.015889271007475,0.00122025303394723,0.00798688057508664,7.98678544530589,0.00471200030739063,0.5302292374693,-0.222060957910014,0.113511177892769,0.220882118578153
P32119,PRDX2,45,25,0.129189873698169,0.199405745731913,0.517066203160035,0.682873545267904,0.0163244395511346,0.0346988630015051,0.884300225374787,2.58115562966432,0.108142684279689,0.339544540461281,-0.0474308300395257,0.756383525587785,0.316017437441959
P54709,ATP1B3,50,26,-0.0892479634993449,0.0846982385466929,0.292012559223912,0.483040047110219,0.0165200867118598,0.0217186076445961,0.0798214149704392,5.30217111865249,0.0212988602535929,0.531471186055775,0.141608643457383,0.325572285963911,0.881268011201856
Q04637,EIF4G1,52,26,-0.173995186886676,0.0593243469392744,0.00335760811641024,0.043592475124822,0.0165426996489778,0.057991097386855,0.514031181540907,1.69331885879959,0.193164047729593,0.920051862311964,-0.145906258003927,0.301068602092208,0.856589536974495
P27105,STOM,52,26,-0.233136929472094,0.149084214585214,0.117866065357571,0.289303504939952,0.0165725131955336,0.0158516183107169,0.453613689638191,6.82774249536483,0.00897526341101901,0.100569757707495,-0.219328950738496,0.118108331749969,0.79219943154132
P05543,SERPINA7,52,26,0.25464013108992,0.258898673317995,0.325336171826857,0.516061997405025,0.0166838164687872,0.0166376388088338,0.101502724831429,3.48454821378745,0.0619442675821277,0.069266821693773,0.221890207461795,0.113794404657578,0.63903728274453
Q9NRL3,STRN4,47,25,-0.0832555761773066,0.0981318619740971,0.39621238064878,0.579685727369664,0.0167038426051665,0.0167038426051665,,2.67005974512388,0.102252185036361,0.102252185036361,0.202877474200089,0.171413266620497,0.46253625725713
Q9Y6E0,STK24,52,26,-0.0932803741686165,0.0871053851875726,0.28421843729662,0.475968024982543,0.0167897493909433,0.0330794460603108,0.814187369635832,1.90416979569496,0.167612327923624,0.921912629020392,-0.228720225390592,0.102882755799463,0.938574019057631
Q9P270,SLAIN2,52,26,0.0382997011998781,0.10771631103568,0.722169480465064,0.833272477459689,0.0173592927436698,0.0116983247224352,0.0853742730958873,4.78894670035732,0.0286429370348564,0.50210195814397,-0.299069410057201,0.0316559863776233,0.795053157801836
Q13637,RAB32,49,25,0.0705358953695092,0.10906587850822,0.517808366686611,0.682873545267904,0.0174041421554325,0.024611313096054,0.681650027844254,4.27840095176481,0.0385996455395275,0.509387191975056,-0.118775510204082,0.415124465542784,0.479227449529376
Q96K76,USP47,51,26,-0.0180103299818539,0.0841666090399438,0.830559327620392,0.903671944488384,0.0177111026322637,0.0193526562946191,0.364824928294,0.0957345178710214,0.757009701616084,0.588783211971854,0.0139366515837104,0.922640299660526,0.830042947519246
Q7L7X3,TAOK1,51,26,-0.159624036931057,0.069457661996589,0.0215533262154172,0.114827203457999,0.0184599954656415,0.0171215491306606,0.082796637510263,0.00599275670760829,0.938295080809158,0.590524210943845,-0.128778280542986,0.366692070707545,0.174590476067131
Q9BR76,CORO1B,52,26,-0.0506908991050795,0.139389566606798,0.716109294723919,0.82937695678295,0.0188112425244687,0.0188112425244687,,0.619481176793091,0.431240149239213,0.431240149239213,-0.171107521271133,0.225187836487636,0.828335996835207
P13645,KRT10,43,23,-0.324857497865976,0.31548720463155,0.303150374456389,0.496151831075339,0.0200109403021515,0.028756768350284,0.581814706723127,4.59187955207558,0.0321237687417055,0.105865698268199,0.226366656599215,0.144081672086234,0.081790591258963
Q709C8,VPS13C,50,26,-0.106044584254653,0.0735659254937443,0.14944615340974,0.328193154309393,0.0201115606952402,0.0201115606952402,,0.992630573221418,0.319100288242548,0.319100288242548,0.337292285368365,0.0166044564332158,0.167862694121441
P13716,ALAD,45,26,0.0607263427669491,0.100779342384335,0.546796536310746,0.704261633323672,0.020274856960694,0.107130532326705,0.99792109659164,5.36008607451628,0.0206027567522775,0.0644880169780383,-0.150065876152833,0.324021222152394,0.260561570996759
P14151,SELL,52,26,0.740508479497052,0.199424005210918,0.000204625565219424,0.00978296421251141,0.0206106533931239,0.016490762987137,0.132324469217707,1.3555291677012,0.244313821199547,0.318998293442701,-0.330316742081448,0.0171755219115531,0.0664659203895728
Q86VP6,CAND1,52,26,-0.00991337883984925,0.0776922594041109,0.89846709436086,0.942384019543469,0.0212062464106136,0.0164708952175592,0.133666422205135,4.23869457391995,0.0395125374114238,0.0646499341342874,-0.398702296593529,0.00364493952822612,0.437023670096307
P49257,LMAN1,44,25,-0.193537505039679,0.165070419313105,0.241014753232696,0.436619042580319,0.0212377072275987,0.0212377072275987,,2.26785996322173,0.132082178055677,0.132082178055677,-0.125744251986834,0.416036642532921,0.877716332908917
P10645,CHGA,52,26,0.479752821279129,0.146457545789012,0.00105395771867544,0.0226161760465772,0.0220360586556859,0.524160274420396,0.794789737457791,2.67434056990956,0.101977558617322,0.302303926028646,0.0644582942030223,0.648950875374951,0.576364178255937
P01718,IGLV3-27,49,26,0.216543197187358,0.219070557117283,0.322925818955999,0.51343474645371,0.0224048122651426,0.0637549161618863,0.602057522463801,7.86169991208417,0.00504928983592466,0.146752527377488,0.277244897959184,0.0540996626483778,0.21607155771211
O43182,ARHGAP6,52,26,-0.192070684495558,0.0832531768520692,0.0210510668532993,0.114118941362622,0.0226140068595245,0.0226140068595245,,0.657604162843735,0.417407040211969,0.417407040211969,0.158124570955375,0.26288624140073,0.161861853424758
E9PAV3,NACA,49,25,0.0535274199401452,0.180367500709843,0.766643140382145,0.862272925503174,0.0230572291463905,0.0101865880225004,0.355466827809937,8.93904586339004,0.00279138491260277,0.121991804766968,0.00520408163265306,0.97185905817258,0.622109901310948
A0A075B6K5,IGLV3-9,52,26,0.288732490452136,0.162858185749813,0.0762440443422799,0.230315825572477,0.0231802012511326,0.112358820798069,0.448660479187291,1.12955572072465,0.287870124286398,0.93902739250207,0.229317851959361,0.101968077279636,0.48747056334947
P00738,HP,52,26,0.362035232357167,0.209050003232747,0.0833071020796259,0.238793084810801,0.0239150442840208,0.85582195463578,0.813135355308716,2.46243515190167,0.116597892095962,0.098590822282883,0.0234781866302399,0.868546107273425,0.775407050127204
Q9NYU2,UGGT1,52,26,-0.040312939356284,0.0452417556493934,0.372899110086137,0.556109194095639,0.0244847912227923,0.556976755207263,0.799697005025685,5.52691379157255,0.018726107650327,0.00218260637444888,-0.189106121403569,0.178900506720576,0.326806479686163
O00186,STXBP3,43,25,0.0628112375198259,0.137755727379615,0.648418032070585,0.779009222044366,0.0251905708822326,0.0251905708822326,,5.00264306955121,0.0253086416450118,0.0253086416450118,-0.371916515438919,0.0140586855362527,0.0698601099959392
Q9Y240,CLEC11A,51,26,0.495137217156358,0.170227952929511,0.00362967883030299,0.0458027129936234,0.025418426478633,0.463584579838574,0.969521460576586,2.05140626588073,0.152065675137446,0.795556555652631,-0.0243438914027149,0.865109836194393,0.617280144311654
P02774,GC,52,26,-0.0643661162903892,0.12805670137844,0.615219070878219,0.756284702850541,0.0257388554842157,0.0253612209545928,0.272127216260285,0.793170234814673,0.373143234343204,0.400943104448289,0.00324425851617861,0.981963144571539,0.249913722710442
P33151,CDH5,52,26,0.543188322634644,0.153777697225826,0.000411968169272725,0.0151545433696752,0.0262054140586266,0.0253929941432291,0.935077367260482,1.17875779268157,0.277609029411158,0.223063637804137,0.00170750448219927,0.990620265331888,0.606225318076485
Q8N3D4,EHBP1L1,48,26,0.0549392703196787,0.0856010876430999,0.520999315271456,0.684185722131679,0.0264362469149237,0.0264362469149237,,0.511550280866268,0.47446852039303,0.47446852039303,-0.0293806744615307,0.842863290153916,0.958919230223829
O43639,NCK2,43,25,0.168818920858893,0.123441180989866,0.171435383849257,0.353628395256479,0.0265130590763838,0.00932151551635967,0.218497050583175,1.0555459344086,0.304233256877261,0.72038799259774,0.10676532769556,0.494308092062493,0.669655948829661
Q9BXX0,EMILIN2,40,23,0.183054685644482,0.137057951550356,0.18167984601011,0.367883829732136,0.0270434273845917,0.0153495220959202,0.142805989494034,10.584767116416,0.00114023259056862,0.0742961565870007,0.465853658536586,0.00271037429824284,0.532850106640329
Q15008,PSMD6,42,25,0.0276831903477801,0.100460578899049,0.782883946680185,0.872695308528777,0.0279796070018195,0.0275446164028015,0.122433505004292,0.0324536761891183,0.85703556490701,0.943103596195561,0.0820841098776436,0.604174938899048,0.258690949922253
P41236,PPP1R2,47,26,0.202893131549469,0.139541777789637,0.145947524834732,0.324515200959946,0.0283397476149334,0.0511624023176704,0.546807405153176,9.43402769089031,0.00212995984746699,0.00570503292960024,-0.377197039777983,0.00934492828279741,0.0504035617378104
P63241;Q6IS14;Q9GZV4,EIF5A;EIF5A2;EIF5AL1,48,26,-0.243350333066168,0.25881066336521,0.347082193354387,0.533188951455075,0.0287486309897197,0.0287486309897197,,0.646071121275753,0.421520868462027,0.421520868462027,0.168098632231568,0.25342417288192,0.857857056483707
Q53HC9,EIPR1,45,25,0.00485539912507494,0.102524059035273,0.962227399334493,0.977341683758597,0.029177598537462,0.029177598537462,,0.00831628799027568,0.9273386935299,0.9273386935299,0.0354393416554213,0.817223932123373,0.561934083598971
Q9Y6Y8,SEC23IP,48,26,-0.178432183907089,0.125536273228445,0.15521225242985,0.332597683778249,0.0296559307477339,0.0296559307477339,,0.00363301588430917,0.951937007534733,0.951937007534733,-0.265214586351819,0.0684848897655669,0.527287713265995
P01266,TG,45,24,0.177630524622925,0.12672251652447,0.160996427129093,0.339344447359411,0.0301965544398212,0.00374262666431159,0.0299317290783833,4.87679606961136,0.0272200996984838,0.0684402176896681,0.274044795783926,0.068766256562847,0.854245801769729
P55072,VCP,52,26,-0.29439936192499,0.0855234600348595,0.000576741444255248,0.0167101066695434,0.0307332785131594,0.16397963900295,0.566161130231481,7.01819252219745,0.00806856384128628,0.300767980610441,-0.102194143259626,0.469834197760605,0.369876439786538
O75964,ATP5MG,52,26,-0.124226992257459,0.135786942833452,0.360261459089225,0.548919087073819,0.0317440736597247,0.0218816438357397,0.169791868948432,4.74346819781416,0.029409725326658,0.329826538143698,-0.11551267822078,0.413684014182878,0.935327296018729
Q8WWA0,ITLN1,52,26,0.453389364014166,0.156622837662221,0.00379418902581588,0.0472743713297221,0.0317643343309206,0.535589622478999,0.957583058041461,0.166056911932421,0.683640197745208,0.176617285628297,0.0429437377273115,0.761853591442237,0.482316666245877
P19971,TYMP,42,24,0.179996492652563,0.156511916785547,0.250123376251163,0.445208083304202,0.0319753667923708,0.0541148509601797,0.557043853228602,3.38978190054433,0.0656016260857314,0.190945604132726,-0.315776679361478,0.042110400117779,0.564050212575943
Q6Q788,APOA5,52,26,0.31382624032647,0.163135760956106,0.0543906781744242,0.185320413862917,0.0326724233903271,0.00574401543116071,0.0220329080316076,0.809748098914995,0.368194735801086,0.182934256838268,0.086058225902843,0.543031257670124,0.578755606358445
P40763,STAT3,52,26,-0.138495645888312,0.0970343345921024,0.15349777538861,0.331684004161402,0.032813070168353,0.032813070168353,,3.25625842475063,0.0711513024605627,0.0711513024605627,-0.333502232031358,0.0156889103710706,0.57752267587474
P11169,SLC2A3,52,26,-0.247429141913132,0.159254514963058,0.120262883347772,0.292608117751665,0.0330359011126543,0.109505340821743,0.197112579576606,0.492129286646452,0.482979012875641,0.0843877709555853,0.136600358575941,0.333202307956871,0.0680041412928712
P20618,PSMB1,51,26,0.145757727388192,0.123160839105857,0.236621098885735,0.431616998557805,0.0334791281865462,0.0553144144392816,0.254228275460277,0.000184183280387694,0.989171910622945,0.591856591029197,-0.0575565610859728,0.687486126766241,0.687712044263577
Q8TDZ2,MICAL1,50,26,-0.0723897686172356,0.0861495052347303,0.400751006696309,0.584665066426626,0.0344404186523476,0.0344404186523476,,0.753653613029758,0.385321934919731,0.385321934919731,-0.0202889876649844,0.88877812071032,0.29427356635681
Q562R1,ACTBL2,52,26,-0.229249180415073,0.152282178695989,0.132215214242433,0.306989461046605,0.0348694685402627,0.488110979800536,0.307227228041613,0.91812072715088,0.337968892220718,0.272060255355125,-0.0410654827968923,0.771991197956313,0.7721247973338
Q0VDG4,SCRN3,50,26,0.0112522147461551,0.193344744814846,0.953591172153801,0.97119206392724,0.0351105607836781,0.0351105607836781,,0.710164207175957,0.399389304485289,0.399389304485289,-0.0952255619991522,0.51065836338038,0.525428384181873
P25398,RPS12,39,25,0.188358392276648,0.126865096856052,0.137619587186219,0.314529973672646,0.0351860492893489,0.0252197761862151,0.101495348785116,5.56198836955927,0.0183545560779573,0.3287167214154,0.0657894736842105,0.689776193224134,0.9498750910501
P17812,CTPS1,38,24,-0.048103810969419,0.12423908178657,0.698617454124455,0.822685950169423,0.0351972260668363,0.0351972260668363,,0.0721853606582713,0.788181073504762,0.788181073504762,-0.0976640862884478,0.5596725548251,0.944667661125262
Q14344,GNA13,51,26,-0.0127242598989956,0.0955740709058549,0.894086566131419,0.940342916727735,0.0356095389134783,0.0356095389134783,,3.65552105265644,0.0558836726578932,0.0558836726578932,-0.0797228893050946,0.578137567439433,0.159717528692078
P11021,HSPA5,52,26,0.0321911665508353,0.0670465244104576,0.631133697751772,0.76687250699292,0.0364130537200413,0.0540696978625117,0.509984667399971,3.25622750994735,0.0711526440943152,0.110398783840631,-0.265260821309656,0.0576373917589573,0.384965732294048
P10644,PRKAR1A,52,26,-0.0176391583155372,0.121024981563956,0.884120266721166,0.936982911855499,0.0368135702868961,0.0368135702868961,,0.0518431296046566,0.819886575282643,0.819886575282643,-0.0502496249762716,0.723511013920712,0.419778123317073
Q5T447,HECTD3,52,26,-0.131705286884538,0.0741991507095047,0.0758938942221319,0.230315825572477,0.0376571977972088,0.0376571977972088,,6.85556180515174,0.0088365767211427,0.0088365767211427,-0.297486406404588,0.0322088856668831,0.445021435916851
O60462,NRP2,52,26,0.529404599754793,0.126550072944036,2.87231136237072e-05,0.00554715131857844,0.038740464544789,0.176651740299098,0.193630502543281,2.31989358003253,0.127728764373301,0.965313347952524,-0.190301374541108,0.176130952436865,0.249554432859981
Q92614,MYO18A,51,26,-0.107266883755913,0.0914977800476234,0.241058927715865,0.436619042580319,0.0388400787699898,0.0564174419715769,0.43793874195121,5.8403501675961,0.0156627092342059,0.938442995171978,-0.199457013574661,0.160163616046837,0.984384335502934
Q00341,HDLBP,49,26,-0.0660757273150561,0.0763531806564736,0.386821546221177,0.571356872764549,0.0391934750370354,0.0682094067961202,0.615935296646031,0.239385998409585,0.624649931138078,0.761743681605887,0.0147959183673469,0.919594909732519,0.324920176328954
O15031,PLXNB2,51,26,0.167384740891913,0.0670175113135972,0.0125027696819177,0.0840812638087479,0.039205258402153,0.039205258402153,,0.21543768343312,0.642538381877426,0.642538381877426,0.0230428154209172,0.872487026253838,0.834401591135202
O00592,PODXL,43,23,0.299969982556278,0.298500842453417,0.31493454077478,0.506489604857908,0.0407297093763028,0.0465772201230349,0.906528360556461,0.859248111019342,0.353949187911419,0.166156753124804,-0.0379039565086077,0.80886896686961,0.665105902764451
P01024,C3,52,26,0.178535237349959,0.1025325640561,0.0816390654237418,0.238435455727186,0.041444775180588,0.198441547333801,0.293299686795505,4.52142653246224,0.0334729105969367,0.0126162885147029,0.108597285067873,0.442339801952386,0.590443116329389
P22061,PCMT1,52,26,0.00417618562138809,0.0691459703450747,0.951839719196859,0.970047734933474,0.0414652850602995,0.0371671257568535,0.179414309233311,2.79846903290444,0.0943543623429875,0.291512934267258,-0.152821651156834,0.27854229536399,0.614252816869214
P04406,GAPDH,52,26,-0.195129839138954,0.103138718940589,0.0585021134782315,0.193131977187751,0.0418141100320175,0.545246838800738,0.787441028267273,1.83920160389169,0.175044552981892,0.128374134646136,-0.134722103645522,0.339941069755108,0.528410666142842
Q99683,MAP3K5,44,24,-0.325739899407765,0.144963694542697,0.0246371714526146,0.123585811345096,0.0421154995538357,0.0421154995538357,,0.0369571164365725,0.847552383589036,0.847552383589036,0.0955953624819877,0.537057162955724,0.531480967063532
Q6PEY2,TUBA3E,52,26,-0.202718577773613,0.141052698717095,0.15066592745856,0.329364131880753,0.0422642189853147,0.0422642189853147,,0.00151388913979077,0.968963157643748,0.968963157643748,-0.0680203078004981,0.631843742686215,0.767167642907123
O15117,FYB1,52,26,-0.169765492542657,0.0700102040987746,0.0153139604224063,0.0950203568378225,0.0424759189696132,0.125924211530723,0.0236440240261445,4.00985264703271,0.0452351040466504,0.201074891676688,-0.179629471527363,0.201985999556536,0.0779012395498237
P07951,TPM2,51,26,-0.127639753555464,0.194885367022149,0.512501326210908,0.680837961303399,0.0431056865586739,0.0208755148128074,0.0390057865593867,9.53775372221394,0.00201287941152199,0.0312433194103958,-0.225429864253394,0.11163742962471,0.754049027460771
P05556,ITGB1,52,26,-0.0597619128612673,0.110493802966723,0.588602619754877,0.738741712040037,0.0438472560038161,0.166447867614815,0.604956367747548,0.192179179463672,0.661109060590332,0.850396021437568,-0.124562451976436,0.377855543047408,0.543575671252841
Q8WXF7,ATL1,48,26,-0.0748115767611077,0.093420405139806,0.423244238887131,0.602129234880864,0.0439066145091339,0.0217437440026234,0.0068230871089209,0.117620542002214,0.731629670781734,0.11851550369007,0.0563395570994355,0.702900915540389,0.799871163106282
Q9NSD9,FARSB,43,26,-0.211068774592686,0.13089774927675,0.106859568797553,0.273341115550032,0.0442050210159625,0.0442050210159625,,1.26445437909785,0.260809618479889,0.260809618479889,0.261350953761103,0.0904827937702877,0.678005563527321
P22792,CPN2,52,26,0.252200205484233,0.0932426214057522,0.00683509018722836,0.0624864753802829,0.0446962688480523,0.0306294976880172,0.176114967858607,7.01976929479621,0.00806146169234206,0.162468151523486,-0.257235550243319,0.0658477635059346,0.143413031390995
P50990,CCT8,51,26,0.0101926289490638,0.0736921422711197,0.889992540467214,0.937952575049008,0.0447628336135377,0.0519826496330156,0.203417339422632,5.89850419744996,0.0151537488876659,0.195049222856262,0.13737556561086,0.33535202726909,0.12667095667007
P21333,FLNA,52,26,-0.299406375636692,0.141504918386922,0.034355646736138,0.153260965495906,0.044981749272429,0.044981749272429,,3.44705659822587,0.0633645166336928,0.0633645166336928,-0.149843087697483,0.289022914434517,0.961205896477991
P08519,LPA,52,26,0.233403377457838,0.103779947781161,0.0245111014799106,0.123353914613882,0.0452939211453125,2.27769587090148e-05,0.00128336185829373,16.4334597263252,5.03879098068801e-05,0.0015774155137626,-0.322889097583881,0.0199661014062721,0.922762564361001
Q8TBF2,PRXL2B,43,24,-0.0504724848617805,0.13689415688634,0.712353476746212,0.827694025035125,0.0455672209116673,0.0455672209116673,,1.92977627113276,0.164782924033089,0.164782924033089,-0.224528325541846,0.147756687927761,0.470379734185104
P56192,MARS1,46,25,-0.111566397652,0.108004496505387,0.301613635913063,0.494160198818327,0.0463674489180492,0.0740205001739011,0.851840431683059,0.338753141667702,0.560549817830397,0.887863771999516,-0.0658032685784767,0.663011022076843,0.970598720875525
P01011,SERPINA3,52,26,0.335152077174176,0.169990980505432,0.0486567254577491,0.177702080306447,0.0463873101245624,0.0463873101245624,,2.01612455626384,0.15563591968576,0.15563591968576,0.178396951847089,0.20574749062849,0.879213836519751
Q9Y3F4,STRAP,52,26,-0.0282241776639474,0.093153956401543,0.761901896803329,0.858598417623007,0.0465847011780841,0.0198327852502617,0.0424400396966308,3.06178238484842,0.0801537015267241,0.0370419023186405,-0.291385639887305,0.0364762565257293,0.297198181527198
O00299,CLIC1,52,26,-0.180057182649743,0.0886637127343309,0.0422765291283377,0.164117665441389,0.0469599079135496,0.24735656271707,0.93621024736878,0.00558913221326333,0.940405271043348,0.0861548059947578,0.0819602151455648,0.562465859681905,0.319794461513512
Q6PGP7,SKIC3,44,25,-0.168512517613843,0.0916582428738141,0.0659906281099,0.208925246782368,0.0476372782083994,0.0476372782083994,,0.965816870495766,0.325725659763298,0.325725659763298,0.216702043679,0.157682136578104,0.90672051207481
Q13740,ALCAM,52,26,0.342499015525856,0.15195759224681,0.0242017150146676,0.122595572779218,0.0476759163198399,0.145536921157016,0.565936418657401,4.67949735033314,0.030524678825256,0.222802645209817,-0.25646717322633,0.0666808921910394,0.12428960353068
P62136,PPP1CA,51,26,-0.0745437878030856,0.115460945084785,0.518526085129066,0.682969140259512,0.0477738106113212,0.0602593812513256,0.902364364457643,0.315211037331237,0.574499950550962,0.698988994044049,-0.0995475113122172,0.485902864130364,0.409387204914616
Q9Y6N5,SQOR,45,26,-0.0523638742559422,0.124822994091396,0.674847077204484,0.803265588814274,0.0485242001577939,0.0338094483050902,0.532818887931097,2.77888803917219,0.095514462177554,0.583228028384855,0.021870882740448,0.886469816641824,0.741112463152504
Q8NBJ4,GOLM1,52,26,0.508560283274547,0.17005014163005,0.00278385293198502,0.0408605071825396,0.0487532865613781,0.328674361739544,0.113429190141678,2.4643134742588,0.116458576386576,0.752022562107976,-0.103730897293605,0.463152625455361,0.125561694628286
O60240,PLIN1,50,26,0.279386918680959,0.178086655810808,0.116688563246159,0.287534019482163,0.0487940476609578,0.155033113864669,0.0545116830377226,0.0831247542142229,0.773106668102754,0.763233083677081,0.0556542617046819,0.700290722585476,0.950868585164399
Q15907;P62491,RAB11A;RAB11B,52,26,-0.180125703634434,0.141906086280442,0.204323262373262,0.394599300458361,0.0488331081248669,0.0451039629954986,0.429680496216434,6.48579440613841,0.0108739932104032,0.0228661751487603,-0.267224451464185,0.0557605729359248,0.397203245854751
P01599,IGKV1-17,52,26,0.770655012437687,0.262300673915897,0.00330273527270147,0.043592475124822,0.0489640254254537,0.114294187017745,0.975429742522645,0.304792821352064,0.580893236793826,0.806612467031773,0.0338085887475455,0.811503492138235,0.412183656459491
P02790,HPX,52,26,0.117031893862165,0.2645336604732,0.658193755252774,0.786236769277056,0.0496181535145165,0.0167278146485983,0.144010953160694,7.78024338361926,0.00528206806342443,0.243703986595592,0.219841202083155,0.117235671664843,0.545836433806473
P24534,EEF1B2,52,26,-0.299016261818982,0.0954392244847046,0.00172997501521052,0.0314448399823558,0.0497517117649398,0.0931268402505074,0.10922796043989,2.03441958484976,0.153772874681009,0.0279765950228039,-0.223597711943994,0.110986487728319,0.0894592855013539
P10809,HSPD1,52,26,-0.264042926007489,0.0993589474856503,0.00787307636025864,0.0676177270041347,0.0500009099652848,0.0500009099652848,,3.08889914907126,0.0788281210758676,0.0788281210758676,0.144322098858888,0.307359188108748,0.227790493593288
P01602,IGKV1-5,52,26,0.616877601157166,0.234888502368096,0.00863295787938955,0.0688707459128668,0.0505209172500851,0.0910063911246533,0.184055449535296,6.10270956458428,0.0134974770367412,0.134463485560592,-0.0179287970630923,0.899487035534425,0.6468535987041
P13224,GP1BB,52,26,-0.39249408592621,0.1501104844016,0.00893055055505819,0.0696853566038631,0.0506542129513403,0.0368253399830475,0.623606566947637,2.64360960158175,0.103967083485042,0.219208333662962,0.0472124989328097,0.738964063298738,0.450942629451924
P49721,PSMB2,52,26,-0.0232586409325865,0.126138349847916,0.853707572595771,0.919148571191962,0.0509991037392111,0.627855991073299,0.877241034224455,0.690709331406635,0.405923215571279,0.744448214808032,-0.030308204559037,0.830738197050969,0.454385156926412
Q7LDG7,RASGRP2,52,26,-0.00558197608071887,0.105001263161553,0.957603599323703,0.973994444341752,0.0510571175251784,0.0954275489125836,0.949459062198092,0.0309832345106536,0.860277796851305,0.559080310836544,0.110987791342952,0.432310762297302,0.827398150116596
P51812,RPS6KA3,50,26,-0.058593513431438,0.0776077629715786,0.450251669736512,0.628706084709385,0.0511052075826478,0.329299726068233,0.608740088218326,0.762665786023215,0.382495557172383,0.772544427764553,0.102713085234094,0.476662522095266,0.275018877653031
Q15365,PCBP1,51,26,0.0155568596837402,0.123597621648867,0.899837218904636,0.943074669314514,0.0513049820983456,0.0599635360846174,0.604086756007729,0.0126408732028295,0.910481170930969,0.243361978259495,0.0183710407239819,0.898061446982141,0.795294779331117
P28331,NDUFS1,49,26,-0.0706208075439802,0.0880577440434507,0.422562832770025,0.601713895511234,0.0522778930042257,0.060636108190247,0.203058708142855,5.77635404316562,0.0162432011723509,0.0507375665391262,0.256530612244898,0.0753763631514264,0.287463836704499
P16109,SELP,51,26,0.0429017782294696,0.139392747537103,0.758252588595088,0.856359831417698,0.0525507519473059,0.0525507519473059,,10.1944645680156,0.00140862855224495,0.00140862855224495,-0.397608190894542,0.00386156273157331,0.834104378957404
P61981,YWHAG,52,26,0.0169443057931263,0.146090412761939,0.907664379538999,0.946249302555839,0.0526024746214411,0.0408626839087304,0.278619648552291,2.59259922468858,0.1073640157183,0.1872346704539,-0.290702638094425,0.0369327898395679,0.883897434488364
Q6ZVM7,TOM1L2,50,26,-0.0251328398123593,0.117315627216031,0.830365622058519,0.903671944488384,0.0526373396623544,0.0479207397338342,0.404598933466706,4.52599537924079,0.0333836503605181,0.149113668204554,-0.196446578631453,0.17107696948193,0.094999856091139
P05090,APOD,52,26,0.605839576142732,0.173751758144829,0.00048881630840032,0.0160685360952871,0.052647187875623,0.3510417627687,0.711746588575998,2.77840238175509,0.0955434321714683,0.726192915546072,0.101169640570306,0.474317337635135,0.786086856509057
Q96F07,CYFIP2,42,26,-0.745974868970187,0.269609486982239,0.0056597018155295,0.0570989993283153,0.0528085861089594,0.0528085861089594,,2.81300603102622,0.0935030182692858,0.0935030182692858,-0.216201814756139,0.16907223552512,0.0304212394868621
P62258,YWHAE,52,26,-0.00482415678601673,0.0794383332452388,0.951575574549435,0.970047734933474,0.0529636094732222,0.0058277141837639,0.173445267215287,4.00047448534346,0.0454874568342811,0.589878943868886,-0.157773414155212,0.263119188378562,0.457868965271557
Q9HCL0,PCDH18,52,26,0.592432174838194,0.159774166034985,0.000208956517160438,0.00978296421251141,0.0532268130510839,0.0845865319738087,0.810153576317224,0.0839228862010791,0.77204998697412,0.513061362907953,-0.128575087509605,0.362586748891146,0.956635274296013
Q9Y6Z7,COLEC10,52,26,0.871243906168311,0.222284373306845,8.8732356145949e-05,0.00571214542689547,0.0535630766068551,0.103621189009616,0.913261174078479,7.55410597276882,0.00598734947749358,0.00952383416519154,-0.361990950226244,0.00870045042573307,0.0202456403693347
Q9NV96,TMEM30A,47,26,-0.0663664811300051,0.0710163215830174,0.350033486044905,0.535447263306315,0.0548577125141356,0.550685808008538,0.92666548829694,5.74297296441146,0.0165547485399695,0.197749382738953,0.321230342275671,0.0281483408165374,0.66253239521849
O43294,TGFB1I1,51,26,-0.13528521981498,0.117563160757892,0.249837156309088,0.445208083304202,0.0554924277105932,0.116482185075917,0.0689459743121814,3.79756948247654,0.0513270373486808,0.333881732803919,-0.153755656108597,0.280464357679579,0.728091505674719
Q9Y265,RUVBL1,50,26,-0.0710450758618395,0.111074634390143,0.52242249735187,0.685180609854533,0.0560905194255324,0.144540567531122,0.765407582007279,3.51982761765337,0.0606387540993943,0.367307961485864,-0.0778391356542617,0.590025831368632,0.456382099489809
Q8TDL5,BPIFB1,50,26,0.376361267476207,0.145512020039469,0.00969669447315386,0.072725208548654,0.0561635759100308,0.00187874351237846,0.00200574838906947,5.26153785537615,0.0218017462282678,0.131297032016945,0.0424969987995198,0.768927857928844,0.438339878529206
Q96EE4,CCDC126,50,26,0.499261231880936,0.175807702211556,0.00451397987436539,0.0517097892430426,0.0562545899958526,0.0768947755413556,0.936430155108701,3.96836654381805,0.0463627265658214,0.0499133650574234,0.189051620648259,0.188010109323088,0.693316323618328
O00264,PGRMC1,51,26,-0.0989230358151875,0.146115237277902,0.498392839943619,0.667259044811864,0.0567137697511066,0.0482642469832441,0.329008820766088,8.50206169715018,0.00354744297713579,0.0632057989317663,-0.240995475113122,0.0885346913033045,0.788862676673853
Q96FS4,SIPA1,46,26,0.417947247796339,0.162941549890313,0.0103171840724746,0.0748359126383721,0.0572181038939119,0.159855349836346,0.886937874800661,0.682799284534051,0.408624464025285,0.779463896101382,0.096145544249152,0.523821885433271,0.409287307343516
P13639,EEF2,50,26,-0.0500189307009407,0.148160250819065,0.73566448944622,0.8426852737696,0.0579418851040084,0.0579418851040084,,0.196652706869909,0.657436359768251,0.657436359768251,-0.0637307196270922,0.660159026625611,0.862192867903074
O15551,CLDN3,47,26,0.00332220688962813,0.168249246343248,0.984246197820316,0.991326041361922,0.0592473130575243,0.27597553264396,0.0711101279590004,0.0371586952258126,0.847142304285612,0.741889105645815,0.00127197039777983,0.993511257307426,0.915441568611387
Q14141,SEPTIN6,52,26,0.099624640852619,0.219854163247582,0.650448178393187,0.780294662850079,0.0593005069334468,0.521771153752696,0.511450714681414,0.123694870152855,0.725061149142569,0.241164559948863,0.258516178604969,0.0644778514478535,0.960413450251458
Q13884,SNTB1,49,25,-0.133052360859365,0.117621180209451,0.257973491357365,0.449345032860349,0.0594821468647664,0.0735515131888018,0.882672224719652,0.420300334390787,0.516787221288098,0.46730112832218,-0.126938775510204,0.383606476147274,0.893745752695176
O00194,RAB27B,52,26,-0.36702769211476,0.12462415153378,0.00322874552493437,0.0430035503105484,0.0598426289838848,0.162734125507529,0.428946532861275,0.434054030382732,0.510006372665408,0.499099221392714,-0.0201485528899513,0.887090089297786,0.573496162660869
A0FGR8,ESYT2,52,26,-0.0544002318202877,0.0762409574432412,0.475517681916794,0.652464314885832,0.061188403519729,0.000467647642610117,0.0132914806200869,0.0564552152129214,0.812188975159686,0.113313676070515,0.0289422009732776,0.838272064138799,0.541989148003339
Q9H267,VPS33B,41,25,-0.194828843357537,0.0705509972315363,0.00575308613571903,0.0570989993283153,0.0613162280485106,0.0613162280485106,,3.34148547717159,0.0675535961840617,0.0675535961840617,-0.265711757287108,0.0931316325922493,0.126433779858089
O14791,APOL1,52,26,0.273876543800945,0.244728463183223,0.263095875141808,0.454171091725243,0.0613417898558363,0.0810705521036483,0.0149522304161807,0.273092246827176,0.601264969473334,0.782614201546888,-0.179287970630923,0.20285575537866,0.362989502367952
Q14118,DAG1,44,25,0.251848895751681,0.144787749509502,0.0819582560415174,0.238466112211195,0.0619155638776336,0.0619155638776336,,3.86199872019138,0.0493914566212714,0.0493914566212714,0.150854519082888,0.328342892981979,0.592261971237015
O00534,VWA5A,47,25,0.0625669998167665,0.127454829386629,0.623500373192092,0.76225981992015,0.0620548473358631,0.054256977736851,0.180047781029311,0.0619158753262088,0.80349305137336,0.90971093930877,-0.128469010175763,0.388261529888687,0.186185372569299
O15400,STX7,51,26,0.0869704599887082,0.116465946253706,0.455216998242724,0.629642132752917,0.0628627817001605,0.0959402917819862,0.117757265894452,5.13717094743982,0.023418781075408,0.445640975389345,-0.141809954751131,0.31986697652083,0.979135028197732
P34932,HSPA4,51,26,0.0578369563006103,0.108309198116638,0.593342527337594,0.741744126731874,0.0639398597432154,0.110574693334711,0.715252501856438,1.80270239619723,0.1793861314044,0.382265936436544,-0.105429864253394,0.460390962232692,0.336676250629878
Q9NX40,OCIAD1,43,25,-0.207772167019843,0.129583221973123,0.108849046116736,0.276598316201246,0.0640234546032,0.0640234546032,,0.103668608755934,0.747470800868878,0.747470800868878,0.0426776281888694,0.78582720180864,0.719312250566033
P35579,MYH9,52,26,-0.382477306746195,0.144617804066682,0.0081752345230105,0.0688707459128668,0.0640488072695704,0.0656512198817981,0.0366071474540789,0.0869723209773215,0.768062097863444,0.911814109158964,0.0691539315290703,0.625223219091317,0.514251047359502
P55010,EIF5,52,26,-0.249993819840115,0.115848506986741,0.0309327033043918,0.142659780911299,0.0643726044145709,0.00128089022336821,0.03474656307699,10.2311266923894,0.00138090285833325,0.068140246217661,-0.274652095961752,0.0491058697930212,0.757864318240375
Q9UGP4,LIMD1,39,24,-0.306288442584138,0.124875295856343,0.0141767059470609,0.0894000436253432,0.0647972399874154,0.131914638167317,0.255952232214418,0.0120469775955164,0.912600726309881,0.732934797355886,-0.0582995951417004,0.723649821446754,0.710080732483783
P34931,HSPA1L,42,24,0.205450576613679,0.197673115234408,0.298644283611487,0.490841537962637,0.0648626130550881,0.0648626130550881,,0.53739482810613,0.463514403983944,0.463514403983944,-0.0288647155912823,0.856008823913161,0.818858505769171
P01593;P01594,IGKV1-33;IGKV1D-33,48,26,0.88744090516947,0.325614368329795,0.00642167540829408,0.060275039100655,0.0649193230671411,0.0649193230671411,,3.6127554090348,0.0573380462278457,0.0573380462278457,0.347792116945346,0.0154264893598783,0.235082311782417
Q8NEU8,APPL2,52,26,-0.190060761081816,0.113126132676701,0.0929420816230852,0.254601978914303,0.0649512625234864,0.0614737852669389,0.650377878016717,0.304719491254784,0.580938739699024,0.840346147901328,-0.0431144881755315,0.760933940224834,0.913857400221817
P07900,HSP90AA1,52,26,-0.112828217763265,0.103108817356814,0.273839418398963,0.467445453271144,0.0653556947403273,0.00216804825804516,0.00949928382308721,6.76699845407309,0.00928588792087145,0.151673769814244,-0.0974985059335781,0.490568868783845,0.343681517455063
P35237,SERPINB6,51,26,-0.139143767459749,0.0650316905116007,0.0323846658842341,0.147159731738652,0.0659493677147148,0.0868000103565356,0.646318225144396,5.78496192445295,0.0161638480085796,0.65340814118128,-0.375022624434389,0.00701352794816181,0.678028686100272
P50225,SULT1A1,45,26,0.00603952494930281,0.157923872282148,0.969493723347031,0.980921940125189,0.0660408579751119,0.431053650758216,0.290161573383221,0.109328053829112,0.740910437457866,0.513402683775657,-0.182740447957839,0.228761369173711,0.489372917675998
Q9NR28,DIABLO,48,26,0.0116717483664473,0.116959422932639,0.92050855231892,0.951851190759549,0.0662995131568195,0.517502523470312,0.225234614600512,1.22341797937487,0.268690913727893,0.538755838362897,0.120169344333478,0.414694031835517,0.798096778672868
P40939,HADHA,52,26,-0.344330078934662,0.139396075541908,0.0135054070431387,0.0870356136473496,0.0669408790581219,0.0669408790581219,,1.5441876327401,0.213995559151894,0.213995559151894,-0.0818659126222862,0.563964673639377,0.806880403678241
P56377,AP1S2,46,26,-0.17454509163333,0.204153968633255,0.392568913847563,0.575444944871428,0.0670596452773641,0.0670596452773641,,0.373585604360365,0.541056264353253,0.541056264353253,-0.128060274035347,0.396357700783867,0.357197816496416
Q8IYB7,DIS3L2,50,26,0.0148081011089708,0.120650730521859,0.90231672621306,0.943074669314514,0.0674267664457811,0.334232551784717,0.854289691121388,4.51877971300453,0.0335247347652782,0.4213684941542,-0.10703481392557,0.458229291282772,0.577549624567157
Q96RT1,ERBIN,49,26,-0.0788023758183262,0.0976526706652012,0.419686126343695,0.599788078750442,0.0674388256337112,0.0715495169484077,0.199472720019291,0.644449163862906,0.422104267579397,0.549790272697609,-0.00244897959183673,0.986902633084504,0.0752142937863251
P23526,AHCY,47,26,-0.241802363245084,0.0896366498330398,0.00698447293009475,0.0634765333940964,0.0675116185149945,0.199138354359357,0.961764934401695,1.99167499365587,0.158165854190266,0.597513492316683,0.127312673450509,0.39257475780087,0.547140455731593
P51692,STAT5B,50,26,-0.0755375254839094,0.125195056565034,0.546270096476877,0.704261633323672,0.0676078505968211,0.0676078505968211,,0.0633382954401236,0.801295369355962,0.801295369355962,0.0719336835394902,0.619593381210314,0.864525688569268
O94979,SEC31A,46,25,-0.0360455283919762,0.0929162200160347,0.698063542209959,0.822685950169423,0.0682157473836197,0.0814501756345978,0.368931893714728,0.526252107673687,0.468186827323762,0.583250535627683,-0.100832562442183,0.503701654255425,0.946132896049377
P82909,KGD4,42,25,-0.245385599531452,0.157779580478941,0.119888189601701,0.292156550370075,0.0686350297016576,0.0686350297016576,,0.906966861191074,0.340920482597449,0.340920482597449,-0.326682820495185,0.0347230738628011,0.835562583100371
P21912,SDHB,49,26,-0.289767775917186,0.145274566164689,0.0460841747256125,0.171279751116257,0.068667635695481,0.068667635695481,,6.18185136069264,0.0129067161889422,0.0129067161889422,-0.297983490519243,0.0375678835915425,0.0838755073972532
P04843,RPN1,51,26,-0.11121978086609,0.0808191291639467,0.168773144426927,0.35047648943495,0.0686744219409706,0.13937442872863,0.558907596637027,3.90536415942304,0.0481321952335801,0.354639949058455,0.0992760180995475,0.487098096837537,0.245537617481814
Q6PL24,TMED8,52,26,-0.217902350826933,0.107500688290788,0.0426638818670284,0.164117665441389,0.0689535166424721,0.183083718448172,0.441501929567616,0.53123011225377,0.466090153445942,0.580855120348324,-0.271834713566123,0.0515490438221904,0.687270270563774
O95467,GNAS,40,23,0.182112502409373,0.158632678447036,0.250962871068729,0.446091822530898,0.0695243796636113,0.0853001571351462,0.306792724286989,5.52089888711145,0.0187906009896554,0.469123932485242,0.186116322701689,0.249248324762463,0.718922534742907
P11413,G6PD,52,26,0.00469267726571532,0.0775534814805888,0.951750313183566,0.970047734933474,0.0696170485959474,0.0854137075784629,0.309133031071951,3.11237469497836,0.0776995980220952,0.0888062464875572,-0.0606164091180739,0.668628281095547,0.971960549960461
Q04917,YWHAH,52,26,-0.0940996900450371,0.12501477269258,0.451625062476895,0.629180091548064,0.0699342438799803,0.00970467289810265,0.0160775579028146,2.63671405464468,0.104419314272076,0.873148855455907,-0.16298130282592,0.247531202887923,0.336106653765421
P22105,TNXB,52,26,0.37351407369792,0.105464012374235,0.000397669088544236,0.0149853351658743,0.0700413764748639,0.0605311319585558,0.139032577210983,0.654867182603186,0.418377890844715,0.537454853302352,0.0424314863826517,0.764614513656693,0.491587001835142
O14656,TOR1A,40,22,0.133250922894331,0.123607777635158,0.281027479190384,0.472456425842375,0.0700435127784134,0.248322379064635,0.815845295201408,0.118740676507993,0.730404361122344,0.634282300086534,0.0470919324577861,0.772335893931323,0.718829819393971
Q99598,TSNAX,40,25,-0.132233645388798,0.144783888259097,0.361075630020312,0.549617584612199,0.0703412734336249,0.0576032461598878,0.219972398722288,5.22705115703548,0.0222382038523809,0.0159338094950936,-0.335084427767355,0.0350941323850098,0.388179409809578
O94826,TOMM70,49,26,-0.232085511025681,0.0819600946297816,0.00463028377336146,0.0518390465930685,0.0704755968086626,0.0704755968086626,,0.810781415872199,0.367889325676787,0.367889325676787,-0.0566496502628478,0.699036582171305,0.66439005202579
O60331,PIP5K1C,49,26,-0.00930191431389132,0.0763564683114743,0.903039817734366,0.943074669314514,0.0705177312655734,0.0276291666329667,0.15204383573056,1.65209961166933,0.198673403480838,0.969597621467361,0.0822448979591837,0.573169769795086,0.294725697849695
O60664,PLIN3,48,26,-0.00267371409479848,0.0952100352086154,0.977596533484844,0.98782645142844,0.0705965582601011,0.837790862071207,0.641155019164905,2.16643084776641,0.141053274895932,0.00938097459187773,-0.125488493269648,0.394218671137668,0.93372775131863
Q9BVK6,TMED9,50,26,0.00366489586921995,0.18341021039958,0.984057761868822,0.991326041361922,0.0711977920913609,0.0711977920913609,,0.359262657890766,0.548916021829621,0.548916021829621,0.0723539456291366,0.61754366203937,0.918301237550817
P02743,APCS,52,26,0.01258969254659,0.121384909379931,0.917393844486524,0.949345940878553,0.0714068625004663,0.233999959417917,0.579231337087416,0.394134961380168,0.530133859189154,0.872495025052479,0.00136600358575941,0.992544251658627,0.43146154207663
Q8IZF2,ADGRF5,52,26,0.371360103469629,0.119709676833518,0.00192105784690817,0.0341153376261279,0.0716128912802116,0.20394734595934,0.299436720797436,0.00102156746311055,0.974502379723073,0.430888539825307,-0.0275761973875181,0.84582045159091,0.782012213189638
Q9UKE5,TNIK,52,26,-0.0421994898317719,0.104676359382072,0.686843392502189,0.812585628966755,0.0719186711610387,0.0726271076714615,0.237801726247333,0.433532535207125,0.510260658379253,0.802635501672969,-0.0425168616067617,0.764154155768115,0.949402115706414
P55209,NAP1L1,52,26,-0.20888926973613,0.0982841973575401,0.0335566123878009,0.152038023868482,0.0721553070360955,0.0585496613455205,0.307824050468426,2.41233750513843,0.120382491307891,0.530769531253647,-0.143345001280628,0.309704387506722,0.484329956624759
P62873;P62879,GNB1;GNB2,46,26,0.144410355858616,0.206176018589956,0.4836633875196,0.657220698080723,0.0730619934571246,0.0947343375660126,0.0430295359456029,4.3576714163522,0.0368426330254533,0.513197135552825,0.100709219858156,0.504225991577352,0.189742811311645
P51659,HSD17B4,52,26,-0.301534209921911,0.129234038990326,0.0196354791624115,0.108734105039161,0.0741208056226399,0.109860265815144,0.694284002234054,4.60757267090971,0.0318310589402007,0.0226444175369159,0.25586954665756,0.067334724496451,0.087222375957506
P49137,MAPKAPK2,47,25,-0.0199671785263298,0.138845280705474,0.885651423446604,0.937213321386988,0.0743262300435444,0.123618443863929,0.636209360988221,13.3859660903867,0.000253514037102776,0.0161568045872893,-0.357654949121184,0.0140142011173838,0.289330745943946
P08571,CD14,52,26,0.281184484819125,0.141412492239294,0.0467675584774573,0.172448395817832,0.0744083285139121,0.0744083285139121,,3.68808095450731,0.0548026355470384,0.0548026355470384,0.165672797883141,0.240485336655243,0.664482352380804
P25705,ATP5F1A,52,26,-0.225148226559796,0.133605163759021,0.0919546039919231,0.253339196069789,0.0744344864828973,0.0744344864828973,,0.0558992171948998,0.813098900699845,0.813098900699845,0.0461520160726271,0.745264401733398,0.13344199520173
Q13459,MYO9B,45,25,-0.0662790892621287,0.0647744731582073,0.30619980427959,0.500083189864658,0.0756967818382118,0.0756967818382118,,0.382458873215449,0.536290217974991,0.536290217974991,0.156803915841972,0.303642649357153,0.983565628115502
Q13813,SPTAN1,51,26,-0.104534435573324,0.0747097696049035,0.161750906137509,0.340470231583721,0.0760694280124553,0.253758210522737,0.624220943981642,0.395837402994739,0.529246863492213,0.579691105646828,-0.0227149321266968,0.874076358680194,0.723427351523684
Q01433,AMPD2,51,26,-0.00930434811675564,0.0861358445451101,0.913980249214111,0.947833559402364,0.0762833156315319,0.0508749326049155,0.101609399111687,6.24425417729087,0.0124596836596144,0.423977388583769,-0.309683257918552,0.0274218326632362,0.946607536923684
Q6ZRP7,QSOX2,42,23,0.339997176840757,0.181356346137847,0.0608276051970649,0.198557689037756,0.0764125769205779,0.329319610108692,0.86451582869593,0.360424257501921,0.548270708129074,0.28413425844189,0.0888906895713476,0.574417307178753,0.979887286620139
P13591,NCAM1,52,26,0.370202217996261,0.102905516801266,0.000321295040324263,0.0131670339361277,0.0776282716023033,0.0999339770882058,0.80802481800392,3.64529558158452,0.0562278223710229,0.501658282432432,-0.120293690770938,0.394516912967958,0.585156372242955
Q13790,APOF,52,26,0.0812207855093317,0.132724597889971,0.540570999454088,0.698897233603821,0.0781764621635283,0.0781764621635283,,1.19236339680808,0.274853349033747,0.274853349033747,-0.254828141081384,0.0682806966643207,0.457741977324324
P12236,SLC25A6,51,26,-0.152805673777512,0.152520377642661,0.316406120546034,0.506577674863857,0.0781974975913366,0.084520627701371,0.370055288610588,0.071853211252753,0.788657373583707,0.459464241690874,-0.0595475113122172,0.677254180815508,0.99915717023152
O95373,IPO7,51,26,-0.0384966316893204,0.116444164487865,0.740945407654945,0.844841811680362,0.0787854386179032,0.0281917771143728,0.199745833886818,7.21203414938911,0.00724163756539835,0.522666984424127,-0.235927601809955,0.0956018163013225,0.0948554125791818
O14880,MGST3,44,26,0.104958749252081,0.121018953604473,0.385782134199586,0.57036688740513,0.0794530663990925,0.0491748448698838,0.0385918972781833,0.571220939721138,0.449774154989738,0.169568669426422,0.193093727977449,0.208480628867461,0.339444134902503
Q9H299,SH3BGRL3,51,26,-0.278331488933768,0.165343784157526,0.0923073214873919,0.253763010138827,0.0796373096439252,0.147399074801931,0.173204215758185,3.68123834315126,0.0550279660299502,0.123506335761073,0.209864253393665,0.139127809262938,0.953779551369501
P01714,IGLV3-19,44,25,0.226215355262098,0.276917722839557,0.413982961914361,0.59664522029635,0.0796939446785162,0.666276373289345,0.166476885717897,4.42668918044946,0.0353810760457734,0.0967173303914585,0.246652572233968,0.106495573736407,0.237687216395811
O75369,FLNB,38,24,-0.158560759361069,0.339785982609519,0.640751085951331,0.774011280527605,0.0803981762246459,0.0803981762246459,,0.295099608003644,0.586970962364674,0.586970962364674,0.221371928920482,0.181652593581779,0.814960733246067
P15144,ANPEP,38,22,0.335451021264935,0.226600047201687,0.13877557989069,0.315770649383088,0.0807145355516582,0.219399314086172,0.308354971744432,6.56955126971936,0.0103738103234259,0.0261133776700506,0.515264252106357,0.00108882391716042,0.70167638937853
Q12912,IRAG2,42,24,0.0568988021494733,0.141157838883797,0.686884680537593,0.812585628966755,0.0809628120307144,0.0809628120307144,,0.155549232580035,0.693287734693509,0.693287734693509,-0.229952459481953,0.142920328346273,0.247337568102986
Q9Y2A7,NCKAP1,51,26,-0.0827036887617173,0.0989036200393357,0.40303965903179,0.587375534882379,0.0817886254642202,0.0412927660836183,0.0316439791659211,1.70044598254019,0.19222966265242,0.200190440004052,-0.0361085972850679,0.800921751382152,0.417910917775579
P09486,SPARC,52,26,-0.159177914110713,0.137676634305517,0.247610678198494,0.443803361736281,0.0839742753477266,0.0625293167973688,0.352467540339079,9.25580575261314,0.00234750028495146,0.0043076282576773,-0.342610774353283,0.0132890744592252,0.396535765876999
Q53GQ0,HSD17B12,51,26,-0.198694559754051,0.114548237438537,0.0828129373623819,0.238793084810801,0.0841573656558107,0.118616215618486,0.615687859173097,1.63815367182893,0.200578980027532,0.737144215262839,-0.239276018099548,0.090884855529833,0.505956230577431
Q15848,ADIPOQ,52,26,0.354164405747582,0.228209990946716,0.120680573388845,0.29285638733209,0.0845831638189522,0.127414012487627,0.87143953661089,3.08625186007009,0.0789564853554818,0.107824965013177,0.135234354990182,0.338094814879996,0.791633024124068
Q96C24,SYTL4,52,26,-0.294273028900011,0.104434307874598,0.00483567508527206,0.0529866525301088,0.0848271785788182,0.0971771305404705,0.52299701952637,0.390329540400325,0.532126232199093,0.666143597811106,0.0939127465209596,0.506720454263471,0.608185132870942
P06756,ITGAV,51,26,0.182894931232255,0.097150210883786,0.0597546742558439,0.196846421589081,0.0854426064301205,0.0854426064301205,,0.0580454360477196,0.809612311946245,0.809612311946245,-0.0185699902799015,0.897088919638036,0.712375817457747
Q96CW1,AP2M1,48,26,-0.0873613255385108,0.0826241137685022,0.290358955884722,0.482370523485909,0.0858676043036303,0.0720715498039431,0.205054741821338,1.27008489555886,0.259750754156229,0.630074595545269,-0.17216673903604,0.241140522785159,0.0378070036312017
O00116,AGPS,45,26,-0.183710467923213,0.0950806021859285,0.0533403684257256,0.184777733672076,0.0865602632732479,0.0939884302995569,0.259161415406317,3.6549941688734,0.0559013508072787,0.980969908658041,-0.0700922266139657,0.646313431552504,0.792978317830367
Q9UNF0,PACSIN2,52,26,0.169671922717079,0.106617515896091,0.111517880057457,0.280610952261843,0.0869428147032224,0.0275396108076563,0.457077781189411,2.07467449238098,0.149761887156297,0.172904582581934,-0.154443780414924,0.273425077092028,0.711437964151735
P0CG47;P0CG48;P62979;P62987,RPS27A;UBA52;UBB;UBC,52,26,-0.128093641077383,0.176463085352011,0.467903247078758,0.644305273383851,0.0874937041937675,0.0874937041937675,,4.14291972882473,0.0418089973000075,0.0418089973000075,-0.163343630716859,0.247253791358472,0.790145806250188
P51148,RAB5C,52,26,-0.159260319906453,0.0918248991108158,0.0828486511019469,0.238793084810801,0.0876967240859718,0.0790146003718826,0.0218874092597185,0.542095484684618,0.461565584824073,0.174135063283474,-0.0856313497822932,0.545040342178198,0.895669110810977
P09619,PDGFRB,52,26,0.299831052922196,0.193232665191486,0.120744025068312,0.29285638733209,0.0887836323455826,0.0147450205614412,0.108192632333571,8.31618182082755,0.00392934295236985,0.175335442134015,-0.308289934261077,0.0265869608797489,0.605361350107275
Q8NBX0,SCCPDH,48,26,-0.488775870159603,0.181974779108381,0.00723230637063023,0.0648489539151875,0.089857977584698,0.089857977584698,,0.969645898026822,0.324768506779117,0.324768506779117,-0.0646844505200513,0.662262251417537,0.909043317008034
Q9ULQ0,STRIP2,46,25,-0.249094469303205,0.132434239580213,0.0599866450294458,0.197163041207357,0.0898826945829214,0.0898826945829214,,0.86815108932411,0.351467674267441,0.351467674267441,0.337135583501995,0.0219537083336749,0.622890164477225
P30153,PPP2R1A,52,26,-0.196698861661529,0.0718164142735886,0.00616428110879263,0.0591541261682274,0.089998245977535,0.0337919571109997,0.0149643873595067,3.17299856734933,0.0748648808974201,0.127205222683538,-0.393579783146931,0.00413825930492236,0.000716827284069946
Q86YL5,TDRP,51,26,-0.171623128576536,0.0846658824999702,0.0426559088340382,0.164117665441389,0.0904538233588074,0.374868911137449,0.450288198045404,2.24480777463292,0.134063567411992,0.376232029258801,-0.222171945701357,0.117013683332893,0.654850533397386
O95831,AIFM1,45,25,-0.193116604631097,0.0561561992171575,0.000584042563207344,0.0167101066695434,0.0905567326802009,0.0717603697316654,0.141820852194886,0.00249033487245284,0.960199483319876,0.909284333590735,0.0300395256916996,0.844395888616354,0.678863638035094
P35030,PRSS3,41,25,0.621351455048898,0.196488328713141,0.00156538029619395,0.0291387055134898,0.0908383552284152,0.0538463479185987,0.361903192985113,8.3967104775489,0.00375900630155354,0.113425867945754,0.47595818815331,0.00186265625238969,0.190363953311193
P07954,FH,50,26,-0.126428885779406,0.101523313518212,0.21301460652106,0.405552192569948,0.0920642351284487,0.0533076459510106,0.380254017125062,1.86665806637326,0.171858326591816,0.769085201737246,-0.00773109243697479,0.9576082953537,0.701844501972215
O14920,IKBKB,46,25,-0.147612626472959,0.152554300468218,0.333240622796447,0.520583177169374,0.093575820966174,0.093575820966174,,3.75646961556034,0.0526035343127278,0.0526035343127278,-0.230439601905837,0.123384066915233,0.0208251496768585
Q5SQ64,LY6G6F,52,26,-0.369925281897801,0.140043897803899,0.00825409801301451,0.0688707459128668,0.0937826087827293,0.371985415266826,0.161137814528107,0.730886368141429,0.392596032888501,0.496804747722654,-0.175189959873645,0.213501266966838,0.551850348440852
Q9H4G4,GLIPR2,50,26,0.467756820593424,0.23965096943838,0.0509589517910121,0.181409171698419,0.0938662280921929,0.0938662280921929,,0.297617919545634,0.585379639331388,0.585379639331388,-0.132276609324677,0.359817900299096,0.734730921117095
Q16555,DPYSL2,52,26,-0.238900257948727,0.10592358699593,0.0241081144379606,0.122595572779218,0.093889724399719,0.027799046464242,0.19738681955522,5.2568570618573,0.0218604613196251,0.127412400410855,-0.177580466148724,0.207244524061609,0.861198085923858
Q04759,PRKCQ,49,26,-0.0395105527773826,0.071316854505548,0.579569101911951,0.730966744860379,0.0940132596954286,0.0770100611752781,0.389931193692765,0.297436194947711,0.58549417832837,0.671112581999998,-0.0471428571428571,0.747064614782664,0.320563843718231
P31948,STIP1,50,26,0.0040565409559701,0.0666924105568775,0.951498877595919,0.970047734933474,0.095244885190939,0.119738754434024,0.784777707237579,3.73563188096671,0.0532635170685164,0.654043566323796,-0.117887154861945,0.413709185567922,0.888714026121549
P05155,SERPING1,52,26,0.0378025534278156,0.0632321121660686,0.549948096306165,0.706880040593198,0.0958616093601705,0.0261809784683873,0.411249979471406,4.55746846284053,0.0327754857235786,0.049527586562583,0.0374797233842739,0.791449508709176,0.738238001020059
Q9UBF2,COPG2,46,25,-0.0417026434603909,0.0854466484864084,0.625511054636073,0.763360647245444,0.0961244540459738,0.0961244540459738,,1.02136624874188,0.312195150200866,0.312195150200866,-0.0931777396759288,0.537952263426856,0.305311640160677
P20851,C4BPB,52,26,0.280197193138465,0.23320382724406,0.229552660658486,0.423849069650178,0.0961479574901053,0.142225051573427,0.077246676019246,0.00825715324010397,0.927596778515783,0.935384984984844,0.0694954324255101,0.623511910675435,0.851132660959984
P05546,SERPIND1,52,26,-0.0294783929694347,0.123536931712679,0.811400190495837,0.889087442777353,0.0964057662591309,0.130973403095578,0.620046541673844,2.61692233337183,0.10572932904312,0.596992721305018,-0.0312473320242466,0.825567428097221,0.862778358030553
O95445,APOM,52,26,0.283450561631933,0.158375384538006,0.0734959209648628,0.226084585343282,0.0971480288584468,0.135088527769043,0.501892823286707,0.198102439974791,0.656256881178492,0.995628609983707,-0.0783744557329463,0.579735835767662,0.702422205814572
Q9H2K8,TAOK3,48,25,-0.103754257000883,0.063110849175163,0.100176133784636,0.265931489170554,0.0976503853239936,0.0976503853239936,,1.28811446851453,0.256395721048256,0.256395721048256,-0.127956956066106,0.386098625825407,0.58269300760524
O15067,PFAS,51,26,-0.105395916185237,0.0988253621455999,0.286203770804933,0.477006284674888,0.0978327377534287,0.0978327377534287,,0.201752355761827,0.653310097490681,0.653310097490681,-0.0716728442576496,0.617215348633312,0.792720613249669
P09668,CTSH,40,23,0.735011181976525,0.186791071892027,8.32183703630636e-05,0.0055901035743884,0.0981894441733464,0.351572110906607,0.577257030343492,0.331042562762627,0.565045833287794,0.762409582380959,0.0726078799249531,0.655127560810894,0.999612836814674
P07093,SERPINE2,47,26,0.100024689292683,0.0854363034029749,0.24169863580884,0.436753675233519,0.0982688007788619,0.0256278761249757,0.0956901605903339,0.852438167929256,0.355863505741873,0.253673372910435,0.00936632747456059,0.950283850810797,0.0991768101255895
P51648,ALDH3A2,45,25,-0.186194328839867,0.174941688728567,0.287182749421344,0.478122142086182,0.0985001308977616,0.0985001308977616,,0.1944456613427,0.659242004745098,0.659242004745098,0.195281525507492,0.198602507410951,0.605465124886644
Q05682,CALD1,52,26,-0.193196916809471,0.137549285962054,0.160150661833968,0.338022913297104,0.0992608741714284,0.333009436070138,0.351663124981848,4.03768544354673,0.0444948071360385,0.209412193174199,-0.136856484248271,0.33228995983087,0.243620365151863
Q93009,USP7,50,26,0.00608870198173928,0.0933983956511335,0.948022206704551,0.96939556794456,0.0998371685767672,0.0705728904096094,0.450257452030607,0.131859104991344,0.716512189606206,0.720875810714357,-0.0317406962785114,0.826413562106862,0.680883959837811
P40306,PSMB10,44,24,-0.0486705391696538,0.125600446675832,0.698383927569279,0.822685950169423,0.0999179769773609,0.34837265508094,0.588909401973722,1.26211900722867,0.261250372254028,0.881738654561075,-0.125440451021846,0.415890330278818,0.898868087252881
Q6IAN0,DHRS7B,49,26,-0.0581849737894241,0.0905396007300916,0.52045338648763,0.684185722131679,0.0999389316381319,0.209974551190068,0.833655022216916,2.80937378238265,0.0937149512451908,0.833945385046984,-0.0127551020408163,0.930694078337646,0.113595951294949
Q9Y2B0,CNPY2,51,26,-0.432332305165401,0.14587216740657,0.00303890244716231,0.0417755051053057,0.100461441096011,0.126001779184054,0.873167036858802,0.0408981644482679,0.839734618026502,0.881057709558252,0.0769230769230769,0.590582537325147,0.00201508845278801
P49746,THBS3,52,26,0.442226137909145,0.135491641427902,0.00109904344794553,0.0232605770832307,0.100796257154947,0.165433644288758,0.415987826750952,7.28282506145149,0.00696169660411879,0.0196316289661682,0.272090839238453,0.0513229104056279,0.0777176630716811
O75563,SKAP2,52,26,-0.0889093119696316,0.0933839889449599,0.34105487020483,0.528515320427746,0.101162796960009,0.101162796960009,,0.298758515123918,0.58466176899921,0.58466176899921,-0.00513279431088096,0.97119180355056,0.847889843264011
P61020,RAB5B,50,26,-0.0705233535645918,0.140990603934921,0.616934990053921,0.757682479835698,0.101358087223634,0.101358087223634,,0.345388276482208,0.556735396760323,0.556735396760323,0.181484509280806,0.20718771428618,0.0381183534018617
Q8WWZ8,OIT3,45,26,0.122191840830857,0.270925770985126,0.65197806177338,0.781163781414172,0.101388011364877,0.232962827996617,0.475968947459634,5.55943384671764,0.018381357735751,0.192521154321581,0.0110671936758893,0.942579198201088,0.48362471328887
P09104,ENO2,46,26,0.0749818294054811,0.190213052755553,0.693433991109487,0.819079140874738,0.102267565860421,0.102267565860421,,7.48519239270741,0.00622084220225995,0.00622084220225995,0.40050772809011,0.00581356807097082,0.56445992882098
Q5SW96,LDLRAP1,46,26,0.0682337387966287,0.132795137032943,0.607372886303343,0.752518932909916,0.102499601870766,0.166430936929498,0.259785136052129,0.743006045598111,0.388699632867201,0.942185958370923,0.0997224791859389,0.508430768028653,0.569013926613153
P12830,CDH1,52,26,0.273436025813734,0.210125842289433,0.193156980429525,0.381133505445231,0.102750648113336,0.113824183145712,0.722193852956191,0.203223006771792,0.652131809181281,0.786203967841962,-0.229488602407581,0.10170790529918,0.34453033880848
O43242,PSMD3,51,26,-0.0941477215776878,0.0579093960685599,0.103997259529647,0.269577456499608,0.103355613759158,0.719599183018541,0.94419201429388,1.42900099606134,0.231927545648319,0.104136600417686,-0.0238009049773756,0.86809684973155,0.674703116066285
P24593,IGFBP5,47,26,0.273647737607558,0.160338671785299,0.0878804641355354,0.247313874479785,0.103534549334766,0.103534549334766,,5.41652968665548,0.0199469683603695,0.0199469683603695,0.156242920004363,0.294287693490106,0.599858140803051
P0DJI9,SAA2,52,26,-0.084786021664837,0.285941862840506,0.766836892971755,0.862272925503174,0.105444932620903,0.03547168935746,0.0847431891378367,4.27106540298663,0.0387666169251525,0.913876183352066,-0.0198924272176214,0.888519186248383,0.693891771203827
O14950;P19105,MYL12A;MYL12B,52,26,-0.402034385734195,0.250996469547457,0.109210206838164,0.277060376953963,0.105863327664221,3.94081864832956e-05,9.06691634517536e-05,10.6639361128039,0.00109244668802797,0.187967251470885,-0.408947323486724,0.00281193238036903,0.644967339551836
P17301,ITGA2,52,26,-0.137267944912418,0.0823976860675887,0.0957293695023641,0.259207135740779,0.106290228305068,0.616470049237806,0.934139790219623,1.69074637119941,0.193502610245701,0.231956204935682,0.0742764449756681,0.599765329415304,0.935014340261907
Q63ZY3,KANK2,40,24,-0.143516429117333,0.172416521078689,0.40519329185895,0.588198643974019,0.106304494581823,0.106304494581823,,1.73483262489303,0.187794901498639,0.187794901498639,-0.0629312020275967,0.699664278541734,0.382678137208408
Q92954,PRG4,52,26,0.289599414804574,0.144928158600212,0.0456920143130145,0.170517299791322,0.106500377196522,0.106500377196522,,0.516894959103075,0.472169217864185,0.472169217864185,0.144753426111903,0.305900360743416,0.516638918625027
P08567,PLEK,52,26,-0.427190586682462,0.130366449896909,0.00104974158427603,0.0226161760465772,0.107424769154956,0.153313175257451,0.925120477757972,0.00625212823517863,0.936976626758626,0.800975665130018,0.00640314180824725,0.964175571481508,0.932610215429683
Q12765,SCRN1,46,26,0.0249720665072653,0.183003356854511,0.891460112987909,0.93885881020199,0.107454482852059,0.107454482852059,,0.0110899186866169,0.916130873358765,0.916130873358765,0.188477638579779,0.209690816505798,0.206303701935337
P35606,COPB2,51,26,-0.038522921108772,0.0563682207773763,0.494344268780795,0.665081518457681,0.107701483720601,0.00738760138006321,0.0630994173772575,1.57899582950121,0.208905395449714,0.202241783837328,-0.0671493212669683,0.638732695247415,0.399428315070751
P29144,TPP2,51,26,0.0924157145521304,0.0776125105563234,0.233758737296723,0.42853581064915,0.108313419657671,0.646296138886474,0.978647749791201,1.68630027483913,0.194089393232538,0.693344152306873,-0.10262443438914,0.472465892775517,0.640017512163157
P42345,MTOR,46,26,-0.164216647953488,0.0724832173896713,0.0234770090523817,0.120827833528186,0.108647421510432,0.0563281014352192,0.0633798619478004,0.906567468529054,0.341026813688809,0.390128885543309,-0.0769041011409189,0.610408188754688,0.678625830651328
P02775,PPBP,52,26,-0.186987607505065,0.142675269687756,0.189999101503052,0.376344374131046,0.108997149510271,0.0199703014518573,0.0356061973446693,4.71958791580401,0.0298208888322355,0.743794306099674,0.197472893366345,0.160166917124453,0.801656134199016
P98095,FBLN2,51,26,0.436252503982788,0.144135450727455,0.00247252052496251,0.0393818990831658,0.109260480222971,0.612802538443781,0.373175535475435,0.954208395730849,0.328650394767668,0.676301551494265,-0.0469683257918552,0.742805357608389,0.880811004433194
P22891,PROZ,52,26,0.0316321585458222,0.0876672321950521,0.718233432348102,0.829970570664037,0.110649363532721,0.0331064849680224,0.150547913014096,9.62183830487196,0.00192277174517052,0.606838359199298,-0.377102364893708,0.00614883187131865,0.57799139366631
Q9Y4I1,MYO5A,51,26,-0.211993903957194,0.0893551921605516,0.0176688533129737,0.103012748560545,0.111087731445073,0.130631123541688,0.24253507951083,10.8392644857398,0.000993701963343227,0.00587406469759465,0.215656108597285,0.12835898622211,0.160117180680895
P19404,NDUFV2,41,25,-0.212652394537777,0.218815592318159,0.331133224240328,0.520035096726105,0.111480431587736,0.0555767441650423,0.278898155300742,11.2888957534465,0.000779720440103481,0.000144997499744052,0.547735191637631,0.000263954633199913,0.830067576342469
Q9BWM7,SFXN3,51,26,-0.265535496831616,0.0962521110088237,0.00580229313562816,0.0570989993283153,0.111907169595942,0.103469077434253,0.886539768476591,7.31289169051791,0.00684616715046847,0.0324687656940211,0.122533936651584,0.390535799018159,0.510570437710139
P10321,HLA-C,42,22,0.244859940993157,0.242061563262175,0.311748190778387,0.504875214625375,0.112842667719945,0.470543017343459,0.346840611575929,0.56714210954907,0.451396806023269,0.155050479044889,-0.297949923020825,0.0556998482696282,0.818041854003656
Q99426,TBCB,48,25,-0.101363917890611,0.135402388094157,0.454090806350296,0.629642132752917,0.11397256948453,0.0773803040944103,0.290553023679644,2.6851807130136,0.101285734655662,0.397028829838054,-0.185084672166739,0.207224720143954,0.175349677160144
P11586,MTHFD1,50,26,-0.0515402409053044,0.05976926914339,0.388511406327422,0.573304797302642,0.114120610785379,0.0512786771159821,0.0146745498789222,1.74271213831581,0.186795547496135,0.827596001976451,0.121056422569028,0.401195992026812,0.971649903278461
Q9BUF5,TUBB6,52,26,0.143290066158281,0.105613491772847,0.174863785827738,0.358182809945444,0.114698735043276,0.358103741554977,0.490857772899566,3.01011821933566,0.0827462559644775,0.168176537756699,-0.133953726628532,0.342722269974534,0.167095034852332
Q13033,STRN3,51,26,-0.0688660644247068,0.0846233306777242,0.415762257518359,0.59753738406127,0.114980927604287,0.234869662414129,0.780920316307679,2.42952714691815,0.119068810311068,0.0467679257219835,-0.394841628959276,0.00439675336441897,0.666283179418432
Q14764,MVP,48,26,-0.105863468103717,0.0684700795086615,0.122073795240804,0.295250661341945,0.116417881500973,0.456902130778866,0.679281357739972,0.0153208426541256,0.901491533080354,0.225695058688459,-0.133738601823708,0.363668695425883,0.698769554525801
P17936,IGFBP3,44,25,0.440237927147282,0.231084537627363,0.0567677626514965,0.189451950024051,0.118185410608148,0.223493128131916,0.537726484189027,1.34326715045615,0.246458620471618,0.655440249551729,-0.0422832980972516,0.784683816584314,0.850402599086458
P05067,APP,52,26,-0.128937854611251,0.10597546949601,0.223727354873458,0.418899443916715,0.118641509520939,0.132087182163448,0.366962671255387,1.26825462303112,0.26009436694938,0.956858661636574,-0.122769572270127,0.384801051650093,0.800804744950593
Q13043,STK4,52,26,-0.146798098563299,0.0903141026912498,0.104073687189327,0.269577456499608,0.119060988297449,0.0420760772789191,0.34839280835483,3.87764028420492,0.0489332871368384,0.45547422091351,-0.0513958849141979,0.716749452220501,0.111252074062079
P19367,HK1,51,26,-0.0477337849179485,0.094279355267224,0.612644966035933,0.755416179190356,0.119587745587578,0.0493788735987473,0.305636875191671,3.49079231953501,0.0617110426630092,0.615318323221718,-0.104796380090498,0.463102723620795,0.159966209759656
P05060,CHGB,46,26,0.434041906437592,0.169038130336079,0.0102370998051085,0.0746052792400597,0.119756153278113,0.795074282845637,0.247585575691898,0.269863002986576,0.603423685834083,0.729631757672213,0.00376194881282763,0.980448087581778,0.607558438941075
Q9NX76,CMTM6,48,25,-0.290460544480834,0.140398570012464,0.0385621953729341,0.161922862636038,0.119824835931822,0.119824835931822,,0.198702462071105,0.655770225953476,0.655770225953476,-0.0725219343507689,0.624241314277162,0.939139256860837
P11216,PYGB,52,26,0.115087200499191,0.0551608159373725,0.0369429396901663,0.157670833760516,0.120795245542841,0.488187647115116,0.648848824276087,1.32164803948609,0.250296493202258,0.0146850238575858,-0.0738495688551183,0.601869223041554,0.615591128285377
P15170,GSPT1,52,26,-0.141182572286911,0.0678134878504815,0.0373493523789172,0.158966251860681,0.120951273007374,0.0750094007877067,0.0642731673352303,0.76565756562021,0.381563780592545,0.77680165826422,-0.306326304106548,0.0276048887737194,0.366371994712358
Q96AX2,RAB37,49,26,-0.117801716631864,0.0942711728447449,0.211443923463099,0.40430799721595,0.121719607442983,0.152321894194449,0.922443373254858,0.000943990595074966,0.975489308083321,0.890488844139961,0.134489795918367,0.355765292469573,0.56656032135976
Q9H0R4,HDHD2,46,26,-0.0956880009071502,0.0882743495158819,0.278371800514565,0.47154070783724,0.122408773625092,0.122408773625092,,0.640541977570638,0.42351460737591,0.42351460737591,-0.0395634632296156,0.794053969996994,0.300330225322284
P02652,APOA2,52,26,0.392460421980518,0.131676422695237,0.00287786485962165,0.0408605071825396,0.123495436341076,0.0554278994718606,0.338714179617939,3.72098200024653,0.0537327607792962,0.220916483037931,-0.16298130282592,0.247531202887923,0.580912115036929
P19827,ITIH1,52,26,0.13277555778573,0.0687154911232756,0.0533285666367792,0.184777733672076,0.123880988199414,0.864565753008186,0.625782346848967,0.581259197696442,0.445819178490346,0.652267069006601,-0.153077776829164,0.277730108285481,0.403119296403904
Q96MK2,RIPOR3,50,26,0.0131244663027786,0.121158227235229,0.913737883409628,0.947833559402364,0.124058407456785,0.0981275940036747,0.242961419069392,0.000871864246282632,0.976444008351271,0.753138807620837,0.00417767106842737,0.97720700744285,0.637564886610811
P06727,APOA4,52,26,0.316101489439169,0.110844057940778,0.00434768786421922,0.0517097892430426,0.124262277168425,0.164656839515914,0.300403280637898,0.236347372056527,0.626856772264932,0.631315439446762,-0.0526765132758473,0.709994649169615,0.949680424196718
P06396,GSN,52,26,-0.178966562430966,0.0997306095086613,0.0727334247288918,0.225196675763803,0.12428069812005,0.0585251833153806,0.263199799380457,4.27988415416077,0.0385659767018291,0.606350987724452,0.263894817723897,0.0589730046730949,0.800972886855167
Q9HC35,EML4,49,26,-0.0200099146942238,0.068007541902696,0.768581532876571,0.863606158759493,0.125364061593256,0.118595155738002,0.658807641637587,3.92910583997928,0.0474571711186376,0.462557664197412,0.111938775510204,0.442633293392678,0.945257111888024
Q9NVK5,FGFR1OP2,40,24,0.0686830383007641,0.0779788875748317,0.378431396655676,0.562666407715734,0.125598136314852,0.192461447014045,0.391004853117293,0.0121981444122921,0.912056300016552,0.0304738906789294,-0.0403377110694184,0.80435517534815,0.208628294380917
P48507,GCLM,50,26,0.011751976483999,0.0650836394811152,0.856707231629905,0.919285711063804,0.126375730290584,0.986368492324065,0.886598990794523,2.70793745598478,0.0998500142215249,0.93067907723036,-0.0373109243697479,0.796510071813604,0.909418808506657
O00560,SDCBP,40,24,0.093223283518565,0.102497811396395,0.363078412673222,0.550626613621204,0.126390715167007,0.137253159769292,0.103904466585141,0.377742141843149,0.538814087662671,0.745621243890111,0.0827392120075047,0.610609677848361,0.561295378606868
Q9H446,RWDD1,42,26,-0.00059334484068099,0.141611900763467,0.996656924313084,0.99794876737765,0.126402693417684,0.128106322289405,0.480236638009868,0.262721552790234,0.608256546596847,0.646942510543567,-0.027307349485455,0.863494580496537,0.98901219759985
P48643,CCT5,52,26,-0.207705305913113,0.0992654674710475,0.0364007303261711,0.157228748003735,0.126790339587756,0.189614410334964,0.926798712805075,5.05965572273868,0.0244891023273527,0.0879048996651381,-0.300350038418851,0.030906937463245,0.123019323658627
P04632,CAPNS1,52,26,0.167414250159417,0.111681966079387,0.133866703029477,0.30928361680257,0.128278307900262,0.40183933179874,0.13884203218763,0.0880138710266668,0.766717456479536,0.139321318888054,-0.0892171091949116,0.528277062292758,0.214038094697318
P53396,ACLY,51,26,-0.163965953410135,0.095653411287834,0.0864979975775341,0.244313356960311,0.128834181262786,0.291022780501754,0.22175852224655,3.05053839055459,0.0807103832270013,0.331353872003063,0.138552036199095,0.331198524254717,0.52815515211482
Q9Y613,FHOD1,52,26,-0.118760443076817,0.104633539346668,0.256369808726748,0.447571872616141,0.129391510966235,0.129391510966235,,1.03379450437703,0.309269110981624,0.309269110981624,-0.0959703137958835,0.498537026506722,0.502618483126067
P13861,PRKAR2A,50,26,-0.0717020172302065,0.121688597544939,0.555710054707846,0.710875370380982,0.130315797193035,0.161619659689032,0.239036970499072,6.52814823756217,0.0106180440919108,0.0281377266191192,-0.481776710684274,0.000463573809398673,0.656598213122688
Q9HDC9,APMAP,52,26,0.447444361273234,0.101465228957557,1.03452031723441e-05,0.00399583472531791,0.131920466961491,0.00942088747837492,0.204367595567036,4.61473366375624,0.0316984173533164,0.0580855757765466,-0.0173311704943225,0.902828901287641,0.762962439573932
P04004,VTN,52,26,-0.0946465009824669,0.0747033582524654,0.205167993117062,0.395736016686468,0.133182740407185,0.152401436722583,0.524784731585995,8.09925596676065,0.00442834328921271,0.00636874175262014,-0.241868009903526,0.0841825731783548,0.440317773969788
P49588,AARS1,49,26,-0.0581032990481111,0.123581973906149,0.638240720185745,0.772350788314678,0.134571878756045,0.134571878756045,,0.00188135283043382,0.965402953341666,0.965402953341666,-0.122938274990265,0.400039268244417,0.64748736829092
Q96KN2,CNDP1,52,26,0.721134987139656,0.235424131968894,0.00219034057332503,0.0367834368020345,0.134580787092695,0.808949297669367,0.587985593820794,2.02050043094087,0.155187989857207,0.544823507335646,-0.055920771792026,0.692982915978925,0.612002026532501
Q16795,NDUFA9,51,26,-0.154387557626029,0.119257933748098,0.195469144353215,0.384713156720659,0.135846663927679,0.135846663927679,,12.0029247275759,0.000531171259378934,0.000531171259378934,0.384778441631824,0.00530397670744296,0.356721927839729
Q9H7J1,PPP1R3E,50,26,-0.188862000486706,0.0802106394536556,0.0185438799208295,0.104563118531684,0.136510977666751,0.349310614589733,0.73745727002115,0.00244760315187456,0.960542148967601,0.290729216932417,0.127106842737095,0.377932706401071,0.256742078725039
P04179,SOD2,52,26,-0.157772153965843,0.0828226006445699,0.056787762447319,0.189451950024051,0.1369012659804,0.179663297130877,0.499869814051201,8.56506154589968,0.0034267539047039,0.108844048945663,-0.303935797831469,0.0288882020007504,0.876835567425167
Q6P3X3,TTC27,51,26,-0.170968843402337,0.0807924111615161,0.034332070531457,0.153260965495906,0.137413220284537,0.0016022383478503,0.0040257075385833,5.77742566099518,0.0162333004411931,0.421312881196612,-0.102805429864253,0.471681759332513,0.386000035249469
P02649,APOE,52,26,0.15602364166687,0.0765846619648038,0.0416229827768438,0.164117665441389,0.138006394992924,0.0628298868884946,0.263927373411533,0.571067878310305,0.449834881787682,0.240197341592586,0.0472978741569197,0.738508496273956,0.287420139576441
P24043,LAMA2,52,26,0.26026976255881,0.145846913208993,0.0743358363771919,0.227874736513416,0.13836288287765,0.454719844303425,0.919116621953671,0.697493377342103,0.403627239749103,0.249472944881481,0.0341500896439853,0.809632681774284,0.0377424283090163
Q8WWA1,TMEM40,51,26,-0.287357063751901,0.168849873000911,0.0887835936050122,0.248497558187942,0.140674219316305,0.105553168743563,0.255055914715806,1.82430473591899,0.176801725528586,0.502049612608207,-0.106334841628959,0.456532116567202,0.824796942095517
P35914,HMGCL,49,26,-0.134526891263098,0.0776795368758409,0.0833058092943728,0.238793084810801,0.140687891168795,0.0851394583486436,0.416579014201631,2.26115124186283,0.132655412765105,0.732448238970282,-0.184489795918367,0.203806404693725,0.730209525749579
P50502,ST13,51,26,0.146622555339463,0.115934725315857,0.205979173824685,0.39608240424463,0.140853317013654,0.100099733406739,0.34886029025342,6.21003362208686,0.0127028217259985,0.119854296301553,-0.230769230769231,0.103240379714612,0.00976175119950492
Q14571,ITPR2,51,26,-0.182466428060899,0.077706893085382,0.0188675818819895,0.105617442056789,0.140950865826047,0.310411188191792,0.769401896587062,0.000731422440011986,0.978423983671376,0.842595498119269,-0.109592760180995,0.442788400244043,0.579091447459391
Q9H425,C1orf198,44,25,-0.0073311227817393,0.107666099814726,0.945712970078568,0.968274710915433,0.141647455863871,0.0742523365764897,0.300462962327674,4.71098299952552,0.0299705096469003,0.178533855492769,-0.153770260747005,0.31783891953169,0.913039146697818
P62191,PSMC1,51,26,0.0115011182092685,0.0896337656218505,0.897901799927983,0.942384019543469,0.142055328502522,0.142055328502522,,2.11048048718863,0.146293377369516,0.146293377369516,0.213463410434238,0.132571890620744,0.865090780620875
O60610,DIAPH1,51,26,-0.0495126371447157,0.0758871439057046,0.514110322316228,0.681218222966185,0.143202893846922,0.139048571532004,0.451859452179871,3.21348098204489,0.073033950891863,0.277012835814862,-0.109049773755656,0.4450628354736,0.42113670561456
O00468,AGRN,51,26,0.202188009376846,0.123255502708727,0.10092256020103,0.266995471764712,0.143548476593764,0.328032187976774,0.966215361091566,1.46622437680754,0.225942348063467,0.487926178448456,-0.0338461538461538,0.813177830537596,0.406174228915133
Q6P3W7,SCYL2,52,26,-0.00938976424772776,0.0702822862776662,0.893718312590996,0.940342916727735,0.143855412699532,0.143855412699532,,0.598142689578945,0.439287552868568,0.439287552868568,0.0603858154221289,0.670653392383289,0.208772596707034
P35916,FLT4,52,26,0.271893427377925,0.119195338568504,0.0225440486869762,0.118645522421439,0.14473001129383,0.418701914147098,0.859279178524682,0.239780037543089,0.62436502837743,0.706280028687495,0.0356014684538547,0.801693715933755,0.163037280744911
O15144,ARPC2,52,26,-0.0385044335563326,0.0396179320375165,0.331103245889109,0.520035096726105,0.144980899152717,0.616468120073627,0.26641400407675,3.43192704582857,0.0639474444046965,0.197131768279062,-0.165627934773329,0.239856570368441,0.693987608815884
P49913,CAMP,52,26,0.117180279985493,0.205606451742231,0.568728492030116,0.720117504765227,0.146810269863487,0.584638001849485,0.102044700198299,0.725822506282701,0.394240637351319,0.51289723234039,-0.0104157773414155,0.941606773826622,0.111426407675591
P47712,PLA2G4A,50,26,-0.0445165907778195,0.0908454028118614,0.624115645436239,0.76225981992015,0.146991934957486,0.394861750653942,0.804347488608629,6.12069858256415,0.0133607989954589,0.186538012979483,-0.213061224489796,0.137145222926135,0.497154258613473
Q8NE71,ABCF1,43,24,-0.0861058887397474,0.101706872154704,0.397213449854505,0.580600548746651,0.148285319342861,0.690390898876832,0.852823433331318,0.810270405682614,0.36804031725298,0.213675731283186,-0.173210510419813,0.265688744090784,0.79615630611391
P13667,PDIA4,52,26,0.0222535308344645,0.078639242944604,0.777190239563474,0.870400398726551,0.14915317218961,0.0553779387888875,0.495829428503792,0.784528860137963,0.375759622240167,0.56661645718658,-0.127294459147955,0.367418207944801,0.959575405928654
Q14318,FKBP8,49,26,-0.0299796349713573,0.0882888630767625,0.734185613783634,0.8426852737696,0.150651592381784,0.335652557878266,0.02444359520563,0.254682833238778,0.613796882276326,0.639314642515401,0.000408163265306122,0.998049244705325,0.831589949968793
Q9HBI1,PARVB,52,26,-0.279063454301306,0.119704085950661,0.0197387265433901,0.108915473248349,0.150671091432041,0.0180680435187017,0.146100229765135,3.86895195162549,0.0491872271706749,0.829067255507669,-0.137795611713481,0.328958192774456,0.944695639537414
O14617,AP3D1,48,26,-0.18098157681294,0.0690886361601231,0.00880442206430871,0.0694022045375355,0.15115047825043,0.126362823740871,0.768209621845529,6.67853928949047,0.00975805573216508,0.0291122484645935,0.251085540599218,0.0852922076689058,0.522989830659235
Q9BX68,HINT2,47,26,-0.185881259367005,0.134939907697036,0.168354196802085,0.350077031035291,0.151190043645104,0.539956542454394,0.769505454196591,2.71520841392474,0.0993959879486047,0.141434313157393,-0.14731729879741,0.321984502456492,0.0723533099616537
Q92673,SORL1,47,26,0.720220076837356,0.242695462112239,0.0030014660872325,0.0417755051053057,0.15161952395237,0.15161952395237,,2.19502320530649,0.138457123917604,0.138457123917604,0.164640903452664,0.268771973892413,0.146842892687689
P16885,PLCG2,46,26,-0.105913000516717,0.0987809679526486,0.283629998221752,0.475796251088607,0.151955814836015,0.158670744249898,0.80364756623053,1.09562806367961,0.295227567526109,0.289532124510158,0.221461609620722,0.138846653826195,0.347569619494554
P55083,MFAP4,48,25,0.293269968060985,0.258101864927265,0.255849155325678,0.447571872616141,0.154315543877689,0.154315543877682,0.0907330617386984,0.199788501146405,0.654891615973757,0.65489161597374,0.0887959930027419,0.548394451689509,0.838813683558081
P12955,PEPD,49,26,0.22691685971559,0.155283831927997,0.143932076824854,0.321816293334875,0.154560064628368,0.301447731233752,0.262313109659832,1.87509193835063,0.170893031093852,0.195351818294566,-0.109285714285714,0.453576143243354,0.158487281488613
Q9P0L0,VAPA,52,26,-0.314307690896939,0.119396786352023,0.00847681123525027,0.0688707459128668,0.15491078654378,0.412003505474818,0.600657485498688,0.47300454735576,0.49160817392809,0.416825471154889,-0.188764620507129,0.179697589564557,0.890482934512491
Q99832,CCT7,49,26,0.180407910328351,0.097949737088802,0.0654983083527798,0.207792374548347,0.15515028703178,0.196751358312099,0.784892988599883,0.0977383385787457,0.754560784588222,0.454581108880215,0.0792857142857143,0.58709031400576,0.816492007741451
Q53T59,HS1BP3,50,26,0.0599372816125104,0.123283336228907,0.626843062602025,0.763779599148366,0.155483718857392,0.722233885939784,0.0551664657448811,0.555142869049526,0.456223901425208,0.0856667734832226,0.1015606242497,0.481644156510856,0.750409457157685
Q16698,DECR1,48,25,-0.218350746543166,0.214754066439176,0.309273371544482,0.502331864458969,0.156203371137353,0.0686375823713487,0.557779475150967,3.01348526273423,0.0825745674456656,0.417999977843507,-0.203321754233608,0.165307114397714,0.433774397064477
O75592,MYCBP2,40,24,-0.0950232542811393,0.0961500782846669,0.323015257963111,0.51343474645371,0.156724443533163,0.0548462294160343,0.00281131746476487,0.0854933068356625,0.769986629823455,0.219993514476831,0.0827392120075047,0.610609677848361,0.924661392100467
O95721,SNAP29,50,26,0.00142044416719518,0.0863372988913993,0.9868735835096,0.992585598080525,0.156727024824739,0.0809229059597367,0.391190554755603,5.31735541184669,0.0211140320803104,0.98272967561826,-0.199519807923169,0.164377920461885,0.918139258661575
O94804,STK10,42,23,-0.101905991486491,0.0810664602182672,0.208729288172513,0.399626424593923,0.157237244870502,0.157237244870502,,0.488331693639388,0.48467244296755,0.48467244296755,0.0411058297763668,0.79604732816465,0.969822011242424
O43157,PLXNB1,52,26,0.371144102516931,0.133908999171612,0.00557790784558154,0.0570719710028045,0.158440569136058,0.0821034282744517,0.432165171269506,3.76747344708545,0.0522585133660378,0.629855921684798,-0.0657389225646717,0.64244377164372,0.742296881653642
P01834,IGKC,52,26,0.167683223273391,0.124663861657135,0.17859847844084,0.36259480839829,0.159377427792837,0.0313221517372421,0.0793930289790296,1.46191035700623,0.226626407435615,0.897714974732551,0.16323742849825,0.246781239847987,0.441701462112268
Q86UT6,NLRX1,51,26,-0.146853482790833,0.0931434107319646,0.114878740073932,0.284891899541291,0.159411435745264,0.622177497448235,0.39086613236902,1.56782643432287,0.210522949095522,0.132565263488326,0.209049773755656,0.140695085587355,0.165379391532786
P35908,KRT2,42,24,-0.253991675670714,0.334477427749904,0.447632056397572,0.62644160066508,0.159670798604531,0.159670798604531,,4.46256706906894,0.0346453945684643,0.0346453945684643,0.255356066269874,0.102649907056842,0.0501303657361735
Q9UHG3,PCYOX1,48,25,0.178226071464535,0.158820132075154,0.261782446589649,0.45255221727652,0.16051391508475,0.185627689799223,0.719846137168326,1.53363651895318,0.215567487526791,0.672855886272398,0.0701259227095093,0.634799129469229,0.556231568778172
Q9NR99,MXRA5,51,26,0.595791877991551,0.154339864165445,0.000113266819997785,0.00648137914431768,0.161443135483731,0.31505008934235,0.782874776931824,0.00830565292950465,0.927385040301794,0.884239257954367,0.0485972850678733,0.734201437314131,0.504798104897666
P19086,GNAZ,51,26,-0.0921616205955061,0.0765260619500347,0.228467163065168,0.423169514626163,0.161770945439953,0.289760728638879,0.599636685752055,0.387072923381322,0.533842024216278,0.267406738017755,0.141628959276018,0.320489930398479,0.891295981682033
P50552,VASP,52,26,-0.131143618257752,0.101169811836489,0.194881710154319,0.384046227281152,0.162554266718856,0.510047084320292,0.888972693605676,0.689407205898723,0.406366085160528,0.247478668037593,-0.124989328096986,0.376213046765536,0.163522364893122
P61201,COPS2,51,26,-0.106907873746946,0.0752046376519242,0.155154143368163,0.332597683778249,0.163039533485228,0.133766576028566,0.872013111640921,1.14482380275123,0.284635336337958,0.411246415720354,-0.106153846153846,0.457302461681308,0.365240744023439
Q93084,ATP2A3,52,26,-0.295163041214831,0.11565265233017,0.0107060084421872,0.0764582266277857,0.16328216220192,0.165830289918405,0.977876629389297,2.60108438026653,0.106790624790099,0.179087249338668,-0.194570135746606,0.166494663739549,0.124907038701635
P02765,AHSG,52,26,0.319932236310397,0.319048140111122,0.31597134318437,0.506577674863857,0.164080731016439,0.15115914282819,0.855944429443281,9.62261036820947,0.00192196360667732,0.00223100419249213,-0.473149492017417,0.000460853542239491,0.777143457921428
P78344,EIF4G2,51,26,-0.169392698026433,0.110930630219866,0.126757367270045,0.301756752592017,0.164594800521312,0.164594800521312,,0.172015008627358,0.678327179685408,0.678327179685408,-0.0111602897248669,0.938045285081906,0.202227629498674
Q9GZY8,MFF,46,26,-0.013664635507399,0.17186459829342,0.936628452861107,0.962161542334049,0.164640397443249,0.164989911501959,0.901869383979942,0.0383074023601577,0.844827161881467,0.857427975715663,0.244650015417823,0.101298107600133,0.0550500555608383
Q8IVB4,SLC9A9,46,25,0.019319411566617,0.127902233002371,0.879937635387677,0.935009385607951,0.165281834875167,0.165281834875167,,0.134176909752127,0.714139987349477,0.714139987349477,-0.00774236596495095,0.959272240589775,0.914962749383701
P02549,SPTA1,52,26,0.146410679631462,0.161005419544322,0.363164090148872,0.550626613621204,0.167448281083559,0.131460066863729,0.623886175620277,0.635986028922485,0.425168062919655,0.0259430264049852,-0.221719457013575,0.114078174720802,0.0134617486767529
Q00013,MPP1,51,26,-0.0909334169909257,0.0949957751185373,0.338447931441986,0.526058404504897,0.167542401532459,0.494622069597887,0.634175603459546,1.26593444374718,0.260530763318316,0.173646122636135,0.157466063348416,0.268911388723875,0.865092708655165
P23381,WARS1,43,25,0.261843036213731,0.198245784939111,0.186568053896078,0.373377776255752,0.169663529231813,0.241147090299797,0.818608684961303,1.32402475983921,0.24987100755343,0.19945984376694,0.160374509211719,0.303158025190285,0.216487178018947
P08865,RPSA,40,24,0.37489865399252,0.224012893162207,0.094217424473731,0.256727065259558,0.169765854993548,0.169765854993548,,0.808742608683902,0.368492260109967,0.368492260109967,0.0342681604290167,0.833730208253768,0.319052908574527
P22314,UBA1,48,26,-0.0478351358096712,0.0869111700090173,0.582051141128031,0.732303756549518,0.172064446493714,0.0902652669717223,0.22821612715763,0.00849792882541288,0.926551682130537,0.0818969372260607,-0.042336083369518,0.774539916379947,0.707601985183909
O15127,SCAMP2,52,26,-0.18282313790669,0.101144858700041,0.070678493368186,0.219714833508747,0.173681587226599,0.129787791351628,0.183317805700939,0.00310096471788041,0.955591708503303,0.89313045852976,0.0995475113122172,0.481462367346251,0.213725185894115
P60174,TPI1,51,26,0.374183729397908,0.149958765023497,0.0125870494538765,0.0840812638087479,0.173705393538058,0.381588607354527,0.132771553113487,3.49877562646071,0.061414217611891,0.787982748415726,-0.150859728506787,0.289706821328114,0.284170950188795
O15155,BET1,41,23,0.0255672268611899,0.177066042036901,0.885189565007862,0.937213321386988,0.173730231286517,0.121791602496924,0.116984297653639,1.32842877810934,0.249084932219328,0.0298281589349443,-0.135365853658537,0.39741518707417,0.484172513476137
Q13162,PRDX4,51,26,-0.160270007593929,0.206114005825464,0.436817001710064,0.618024054617261,0.174180898818396,0.632054831794451,0.290039234131903,0.0495485010077008,0.823850785975485,0.0635983409701782,-0.246606334841629,0.0811969340466041,0.74112442611455
O15533,TAPBP,51,26,0.0288094305336889,0.113797596934066,0.800141649320512,0.881697382368258,0.174837789533539,0.145116593589914,0.271691593832521,1.35117616073023,0.245072604026275,0.537507709133872,-0.0372850678733032,0.794567262628645,0.332739300878346
Q9Y262,EIF3L,51,26,0.0159167112039463,0.0901360001327616,0.859833979599981,0.919285711063804,0.17488611430876,0.338877297440227,0.633030115748023,1.94337719111977,0.163302312686108,0.316450695890392,-0.046606334841629,0.744721653369449,0.531861974106166
P55103,INHBC,46,25,0.346774529885726,0.197160236264065,0.0786036373475265,0.233993486901596,0.175489415766431,0.51579444740403,0.876865250551259,0.59999997587648,0.438578035285215,0.910256429877943,0.137588652482269,0.360672271140906,0.387748797814939
O94919,ENDOD1,52,26,-0.205803739177962,0.132201580563891,0.119531777317077,0.292114310075983,0.175835154957343,0.0888378491933702,0.241280885829735,0.241401449157128,0.623195741705603,0.348037852715963,-0.131990096474003,0.349894137935539,0.605730730348698
P22392,NME2,46,26,-0.0831832910780463,0.136740786625093,0.542969751096634,0.700825618583375,0.17762362706048,0.0328135187575896,0.57135622255726,2.50489900557431,0.113492760430271,0.692005775318561,-0.245513413506013,0.100069984254074,0.290630719732705
P40967,PMEL,52,26,0.150200623656783,0.267273493791668,0.574134067025632,0.725889634660066,0.180534175257912,0.180534175257912,,15.6116465400435,7.77740782859995e-05,7.77740782859995e-05,-0.342603237069979,0.0129100757404342,0.909686361888958
Q9NV70,EXOC1,43,25,-0.142730694917387,0.109478271954613,0.192323826836124,0.379974824119963,0.180669596105835,0.180669596105835,,1.85941177644124,0.172692705043365,0.172692705043365,0.061522988020694,0.695119656554526,0.602827001195575
Q8TD19,NEK9,49,26,-0.109599428319113,0.0965635359861006,0.256376121207304,0.447571872616141,0.182785769869147,0.182785769869147,,0.0662801773140089,0.796831896326447,0.796831896326447,-0.0109905599100604,0.940254446650451,0.760669861471301
Q9H9H4,VPS37B,47,26,-0.135518695035678,0.0827757756473597,0.101593241550193,0.267396180911497,0.18292899117737,0.843288671655768,0.80637358634031,0.0119881698679108,0.912813455364906,0.66835510933966,-0.0603607770582794,0.68607379659253,0.52155344561599
P16150,SPN,44,25,0.356675163665327,0.190571500410143,0.0612608420626899,0.198557689037756,0.183339249347789,0.183339249347789,,2.1396371009491,0.143535842323322,0.143535842323322,0.1353025929252,0.381195816051353,0.243198561593077
P06312,IGKV4-1,52,26,0.302117579598085,0.191051810836833,0.1138006663476,0.283583918559744,0.185933074971623,0.181888819760192,0.110078148753043,1.80696517767716,0.178872714573518,0.720258135510946,-0.0537010159651669,0.704606770005859,0.943543971206039
P61224,RAP1B,49,26,-0.217801088785098,0.229317844302986,0.342224966428441,0.529797167466875,0.186242944846494,0.211974421769074,0.239714150350656,2.69367364546862,0.100747295228209,0.386657317456919,0.187755102040816,0.195809727019931,0.7876183612659
P00739,HPR,52,26,0.499855134562827,0.225329902350098,0.0265326266750711,0.129724393079066,0.187400754304997,0.294055289918295,0.68993796721418,1.97288114968887,0.160142375997119,0.0933670396190289,-0.0623239136002732,0.659854280971163,0.720789617738389
Q96BM9,ARL8A,51,26,-0.0816788471322824,0.107378625221346,0.446858936670946,0.625926615735822,0.187523518928549,0.107673380344786,0.110647587355124,3.70114409495534,0.0543751714378037,0.0755469123637645,-0.0219909502262443,0.878066626831726,0.271090819615998
Q8NFQ8,TOR1AIP2,51,26,-0.274685979529036,0.121999679806037,0.0243519680176424,0.122953564010645,0.188960709827583,0.288435042936302,0.370139280852274,3.51506008597008,0.0608134517343226,0.293368403762907,0.0221719457013575,0.877068771985183,0.588510640997343
Q8N2S1,LTBP4,44,25,0.651542254969988,0.1874358314676,0.000508797349055674,0.0161201040585561,0.189371884605221,0.122033052709293,0.863624403581937,0.434430812042431,0.50982278683129,0.367405509795725,0.0201550387596899,0.896595673908158,0.794831000076763
Q5JRA6,MIA3,48,26,0.706343975088443,0.249417711362183,0.00462618993953673,0.0518390465930685,0.18983219275166,0.0206235735925227,0.218844962086446,3.68913656296209,0.0547679610298035,0.523845873263542,0.0873860182370821,0.553661593537958,0.600689377104996
O60674,JAK2,40,25,0.134170895894038,0.0886494159917644,0.130152687437552,0.305292260825664,0.189999431147017,0.189999431147017,,0.00678241048003829,0.934364108063144,0.934364108063144,-0.00748963489499308,0.963416143601139,0.826433779839649
Q16820,MEP1B,39,21,0.608664768072802,0.131769264970623,3.85276239185238e-06,0.00198417263180398,0.190993514092557,0.559514409446276,0.314760506827634,0.760283019887501,0.383239966816362,0.327356985336058,-0.0236842105263158,0.886129353947914,0.392149617683255
Q9UNF1,MAGED2,49,26,-0.217014778340036,0.0942269871592139,0.0212728566175583,0.114517642766995,0.191636223707796,0.412642866638539,0.661924028730651,0.684090714552004,0.408181650334646,0.676984230511284,-0.0791836734693878,0.587573045935538,0.89076056547669
Q14766,LTBP1,52,26,-0.231198557872058,0.100555131232668,0.0214923431818612,0.114827203457999,0.192249196223182,0.100999337959293,0.303675404221774,4.61272115460703,0.0317356362774291,0.0927695115666077,-0.210876803551609,0.133236199079259,0.892544624976319
Q9H8J5,MANSC1,51,26,0.214322908633674,0.129119792446562,0.0969393007442719,0.260925469773345,0.192659578401253,0.0695173387868331,0.497563046436498,0.838757965641096,0.359752235008746,0.692622927014614,0.0490497737556561,0.731817183017375,0.449846711123277
Q15746,MYLK,52,26,-0.108228179555914,0.0730622529425791,0.138522768615709,0.315660291314557,0.192698596630658,0.268682795475484,0.705800080228758,0.681127370882149,0.409198788171236,0.232969974030938,-0.00145137880986938,0.992063250676246,0.695487178107917
P60953,CDC42,52,26,-0.0944647895215549,0.11002296231953,0.390565882782748,0.574469824242469,0.194112131829015,0.377892784979051,0.0369124850492256,3.15567379209647,0.0756634492937538,0.0593248846945962,0.124733202424656,0.377198027070803,0.958445346078622
Q08174,PCDH1,51,26,0.403795890682028,0.155834576028393,0.0095646639095222,0.0720849060498136,0.194140944707549,0.194140944707549,,0.00133292788103166,0.970876275398219,0.970876275398219,-0.0805584142294765,0.574147113635409,0.189462543132135
P23142,FBLN1,52,26,0.162495514941896,0.100295301975116,0.105195602122676,0.270878675465892,0.195728378480711,0.534269885726983,0.473015429888025,4.48239446253655,0.0342457099527495,0.94740950831873,-0.18620336378383,0.185758048829165,0.418814687205808
P35555,FBN1,52,26,0.532745857854552,0.250891674383888,0.0337195207890469,0.15232941409087,0.196394081521032,0.196394081521032,,3.0503465462355,0.0807199173867519,0.0807199173867519,-0.261945040756135,0.0606695115627814,0.0702079376022801
Q15642,TRIP10,51,26,0.0139022982141353,0.105480584557063,0.895142807732279,0.940813359147191,0.196547874839815,0.611029590794737,0.229576269551307,0.318428969928747,0.572553309557667,0.938550963755702,-0.071131221719457,0.61892060039609,0.110775322535455
O60271,SPAG9,51,26,-0.0432394605459033,0.0803254495616541,0.590367622148002,0.740355500177486,0.197409113311789,0.168982970214092,0.71109934248089,7.28382661694189e-05,0.993190509960067,0.489148299315292,0.0720361990950226,0.614454667294175,0.674796377677207
Q16539,MAPK14,49,26,0.0816642268367285,0.116004505616336,0.481448584269484,0.655941854229588,0.198188311915688,0.817384444999511,0.473436390880494,4.08189663733675e-06,0.998387978730807,0.189340417060118,-0.0173469387755102,0.905742668766589,0.743631132788728
Q32MZ4,LRRFIP1,48,25,-0.210368835923895,0.117586393019977,0.0736055316683954,0.226084585343282,0.199798561486345,0.98646929746143,0.814062113089884,0.988404624900099,0.320132610941202,0.515802877706041,0.190620929222753,0.193775314887267,0.946871438122986
Q86TH1,ADAMTSL2,52,26,0.313070689446315,0.124581867728864,0.0119718988584175,0.0822070388278004,0.200160692473563,0.200160692473563,,0.096101656213232,0.756558924959362,0.756558924959362,0.0290283241279234,0.838134160000508,0.679450748878139
P10451,SPP1,52,26,0.317380053699291,0.155437609147325,0.0411665586639316,0.164117665441389,0.201272058771612,0.216439086381522,0.521597427171602,0.950733110045545,0.329532760649172,0.104365886219134,0.269614957739264,0.0535431678037794,0.53789339222461
O00571,DDX3X,51,26,-0.137568181035292,0.0816429911834528,0.0919891838156321,0.253339196069789,0.201504133646479,0.0763191961085487,0.398195605878526,0.190740526028505,0.662300997551789,0.855261372263134,0.104796380090498,0.463102723620795,0.968594374822434
Q9Y385,UBE2J1,50,26,-0.0499284104227465,0.132106412041148,0.705474530960772,0.824524360742405,0.201580024338084,0.201580024338084,,2.67420563120172,0.101986202974629,0.101986202974629,0.0746032871796197,0.606622357781487,0.191203831339899
P80108,GPLD1,52,26,0.475986103300637,0.177880412677174,0.00745339956050425,0.0661810478217187,0.203332599968905,0.525627658212755,0.983303196868294,1.32022334576259,0.250551971043016,0.298697646551172,-0.0874242294886024,0.536626518704285,0.774784605338059
Q15555,MAPRE2,52,26,-0.105923884968808,0.0926960634863172,0.253162752116395,0.447524544645114,0.204152493478368,0.042038112064885,0.872563041314726,0.467890678575525,0.493959158802326,0.807687109346479,-0.0458464953470503,0.746265220356663,0.485409954232747
Q8WUD1,RAB2B,42,24,-0.199112479804346,0.151099698035201,0.187585460918621,0.373505546658722,0.204835815487338,0.206104507472594,0.110944641687437,7.61641849725416,0.00578392441460658,0.108969322872448,-0.455635685924966,0.00267263366753934,0.856456909375608
Q9UKG1,APPL1,47,25,0.159219909499638,0.0758395058822233,0.0357788084439595,0.156043193943081,0.205170258337079,0.205170258337079,,0.0530631583072029,0.817816377197998,0.817816377197998,-0.148375291819638,0.319569977284899,0.218267775934617
P0DP01,IGHV1-8,42,22,0.399044481669842,0.288807655669283,0.167064957742687,0.347864366189287,0.2068981710955,0.452692732044962,0.27925235202698,0.447408530186492,0.503568178015932,0.661328478521119,0.0506441941495827,0.749422076162739,0.849715181416953
A0A0B4J1X5,IGHV3-74,48,25,0.684874259492112,0.241016934191571,0.0044887456884095,0.0517097892430426,0.207006259919296,0.954704330529576,0.682851241958933,1.65254501824353,0.198612894188228,0.0410664559243254,0.0192140686061659,0.896752154159348,0.357894562223441
Q9ULH1,ASAP1,51,26,-0.119912986428963,0.0630626706620187,0.0572379673565812,0.189769655720854,0.207477782467446,0.163477785741744,0.46676177107424,0.094844875888233,0.758105956975064,0.493349782228153,0.0796380090497738,0.577503151322422,0.997935551843152
P22352,GPX3,52,26,0.303480134150952,0.186759305591704,0.104166822996936,0.269577456499608,0.208538214280813,0.208538214280813,,0.00294838059568969,0.956696952172185,0.956696952172185,0.101103108106764,0.475738971700424,0.863127539909856
Q01518,CAP1,52,26,0.0535501674405298,0.0781271611608918,0.493076919373772,0.665034262264058,0.2094830448847,0.253963756019271,0.38575583139477,3.81843544628954,0.0506915512009954,0.139344062591857,0.160334670878511,0.255372152012792,0.777201553588734
Q16610,ECM1,52,26,-0.0599926010766789,0.174685305431325,0.731273156574754,0.842518290013419,0.210263521809456,0.205202751229323,0.723471303054228,2.10551216985825,0.146769193514297,0.960559203195362,0.140698369333219,0.318794337285819,0.571907338338182
Q9BXS5,AP1M1,48,26,-0.122810635126448,0.0737953027038577,0.096071135194941,0.259492838944377,0.210282604871742,0.210282604871742,,2.5308501162563,0.111640055039206,0.111640055039206,0.111852803691287,0.449114806035168,0.841692145345004
P34897,SHMT2,46,26,-0.20560667557241,0.136052055630183,0.130728499509909,0.305560562394568,0.210378883032996,0.210378883032996,,0.143110345987926,0.705208279502702,0.705208279502702,-0.0870184041443139,0.565265718019442,0.20858914408312
P16070,CD44,52,26,0.723256531895242,0.213309327512165,0.000697279677209655,0.0179549516881486,0.210714620213094,0.210714620213094,,0.176310445300561,0.674563348634794,0.674563348634794,0.0613347353787624,0.665780304685858,0.599860307750262
P23470,PTPRG,52,26,0.238263250799532,0.12178898626907,0.0504226160871937,0.180749285045741,0.212243548327638,0.212243548327638,,1.57783400469937,0.209072963685633,0.209072963685633,-0.204578516105113,0.145721323666542,0.0742713616012841
Q9BUL8,PDCD10,40,25,-0.291814662713838,0.220735380505507,0.186164395098034,0.373053165274271,0.213054272014754,0.451544728368662,0.521576275833462,3.67989641228825,0.0550722715444391,0.00625502646160087,0.256660412757974,0.109863088515658,0.0676521108339288
P05141,SLC25A5,50,26,-0.0443183186481419,0.143310622300673,0.757133969737137,0.85609877329568,0.21450654217916,0.180248507603747,0.401995931238647,0.0116604093974076,0.914008879473385,0.883923986729141,-0.133349339735894,0.354801697894531,0.644970087152316
Q16891,IMMT,51,26,-0.120375335457465,0.0952098573179728,0.206116668616623,0.39608240424463,0.215181578780353,0.215181578780353,,0.89900294686416,0.343049198466988,0.343049198466988,0.245526373947073,0.0824520582446817,0.555878841107017
P02766,TTR,52,26,-0.0458822913177148,0.0587961899466875,0.435178039201199,0.616269542223512,0.215225757446979,0.746075153687591,0.877254176648154,0.019894903704343,0.887830999562704,0.165554701751192,0.118586186288739,0.40130120938716,0.789624546917289
P10599,TXN,43,25,0.225165465516225,0.138158602993447,0.103152076711779,0.268972230766459,0.215238094822575,0.129317625739125,0.610227708589274,3.27099887762641,0.0705146763760033,0.503304155395762,-0.298701298701299,0.0520954193213387,0.537592739723864
Q8WXE9,STON2,45,25,0.0755990913071607,0.106737028015091,0.478774948086591,0.654608225481224,0.215982385288957,0.215982385288957,,1.08928401480407,0.296629902480689,0.296629902480689,0.0506857924196591,0.740904860258232,0.194186949936942
O95674,CDS2,48,26,-0.148766510130145,0.113377347103821,0.189474217250172,0.375786477087953,0.21628929068285,0.0707229706589726,0.0740003207985122,5.25936651682215,0.0218289628002923,0.214192514732802,-0.0726226660877117,0.622761785619074,0.579387885210692
Q96RI0,F2RL3,45,25,-0.0260563944424167,0.167983669312754,0.876732498655077,0.93340955699793,0.217293870563052,0.0497723127871594,0.0570305448614919,0.287471610824611,0.591845355874937,0.140352868822857,0.0765480895915678,0.616171205021367,0.657914876453644
Q13586,STIM1,52,26,-0.15964326019719,0.0977253922601916,0.102344890158332,0.268709079438235,0.217965914311124,0.217965914311124,,1.42965341478253,0.231821009694414,0.231821009694414,-0.22890537317517,0.102618853404387,0.847161133624765
P55285,CDH6,51,26,0.633058487160948,0.163276650584474,0.000105659493017768,0.00648137914431768,0.218864291359902,0.39041173653191,0.80747183607789,2.45345578430282,0.117266442970324,0.425824585429049,-0.0919457013574661,0.519947315358894,0.439767070006558
P50148,GNAQ,51,26,-0.211648941840641,0.113518011156234,0.0622581834731275,0.199976909492686,0.218925589730929,0.0347234289158128,0.0587857207232886,1.80778823988523,0.178773779215493,0.968971134393115,-0.154027149321267,0.279608021963176,0.85226401943067
P19823,ITIH2,52,26,-0.00826192858305096,0.0665812221591477,0.901245624454771,0.943074669314514,0.218948971411935,0.415945610232356,0.224403861017173,4.23750198279113,0.0395403041448653,0.0614398938163443,0.0461026210193802,0.744894533938153,0.158848778075819
Q9Y608,LRRFIP2,52,26,-0.201762282366501,0.0958079556858146,0.035212759935137,0.154996336466629,0.21899423896496,0.21422219707946,0.350377180864901,4.72632898381896,0.0297042200576921,0.0758105335644417,-0.214974814308888,0.125728140738206,0.283515235584745
P06730,EIF4E,39,24,0.0577810283935207,0.110474688476995,0.600956827926255,0.745765702125352,0.219877222281911,0.219877222281911,,1.44016469681266,0.230112690782442,0.230112690782442,0.253046179540725,0.120118589254772,0.494387626191044
Q15370,ELOB,43,24,-0.173770891684846,0.214721546880636,0.418351327012919,0.599640741421988,0.220123737967602,0.220123737967602,,1.37930087675063,0.24022026934072,0.24022026934072,-0.0759971717723828,0.628127951019707,0.747821114812419
P25787,PSMA2,52,26,0.0859493067988135,0.119556115584104,0.472200395992134,0.648488543829197,0.220381721866893,0.304257798175267,0.919547910493408,0.238852993094749,0.625035773629336,0.111619346721343,0.0594211559805344,0.674796601023105,0.386368808897401
Q9Y6I9,TEX264,45,24,-0.272304132965185,0.18956861806909,0.15087689708679,0.329364131880753,0.221055116880944,0.0219187232190808,0.0200702041166732,2.16974657922786,0.140749426787728,0.953465005336423,-0.210671936758893,0.164367697522436,0.418282814550698
Q16181,SEPTIN7,52,26,-0.128238405640143,0.0739718343902523,0.0829870797461868,0.238793084810801,0.222899961030477,0.507168167150848,0.866833857959419,0.000198735325796967,0.988752313259841,0.918670137092504,-0.0467002475881499,0.741699341648182,0.75130397319637
P14770,GP9,52,26,-0.306925482197266,0.262436932490428,0.242193818460449,0.437137207384805,0.222982103993928,0.222982103993928,,3.83132345415092,0.0503031985617063,0.0503031985617063,-0.132805661203382,0.347955979574812,0.804758639181403
P13807,GYS1,43,25,-0.237373417882512,0.116098961084209,0.0408964494856163,0.164117665441389,0.224123559857788,0.224123559857788,,0.221492694120877,0.637904906544085,0.637904906544085,-0.177433889809121,0.25500076988627,0.462740192356652
P31040,SDHA,52,26,-0.156693021369317,0.110179025460854,0.154977651746765,0.332597683778249,0.226939200763,0.226939200763,,3.66692979653602,0.055502334113574,0.055502334113574,0.216051821035317,0.123967691557319,0.319691206566854
O95140,MFN2,43,25,-0.168982039669026,0.111378841100345,0.129220588278554,0.30480276166468,0.227609377197239,0.27294183587614,0.645893147286388,2.46415208533759,0.116470539427001,0.156564656056856,-0.167623074599819,0.281599209649518,0.715012699355103
O95168,NDUFB4,42,25,-0.0685580497291272,0.0897422667774325,0.444900724866579,0.62374920137828,0.227721837050027,0.118869145161889,0.386191794802751,1.29238830515929,0.255608282542709,0.50196859358338,0.0449720444048294,0.776760883184107,0.834819897703549
P43304,GPD2,52,26,-0.213026910626024,0.106850969108155,0.0461867595448154,0.171279751116257,0.228125528708727,0.150674829423548,0.0283968077093168,2.32750753664513,0.127105250887703,0.75893392468504,-0.315205327413984,0.023250402384495,0.447460372215445
Q9NTJ5,SACM1L,52,26,-0.179628783415851,0.14687436772592,0.221326014614671,0.417137854316087,0.228339596577453,0.224080755588873,0.062746136195083,0.552233841852586,0.457406381427497,0.5258648352207,-0.0747886963203278,0.59724496211191,0.667524506635187
P41091,EIF2S3,52,26,-0.10524555065691,0.0766320896492778,0.169631927302683,0.351434421450015,0.229060487241728,0.382670249963521,0.426499744452479,3.05215751028789e-05,0.995592002664345,0.125698402423856,0.0459318705711602,0.745808237436048,0.17983168573057
P10909,CLU,52,26,0.18617755766159,0.0778195960946097,0.0167374423583022,0.100620032854385,0.231802536039117,0.258464714865085,0.224322263274104,1.00820914886407,0.315332254077169,0.993024434621719,-0.0406386066763425,0.774300583964046,0.21368104455234
P28074,PSMB5,52,26,0.333643417966339,0.165509255819515,0.0438146618872237,0.167144821273483,0.232302752343934,0.232302752343934,,0.0845886094699044,0.771172765958232,0.771172765958232,0.102138293514001,0.471209211886365,0.411082416271652
P15153,RAC2,50,26,0.125894701959954,0.102451222317881,0.219137138037796,0.414402543780165,0.237021816560535,0.0685730433180477,0.747249446905297,0.765148101372575,0.381722223806002,0.483606801265066,-0.182713085234094,0.203458321327675,0.401020410700886
Q14C86,GAPVD1,49,26,-0.135549740212072,0.0877769262995561,0.122527168415824,0.295250661341945,0.237080695002551,0.394724604354152,0.902004118201743,0.406593303412241,0.523703694148046,0.543750653884573,0.152551020408163,0.294380849607994,0.452527047142428
Q01813,PFKP,52,26,-0.115132530638948,0.0782675795098939,0.141287933944859,0.319137219217554,0.237349646029132,0.832685091368793,0.305765746944466,0.344695247372869,0.55713149317742,0.392430327993658,-0.0292837018697174,0.836387210341024,0.663981889215403
O14548,COX7A2L,45,26,0.16291082904146,0.109027839263391,0.135119921672908,0.310631394510385,0.237588883781576,0.827135239839101,0.517492886422616,0.0434109474271172,0.834953398706145,0.38858320337679,-0.24137022397892,0.110143549657315,0.985203566258377
O15126,SCAMP1,51,26,-0.0854988599884144,0.0851238980641635,0.315183491044042,0.506489604857908,0.238492845421091,0.00787709745943611,0.0955435347398625,5.18300306064649,0.0228088692746537,0.157173184838267,-0.333574660633484,0.0171618498778665,0.243897288209211
A0A0B4J1U3,IGLV1-36,43,22,0.349156705182479,0.257921893661465,0.175822409518556,0.358844944129682,0.238823207555055,0.0024747233361668,0.0304328726082933,4.27784213996962,0.0386123386126769,0.592596358100552,0.317124735729387,0.0387370168494313,0.440014410183689
Q7Z7H5,TMED4,50,26,0.162154889721504,0.196850476732183,0.410083616417682,0.592130081649831,0.23940601504874,0.23940601504874,,1.87866835920616,0.170485574606345,0.170485574606345,0.0249001212252081,0.863717687415373,0.713750390639803
Q8ND76,CCNY,50,26,-0.0951721094836674,0.0739767155590809,0.198263598169416,0.386900253736676,0.240637525277782,0.220558215329537,0.124651579527952,0.0305007315526109,0.861358912074914,0.192828674016436,0.0933973589435774,0.517708727706099,0.146898076662272
Q14152,EIF3A,50,26,-0.111686013958232,0.0789590767968466,0.157221093589272,0.334582079332542,0.242007203128643,0.551326855031151,0.517637797287723,1.06096462265082,0.302995279994557,0.47844661283386,-0.234573829531813,0.101063021371555,0.374138847358991
P01019,AGT,52,26,0.278290311228057,0.0874850976714731,0.00146766381485246,0.0288318291732275,0.242065210836796,0.209227562288745,0.260319909862145,3.99492146777078,0.0456375791562695,0.83404627162105,0.0399556048834628,0.777999658006269,0.737582827447832
Q9Y6K9,IKBKG,46,25,-0.12386959947406,0.0852888619263755,0.146403265902635,0.324515200959946,0.243416997477614,0.424403764173186,0.59854815050621,5.23458061838071,0.0221421461042076,0.0844831314558454,0.242059821153253,0.105052667586389,0.518062241796535
Q9NQT8,KIF13B,50,26,-0.0988747232532572,0.0750510249775026,0.187693408261129,0.373505546658722,0.244734691822584,0.244734691822584,,0.317281128508347,0.573246186763746,0.573246186763746,-0.100858486625313,0.485853396668047,0.0746296028468399
Q9Y251,HPSE,52,26,0.154850236994567,0.108675083390145,0.154188475534857,0.332247133474693,0.245411138181205,0.280874075653554,0.107064152163501,0.225885941593479,0.634591263705744,0.304297397615328,-0.167591564927858,0.234269490779919,0.0250415727286496
P48735,IDH2,52,26,-0.259302293019186,0.146622976891033,0.0769778552737606,0.230933565821282,0.245429558084259,0.262633970035338,0.815083686930322,0.877508394350886,0.348885019373627,0.350780913425052,0.0828993426107743,0.557983241039491,0.207453372562875
Q8TER0,SNED1,51,26,0.354285352730627,0.131968920065907,0.00726140390118281,0.0648489539151875,0.246978500113986,0.246978500113986,,5.79734157087683,0.0160504242054858,0.0160504242054858,0.219775377573712,0.121234115211804,0.0813061902509553
P13796,LCP1,52,26,0.0780354898541721,0.112536238110744,0.488042604902284,0.661426161907043,0.247677967282577,0.268809462577703,0.324513679457943,0.182307373197629,0.669397773493432,0.0025412455013866,-0.0640314180824725,0.651125774841188,0.735608505043409
A5YKK6,CNOT1,44,26,-0.0960604044691604,0.06658861463852,0.149134584511068,0.328193154309393,0.247893811215133,0.247893811215133,,0.930432508754883,0.334750563167447,0.334750563167447,0.00699608685516942,0.964050457938979,0.762862716398723
Q9NZQ3,NCKIPSD,52,26,-0.125109855726708,0.0883733317906983,0.156864253587907,0.334582079332542,0.248140814836171,0.320999502696531,0.0751584750338391,0.0110636172795381,0.916230019840334,0.0886617251734534,0.000426876120549816,0.997835399701194,0.229492148514836
P46109,CRKL,47,26,-0.00384174584367856,0.0862633463768174,0.964477882409107,0.978409933238391,0.248988639209117,0.638788190478938,0.796795251330105,0.175668500652623,0.675122396351398,0.181548858715322,0.0537696577243293,0.718876624971115,0.708869356365132
Q5T5C0,STXBP5,43,25,0.0529558365546573,0.151942499107772,0.727445561273547,0.838733874751963,0.249657164620862,0.249657164620862,,1.75341688364822,0.185447758480493,0.185447758480493,-0.334410338122777,0.0283946528282041,0.264491029443936
P07339,CTSD,44,26,0.047222258163845,0.116911509081969,0.686275565417749,0.812585628966755,0.249822180379895,0.249822180379895,,1.11642141234899,0.290690323357754,0.290690323357754,-0.0964617854924136,0.533356827668932,0.441303158962588
P24557,TBXAS1,52,26,-0.344613209794433,0.145142969978411,0.017582174476436,0.103012748560545,0.249925592364214,0.249925592364214,,1.68124469132121,0.194759144397116,0.194759144397116,0.0756116674535657,0.59420470295373,0.337452121976646
P0DMM9;P0DMN0,SULT1A3;SULT1A4,50,26,0.0715164465657426,0.0866376645756514,0.409107077014005,0.591671366614166,0.250283926583411,0.226839066344317,0.335210157187444,2.57863485680657,0.108315039988921,0.772078734350073,0.0377911164465786,0.793945138798932,0.665454129181449
P08294,SOD3,50,26,0.494528351672218,0.200140023354568,0.0134769041373396,0.0870356136473496,0.250423635194372,0.338298185138962,0.761993298967601,1.07831738338413,0.299074273949808,0.773133995667123,-0.0486434573829532,0.736606460545002,0.972344454245312
P50454,SERPINH1,48,26,0.142763745363435,0.103258518215558,0.166791952075478,0.347764596432676,0.250702755975442,0.228310046405844,0.371691046806207,1.51430573112303,0.21848324379794,0.0138046179897351,0.0838037342596613,0.570087907080586,0.333686611489469
P12931,SRC,52,26,-0.0282584448184974,0.0873663998691199,0.746356350904964,0.848806469904277,0.251939919150675,0.501357369082055,0.903025201416723,0.947073926214652,0.330465224221842,0.38467445668308,0.271066336549133,0.0522323337828484,0.451989305414827
P04040,CAT,50,26,0.157143713514185,0.0821981706964985,0.0559061435289934,0.188974803292354,0.253560259188269,0.253560259188269,,0.128969567047142,0.719502828430532,0.719502828430532,-0.141731684166877,0.326191585400952,0.296780413185436
Q9H6X2,ANTXR1,50,26,0.301411499487254,0.147788342407527,0.0414020569798572,0.164117665441389,0.253577890943578,0.49353698059913,0.610908758940629,1.46600458818101,0.225977139200707,0.15753423013395,0.209891956782713,0.143191909447656,0.400617081873377
P06737,PYGL,48,26,0.0934077126667952,0.0850091869941397,0.271857272718478,0.466170351109932,0.253981011175898,0.225531635883322,0.208935390714043,0.322308231164566,0.570223773453248,0.0976096973892128,-0.106165870603561,0.47143998847212,0.580992548438986
Q15276,RABEP1,46,25,-0.0843644506543294,0.0853236847635553,0.322781702663641,0.51343474645371,0.254541157642068,0.404294012940868,0.345782616337716,0.576279823305793,0.447774217047401,0.796263168528775,-0.0363243909959914,0.81015341320373,0.939087579145499
P68036,UBE2L3,44,26,-0.116501747666522,0.0802567967758932,0.146609456485464,0.324515200959946,0.25488349381973,0.550723887429841,0.550034893605609,1.11539505741716,0.290912182346208,0.333074086253808,0.212684989429175,0.165275562846534,0.198364306913443
P02671,FGA,52,26,-0.0489466712669895,0.0722636836536158,0.498193875824689,0.667259044811864,0.254893069986067,0.250835436792383,0.232259628464466,2.92247019661786,0.0873540441817734,0.78916451080889,-0.0935712456245198,0.508272820399944,0.910098338244544
P04114,APOB,52,26,0.140492959735859,0.088080381576807,0.110700174036809,0.27992106200797,0.25618155863064,0.437665269199234,0.559222507247038,1.4655861574039,0.226043391902811,0.133248127651204,-0.0251856911124392,0.85906307877588,0.962687374374506
O60763,USO1,51,26,0.0180375435693385,0.138216543004526,0.896169224544975,0.941251836792649,0.256506529627418,0.0166995840575388,0.350088079561063,1.77508993174983,0.182753412265548,0.469870306139623,-0.145701357466063,0.306660781822894,0.168704258128748
Q14008,CKAP5,51,26,-0.084083842170479,0.0766013445338269,0.272343799490352,0.466486884936356,0.256578639822774,0.116118058587426,0.653901930597596,5.68099446460877,0.0171496447493739,0.0395173092927963,0.0370135746606335,0.796032517655459,0.21236134521395
Q86UN3,RTN4RL2,52,26,0.116584267942083,0.123650082723884,0.345754374892656,0.53206226016848,0.256963150494335,0.680936919971561,0.998629895329463,0.604865461216486,0.436727630665468,0.840236336411367,0.13941774097157,0.323253356181744,0.417597331829251
Q9H4B7,TUBB1,52,26,-0.30620883501559,0.127079197929831,0.0159704322486195,0.0975269479214117,0.257541395557807,0.15848311974537,0.488697524302863,0.424499983960618,0.51470013765459,0.553195368182802,-0.104157773414155,0.461305864169234,0.829955824974985
Q9H2U2,PPA2,45,25,0.114349937441615,0.181233013241425,0.528069726119514,0.689077472005616,0.258110413515193,0.258110413515193,,1.23460872541299,0.266512619401185,0.266512619401185,0.20576479872296,0.175089017918858,0.616183964332572
P47756,CAPZB,52,26,-0.0871932725979744,0.153138922673466,0.569102571727082,0.720117504765227,0.259226931308329,0.427203399833343,0.989151985383451,5.23597988267597,0.0221243422839126,0.0108869793581112,-0.191496627678648,0.173392762842112,0.225367820295849
P55884,EIF3B,51,26,-0.0537286610620954,0.0923679334477696,0.560781650815863,0.714268467032571,0.259616742774878,0.259616742774878,,2.04457271196831,0.152749867356487,0.152749867356487,-0.189130319722643,0.183779078191781,0.547539228388988
P57075,UBASH3A,47,26,-0.249312251453074,0.102199258920855,0.014708734164235,0.092378025543671,0.26004100723731,0.311594659837811,0.686525027336167,1.57833237924203,0.209001064402282,0.590839127075981,0.162927844588344,0.272909473879467,0.353852746445142
P09211,GSTP1,42,24,-0.0195761879432265,0.19750979798297,0.9210469451039,0.951851190759549,0.260188652204513,0.260188652204513,,2.27208680319587,0.131722431013996,0.131722431013996,0.23993887917956,0.12589057626719,0.691976985970279
Q7L5N1,COPS6,51,26,0.0178126037560511,0.0654490854978864,0.785499224022213,0.873090864111021,0.261419078268972,0.179919121267539,0.223584250138771,1.50759768975496,0.219506023854678,0.833578984271618,-0.00769230769230769,0.95736879874083,0.966537673813218
Q7Z7G0,ABI3BP,52,26,0.485024701412508,0.174721396076091,0.00550340434245394,0.0566850647272756,0.261967742518775,0.460822605051417,0.717148229214053,0.0959894979384482,0.756696533911791,0.663561316324523,-0.0215999316998207,0.87899878210115,0.86698392137643
Q96A26,FAM162A,50,26,-0.112548533086568,0.125986850521012,0.371677502734795,0.555897136229679,0.262876290979338,0.262876290979338,,3.21764067250099,0.0728485581605298,0.0728485581605298,0.196531366161536,0.171336907587367,0.865834591687894
P05771,PRKCB,51,26,0.182333533003744,0.137811738127203,0.185814617703591,0.373053165274271,0.264038294302544,0.0928460809580209,0.00333182966196579,9.59416544432523,0.00195196622762666,0.647815584226065,-0.307330316742081,0.0286661503132496,0.329617386035335
Q9NZN5,ARHGEF12,48,26,-0.200638558228094,0.129818991906845,0.122219213509782,0.295250661341945,0.266469599238817,0.315328582480245,0.406532068931189,0.98796665149554,0.320239850929174,0.382990719348993,-0.092922275293096,0.528729310932517,0.814730789338155
Q8NBP7,PCSK9,52,26,0.271902639568838,0.124907800415419,0.029493497373872,0.138925162934854,0.268472164616853,0.211825940340289,0.00646408401750332,1.31505766165506,0.251480975836437,0.0499122556721384,0.123281823614787,0.382808878866553,0.14004912021813
P43251,BTD,52,26,0.522785699252047,0.183077606518844,0.00429635104854557,0.0517097892430426,0.269566145831202,0.76286326590352,0.473686000146252,0.812428852208103,0.36740313279471,0.611780545597622,-0.0456757448988304,0.747179447809075,0.874596150976721
Q12907,LMAN2,47,25,0.103965460814736,0.07361092704099,0.157842661030217,0.335442794073845,0.27041668849487,0.25883289249821,0.372547803132006,0.0736268229600032,0.786127521707149,0.197476382731876,-0.0500693802035153,0.737520662113403,0.393618480639044
Q99623,PHB2,52,26,-0.292005303231468,0.098580300161407,0.00305542529249161,0.0417755051053057,0.270440242078127,0.232175461295471,0.725561794719784,1.37337802295849e-05,0.997043117178865,0.727842892587399,0.0328694612823359,0.816653618493662,0.887550036507456
P61073,CXCR4,50,26,-0.115200473203131,0.176434333010614,0.513797007284721,0.681218222966185,0.270868071521715,0.189941538689214,0.808394256885944,0.0435312452105965,0.83472816785755,0.91005743915699,0.0502761104441777,0.72809446018545,0.926749712322697
P11226,MBL2,52,26,0.176526130962292,0.152530012098695,0.247141384577542,0.443476700548551,0.271925175206921,0.125407169174157,0.523515121916943,2.4101685028382,0.120549389564608,0.175500489502592,-0.25655254845044,0.0665879057963934,0.901522026496398
Q15006,EMC2,42,25,-0.00700703533251086,0.136316869788801,0.959004749246539,0.974777853674936,0.271933238961621,0.247964130392411,0.631618055476278,0.184643204936018,0.667412939582054,0.492109457734867,-0.0388137103962402,0.80674935490107,0.17698096660466
O75915,ARL6IP5,51,26,-0.388815449486153,0.212000731013389,0.0666497169388043,0.210150638102964,0.27315315599678,0.253323749573435,0.227739265464635,0.293467673328948,0.588006885200225,0.651108270624386,0.123076923076923,0.388426637157324,0.726195893312981
Q12805,EFEMP1,52,26,0.285615389153729,0.161006395470566,0.0760733795822043,0.230315825572477,0.273784969822813,0.369865696842703,0.188147109155649,2.07781328041995,0.149454148283638,0.234477438365837,-0.239648254076667,0.0871357911120209,0.609744311387444
Q9NZB2,FAM120A,45,25,-0.147527820179953,0.0929510922483929,0.112477472215498,0.282565357029178,0.275783570493382,0.810984695054551,0.974038153284343,0.0651243886167987,0.798572643101247,0.315651580308596,-0.101317523056653,0.506577231556116,0.931381761198252
P04075,ALDOA,52,26,-0.0144185625275392,0.0755885327811654,0.848720946275934,0.916974728668754,0.276623241617221,0.0972433294027118,0.53344684157728,2.76060938128784,0.0966114305069,0.32326895946075,0.290446512422095,0.0371052100604338,0.106180726189482
Q9ULI3,HEG1,52,26,0.330772714959942,0.121732931201638,0.00658368198784035,0.0609089141988823,0.279160676566418,0.590350742573994,0.846044479404579,2.23956016363145,0.134519239393671,0.41155093135269,-0.103730897293605,0.463152625455361,0.117193639163618
P02679,FGG,52,26,0.0198931196895665,0.0869781351745027,0.819091190588301,0.895609263594427,0.279179120277822,0.419071409600798,0.298662144581502,0.966880493620559,0.325459408921521,0.316980848297063,0.0777768291641766,0.582637625791738,0.163441744899798
P17980,PSMC3,51,26,-0.0893921487933598,0.0982102871538536,0.362710894533477,0.550626613621204,0.279181303438574,0.231754443735005,0.184948308740711,3.92014507517572,0.0477107628361801,0.273990559930816,-0.150678733031674,0.290291049973102,0.861106234310665
O95870,ABHD16A,51,26,-0.244481246450116,0.150080279900751,0.103312355304102,0.268972230766459,0.28019935503827,0.303124585792855,0.765866812550904,1.52008345418923,0.217606864577553,0.235801932907014,-0.179547511312217,0.206786453467374,0.72688766985436
P68371,TUBB4B,52,26,-0.186787500968347,0.1412807202002,0.186134239208724,0.373053165274271,0.281948978071653,0.51813233367532,0.699382543420124,1.23869369418375,0.265722959399112,0.319692761844022,-0.11679330658243,0.408497871689433,0.714877272300823
Q07812,BAX,48,25,-0.113990371538949,0.105739490759412,0.281020248779311,0.472456425842375,0.284403496567082,0.123620879992768,0.168815678617672,0.657406569351943,0.417477017575632,0.161776607854073,0.0324576639166305,0.826268948987712,0.823798130870224
Q99829,CPNE1,43,25,-0.0774902266819199,0.131916211129391,0.556921634602422,0.711698863077536,0.285499691744697,0.590880580451314,0.928335807348494,0.443894968342496,0.505248486276931,0.371899687292312,-0.0215946843853821,0.890576520524585,0.0562061889113572
P31943,HNRNPH1,48,25,0.0593605964339318,0.0958989811646957,0.535922355318084,0.694630905173187,0.285701746924872,0.249122996845733,0.72674781654691,0.322410273631581,0.570162746522966,0.999362769687965,0.172600955275727,0.239942035902454,0.618624955980735
P28062,PSMB8,52,26,0.408897800332851,0.194951881132882,0.0359555838470788,0.156043193943081,0.288036152441286,0.288036152441286,,2.05285509220733,0.151921061450481,0.151921061450481,0.18948206224958,0.178501287485489,0.598409443807718
Q9H3N1,TMX1,49,26,0.101250486147227,0.145140499657933,0.485425340444276,0.659035282061869,0.288709077766718,0.288709077766718,,0.25974972813804,0.610292147039691,0.610292147039691,0.247532877540676,0.0863821293621197,0.369038523280889
P30273,FCER1G,51,26,0.513980475832659,0.184154737218019,0.00525414135253792,0.0558323161799787,0.289055054133744,0.166548852697205,0.331854655810806,2.34537341455359,0.12565544807597,0.326296322138267,-0.11393665158371,0.424828343886525,0.665146144913456
Q99542,MMP19,52,26,0.372572754700569,0.108078570480029,0.000566345554663791,0.0167101066695434,0.289401855033735,0.0467477071486536,0.0313666992631023,0.657884708642024,0.417307715375762,0.919641916414576,0.215828566549987,0.124205311297369,0.959228904492872
Q99816,TSG101,48,26,-0.204128038900405,0.0942706299584671,0.0303615979708456,0.141291171279989,0.289423741181097,0.544504800572992,0.704041750761248,0.300672911596914,0.583460872895596,0.594340315415779,-0.0948762483716891,0.520064819475688,0.782919793267329
P45880,VDAC2,51,26,-0.0390034307000719,0.138713005865728,0.778571748246015,0.870400398726551,0.28945724805843,0.28945724805843,,0.0973943640059012,0.754979192887262,0.754979192887262,-0.0402959641295401,0.778901703497736,0.971792834308404
P04003,C4BPA,52,26,0.0826613661708419,0.0963963488252871,0.391160035665422,0.574469824242469,0.289664738752558,0.184980941876618,0.312589301967283,1.45262890269438,0.228106590856942,0.777342551383135,-0.0612140356868437,0.665552269971118,0.964860596236671
Q9GZZ9,UBA5,50,26,-0.298904033401844,0.196580616565567,0.128381263135461,0.304169806257802,0.289831471112023,0.289831471112023,,0.00077199971404415,0.977833723060423,0.977833723060423,-0.0356428161689841,0.805886468495858,0.0871524909084101
Q9UI10,EIF2B4,47,26,-0.156816421356981,0.0928901427355759,0.0913743257080464,0.253339196069789,0.290056104101012,0.298899335719714,0.115862663748421,0.0476834369532098,0.827144441390994,0.929194900080573,0.0291396854764107,0.845530827115872,0.726084171494768
Q6UWL2,SUSD1,45,26,-0.0806659864506346,0.125752893832384,0.52122109705436,0.684185722131679,0.29185298853274,0.0312031095544681,0.234022196773114,6.37979761447626,0.011542659307838,0.871876380964315,-0.194466403162055,0.199876556442934,0.351287532855157
P31937,HIBADH,42,24,-0.132565944503639,0.0807197136789372,0.100527953030374,0.266407697138812,0.29189182298484,0.29189182298484,,2.66033678567098,0.102878949346992,0.102878949346992,0.237157483334809,0.130472804988414,0.700126135012957
P48047,ATP5PO,51,26,-0.110168671376962,0.0925343956838814,0.233822452024099,0.42853581064915,0.293241377873227,0.319762323599619,0.620730797793989,0.0298207286393822,0.86289762511602,0.922862847325566,0.034841628959276,0.807779459859418,0.14473232537692
Q92859,NEO1,52,26,0.285858965851976,0.109296268785341,0.00891098723067228,0.0696853566038631,0.294694679797511,0.10025123580087,0.0244591163153644,1.50581999757286,0.219778027261433,0.618463567564406,0.0830700930589943,0.557170048125628,0.725417066468638
P54819,AK2,46,25,-0.0549786377267776,0.104427212116589,0.59855608085079,0.744219797991414,0.295380267929277,0.20197455001237,0.938569001290812,1.62013334375316,0.20307319569796,0.716322023569572,-0.189145852605612,0.207375899185858,0.927590693372234
Q8N4C8,MINK1,50,26,-0.0297259052976447,0.0927768277616708,0.7486634124895,0.849878745258103,0.295492824095895,0.285009962663907,0.0371703274774722,0.0366592421168534,0.848160489294363,0.79395218342598,-0.134021608643457,0.35236384135556,0.345365479609147
Q9BV40,VAMP8,47,25,-0.0182322736821004,0.239498660837226,0.939318195339265,0.963912094430545,0.295681217980917,0.295681217980917,,18.1617447337228,2.02914127656982e-05,2.02914127656982e-05,-0.545058865662166,7.44784212541461e-05,0.957283047636867
P13798,APEH,51,26,-0.0460672429210744,0.0913227418209788,0.613949145416734,0.756248492000289,0.295792066177898,0.200748586341213,0.0837928798073099,0.0014492564271821,0.969632587522567,0.610919661763485,-0.0884162895927602,0.536152185064895,0.6540854160138
O95197,RTN3,52,26,-0.289676513641009,0.150492889004076,0.0542478969605294,0.185320413862917,0.295802318253181,0.295802318253181,,1.42686421016114,0.232276883524184,0.232276883524184,-0.0711689967475091,0.616112215706924,0.628983125452872
P14406,COX7A2,49,26,-0.153183602123545,0.174050721179753,0.378800276622839,0.562666407715734,0.296152194823218,0.296152194823218,,0.763654268776055,0.382187342507339,0.382187342507339,-0.233814681490919,0.10588858308444,0.607847852786357
P27797,CALR,52,26,0.0845991080388498,0.0894617708723627,0.344329502948671,0.531785244397496,0.296818983239856,0.274896120113704,0.144487859134777,1.43181029907389,0.23146922382095,0.301278209553297,-0.0729958166140186,0.606086736120543,0.0925698279093289
P39656,DDOST,51,26,-0.113171770992221,0.103823287558194,0.275694528975838,0.467560973949144,0.298154122368671,0.306694813567185,0.615274145936455,0.91957097326349,0.33758764589266,0.582935107097317,-0.131493212669683,0.356608048716903,0.362654705832375
Q12768,WASHC5,44,26,-0.140610705132089,0.0922311758749791,0.127372280655605,0.302754113250631,0.298861433862509,0.298861433862509,,0.431672645688414,0.511169345839474,0.511169345839474,0.116967924929856,0.449563836473911,0.979879339005913
P42892,ECE1,52,26,-0.164642253409615,0.0980816637224481,0.0932253088979459,0.25476950245624,0.298998756690693,0.16709645588273,0.183967976233162,0.514553993186818,0.473174084757746,0.805879414188256,-0.131221719457014,0.352725669978359,0.68013994071894
P11166,SLC2A1,51,26,0.278902345586619,0.171259254372333,0.103410682896619,0.268972230766459,0.30005911453502,0.302474181022168,0.306472943710381,0.52160131224595,0.470159406000646,0.195190274736558,-0.131493212669683,0.356608048716903,0.197467680333199
Q9Y3C5,RNF11,46,26,0.394918946907634,0.193374227623224,0.0411265183088475,0.164117665441389,0.302917871095395,0.302917871095395,,5.7130739858643,0.016839027916981,0.016839027916981,-0.245053204264525,0.100708893336177,0.12663887618303
Q5JSH3,WDR44,52,26,0.0775741273402158,0.10383937717645,0.455028028516262,0.629642132752917,0.303798043627261,0.665853678855216,0.954385253035316,0.960556709687028,0.327046655037804,0.0339158971431911,-0.0893024844190216,0.527881088863774,0.765451206930506
Q9H4M9,EHD1,52,26,0.0920318428619407,0.0953885285999064,0.334639794137596,0.522074825374616,0.303965501553721,0.252331365690975,0.404918150104922,0.78088452654688,0.376870756593296,0.621714211630887,-0.137283360368821,0.330772888123826,0.150183361651588
P23229,ITGA6,52,26,-0.222934103326168,0.134211113842173,0.0966993162971091,0.260733758602153,0.304080488193369,0.304080488193369,,5.65702435865658,0.0173855949966284,0.0173855949966284,-0.266301446011589,0.0563573654322009,0.912547638291241
P53801,PTTG1IP,46,26,5.98777726245495e-06,0.15715693787781,0.999969600101054,0.999969600101054,0.304106137253485,0.0589500240609255,0.376242853789797,0.329704339565047,0.565833235528133,0.438968772246092,0.0788775824853531,0.601248645641621,0.0986706861162459
Q15118,PDK1,41,24,-0.0452639562969857,0.123725539467773,0.714483234080823,0.828603065194028,0.305104638440216,0.288207528148768,0.800467690721511,0.00832621987417601,0.92729543812372,0.681864113584184,-0.0581881533101045,0.71702277626094,0.577028323719927
P04275,VWF,52,26,-0.21638127778472,0.225948971104917,0.338236496598656,0.526058404504897,0.305866417881142,0.280390697656604,0.365827979287271,0.262946451292368,0.60810309119233,0.410230011987062,0.0875096047127124,0.536227459312238,0.802689987548748
P51665,PSMD7,51,26,-0.000891504701219441,0.106458051155682,0.993318405555128,0.997839360586913,0.306413406144374,0.593053354117203,0.663317323689288,1.72519667545457,0.189025490719142,0.0617556667451129,-0.204615384615385,0.14946138059119,0.812534116136767
P49902,NT5C2,45,26,-0.00632838060499593,0.0535808004313599,0.905981205938405,0.945132318146412,0.306999761372277,0.973781851060836,0.682630902049778,6.57519688201005,0.0103409563970362,0.353368856736594,-0.280764163372859,0.0620435342786865,0.397029303457392
Q7Z6Z7,HUWE1,51,26,-0.157905754254237,0.073030524975723,0.0306036569827343,0.141989940055028,0.308169314925778,0.212756563384644,0.00258322827127162,0.167663845043752,0.682196423159315,0.359019522716254,0.0370135746606335,0.796032517655459,0.0945751415810578
Q9HCU0,CD248,51,26,0.582406392232213,0.283216149117896,0.0397437371807841,0.163308707298701,0.308912571196296,0.308912571196296,,3.63315055851583,0.0566395007015553,0.0566395007015553,0.294192555370263,0.0361274789212064,0.889975283887283
P20774,OGN,50,26,0.425628608972285,0.198080187531401,0.0316526989158696,0.144684674038516,0.3089844984478,0.5093916856431,0.64306602307126,8.49224987620269,0.00356662478386849,0.0105024063306677,-0.16984393757503,0.237550225023043,0.106001731353399
Q5SW79,CEP170,50,26,0.0127831054297416,0.0588591783009233,0.828067155710851,0.903505477099763,0.308997846446392,0.546532297529147,0.532492525935771,0.00520306694572451,0.942496631179981,0.188330244662969,-0.027515006002401,0.849266612590351,0.688144270063755
P00746,CFD,52,26,0.219271072841009,0.144861103160344,0.130111016906741,0.305292260825664,0.309615158206666,0.124929166844076,0.527556512959605,5.58796815205646,0.01808426153148,0.274074911666656,-0.0083667719627764,0.953126659171059,0.155022667539297
Q99439,CNN2,52,26,-0.229088248026829,0.150995000695293,0.129218481440963,0.30480276166468,0.310311626104113,0.480136495680318,0.372927517952677,1.81872177447804,0.177465502791288,0.252438649902636,-0.324255101169641,0.0194256895568954,0.945214248208849
Q14515,SPARCL1,52,26,0.283802125955929,0.113674404080907,0.0125382195122523,0.0840812638087479,0.311007405828883,0.0689711339489753,0.104305794861135,1.93009606210455,0.16474793560112,0.193481444092726,-0.0108426534619653,0.939208221449611,0.333420652157665
Q96M96,FGD4,43,24,0.0888486504841436,0.074518786966314,0.233144156406442,0.42853581064915,0.311452926603483,0.125194892461922,0.139898460505498,0.938080380504606,0.332772008099026,0.271782254477459,0.0795832074901843,0.610852291220178,0.156061425927475
Q8TC07,TBC1D15,50,26,-0.111482226333519,0.123289994013105,0.365874680965214,0.552369353990151,0.311748958302996,0.37794986135667,0.945182177288343,0.0973950412128983,0.754978368341349,0.723903160615077,0.145450180072029,0.312514114429874,0.0936445367924561
Q16851,UGP2,52,26,-0.120443547586008,0.106638090812075,0.258703480286585,0.450109095768889,0.314387328623436,0.582887674402425,0.865569673961747,0.777800210555082,0.377814759015992,0.00259099091582627,0.0716298130282592,0.612861488575969,0.764863882772202
P62826,RAN,45,25,0.207783425787217,0.116129992595598,0.0735775615024036,0.226084585343282,0.316311233870115,0.316311233870115,,1.43341037941352,0.23120866818212,0.23120866818212,-0.177833255358295,0.242518028002358,0.960367926343892
P07996,THBS1,52,26,-0.332389018774339,0.133676911414032,0.0129002830704601,0.0844943283382773,0.317693800480408,0.317693800480408,,2.95889981662996,0.0854060350538511,0.0854060350538511,-0.16649231966387,0.238134237308948,0.581153113908312
Q969T9,WBP2,46,25,0.142465779869748,0.151658315321167,0.347532321914435,0.533188951455075,0.319081086419023,0.457219830838754,0.764344990017887,5.80870352974086,0.0159470465566413,0.058369191459727,0.409189022510022,0.00505583702736221,0.548446839576117
Q684P5,RAP1GAP2,49,26,-0.0490161009844623,0.0919232528977481,0.59387539467141,0.741744126731874,0.319263947880614,0.0672791398022137,0.629124343983826,1.41203307990769,0.23471918344005,0.0557437792358761,-0.123163265306122,0.398001844036209,0.63999362469287
Q9Y4E8,USP15,51,26,-0.152085614721789,0.0674380954389326,0.0241215018519184,0.122595572779218,0.319543722893151,0.427382255378033,0.297410425619669,1.52956019212442,0.216178464059761,0.87129910742121,-0.129864253393665,0.362637802636112,0.475893780098767
O60268,KIAA0513,50,26,-0.0486041568594931,0.143740655103483,0.735259304377839,0.8426852737696,0.319951416970519,0.324350059592684,0.472461334003936,0.0174168715022715,0.895005651479712,0.855376476580054,0.0479711884753902,0.740120664980425,0.657163538994182
P05165,PCCA,43,25,-0.0655131482473701,0.0869154882646647,0.450995213568495,0.628869679569787,0.320477356939436,0.320477356939436,,0.282086613623569,0.59533682646972,0.59533682646972,-0.0214466355557248,0.891420899920341,0.752582829590626
P31930,UQCRC1,51,26,-0.290671585413529,0.115749675191239,0.0120318558891079,0.0822531741091668,0.320873717077187,0.328942285595465,0.290653120297076,0.0785649828320538,0.779251602804982,0.829699643374584,-0.0755656108597285,0.597171777725318,0.907179112448197
Q96BY6,DOCK10,47,26,-0.150119776009359,0.0932832421607809,0.107552974588593,0.274206841154085,0.321469002516349,0.39502399159149,0.865290929420837,2.31209701798628,0.12837076144257,0.162896996462625,0.022895467160037,0.878411147348144,0.872911919822118
Q9BX67,JAM3,41,23,-0.240628665001075,0.0883394885678701,0.00645144188717961,0.060275039100655,0.321481859699217,0.644498941320985,0.948413697679832,1.58751978703464,0.207680845241619,0.969644871639952,-0.116898954703833,0.46533815288756,0.829756916485297
O00217,NDUFS8,52,26,-0.18814644507895,0.146512791702561,0.19908459658295,0.386900253736676,0.323227497553964,0.838873747781853,0.9720548343984,2.24982703146526,0.133629338449777,0.137057834003946,-0.194655510970716,0.16630597074067,0.40045735291278
Q9UNM6,PSMD13,49,26,-0.236189265234705,0.064110089135461,0.000229494061534799,0.0101305235734647,0.323263923391857,0.831434659589972,0.671341936071841,0.251799466926168,0.615810857968041,0.179099303258333,0.0581632653061225,0.690576657167456,0.555259930753173
Q9H9Q2,COPS7B,51,26,0.0442017866430549,0.151419276938931,0.770350461018219,0.864964725489207,0.324651110021253,0.311352278449796,0.141206457158187,3.15572479516834,0.075661084968621,0.00842653159766827,0.260542986425339,0.0650461723263835,0.631748685047607
Q96P48,ARAP1,52,26,-0.182913058618164,0.0701699050379568,0.00914149772509184,0.0706180699263344,0.325026607931112,0.311382060516483,0.110705796680318,1.21634886097919e-05,0.997217288021733,0.845539140554701,0.107914283274994,0.445228950873719,0.571807412746204
P52907,CAPZA1,52,26,-0.299768157898677,0.100077006806178,0.00274107680480439,0.0408605071825396,0.325272495078806,0.638134721087372,0.649374027414773,0.271289257828058,0.60246823564467,0.148465140186392,0.0251856911124392,0.859063078775881,0.514403384182303
Q8IUI8,CRLF3,47,25,0.0976616581084443,0.130690475893948,0.454897890586564,0.629642132752917,0.32571287016388,0.32571287016388,,3.20017842138894,0.0736302369791845,0.0736302369791845,-0.230142860717392,0.119644658229737,0.355606472487418
Q6DD88,ATL3,51,26,-0.114590638441667,0.11728660573835,0.328562294781385,0.518737873262761,0.325726450052455,0.152223939283601,0.138667298929278,5.45280208964048,0.0195369663250515,0.553281926140427,-0.231131221719457,0.102689342933438,0.767369868129034
P35613,BSG,47,26,0.0801620183288253,0.0767465143075262,0.296252407212082,0.487965328948086,0.327231969538087,0.0231106217949113,0.0474665147375707,5.71496079524336,0.0168209401803649,0.191148487552553,0.130897317298797,0.379295849436421,0.911391479553281
P13073,COX4I1,47,25,0.138797568396637,0.0799927202876143,0.08271822519541,0.238793084810801,0.328267950385589,0.500768582444608,0.0920559115438679,1.08952190752592,0.296577162969591,0.122407063690744,-0.031567992599445,0.832811376988387,0.343879295511277
P42574,CASP3,44,26,-0.16805071881548,0.161792277773492,0.298952677814137,0.490841537962637,0.328358772089152,0.328358772089152,,0.082247499944725,0.774274460872602,0.774274460872602,0.118773521798701,0.442548057310757,0.173780473674328
P20645,M6PR,43,25,-0.140031045964245,0.0829964697181132,0.0915662858021241,0.253339196069789,0.329051955168876,0.137137772787676,0.0471629335708691,1.24064081362716,0.265347589149545,0.462665247485819,0.0442464512231954,0.777584421565329,0.834855001398592
Q9Y678,COPG1,52,26,-0.110808058983688,0.0786197663813806,0.158711811045642,0.336519576152831,0.330072652714345,0.330072652714345,,3.55443304572075,0.0593865923072377,0.0593865923072377,-0.18465119701581,0.190036187616674,0.696265164811422
Q8N1G4,LRRC47,50,26,-0.122894681383605,0.0852761198533463,0.149545618533212,0.328193154309393,0.330444777321905,0.330444777321905,,1.57313052815074,0.209752966969513,0.209752966969513,0.00567897501627554,0.968777945382382,0.254625197628168
Q5VYK3,ECPAS,45,26,-0.176241367082906,0.084379777211964,0.0367375909575069,0.157228748003735,0.330579873083177,0.330579873083177,,6.28046898999211,0.0122075789368905,0.0122075789368905,-0.257010498918241,0.0883205099545202,0.485411204551086
Q9C0C9,UBE2O,52,26,-0.235465346077703,0.0670497388552557,0.000445080980729877,0.0156284117097196,0.331341892086734,0.331341892086734,,2.42567764451476,0.119361615572467,0.119361615572467,-0.0705220058679863,0.619331101924946,0.465554902535952
A0M8Q6,IGLC7,52,26,0.0226926645682162,0.129010202304674,0.860373906091241,0.919285711063804,0.331349515506582,0.414025721097755,0.450415559061169,0.040179344845767,0.84113033153695,0.277335096390856,0.165969435669769,0.238878369340111,0.995422126392496
A0A0B4J1V0,IGHV3-15,50,25,0.323557286054529,0.274509368328909,0.238527677566532,0.434069801932028,0.331893227685759,0.891280630063619,0.150131467771223,1.28907333855901,0.256218792795689,0.0342809617885702,-0.130948379351741,0.363592905760987,0.805034420375924
O60669,SLC16A7,42,24,-0.214542027169345,0.166617174757357,0.197873214214307,0.386900253736676,0.331981916893729,0.000311108305837059,0.000257997567876799,7.24584418482495,0.00710652955129107,0.100073290271973,-0.566971882343408,0.000119341303618367,0.847466440685498
Q9H0U4,RAB1B,52,26,-0.166470208345737,0.133714760072366,0.213144582761681,0.405552192569948,0.332544161597068,0.332544161597068,,3.81633187804023,0.050755238007517,0.050755238007517,-0.0640952297980597,0.651682267517093,0.699229982466429
P51149,RAB7A,52,26,0.0686763329871595,0.108584469222963,0.527080324627792,0.688367795054894,0.332707664635783,0.574520874336974,0.161585824109466,1.50782502354317,0.219471268670741,0.751236845051485,-0.0788013318534961,0.577667194244529,0.853955529896869
Q13045,FLII,52,26,-0.160668049575797,0.061712735770227,0.00922818828475664,0.0709330890544727,0.334590324357784,0.0760454346778481,0.061473360700806,5.63109455661913,0.0176446106098872,0.403217977529485,0.145820882779817,0.301353911001803,0.495746080827701
Q9NS62,THSD1,46,25,0.698845780252937,0.175044203899979,6.54090213558975e-05,0.0055883506230472,0.334756187147069,0.10110167426505,0.0922566715049746,2.53282033555857,0.111500763120032,0.478107762024235,0.212827628738822,0.155217712193023,0.215078746520628
Q6PJW8,CNST,51,26,-0.206543097474308,0.110368199536671,0.0612895975978639,0.198557689037756,0.336380652742942,0.470920571754393,0.974168508120251,0.0812175931922302,0.775654097565368,0.649331798718064,-0.09710407239819,0.49671554919261,0.288145976582143
P23588,EIF4B,40,23,-0.366825078068414,0.173084508015947,0.0340616669806814,0.152980451991723,0.33755792616162,0.162450962173407,0.387848137779197,0.903286453260798,0.341902018094852,0.996396451968241,0.1093808630394,0.500314679142884,0.764505479197481
P42025,ACTR1B,51,26,-0.12611169177436,0.0612598086445529,0.039529051989706,0.162911677452731,0.3387069617083,0.305367915105127,0.184503599209791,1.98972997741364,0.158369115450441,0.367013692810256,-0.238642533936652,0.0917629495674596,0.450352459820403
P41222,PTGDS,52,26,0.240048816282558,0.216752739276422,0.268087466223883,0.460728737837485,0.339001978889689,0.339001978889689,,0.131152253785024,0.717240321656676,0.717240321656676,-0.0881201577910067,0.534463569233805,0.805315144015957
O15231,ZNF185,51,26,-0.158640510940766,0.0964059396278797,0.0998570453334658,0.265540679931506,0.33901510221921,0.607803968947914,0.74358748700215,0.874668033724662,0.349666232900514,0.52331040280513,-0.195475113122172,0.168804171561821,0.603455744070802
Q96AP7,ESAM,52,26,-0.190259014829912,0.0848398400151221,0.0249247583820706,0.124221779678384,0.339050935511956,0.156836933638547,0.364666925985889,0.581746595152222,0.445628524610684,0.415897527919087,0.0467002475881499,0.741699341648183,0.166741628279205
O95671,ASMTL,40,23,0.0600999095860537,0.0958783037948949,0.530767172553259,0.689684845748348,0.33952144604197,0.147895238948254,0.087912048855884,1.96523514604918,0.160954533927185,0.0205171363033965,-0.193058161350844,0.23178356402076,0.00375754900908963
Q9NXR1,NDE1,42,25,0.215485308981086,0.125230903010437,0.0853045599625557,0.242717394368598,0.339976868633693,0.538141232400406,0.435216133784469,0.261661675555343,0.60898085297777,0.582012206210482,0.0206628312130297,0.896597053076359,0.448034651671591
Q8TC12,RDH11,52,26,-0.221764504717402,0.136170727211201,0.103402611588755,0.268972230766459,0.340514899382964,0.340514899382964,,6.75132076219871,0.00936783141780148,0.00936783141780148,-0.11261954576227,0.426669894709039,0.673663529268172
P20674,COX5A,52,26,-0.0688125652792084,0.0935333268693333,0.461912660346531,0.637761447931537,0.340956636509742,0.188248893857299,0.00445619858172862,6.03171366349055e-07,0.999380330135685,0.132465837251087,0.0286860753009477,0.839686300624572,0.232727095883262
P15498,VAV1,46,26,-0.0722684212698539,0.0938933769570986,0.441486154379943,0.622350463975375,0.341139529070362,0.341139529070362,,0.210234264468089,0.646583851879237,0.646583851879237,0.152747200855134,0.310853071069095,0.816575696208719
Q9UNW1,MINPP1,49,26,0.177641279721513,0.198624426966695,0.371130553113323,0.555616961783027,0.341175506480034,0.341175506480034,,0.136217077681891,0.712071093546497,0.712071093546497,0.184072360582908,0.205479284713916,0.863860289164981
Q15691,MAPRE1,52,26,-0.164854988744677,0.104484785933037,0.11461399753104,0.284732805472693,0.34304349601142,0.307857174917931,0.666204273213349,1.61738779741679,0.203456406955144,0.633147155270235,-0.0420899854862119,0.766456756962316,0.126680445186581
Q86SQ4,ADGRG6,44,25,0.488094346695579,0.146718788058358,0.000878702817211429,0.0205696341301766,0.343457478349353,0.343457478349353,,4.98118642978862,0.0256244043608038,0.0256244043608038,0.366911686432739,0.0142908936024835,0.327186983053349
Q15436,SEC23A,50,26,-0.276029767990908,0.0776956762695266,0.000381292720623027,0.0148028950331893,0.3445657851603,0.907500668706636,0.171267269872095,0.00774610051916769,0.929867191024705,0.916198608021334,0.0935894357743097,0.516844758618262,0.613092850710165
O95822,MLYCD,41,24,-0.145844185127559,0.152238359366197,0.338063298940869,0.526058404504897,0.344940005163977,0.344940005163977,,0.187910752836163,0.664661197999138,0.664661197999138,-0.0467961437196121,0.771407606868808,0.149490453284341
P30530,AXL,52,26,0.165226801235842,0.114154273815359,0.147785157935664,0.326182955729431,0.348269530774297,0.615027820014073,0.462832801417593,0.119072989413737,0.730042090020547,0.226673991344556,-0.0689831810808503,0.626079615094626,0.373991932492286
Q99627,COPS8,51,26,-0.134003598758909,0.116287056955768,0.249176541294987,0.445208083304202,0.348702264330959,0.348702264330959,,1.50385670510578,0.220078897138303,0.220078897138303,-0.184968080521975,0.193794845598862,0.866369432412103
P63104,YWHAZ,52,26,-0.315145719701879,0.126353781503743,0.0126257949538055,0.0840812638087479,0.349411373393054,0.0548881744113218,0.0510521280776199,2.03421564123346,0.153793503024085,0.443347346730549,-0.0344062153163152,0.808230270916277,0.592980388325401
P40238,MPL,47,26,-0.346887687333287,0.154473564200736,0.0247288720579946,0.123644360289973,0.349774696697017,0.409811539015271,0.140407660814826,0.00104027387874524,0.97427006933422,0.82182359690299,-0.073427382053654,0.622768732262352,0.73987388207894
P24539,ATP5PB,52,26,-0.0976718827255163,0.145316034330061,0.501498238502613,0.670713407112154,0.35093471941881,0.298283661261106,0.730486925420561,0.0184671544893546,0.891905150761608,0.775861390268376,-0.132843848715103,0.346764575121182,0.960567921962554
P07942,LAMB1,51,26,0.284710183023507,0.142099851226133,0.0451137398378688,0.170001775730506,0.353738170838074,0.937046560994634,0.423628454813949,0.120985602569056,0.727967972868535,0.0257993071098337,0.0120361990950226,0.93319759445892,0.660443125224756
Q16401,PSMD5,51,26,-0.0578439560877452,0.0756629607260996,0.444572307879157,0.62374920137828,0.354365118816945,0.528829776435291,0.186927559858001,2.10533936488884,0.146785774446,0.212401193770373,0.0956561085972851,0.50318168712209,0.837567224252244
P38606,ATP6V1A,44,25,-0.0519883536051563,0.073528685642052,0.479536281710808,0.655069456448451,0.354594565601392,0.559786463659443,0.424979599199553,6.12970169840454e-05,0.993753233181747,0.265171724259908,0.0356589147286822,0.817841321003154,0.777418295657555
O94929,ABLIM3,49,26,-0.14638224123815,0.0756330298518155,0.0529378649353871,0.184625285158404,0.354638054274484,0.354638054274484,,0.158656523911089,0.690396446245728,0.690396446245728,0.0587471146280062,0.688449273407618,0.214728449641613
Q8NBZ7,UXS1,46,25,-0.249300435990078,0.0949892051122878,0.00867728933542767,0.0688707459128668,0.355956260599548,0.355956260599548,,3.44341501311488,0.063504303933146,0.063504303933146,0.130206167400198,0.388424633949775,0.746232649487782
P98172,EFNB1,42,24,-0.0760467125379322,0.0947574254892903,0.422240121110622,0.601713895511234,0.356139551449131,0.3909492009475,0.572341882141731,0.938095467894918,0.33276812034111,0.715646987588903,-0.0261729195365043,0.869131362908245,0.50282174854128
P60900,PSMA6,48,25,0.115017490005757,0.138329169979961,0.405704351899352,0.588198643974019,0.356725611725949,0.1142108439625,0.372771827058445,3.77596887314791,0.0519937809238415,0.00165419449475654,0.300803300043422,0.0381727541448156,0.630233436171569
Q4V328,GRIPAP1,51,26,-0.149330312456922,0.0677168263017085,0.027438854340621,0.131655372534967,0.357833553388671,0.337325666747146,0.625449051286406,1.96667105029697,0.160801654972443,0.856073958538694,-0.102171945701357,0.474429291106302,0.616837172604018
Q9UFN0,NIPSNAP3A,45,26,-0.111648275775058,0.0551215610570167,0.0428168787352268,0.16414907604448,0.358045287759487,0.122519269186062,0.157470011243802,0.0232723324085842,0.878751012352912,0.415802014794557,0.0519104084321476,0.734156269234712,0.932226178641321
Q6WCQ1,MPRIP,48,26,0.0602813874211396,0.0785867702937767,0.443041156905822,0.62374920137828,0.358233867251081,0.696404436992698,0.129946648027878,0.415996683821357,0.518941410857062,0.767491334356298,-0.0602475032566218,0.683329721508061,0.264942625451372
Q14165,MLEC,52,26,0.0165656493852932,0.0942892412654712,0.860537720362861,0.919285711063804,0.358777351277741,0.913204295670429,0.287709996274457,1.64411026522789,0.199762454954986,0.23116255527773,-0.136173482455391,0.334726395676734,0.0682630611209999
Q9UJU6,DBNL,51,26,-0.0873433410079102,0.132176173133314,0.508734149352435,0.676997640611121,0.358777941958069,0.358777941958069,,2.94228602237308,0.0862885329109442,0.0862885329109442,-0.257647180410555,0.0679549001165187,0.454937552307382
O43306,ADCY6,50,26,-0.0786952241230175,0.10289471880715,0.444382873413909,0.62374920137828,0.359206374910116,0.359206374910116,,0.0599130322443743,0.806633449395689,0.806633449395689,0.0436844232021195,0.763241791707622,0.773063442231146
Q969X0,RILPL2,48,26,-0.0676249517637972,0.157190711692793,0.667043185972037,0.795816001796755,0.360089002625338,0.360089002625338,,1.19517350950674,0.274288476576746,0.274288476576746,0.149861375835607,0.309316511821525,0.538073694303193
Q99715,COL12A1,51,26,0.3797452050481,0.103051826726916,0.000228709405998436,0.0101305235734647,0.360513608511958,0.68455856047097,0.760720612833551,0.671782784352019,0.412430736988013,0.0416643882422473,0.146334841628959,0.304544827622818,0.171461321077508
O75947,ATP5PD,51,26,-0.217555496290324,0.132132671479447,0.0996623349168827,0.265522881559118,0.3607252078758,0.239916872881598,0.322289422788478,1.35896083279395,0.243717659530543,0.184006509342332,-0.135746606334842,0.341156872270151,0.464103438136423
Q15005,SPCS2,45,25,-0.151048098751334,0.117366686124853,0.198102681635882,0.386900253736676,0.361078185469787,0.855625115387329,0.895230719524586,0.788255052490508,0.374628281339114,0.896341663560617,-0.0151515151515152,0.92131959833414,0.159691799940353
O15173,PGRMC2,51,26,0.0298856666654096,0.124535576695669,0.810348133228088,0.888564844455213,0.361656234849784,0.375265497542594,0.127432499008129,2.779049405565,0.0955048386135997,0.16961554918822,-0.189230769230769,0.183034293467108,0.643049304228314
P55157,MTTP,43,24,0.446622598004083,0.185671133718386,0.0161525694296522,0.0981292206347413,0.362842329052473,0.362842329052473,,0.547200265126705,0.459463926140718,0.459463926140718,-0.0608128686358312,0.698471392679323,0.755410957222765
P40227,CCT6A,52,26,-0.193596382411992,0.119756365650633,0.10596782329482,0.271960609618765,0.363465716166232,0.369303436578303,0.767682837113227,0.330316953819873,0.565472513764457,0.88689214397339,-0.183471356612311,0.192383814909711,0.356369024280707
P51572,BCAP31,52,26,-0.000350927200326054,0.0829646626536879,0.99662508649809,0.99794876737765,0.363773263430089,0.686728244028348,0.874492239645471,9.88969039929716,0.00166207331212359,0.0142544427122053,-0.41885084948348,0.00217233835374766,0.686349625720388
P31150,GDI1,43,25,0.0552758838000796,0.150196257610015,0.712855059302184,0.827694025035125,0.364240495822397,0.364240495822397,,3.51803593156239,0.0607043444972159,0.0607043444972159,0.202674997230648,0.192423853778305,0.111936542678346
P21964,COMT,49,26,0.023819097625281,0.0710849685006264,0.737565308323186,0.843166040159656,0.365544383201349,0.0191588226401343,0.0147320339611185,9.59784706637227,0.00194805639829592,0.14781740069921,-0.278469387755102,0.0530134787759379,0.636775065690911
P02751,FN1,52,26,-0.246632817725136,0.138823048835791,0.0756343257108716,0.230315825572477,0.367687118355821,0.673858678889389,0.416739117230011,1.39711099961413,0.237207882932974,0.10587520781652,-0.132331597370443,0.348640217032912,0.0919100052048815
P08311,CTSG,50,26,0.430950858552592,0.160303632333661,0.00718079824023483,0.0648489539151875,0.368659239595895,0.69698325841056,0.198556590251875,1.95360966989712,0.16219840487301,0.189091636414557,0.0320288115246098,0.824860391368611,0.778922140453903
Q9NQC3,RTN4,52,26,-0.459530885700682,0.165278957870119,0.00543028331006534,0.0566850647272756,0.369423653655488,0.894814539149527,0.25452713552892,4.48937899339993,0.0341060648915144,0.0740782704671647,0.143771877401178,0.308254095710715,0.272906516002629
O00203,AP3B1,49,26,0.0692452850941534,0.0949812906790271,0.465976390201379,0.642224373649537,0.372049481460512,0.426254517979537,0.912321759429029,0.0134950421657205,0.90751926789047,0.714538840140473,0.123571428571429,0.396430449730883,0.349925080558381
P49368,CCT3,52,26,-0.0289638306917455,0.13975914510095,0.835821617058594,0.906842976373263,0.373697570349402,0.346063559835227,0.770280215283435,3.98369169971999,0.0459427662694079,0.0943818974221692,-0.195338512763596,0.164802079557363,0.309525358172493
O75558,STX11,51,26,-0.205636390367063,0.0621464692229537,0.000936636163435132,0.0212809245956953,0.374052452473741,0.801840875783051,0.657113364881085,2.51624356632572,0.112678714016308,0.530105329765547,-0.0963800904977376,0.499943198223619,0.142283187735307
P08697,SERPINF2,52,26,0.394715576664387,0.165826019473876,0.0172985760916519,0.102399617094261,0.374428812853582,0.374428812853582,,0.508505468657291,0.475786543931209,0.475786543931209,0.0193234609350813,0.891845961000842,0.944630921054929
Q9HCM2,PLXNA4,51,26,-0.301164818321334,0.100327668057567,0.00268377683446919,0.0408605071825396,0.376051035807921,0.376051035807921,,0.0873286901645236,0.767601044700459,0.767601044700459,0.0180522623030542,0.899943230594178,0.543753801802954
Q9NYJ8,TAB2,48,26,-0.0118382671275444,0.0800286001334515,0.882401598626623,0.936339608432784,0.376225509851414,0.651289169852982,0.818729588078954,0.0125399847757696,0.910837620467854,0.970823565469864,0.0499348675640469,0.735390074245927,0.379430254758139
Q5TCZ1,SH3PXD2A,46,26,-0.0229605865302738,0.118526032829089,0.846396957804354,0.916221347452713,0.37784505363397,0.37784505363397,,0.0515969061289653,0.820307475984087,0.820307475984087,0.0772377744328918,0.609912306745458,0.316587528986224
P61019,RAB2A,44,25,-0.0997294266203376,0.10189067941636,0.327684486500398,0.518721856191716,0.378075138274593,0.378075138274593,,0.782927759795477,0.376247219780934,0.376247219780934,0.108145295533107,0.484704034691934,0.845638204059619
P01133,EGF,50,26,-0.133345683867892,0.0710503867179319,0.0605487562273293,0.198194551633949,0.378705171476894,0.913608940124112,0.909949384439295,0.00192577495993493,0.964997146133231,0.498281942547102,0.0421128451380552,0.770961678576816,0.449594557231654
Q8TEW0,PARD3,45,26,0.0271386822565254,0.0583861517512216,0.642064887889203,0.774387394058407,0.378851144780783,0.432619898343222,0.0487769461839451,6.81211049023183,0.00905416907659258,0.00339826946163048,0.272332015810277,0.0705698300542789,0.918924424631289
Q14254,FLOT2,51,26,-0.316475244733787,0.102471546471126,0.0020122339243161,0.0349314765513301,0.3801051805953,0.3801051805953,,1.93823693373868,0.163860093007676,0.163860093007676,0.0976067962002707,0.495617787972189,0.348261383933918
P33176,KIF5B,51,26,-0.0564526122510943,0.115128875247607,0.623891362648739,0.76225981992015,0.380417953296558,0.20750747408954,0.931834053304097,1.29672339916739,0.25481260092216,0.505895626223001,-0.149683257918552,0.293518143065581,0.531819830600834
P01876,IGHA1,52,26,0.0532703292654196,0.0653751794812081,0.415163743507095,0.59753738406127,0.383306148302099,0.505252089293086,0.4937040574202,0.784972096019601,0.375624796507618,0.157235221118845,-0.1173909331512,0.406090680754213,0.955459257655694
Q9BZL4,PPP1R12C,47,26,-0.105617392661789,0.0710510215110839,0.137146733890242,0.313913635348776,0.383790030751433,0.160604511644964,0.659865567469109,1.62955272000329,0.201764924818324,0.387400870795707,-0.149398704902868,0.315135591088138,0.342129905562003
Q9ULC5,ACSL5,46,26,0.125523520123998,0.125241917031173,0.316223601802604,0.506577674863857,0.384207436474074,0.817866778754772,0.592653951484548,0.0338180740921552,0.85409432768605,0.0992299177378906,-0.098859081097749,0.512124587941949,0.724518930288903
P04278,SHBG,51,26,0.484857056789378,0.192345498055876,0.0117101312218434,0.0814961835033698,0.385922199654418,0.33854765255983,0.864723134380434,0.944630575635766,0.331089814425464,0.467355416653722,0.0772850678733032,0.588830944355538,0.14429537950408
Q86TP1,PRUNE1,51,26,-0.0910306077408993,0.0821215989659715,0.267652166074539,0.460728737837485,0.3861892841421,0.373718185078775,0.756832015656608,0.883959873239675,0.347119391041489,0.307461501396137,-0.239185520361991,0.0910098920838559,0.682349076177052
Q12906,ILF3,48,25,0.216930494979118,0.150418252830775,0.149251040340395,0.328193154309393,0.386805196212126,0.386805196212126,,1.03071788379388,0.30999011705021,0.30999011705021,-0.0113003814940787,0.939236132071739,0.43244300222049
Q6UXV4,APOOL,48,26,-0.0804732220828733,0.0553605839558259,0.146051839015979,0.324515200959946,0.387488704500535,0.347543706046587,0.900748149052036,0.000881822202011353,0.976309907779631,0.872589439154494,-0.0257273122014763,0.861953845410582,0.91386255906097
O60762,DPM1,50,26,-0.0129227336276015,0.0926260230904082,0.889043084005379,0.937952575049008,0.387599951594491,0.351693654220936,0.456546557970336,0.911922936577968,0.339604721378006,0.797875344924632,-0.0642016806722689,0.65691130746027,0.0772767662438879
O75955,FLOT1,51,26,-0.0979228118726487,0.0975304690283628,0.315367637458452,0.506489604857908,0.387620961833061,0.387620961833061,,0.866625746524043,0.351891141477683,0.351891141477683,-0.25769291930287,0.0679043228789237,0.582321713885769
P49411,TUFM,52,26,-0.131455512568838,0.0778120247835893,0.0911431015179748,0.253339196069789,0.388280278258601,0.636854001679379,0.98293153029362,0.703625833195,0.401568037230985,0.986453609394684,-0.0788867070776061,0.577253873863267,0.757553085219505
Q5JSL3,DOCK11,44,25,-0.197246746105479,0.0973284876355778,0.0427024605226138,0.164117665441389,0.388636104010495,0.457001906880755,0.791413040759904,1.29226748759435,0.255630501739109,0.233753948560367,-0.22861169837914,0.135298448235745,0.952708397052811
P16930,FAH,49,26,-0.0103657587288351,0.170558054886423,0.951537966624322,0.970047734933474,0.388933383000011,0.216073467495008,0.279297531854996,2.62887421944841,0.104936093650028,0.697359502902424,-0.243775510204082,0.0914882257657323,0.209869903949143
O43396,TXNL1,50,26,-0.0764888235976092,0.133540127956999,0.566795137555469,0.718964275470607,0.389047161885261,0.290168347933054,0.968015000505457,0.170550969994307,0.679622606766622,0.91367063052945,0.180600240096038,0.208802748721406,0.019904682709176
Q8IY22,CMIP,51,26,0.0699591913109905,0.0901117924309007,0.437536454565448,0.618162006784789,0.389842749611515,0.505955625615268,0.366902750387974,2.40332301076393,0.121077812826495,0.469046850315377,-0.253303167420814,0.0730790722300046,0.137277159154416
P61225,RAP2B,51,26,-0.0616323153259465,0.131141042326497,0.638376670988895,0.772350788314678,0.390314943750952,0.390314943750952,,2.79495922280839,0.0945611720917061,0.0945611720917061,0.210078732402926,0.138970204029716,0.0627314489584907
Q9P107,GMIP,42,25,-0.0400778195444437,0.0906783059235429,0.658505099964085,0.786236769277056,0.390582720906949,0.390582720906949,,4.25978816888941,0.0390247874737275,0.0390247874737275,-0.212452905726509,0.176766004054626,0.457972682996619
Q9Y6C9,MTCH2,51,26,-0.174060002387219,0.116132097016687,0.133922808829074,0.30928361680257,0.390590587837174,0.390590587837174,,1.66676542907843,0.196692339264003,0.196692339264003,0.174448135289518,0.22082476993853,0.70167759992639
A1L4H1,SSC5D,51,26,0.288680552622219,0.218817768508301,0.187077587989216,0.373458964616074,0.390601198321978,0.780642689788119,0.919116205869331,4.66701645763332,0.0307472977841256,0.028765891151128,0.285972850678733,0.042284143476016,0.785730634113691
P00736,C1R,52,26,0.324885136232415,0.158588796764606,0.0405011661703266,0.164110608581169,0.391380809486108,0.66140765618308,0.193624309525831,0.035128713621298,0.851326203414061,0.624850011777856,-0.0530180141722872,0.708197098740128,0.95667843912568
Q0VD83,APOBR,51,26,0.36982911796159,0.109616683426228,0.000741275218923133,0.018774921528463,0.39173112284451,0.202802538906539,0.750073435167001,0.860405648247948,0.353625198710481,0.945180416883325,-0.196923076923077,0.165623487463333,0.864886850701917
O15260,SURF4,40,25,-0.0719362120920365,0.120895069662343,0.551823313972631,0.708700764827693,0.39187495390178,0.39187495390178,,0.701881552212628,0.402152186791826,0.402152186791826,0.116359857976214,0.474595042921026,0.0729409058999656
P09493,TPM1,46,24,-0.0925330919168947,0.151847618284386,0.54227176098532,0.70050992535311,0.392116528484117,0.392116528484117,,0.205325256994676,0.650456357624865,0.650456357624865,0.0562398779003733,0.710463178172108,0.851653524296361
Q4AE62,GTDC1,40,25,-0.269058652835417,0.132356194996746,0.0420689306833372,0.164117665441389,0.392224543063873,0.392224543063873,,1.59256443671548,0.20696012967229,0.20696012967229,-0.268699872852425,0.0936384409551098,0.47225482097959
Q13107,USP4,51,26,-0.161445652319152,0.140918614825138,0.251933416606253,0.44637285396406,0.393391047535721,0.393391047535721,,2.80790123075306,0.0938010198743867,0.0938010198743867,-0.146638888761981,0.304508406314591,0.746751371586645
Q93050,ATP6V0A1,50,26,-0.0565049204286307,0.081124211403015,0.486101039627494,0.659373227589533,0.394771797901778,0.394771797901778,,0.0382513309608128,0.844939326752079,0.844939326752079,-0.0153934233318364,0.915502151320989,0.991235566867411
Q99798,ACO2,50,26,-0.194707314910511,0.0774359526558953,0.0119224826381527,0.0822070388278004,0.395904810825126,0.190840281874085,0.115702517582039,0.562991867957022,0.453057279046469,0.497255191449711,-0.0292436974789916,0.839901554634396,0.621734714871026
P11142,HSPA8,52,26,-0.0885856700538923,0.0984307723965305,0.36813119960735,0.553271112250347,0.395916807795161,0.230064567307637,0.454549285580135,1.53394941710948,0.215520674061616,0.181469123458081,-0.0430291129514215,0.761393724647486,0.495312078758791
P16284,PECAM1,52,26,-0.330768544089012,0.113345996844199,0.00352035987399755,0.0453246333777184,0.396197649229934,0.522810507897507,0.561292882862447,2.27802338128983,0.13121901300491,0.184616417829405,-0.177153590028174,0.208352156218599,0.632499485058275
P78371,CCT2,52,26,-0.23173183012272,0.0676999009628797,0.000619506743808856,0.0171433490051522,0.397006489300317,0.397006489300317,,2.43571129515949,0.118600086796674,0.118600086796674,-0.315170823778212,0.0228565470467944,0.0676836520801342
P05388,RPLP0,51,26,0.16244476014445,0.142881148809056,0.255570781129423,0.447571872616141,0.397193318156582,0.455745605543335,0.395605122489334,0.575536898625286,0.448067050900739,0.654234890959291,0.0498642533936652,0.727531908157956,0.934433280885404
Q9UNN5,FAF1,50,26,0.120987494394428,0.112496572514757,0.282161152288551,0.473846717701969,0.399117561233536,0.388024150374332,0.627431460765096,0.694915528735559,0.404497442600609,0.363275303386946,-0.0451860744297719,0.75473528366283,0.342306259744659
P41226,UBA7,48,26,0.0262445579792541,0.110752996553671,0.812684124019798,0.889234103530106,0.400410483483165,0.405931170517939,0.927105380725794,0.000937860082549773,0.975569002064882,0.447568548950869,-0.1615284411637,0.271792418386729,0.956129747487942
Q6P4E1,GOLM2,45,26,0.641711068547642,0.159447659846049,5.7075255313566e-05,0.0055883506230472,0.400924802326039,0.609030007142359,0.62428966451129,8.04811638465133,0.00455509911749437,0.00775365510064424,0.328722002635046,0.0279564104149426,0.0182563384938939
Q15833,STXBP2,52,26,-0.270492844996221,0.0710310671353603,0.000140043122502482,0.00746091807814948,0.401037909190238,0.0617233312342124,0.149451867625087,0.00829719966609103,0.927421900315488,0.17876222160183,-0.0616409118073935,0.663358478841991,0.673141930673566
P55786,NPEPPS,50,26,-0.0109557250838403,0.0625565561959995,0.86097503165652,0.919285711063804,0.40106639837951,0.426011339237674,0.513742690091383,0.378138234603817,0.538601309632753,0.381096510168648,0.105210084033613,0.465964184960862,0.842468279727305
O43681,GET3,51,26,0.139116015923787,0.0901821037450575,0.122924889518542,0.295250661341945,0.401592208291925,0.187091400125911,0.0916190022684054,0.843627316926269,0.358361412867344,0.976393491433024,0.0253393665158371,0.859638561921436,0.852059873365465
Q8IYD1,GSPT2,44,25,-0.31065928771638,0.119034552179971,0.00905886900647146,0.0703314201758714,0.402047559022489,0.525487273293423,0.897932191141164,0.843090183679014,0.358514469765359,0.64927586439433,-0.108104298801973,0.48359181127429,0.904758283150051
Q9UNZ2,NSFL1C,48,25,-0.346624484895165,0.124252547849834,0.0052760635354543,0.0558323161799787,0.40264980857337,0.00102041104613756,0.00173516140996156,1.30678456430256,0.25297765372104,0.544147774679534,-0.157186278766826,0.285019923177363,0.921541593508329
P50416,CPT1A,51,26,-0.236391586172612,0.0989445393456097,0.0168882236159622,0.101068253816082,0.403422776099456,0.797239591143108,0.975472744786538,4.17899935375846,0.0409278587760425,0.0524584288448807,0.0873303167420814,0.541187782994339,0.254210084616775
Q16718,NDUFA5,46,25,0.0458279653413991,0.135808719350572,0.735781510883619,0.8426852737696,0.40394742610716,0.296320442816551,0.29765265690885,0.0145892023101749,0.903860721224195,0.127222624669228,-0.0152328091273512,0.919960622523991,0.343363523436525
P49593,PPM1F,51,26,-0.237628945554958,0.154132500198409,0.123141985089009,0.295250661341945,0.404378538631731,0.404378538631731,,0.0630901750526155,0.801676820124152,0.801676820124152,-0.0188444236337917,0.895576448790882,0.933283088449232
Q06323,PSME1,51,26,-0.0731639657434363,0.0802966007666933,0.362205073299661,0.550626613621204,0.404635250357005,0.383155480103273,0.110901386620203,3.24983736697849,0.0714305448806565,0.334450428885625,0.131945701357466,0.354944134245543,0.92601870573152
Q9BWP8,COLEC11,52,26,0.179611219562617,0.0990170409517213,0.0696865775132284,0.217946887161818,0.40532887018653,0.784613082898214,0.50065255784149,0.759173359768635,0.383587341442098,0.653550537035387,0.02322206095791,0.869970191295725,0.934332854839457
P38646,HSPA9,52,26,-0.174196526062304,0.087492776422927,0.0464828874501677,0.171808758637581,0.40555375302206,0.40555375302206,,1.31942030349435,0.250696114576053,0.250696114576053,-0.167484372345805,0.235309285361859,0.457914471866208
Q9P0J0,NDUFA13,46,26,-0.194223380429355,0.127521923267575,0.127744008949728,0.303171265479769,0.407046155588812,0.39716500303752,0.734495322632458,0.52499657268302,0.468718033834,0.788511727645277,0.080604378661733,0.593284026656741,0.32564800444806
Q99747,NAPG,48,26,-0.0684080483418033,0.0819313286236541,0.403749396792936,0.587375534882379,0.407124559388005,0.407124559388005,,0.341281967033179,0.55909017932609,0.55909017932609,-0.112732658918934,0.445532810423629,0.0873793938839246
Q15435,PPP1R7,43,25,0.04088705895391,0.107866372808245,0.704648598265862,0.824524360742405,0.408277611746294,0.219222043435645,0.997503707396313,1.84865463457332,0.173939949429657,0.930471562740482,0.141800060404712,0.363137937250327,0.390724385010583
Q9Y274,ST3GAL6,50,26,-0.0226794321000086,0.202972607649095,0.911032402858732,0.947833559402364,0.408293360611677,0.0344211200708189,0.100563130426449,0.736809835920698,0.390684721737585,0.139674480116658,0.192701080432173,0.179508563724026,0.146807788457792
P61006,RAB8A,48,26,-0.013675982812421,0.121079534657413,0.910069872374782,0.947833559402364,0.4089261882323,0.616811844243145,0.54927085304712,2.93358544985153,0.0867546261535874,0.00538217111493692,0.237299174989145,0.104353137104492,0.174562405087622
Q9Y277,VDAC3,52,26,-0.218555422323966,0.160317678277269,0.172799121085039,0.355365794677358,0.409101098845622,0.409101098845622,,0.620536899682745,0.430847840663253,0.430847840663253,0.182451428025432,0.19546140464187,0.246998437241915
Q14112,NID2,51,26,-0.0814811505516405,0.0875717603821984,0.352138104678745,0.538133898841405,0.409523581866682,0.429903306131152,0.706092701670444,0.297515032526281,0.585444482303609,0.311095107082628,0.0189140271493213,0.895057877987794,0.770565546938038
P0C0L4,C4A,52,26,0.692974204282204,0.317996530065101,0.0293177092374893,0.138519451901899,0.409738917137668,0.409738917137668,,0.132407695652493,0.715948603831137,0.715948603831137,-0.0645696897763764,0.649271107353246,0.508082651949581
P42704,LRPPRC,48,26,-0.185614988358918,0.100161997704103,0.0638611733548313,0.203434047078793,0.409856260840593,0.014474901217681,0.00721730575349178,1.1149865291932,0.291000550736529,0.491098393572272,0.122774641771602,0.404589694986376,0.790675355214508
P17655,CAPN2,51,26,0.156870231814979,0.112636698794262,0.163707570456161,0.343521673352411,0.410083453599992,0.130781559560427,0.20108314371955,0.715396925960902,0.397657964314567,0.554039848554212,0.0263348416289593,0.854173864504578,0.607662734075657
P21796,VDAC1,51,26,-0.291887711222513,0.139098326420118,0.0358674248657536,0.156043193943081,0.410936791752585,0.410936791752585,,0.000817408298070474,0.977191305944623,0.977191305944623,0.027260379819757,0.849397706100255,0.764478161756393
P05121,SERPINE1,51,26,0.217747953998449,0.132949957825584,0.101459477231371,0.267396180911497,0.411285060748814,0.134918228772022,0.243936590119942,0.0366951839393357,0.848086979085864,0.397391150999292,0.0210859728506787,0.88305871045168,0.150363732582031
Q07954,LRP1,52,26,0.312745302757951,0.117859824947913,0.00796532447556797,0.0676177270041347,0.412768742880448,0.55380216920793,0.671304807693565,0.270700053224823,0.602862556883513,0.209449544555728,0.11645180568599,0.409877129709377,0.0728804157340483
Q07021,C1QBP,52,26,-0.0258476232989825,0.151197274409511,0.864260744668244,0.922156664718534,0.414054937928553,0.514172354285464,0.657454368542395,2.61637982259798,0.105765490587224,0.0195284320066941,-0.164347306411679,0.243549382782126,0.736998712203919
P50991,CCT4,49,26,-0.132804620656475,0.093427914220814,0.15518127780074,0.332597683778249,0.41451812979428,0.4530450657704,0.465645272321516,0.181328053757565,0.670234407621655,0.950471226736507,0.0775510204081633,0.595321010371031,0.970538269512631
P68366,TUBA4A,52,26,-0.48211024289932,0.165831377377178,0.00364642957813312,0.0458027129936234,0.415700283197778,0.415700283197778,,0.263206566912847,0.607925709357995,0.607925709357995,-0.167096177818091,0.236411949587418,0.440617820110611
Q9HBW9,ADGRL4,46,26,0.488297427743311,0.128222333281754,0.000139977014266929,0.00746091807814948,0.416141173047914,0.308674148012799,0.239688465294866,0.079475974111531,0.778008814145345,0.870101652181528,0.088868331791551,0.555837016251176,0.523947204223905
P55039,DRG2,42,25,-0.0542226886334257,0.143489571478636,0.705515342978291,0.824524360742405,0.417574804556232,0.752702220506774,0.694450864940111,0.798709136117269,0.371479597035889,0.700040875940973,0.108662182967345,0.492033429062107,0.948095393984092
Q9Y4G6,TLN2,46,24,-0.429257486919037,0.247846674303499,0.0832828680027596,0.238793084810801,0.417811074978858,0.417811074978858,,0.0118727352062584,0.91323256578384,0.91323256578384,0.0112757252356327,0.940713321805323,0.788561681430899
Q93034,CUL5,43,25,-0.107682487661393,0.128896772132535,0.403483254069315,0.587375534882379,0.418029594792861,0.418029594792861,,1.06967555575299,0.301018741563773,0.301018741563773,0.131946893809795,0.398985584370337,0.632170163162047
P18433,PTPRA,49,26,-0.0216555051952694,0.0913875348173971,0.812685148339488,0.889234103530106,0.418310552531948,0.464343446916497,0.866195174630174,0.508360906912499,0.475849269071185,0.27848839955886,0.233163265306122,0.106851526459001,0.422342288141508
Q9P2E9,RRBP1,44,25,-0.0605592971169797,0.0850684160244283,0.476533314099269,0.653277702114792,0.418823680171599,0.17811823927564,0.169409657438009,0.153138793466384,0.695553681123258,0.686913459099013,-0.0510218463706836,0.741528302239793,0.721214557571035
Q9UNS2,COPS3,51,26,-0.156191585235927,0.0991824059129821,0.115304636204342,0.28548984444825,0.419443456393421,0.350054501553684,0.0721200701207559,6.35239552975368,0.0117222903826916,0.196111417391616,-0.422262443438914,0.00220340668740202,0.342962588100975
P11182,DBT,45,26,-0.072440339000781,0.115291613116023,0.529792556288199,0.689676457703873,0.420166846454378,0.51457441215001,0.691602844961829,0.0655465681206391,0.797934899886471,0.937474469380928,0.0241106719367589,0.874897292010689,0.229630474566178
P55291,CDH15,50,26,0.432938678901725,0.157333840473367,0.00592831810503296,0.0574057722061739,0.420395849008006,0.0117609579779245,0.0102927734446678,6.1814310411662,0.0129097824660794,0.543136604719061,0.187707082833133,0.19121421857774,0.452710454225712
Q8WXG6,MADD,48,26,-0.154907288412836,0.0543299585016538,0.0043550251276781,0.0517097892430426,0.420590022973596,0.441812476059525,0.834792000404125,3.77351230985147,0.0520701856127334,0.878371983994009,-0.284954407294833,0.0499899041519412,0.394104330527214
P08240,SRPRA,44,26,-0.126815224814429,0.111330574822993,0.254666815429727,0.447571872616141,0.421304544719411,0.456111585508431,0.827360997403372,0.402519862881258,0.525790755837361,0.808361627319678,-0.185341789992953,0.227601335248008,0.328768531572399
P23219,PTGS1,51,26,-0.260034177489722,0.0955079124913737,0.00647615306841989,0.060275039100655,0.421351493690544,0.274755990247837,0.442097772263258,0.0149868381142117,0.902565812182346,0.445604800445388,-0.0320361990950226,0.823015136301738,0.460149189218761
Q14155,ARHGEF7,43,25,-0.0602931032248903,0.105546235282319,0.567831368993514,0.719687830266595,0.424171313357856,0.424171313357856,,8.1302770038194e-05,0.992805728093419,0.992805728093419,-0.0403716570009263,0.797149100138172,0.754371110614671
O14672,ADAM10,49,26,-0.134667127197364,0.176212590173902,0.444729585112352,0.62374920137828,0.424186421438316,0.424186421438316,,5.72478998117175,0.0167270371077385,0.0167270371077385,-0.315094216834517,0.027437938767159,0.864050550739739
P55957,BID,43,24,0.0566890678008918,0.151616246970882,0.708479928248975,0.825716407217174,0.424632722542153,0.0277893320471203,0.0298305666670642,5.78552756414661,0.0161586475799132,0.681983277326947,-0.158260344306856,0.309641714549701,0.893894649126126
O14744,PRMT5,45,26,0.112039134045676,0.110009544435533,0.308464524347276,0.502331864458969,0.424806313486534,0.700336953923393,0.624868568719772,3.76081025143202,0.0524671482737117,0.0483434576724584,0.443478260869565,0.00249829834561877,0.682620701008986
P07237,P4HB,52,26,0.0217030050277605,0.0796615020293136,0.785283474597033,0.873090864111021,0.424837101024732,0.0785205459399668,0.0694245402967023,6.00488774355533,0.0142663016559454,0.0552996542336719,-0.150772645778195,0.285096618262624,0.640173775482033
O00232,PSMD12,52,26,-0.19600054530907,0.0909463012785762,0.031152141811351,0.143244223507551,0.425399236792127,0.748220817823163,0.573615129919134,3.79102610906993,0.0515280507915903,0.0677166445755357,-0.175189959873645,0.213501266966838,0.601096226423023
P27169,PON1,52,26,0.10980634227285,0.127852337075743,0.390421713119287,0.574469824242469,0.426167471490313,0.120579146465204,0.41511788382288,2.99614619824421,0.0834628314789652,0.267841118968409,-0.130538717664134,0.35525444610309,0.293175077481997
Q08830,FGL1,51,26,0.420123303845883,0.151106773097662,0.00543074365659382,0.0566850647272756,0.426728338271012,0.219948355801563,0.0530701161432392,0.0781622297238612,0.779803522251778,0.67243505520767,-0.107239819004525,0.452691099883325,0.722985067149984
Q13131,PRKAA1,51,26,-0.121186274002103,0.0871396373551585,0.164312308483775,0.343521673352411,0.428411598510514,0.428411598510514,,3.33359241552647,0.0678784631423938,0.0678784631423938,-0.280470887675754,0.0462047241810187,0.585882708332692
P31689,DNAJA1,41,25,0.00160263738540713,0.0812764662947692,0.984268056601416,0.991326041361922,0.428677218612118,0.428677218612118,,0.547075789395861,0.459514992722487,0.459514992722487,0.1316103631981,0.412083320750794,0.328964333742453
P15531,NME1,52,26,0.342777744983864,0.110014713717171,0.00183481139053462,0.0329625999811162,0.430228309231882,0.430228309231882,,0.472549033223684,0.491816825513536,0.491816825513536,-0.0587899045859727,0.678879328274044,0.868631256086315
O43169,CYB5B,52,26,-0.0806921503544318,0.1640299910225,0.622765050277892,0.76225981992015,0.43033547360954,0.522719344162931,0.224936868745988,0.108118332610678,0.742296641406505,0.218900116488297,0.0900708614360113,0.524323995269236,0.804616096492174
Q86Y82,STX12,46,26,0.0137571356805544,0.0726899000988859,0.849890713222999,0.917596891634894,0.430617962829965,0.325567742851838,0.688707074438262,3.28139602548519,0.0700693043465152,0.0689269285897429,-0.175331483194573,0.242980416458206,0.115360765282278
Q16644,MAPKAPK3,50,26,-0.0309087736553812,0.0911090487659072,0.734421167016754,0.8426852737696,0.431012677428557,0.56074600929446,0.834086136428213,2.58631405733581,0.107790919126109,0.21113385438748,-0.170132052821128,0.236746314304551,0.667325471705316
P05386,RPLP1,52,26,0.021386106878639,0.174005872981774,0.902182712774398,0.943074669314514,0.431225557174541,0.318062006965484,0.494770189340312,4.57364363615779,0.0324674393204523,0.113712413471865,-0.336976009562025,0.0149644025573294,0.410882711962696
Q6IBS0,TWF2,47,25,0.00534622994978651,0.0705332137821155,0.939580332823561,0.963912094430545,0.431337450880395,0.257352999165078,0.186658093206666,2.65943626385972,0.10293721139346,0.120545724604903,0.181082331174838,0.22244385929711,0.582588923278347
O14618,CCS,50,26,-0.11390986953962,0.121257202426083,0.347521800174722,0.533188951455075,0.431420883817014,0.612008788325646,0.616054619691726,2.85626461058956,0.0910186379290328,0.896208031119432,0.15937575030012,0.268041939886825,0.33644378222778
P0DMV8;P0DMV9,HSPA1A;HSPA1B,49,25,0.0404437306556209,0.0658365519326389,0.53901372264036,0.697467505426597,0.432693001424947,0.759452157580544,0.814991657752728,4.01422275919896,0.0451180147021378,0.887154460424457,0.317142857142857,0.0268324370007539,0.507398431011101
Q99961,SH3GL1,45,25,0.280404145936275,0.117747248103833,0.0172466350257707,0.102399617094261,0.432888406600412,0.432888406600412,,2.00804208162609,0.156467135702433,0.156467135702433,-0.22167968260124,0.143329258055825,0.763706084477955
Q96T76,MMS19,44,26,-0.0385601817236885,0.115589766624731,0.738685103439764,0.843509597054276,0.433243624980014,0.433243624980014,,0.034260131156876,0.853154582315533,0.853154582315533,-0.0444125379046845,0.774679248339454,0.573508778616803
O14786,NRP1,52,26,0.41065041361397,0.120475224650462,0.000653000028128107,0.0173614642884635,0.434370441241803,0.183031677488065,0.632612497529329,0.372717069272397,0.541526944895491,0.149222980145378,0.11585417911722,0.412297331809017,0.182925599992807
P50570,DNM2,43,26,0.145178956559901,0.0820365159388112,0.0767792951254061,0.230786013557884,0.435836788857142,0.272103409617471,0.856194329689625,0.0330991452996151,0.855636322670607,0.754906679376115,0.0607067351253398,0.698123685383008,0.548945505939648
Q9NT62,ATG3,45,26,0.205711970599751,0.211706235930056,0.331206818885752,0.520035096726105,0.43610693201876,0.473725798777305,0.660058673288856,2.29637234003366,0.129676550394417,0.103952455185891,0.185638998682477,0.221366065970397,0.188929608085498
P53992,SEC24C,42,25,-0.186176678099637,0.136946070710073,0.173991682643437,0.356994886698685,0.437420433957377,0.437420433957377,,0.0725557209578789,0.787651362624414,0.787651362624414,0.193750045598036,0.218906720675544,0.428855759794617
O43852,CALU,52,26,0.0389581980741422,0.125838995262194,0.756874553581866,0.85609877329568,0.440161783478507,0.0950309140519426,0.34933736002234,1.47597904014408,0.224404700032958,0.174674789080642,-0.0338939639716554,0.811035690459521,0.788350523408058
Q9UPN7,PPP6R1,47,26,0.0612202217199577,0.150895021919162,0.684952760252342,0.812165782494142,0.440396248763909,0.000976344990117256,0.00718074318676946,0.545836906950342,0.460023738761676,0.764375195964974,-0.279370952821462,0.0575213781930238,0.332248120907839
Q9UJW0,DCTN4,43,25,-0.0571030178923622,0.112225309538416,0.610875051835044,0.7538354273843,0.441407104039568,0.441407104039568,,1.6578480077047,0.197894132181201,0.197894132181201,-0.194247560372952,0.211971866932056,0.469775013998991
P42356,PI4KA,47,25,0.204959839438737,0.0971213692673399,0.0348284344516325,0.153742660650778,0.442711616318851,0.442711616318851,,0.000452050986560752,0.983037062863419,0.983037062863419,-0.0359375236278784,0.810471077869212,0.80172021659334
Q9Y371,SH3GLB1,51,26,0.0827328402536482,0.0655284892584708,0.206751790828675,0.396809337677396,0.44277307411128,0.446287063337644,0.238711940104589,0.0137194676565914,0.90675693275425,0.505187853006783,-0.140814479638009,0.323302801185007,0.599338602149694
P10721,KIT,51,26,0.43958951183059,0.162270694757985,0.00674885964340534,0.0620654056491741,0.44331952309131,0.44331952309131,,0.0190136978499318,0.890327222643959,0.890327222643959,0.0381154095208791,0.790588250767965,0.8879706240562
Q15084,PDIA6,52,26,-0.196118454500666,0.117748018552495,0.0957975886783072,0.259207135740779,0.443904904065486,0.443904904065486,,0.0523885446070668,0.818957957457804,0.818957957457804,0.0371372764846093,0.793798804754379,0.901087347904618
P55290,CDH13,52,26,0.338095311389984,0.152963622773653,0.0270844320706629,0.131526321667037,0.444109993621716,0.054685355996709,0.0584432628817365,3.68902066661718,0.0547717668442258,0.966561933491295,-0.0960471271237087,0.497073640412149,0.927176055678549
P48556,PSMD8,45,26,-0.0319339470718726,0.11531180037374,0.781829526753378,0.872241461190091,0.444689748139633,0.444689748139633,,0.790138282987558,0.37405831503946,0.37405831503946,-0.134844797434481,0.377152547297644,0.229614752973884
P01889,HLA-B,52,26,0.114029993931417,0.138905030255313,0.411691524426207,0.593896736917357,0.445550607485595,0.577041924549245,0.894732006977847,4.15030545475247,0.0416270140370536,0.275313871374476,0.0857167250064031,0.544638236852912,0.639539301768412
P45954,ACADSB,44,26,0.243264470901235,0.115139844044878,0.0346201145359683,0.153260965495906,0.446222453205981,0.446222453205981,,1.25396344534486,0.262796828670953,0.262796828670953,0.172074466171062,0.264033016511451,0.295741530385304
Q86WI1,PKHD1L1,52,26,0.174162031772669,0.0829950267333535,0.0358642236247545,0.156043193943081,0.44634923498572,0.00959586464216305,0.00468177720008891,0.346030634430839,0.556368738271293,0.832034165227598,-0.0289422009732776,0.838272064138798,0.648930425721054
Q9NR12,PDLIM7,52,26,-0.139960271631058,0.0723934244798051,0.0531957415922307,0.184777733672076,0.446558823845955,0.594297455428521,0.994438058395135,4.56723787876884,0.0325890700196122,0.0754899700087652,0.299240160505421,0.0315552435562832,0.459966077678207
O43865,AHCYL1,50,26,-0.0616172805754604,0.0939053157008061,0.511718657133382,0.680383240336554,0.447194199510447,0.301660152896254,0.358779002137933,1.44197081011848,0.229820686629753,0.521150453681397,-0.103673469387755,0.472532305323482,0.660787706249971
P46976,GYG1,42,26,0.0347628350977911,0.136849154782945,0.799477776622776,0.881697382368258,0.447318514115976,0.130003858419462,0.806195364900257,0.587721520888031,0.443301547421795,0.46657215003865,-0.0822461712989223,0.603458664908903,0.833585864895175
P05387,RPLP2,45,25,0.251365909832441,0.0974713330817527,0.00991240437475173,0.0736281959566895,0.448079384243789,0.512427314815256,0.652810260206124,0.447537790268073,0.503506543578638,0.501303160296394,0.155862977602108,0.30551016524407,0.291291162914786
Q32P28,P3H1,50,26,0.0406636818343958,0.087721375175691,0.64296660308957,0.774870048185168,0.448178263025938,0.656016238214763,0.186238027872322,4.93812699554467,0.0262704892718285,0.270282138569717,-0.368643457382953,0.00878433505437939,0.500611674279496
P27824,CANX,52,26,-0.187490620015607,0.0849198664198486,0.0272544907240504,0.131526321667037,0.448223868056808,0.168345092603983,0.0518785037337504,1.1311136568926,0.287537918498476,0.454048619783056,0.0616409118073935,0.663358478841991,0.728377226976996
Q13283,G3BP1,51,26,-0.121987676556593,0.0817107623689569,0.135457984370792,0.310631394510385,0.448602619005434,0.956131705377242,0.958774238565317,0.418759720510257,0.517556569243567,0.696871645448257,-0.0471493212669683,0.741847792553284,0.642570465771797
O60256,PRPSAP2,43,25,-0.265754320437558,0.109944478057291,0.0156417777985498,0.0958989948363472,0.449275577494466,0.255866231989644,0.206708241215077,0.00489822932615935,0.944203727240242,0.723790759751207,-0.0132890365448505,0.932681805101277,0.401259687728876
Q01082,SPTBN1,52,26,-0.170609350197014,0.0748715294870748,0.0226852257684491,0.118645522421439,0.449757000147846,0.416814428146159,0.662560137249616,0.495434187403797,0.481513200133739,0.773865854218278,-0.0829847178348843,0.557576574053328,0.352919254900212
O14818,PSMA7,52,26,0.0536328279902885,0.105300345946044,0.610519583422967,0.7538354273843,0.450342088269596,0.483905270800725,0.978008360860359,1.921310759965,0.165712234963881,0.621641657001967,-0.0809357124562452,0.567375287267214,0.346704707196753
Q9NSE4,IARS2,44,24,-0.156620770273475,0.0770142735665764,0.0419859890732619,0.164117665441389,0.452547138026404,0.16602412944015,0.280084947050538,0.113739650640865,0.735926114624783,0.759968181083935,-0.0552501761804088,0.720918282057624,0.19701226507058
P53618,COPB1,51,26,-0.0971585750515776,0.0717278710655952,0.175562807178292,0.358789070225477,0.453250127555707,0.558276364117351,0.221645266108927,0.188714745184282,0.663988483470754,0.871721368762973,0.158733031674208,0.265040638551927,0.166685001313006
O00743,PPP6C,47,26,0.0326753587158961,0.117918339519266,0.781702105234924,0.872241461190091,0.453754902250187,0.792172926930832,0.377590120282748,1.28101767173517,0.257709902189064,0.147950586065905,-0.208603145235893,0.15899685090447,0.222653714358762
P00492,HPRT1,52,26,0.0474113805922517,0.124232880366615,0.702733520985648,0.824524360742405,0.454338085805686,0.454338085805686,,1.64065968135887,0.200234981255348,0.200234981255348,0.195304980165286,0.165279701936356,0.169657242315271
Q8WUJ3,CEMIP,51,26,0.34306608125599,0.11235835414715,0.00226323974319982,0.0375059366322565,0.454721477508763,0.720566583310921,0.0956153543271411,0.92667399866983,0.335728678404652,0.219403451364049,0.121357466063348,0.395128907727869,0.537781675466642
Q96E17,RAB3C,47,25,-0.107275870691511,0.125021830548764,0.390860928581621,0.574469824242469,0.456722491003639,0.303583485312429,0.42607043532323,2.36719004170369,0.123909910767212,0.96725804238109,-0.217506938020352,0.141650625414618,0.548640459538514
Q14847,LASP1,50,26,-0.236561942760617,0.206416702043218,0.251778309963212,0.44637285396406,0.457023194404471,0.396545911888363,0.198801615619497,0.643978082986099,0.422273936145134,0.560745004640871,0.106266506602641,0.46147748572673,0.76207181274931
P62195,PSMC5,51,26,-0.0905017366669104,0.0530068263045316,0.0877551543088467,0.247313874479785,0.45877612096442,0.162629984377218,0.841784022665286,0.911411405034952,0.339740208595632,0.654067513936736,0.0580995475113122,0.684689950554641,0.9017722941094
Q13576,IQGAP2,52,26,-0.192453329734294,0.0748978076807924,0.0101831998404767,0.0746052792400597,0.459374724975656,0.479876418145325,0.792925156991417,1.33765128206238,0.247448594402308,0.248126677700262,-0.242124135575856,0.0838469713541416,0.199649536604537
P00387,CYB5R3,52,26,-0.257049425000165,0.137366645374463,0.0613083296436196,0.198557689037756,0.461549378695705,0.385570932990802,0.357315821660541,0.329823621287705,0.565762964707752,0.78277278953264,-0.0657389225646717,0.64244377164372,0.71296070778362
Q15366,PCBP2,41,25,-0.0982945708681576,0.119147829434981,0.409382971463135,0.591671366614166,0.461922122595858,0.101206492753544,0.156921620994512,1.63961191770569,0.20037872287808,0.121732248358938,0.0449477351916376,0.779650455578777,0.337169907947377
O00391,QSOX1,52,26,0.444356019494006,0.140019034143318,0.00150592098357308,0.0290830989952551,0.462853889271581,0.462853889271581,,1.9481548225648,0.162785824995305,0.162785824995305,0.206907683271395,0.141090713283687,0.489377618325371
Q96T51,RUFY1,47,26,-0.0601925669023081,0.0930997656708916,0.517930782951949,0.682873545267904,0.463084057898266,0.680783867538508,0.425521108634699,1.54147247654607,0.214398762999533,0.28621621778622,0.0795559666975023,0.593954219644813,0.613152397216599
O75489,NDUFS3,45,25,0.00440119785677607,0.10299106317988,0.965913748352415,0.979223583467507,0.463114905777739,0.616275083085581,0.00467552139652725,1.40210599000074,0.236371277343892,0.445564449962358,-0.0515151515151515,0.736109095898898,0.538399032937802
A0A0C4DH33,IGHV1-24,52,26,0.322761090243703,0.176223360601373,0.0670191737975985,0.210885180279612,0.464044559489034,0.12215656401079,0.0619665627084212,0.390128647703803,0.53223178681379,0.93070722950616,-0.110987791342952,0.432310762297301,0.0405575162635227
P49619,DGKG,40,24,0.0942569171294364,0.0708060309564624,0.183123542575234,0.369354925951354,0.466692386665644,0.317963091569647,0.223181176329863,1.15160576613817,0.28321325868786,0.4967978052819,0.138461538461539,0.392829184924901,0.986582297906365
Q9NP58,ABCB6,41,25,-0.162929968693015,0.0796041555422371,0.0406824356547494,0.164110608581169,0.466919422197115,0.450848958547102,0.974739852113993,0.980339470432067,0.322115010753751,0.323198823456068,-0.117595818815331,0.462666524911283,0.336637220583011
Q15389,ANGPT1,42,25,0.115914833870549,0.0844570321520625,0.169916836778745,0.351434421450015,0.468228216622125,0.612724210027157,0.769940565832889,2.29120877504534,0.13010855943625,0.0679300328816413,-0.130540474839964,0.408615739825057,0.567479751111285
P04264,KRT1,49,25,0.098521690151417,0.395902600053803,0.803474217919448,0.882279791532017,0.469997693115709,0.546636781274867,0.281204538054702,3.14257334010236,0.0762733786061005,0.363534143662955,0.0118367346938775,0.935693127845063,0.547781638148114
O75083,WDR1,52,26,-0.20177602865718,0.0914330476584852,0.0273268279968407,0.131526321667037,0.470413940345988,0.3347779530199,0.0574717174852112,0.126540518624116,0.722046264982766,0.641041447206651,0.0727396909416887,0.607354505663482,0.868833338859075
Q9H9B4,SFXN1,43,25,-0.176468548273453,0.131095508718507,0.178268094315837,0.36259480839829,0.47098492640051,0.47098492640051,,0.27592662772569,0.599383563928137,0.599383563928137,-0.128323411833502,0.4121729791935,0.112936140522301
O75695,RP2,42,23,0.058314168735971,0.185689649621143,0.753489876880241,0.854729706152697,0.472074257730017,0.472074257730017,,0.0251153015480553,0.874080092733738,0.874080092733738,0.0981147771866083,0.536468864161049,0.404257649672032
P11908,PRPS2,49,26,0.0328617466161692,0.0906551479360779,0.716984559519945,0.829768647534318,0.472953522244837,0.472953522244837,,0.00397281257063188,0.949742415205355,0.949742415205355,-0.123169911573224,0.399145161170243,0.582916772128291
O43488,AKR7A2,52,26,-0.142088586398903,0.0809311348706836,0.0791443059321217,0.234248951465763,0.47487895993856,0.983442148275654,0.197771635331833,0.00894661240711393,0.924643246218,0.736597768251587,0.0718859387005891,0.611588733331075,0.908541447965415
Q9Y490,TLN1,52,26,-0.219207517131673,0.129953472885304,0.091638856601896,0.253339196069789,0.474968139753621,0.387054145728214,0.0486572916248702,3.54945635275701,0.0595649628057987,0.166904340399827,-0.182361478698882,0.195123450236086,0.731672347324956
O75298,RTN2,50,26,-0.171404365204149,0.168669548278806,0.309527465996724,0.502331864458969,0.476190288801356,0.545859476829634,0.866561406735881,1.48505376517828,0.222985484804575,0.188331976314964,-0.0513325330132053,0.722604022897117,0.833680450335532
O15357,INPPL1,46,25,-0.0771826085760318,0.0758176606500627,0.308676514205018,0.502331864458969,0.476832791916656,0.283548990628307,0.081423644812129,0.0360669538160226,0.849377292444444,0.575990088130555,-0.115633672525439,0.4428714998896,0.143737417735341
Q9NRW7,VPS45,50,26,0.165045138371263,0.0955111824697082,0.0839848173757817,0.239403215582256,0.477042544904495,0.477042544904495,,0.00320367526201205,0.954863023435619,0.954863023435619,0.0780980410357893,0.589822379388924,0.546266405727829
Q9NQ75,CASS4,52,26,-0.198137149201612,0.0754730646164476,0.00865803590068223,0.0688707459128668,0.478130308201068,0.478130308201068,,2.11276704110459,0.146074978679371,0.146074978679371,-0.0802268690608285,0.571819790544651,0.816330446370235
P11047,LAMC1,51,26,0.386527042640103,0.117517687448192,0.00100509471056106,0.022183876111669,0.480442710551397,0.366680317687624,0.494711841994767,1.23140606851978,0.267133765408692,0.0402640468160632,0.0878733031674208,0.538667101261892,0.0304786502476464
Q9UN37,VPS4A,44,25,0.0327663889545464,0.12319552636266,0.790261845968026,0.875864097575753,0.480548386304331,0.473971503697467,0.468324005126612,0.873182650709817,0.350075720682271,0.356553506059541,0.0235377026074701,0.879300749397189,0.401278872150474
Q66K74,MAP1S,43,25,0.0380218240094461,0.112078684941203,0.734427251838354,0.8426852737696,0.482723030094185,0.150807841967748,0.995039471917806,1.03698495330465,0.308523730223347,0.0887385262656899,-0.3276955602537,0.0324440247381833,0.570333819967442
P07437,TUBB,52,26,-0.376495502374362,0.117569211628128,0.00136320377087646,0.0273525951429109,0.484059488658029,0.733006936730636,0.663325886423012,0.197603242760611,0.656662434510039,0.777549695168351,-0.0705199351148297,0.618389921836354,0.210891103956495
A0A0A0MRZ8;P04433,IGKV3-11;IGKV3D-11,52,26,0.374242362129145,0.278536548577756,0.179077008142004,0.36308920942178,0.484260750435529,0.216955887683058,0.369592236509469,2.2700434828149,0.131896201595142,0.890673643182925,0.149492017416546,0.289244413446673,0.456305700613563
Q9H159,CDH19,50,26,0.459487834584866,0.154061643616231,0.00285910817098175,0.0408605071825396,0.485240412447024,0.0226866006492244,0.0145078346046868,10.7496691115001,0.00104297965444521,0.0325806959478102,0.479951980792317,0.000489913302757216,0.301041363344113
Q9Y6R7,FCGBP,52,26,0.470535862469716,0.227755846060756,0.0388316783906806,0.162148494901626,0.485435907990062,0.438303353794593,0.609462800805281,0.495416984401076,0.48152081118784,0.143619690358013,0.122769572270127,0.384801051650093,0.631904063336654
Q9UBW5,BIN2,52,26,-0.211046513597301,0.130617985454318,0.106147541922581,0.271970070100144,0.486071380754536,0.186331259357144,0.169478968429176,1.31232133933137,0.251974793987156,0.136866311076856,-0.104413899086485,0.460199740605902,0.95032866286261
O95563,MPC2,47,26,-0.167918874227282,0.112492220157097,0.135511689255663,0.310631394510385,0.486816872552394,0.292936043783089,0.138028137994371,3.60423366660609,0.0576326249653492,0.515526536840291,-0.308857539315449,0.0350954578479076,0.670337633867576
P61026,RAB10,52,26,-0.19570721725244,0.166901476203088,0.24095974399673,0.436619042580319,0.487014321226529,0.351956117348027,0.132192383951809,0.674919622822496,0.411341642609925,0.847992051171388,-0.0764962008025271,0.588877951635373,0.18756533166355
Q92556,ELMO1,44,25,-0.170272717090132,0.129069724202366,0.187092063827082,0.373458964616074,0.487030922061468,0.487030922061468,,1.80074743242748,0.179622160202799,0.179622160202799,0.179120578072528,0.244673426458217,0.71508047857284
O60279,SUSD5,52,26,0.351348712688818,0.138175181241809,0.010997530157198,0.0779412114351878,0.489164594615529,0.282918015222976,0.466571613645303,0.302005776795306,0.582627702759825,0.133085121204992,-0.00845214718688636,0.952646456341644,0.114656289881223
P18206,VCL,52,26,0.260339765950786,0.0876323203733346,0.00297006730556504,0.0417159453372544,0.491306427305799,0.146738131409547,0.590779951124133,0.256501213056144,0.612534122508217,0.760208287663795,-0.0753863228890976,0.594310499456981,0.843662743061425
Q8NBF2,NHLRC2,51,26,-0.0168868392441292,0.115964492898551,0.884220767304413,0.936982911855499,0.493534175771891,0.493534175771891,,0.823784515992336,0.364075980840198,0.364075980840198,-0.268761731243107,0.0565191540835067,0.684710595998952
P01700,IGLV1-47,43,24,0.58763614629784,0.292267419411666,0.0443665403227739,0.16883326305095,0.494958143841476,0.217496541218673,0.0868700951705566,0.267997285276549,0.604678384987006,0.0704533839383358,-0.155693144065237,0.317633595745745,0.138156456998301
P63000,RAC1,52,26,-0.353124456316088,0.117948957813248,0.0027545861725986,0.0408605071825396,0.495315692209004,0.495315692209004,,0.824273482913045,0.363933655351989,0.363933655351989,0.157175650998741,0.265798028596001,0.408483065890619
P34913,EPHX2,46,26,-0.0316629751093424,0.0848991233316463,0.709186998388247,0.825716407217174,0.497921531382854,0.0907141674688716,0.751486191062031,0.400677813623718,0.526739413193869,0.245905662541971,0.0249768732654949,0.868917710049581,0.836290975670881
P05019,IGF1,50,26,0.538654089313378,0.163264818562954,0.000969379563950891,0.0217056728449874,0.498228960443112,0.154558009771413,0.142403988564387,1.48666767700644,0.222734209211427,0.522390361471641,0.0277070828331333,0.848224999237651,0.853886740221249
P99999,CYCS,44,23,-0.260550343034055,0.218696209048648,0.233504344771241,0.42853581064915,0.499010136241884,0.907047687799346,0.0859708301294231,6.19473447194135,0.0128130946639491,0.00200960416835579,0.4369274136716,0.00328316255802909,0.309195854426954
P01860,IGHG3,45,24,0.760711447597369,0.397095876802753,0.0554049357350239,0.187720670418009,0.499445131626349,0.499445131626349,,0.121797232528843,0.727093361754977,0.727093361754977,-0.103972935208301,0.496700504418579,0.13636658256301
Q6P1M0,SLC27A4,44,26,-0.166678069185269,0.118629039645839,0.160010578918752,0.338022913297104,0.499990942581517,0.499990942581517,,0.102271610908336,0.749120456211857,0.749120456211857,-0.0140635623517181,0.927805712790699,0.0716288530190988
P55212,CASP6,43,25,0.243462931262243,0.121456394181727,0.0450133646861656,0.170001775730506,0.500327259860877,0.075109003757166,0.299813279633812,0.186450843928663,0.665887112891493,0.118709992484033,0.00437934158864391,0.978050828452128,0.388663700196673
Q6EMK4,VASN,52,26,0.532288715237607,0.178172260579992,0.00281274011277871,0.0408605071825396,0.501143389401519,0.501143389401519,,0.231141744511811,0.630678531469807,0.630678531469807,-0.1503175476758,0.287481218531103,0.37247265393956
P02753,RBP4,52,26,-0.242761505735822,0.109723594081282,0.026933360423181,0.131268270832223,0.501760075369057,0.228853739018149,0.231251018003278,2.91379421379699,0.0878250351772017,0.0316480401827408,-0.123537949287117,0.3818151132612,0.0862759950590018
Q13188,STK3,51,26,-0.164356269278376,0.079489361487912,0.0386728390373449,0.161922862636038,0.502758603992335,0.461775895509259,0.206676340728935,4.9193720008902,0.026557168823237,0.0450979941304116,-0.26579185520362,0.0596793723441512,0.268494730358533
Q9UHQ9,CYB5R1,51,26,-0.123972507215722,0.08071655254106,0.124563047440913,0.29744962642382,0.50524614924446,0.125766265591538,0.532808685525531,0.753109524040348,0.385493519315856,0.252627197477475,0.129864253393665,0.362637802636112,0.198271947939537
Q16543,CDC37,49,26,-0.0410772426595358,0.136756540438488,0.763896725557043,0.860218980310227,0.505589469089437,0.807635618885911,0.997506195208875,0.030160464759735,0.862126635307761,0.804907367745131,0.00540816326530612,0.970745043798893,0.392620110253985
Q8IVT5,KSR1,48,26,-0.281386109180489,0.113322659964312,0.0130261903850546,0.0849175702316851,0.50598021604616,0.50598021604616,,0.778214829767532,0.377687664909882,0.377687664909882,0.0358608979876253,0.808795465992796,0.896022165910733
P49247,RPIA,49,26,-0.336379202857956,0.109181038173949,0.00206354730747449,0.035424228778312,0.507421533255606,0.507421533255606,,0.124746026046143,0.723942979803913,0.723942979803913,-0.0331746130409938,0.820976163331524,0.524135757759629
Q4LDE5,SVEP1,52,26,0.456307633517632,0.098106659001677,3.3010793989958e-06,0.00198417263180398,0.507744058924383,0.25528241140328,0.18299758241653,0.0588356996119688,0.808345718652038,0.970921713607867,0.0393579783146931,0.781240390061163,0.686289995655058
O00159,MYO1C,51,26,-0.0633109277004367,0.0900458969887098,0.48199580220793,0.656108823269825,0.508358901064014,0.508358901064014,,0.915417911089966,0.338680962429455,0.338680962429455,0.165803484641978,0.244915248699104,0.625742733803956
Q9H479,FN3K,50,26,-0.125925947738221,0.125213945045008,0.314566500678391,0.506489604857908,0.508444230515706,0.539226470483074,0.671822873875044,0.0943773860633457,0.758684275253214,0.0765131754325634,-0.0218487394957983,0.880102393444784,0.34397216046835
Q99714,HSD17B10,48,25,-0.128903589575984,0.0836366427942667,0.123259984832074,0.295250661341945,0.510000839378394,0.42664713796507,0.230929470021307,0.139836496849364,0.708443610654184,0.201931559868628,-0.0920538428137212,0.532603070997079,0.640825371309003
P00451,F8,52,26,0.272010370056768,0.083534567982122,0.00112889859034579,0.0234996745573549,0.510678047753992,0.689944814885265,0.359224263384942,1.18890701751315,0.275550134702098,0.974075493052597,-0.197216767694015,0.160717996342424,0.228879931477799
P11310,ACADM,51,26,-0.18331481550718,0.12604128295869,0.145834618712229,0.324515200959946,0.511170441409452,0.570699271120726,0.683659219094961,0.189552945315405,0.663288957931689,0.761415070822194,-0.118823529411765,0.405129464039476,0.548735596058893
P52306,RAP1GDS1,51,26,-0.187409093990803,0.0663745852391367,0.00475014155576979,0.0524212050261737,0.511688424288748,0.451890728409846,0.711473634281871,4.13056680325673,0.0421152425522264,0.0306301900005912,-0.125339366515837,0.379711668358085,0.227502372800659
Q01970,PLCB3,44,25,-0.104686742286044,0.179280911727501,0.559270262490699,0.713364346234123,0.513129235186444,0.513354216755603,0.595894602543112,1.36222989346533,0.243151395179054,0.245033581032855,-0.382945736434109,0.0107336282175867,0.625361053169278
P28288,ABCD3,43,26,0.151430971758971,0.156499956183338,0.333239024215415,0.520583177169374,0.513519920563068,0.462742483327042,0.599638507444418,0.846036645519449,0.357675974843562,0.166020327353181,-0.115372999093929,0.459979715565966,0.614287087580014
Q99471,PFDN5,50,26,0.100696373236146,0.134613536603213,0.454435747097486,0.629642132752917,0.513661045107621,0.513661045107621,,2.03043114949503,0.154176864065899,0.154176864065899,0.129597122166288,0.369717371585345,0.203220533951455
P20936,RASA1,51,26,-0.171137425854422,0.107408061332313,0.111084218832288,0.28043319950308,0.513979092596803,0.62078230132814,0.366702368403473,0.0415184319097097,0.838540488001962,0.515472607991868,0.00443438914027149,0.975523569198733,0.517829055991606
Q15942,ZYX,52,26,-0.18438658976314,0.109289395918814,0.0915762974286767,0.253339196069789,0.515204563985372,0.0706773375477579,0.196994431313955,1.17644406117909,0.278081104715345,0.251857275951819,-0.16263980192948,0.248533576771181,0.9249207662417
P28290,ITPRID2,45,26,0.0394522616309453,0.122974069653121,0.748348523959292,0.849878745258103,0.516129224760074,0.516129224760074,,0.603940846510579,0.437078352716782,0.437078352716782,-0.125694611541237,0.410662658193399,0.22615858249089
P24821,TNC,52,26,0.482477222237641,0.115280710956454,2.84867360478117e-05,0.00554715131857844,0.516257299524752,0.701635929214235,0.630407569186509,0.0419255421612353,0.837761768363932,0.700420019153879,0.0197216767694015,0.889472114665508,0.498153484015536
Q99613;B5ME19,EIF3C;EIF3CL,51,26,0.117210421157979,0.115765957507383,0.31130982451387,0.504694311515141,0.518765243170973,0.518765243170973,,4.64859334237685,0.0310790053767067,0.0310790053767067,0.241730045884925,0.0874606834194543,0.607545843073073
Q96J42,TXNDC15,52,26,0.286835987852432,0.126663217613881,0.0235399209656854,0.120827833528186,0.518889075569985,0.570361844609694,0.325472142809003,0.327741703526848,0.566991890380973,0.425355009930943,0.0863143515751729,0.541827540116221,0.834008435815317
P23368,ME2,51,26,-0.2959305551612,0.111517152487113,0.00796198895397129,0.0676177270041347,0.519210458661475,0.404561892896447,0.753997376025603,0.622291412523417,0.430197055200572,0.401307999201988,0.0285067873303167,0.842274928829007,0.620597586889565
Q15019,SEPTIN2,51,26,-0.0633062970589993,0.0723576519263173,0.381623901710275,0.564759509714918,0.519699887371553,0.604684352392574,0.761556673186903,0.0984953044779591,0.753642854275424,0.889720223791275,-0.0417194570135747,0.770738439438201,0.338601514305281
P00367,GLUD1,50,26,-0.0846600146366625,0.0858402399097912,0.324010002998961,0.514486592634527,0.52170233829634,0.52170233829634,,1.44368160068414,0.229544505359571,0.229544505359571,-0.121248543509883,0.401596955879154,0.825733248856887
P12109,COL6A1,52,26,0.131589259855981,0.12581197059628,0.295597956486472,0.487965328948086,0.521814154657588,0.96822491188599,0.989733547816525,0.0854438244456036,0.770051328927718,0.299757409883534,0.0304789550072569,0.829797517406863,0.922366964923728
Q8N392,ARHGAP18,51,26,0.019268712624692,0.0800531404739865,0.809788396975051,0.888564844455213,0.52212009652876,0.728531989502897,0.057577345912999,2.01384643675741,0.155869696873163,0.142977084999283,-0.196470588235294,0.166612684188888,0.761721126959369
Q9Y287,ITM2B,43,26,0.339856229837208,0.136527708420983,0.0128000698583616,0.0844943283382773,0.522455524294844,0.692447703770251,0.983433488189743,0.0161753746127031,0.898795998480787,0.88039767106751,0.0391120507399577,0.802885417472024,0.565761791330537
A2RUS2,DENND3,49,26,-0.06313615557275,0.0703575976094446,0.36952638114198,0.554828239907054,0.524921944147139,0.738307150493845,0.930874275315062,0.978223288431749,0.322637841607833,0.260965936620346,0.291326530612245,0.042645886324217,0.121432356496175
P19784,CSNK2A2,46,26,-0.110484232851631,0.114012438957239,0.332518147283543,0.520583177169374,0.525272710507392,0.593400928440542,0.837166824513446,0.564382359113082,0.452499892779265,0.74445682453844,0.0202898550724638,0.893416631638448,0.407623948706033
Q9UIJ7,AK3,44,25,-0.0940602442308439,0.116712344886398,0.42029178850835,0.599788078750442,0.525396600530363,0.873053863659485,0.973763661484166,0.672499085116674,0.412181666780311,0.179088744205097,-0.0431289640591966,0.780476869046711,0.406924600285178
Q16881,TXNRD1,44,25,0.028028278852956,0.0906386589357805,0.75714585012938,0.85609877329568,0.525826246746977,0.525826246746977,,1.02712406385189,0.310835100800037,0.310835100800037,0.00840958014189166,0.956793463488459,0.946573905201307
P30566,ADSL,51,26,-0.0427561709361838,0.125125435251288,0.732571801647438,0.8426852737696,0.526562398289147,0.641672123368583,0.444378336769216,1.72535441867064,0.189005270181503,0.238546364946852,-0.214660633484163,0.13016340253481,0.269703141150661
P02545,LMNA,44,25,-0.0583966419388654,0.0858226536763557,0.496229769570665,0.66609469503621,0.526823973487542,0.775776693485698,0.585175451796344,1.07644253342585,0.29949475084637,0.439177849558835,0.0608879492600423,0.693744540560984,0.456393457234871
P16615,ATP2A2,52,26,-0.249674494209981,0.0950535793110575,0.00862246192980739,0.0688707459128668,0.52709103783703,0.684781390365527,0.854620028806222,0.0235755788405906,0.877969759690443,0.945535593069766,-0.0239050627507897,0.866173562278559,0.123835032276215
P42338,PIK3CB,44,24,-0.0926686200733455,0.173716346528387,0.593723567856955,0.741744126731874,0.527170021934129,0.367659923868085,0.0536645791168567,0.113666293942239,0.736008107035257,0.315607299623494,-0.0435517970401691,0.778375730527498,0.801443902059776
P07814,EPRS1,47,25,-0.0582711442524823,0.066108240888122,0.378074016173745,0.562666407715734,0.527895561269408,0.606420241514168,0.170591194006675,0.10766980143652,0.742812790620465,0.87632989006915,-0.00208140610545791,0.989185635496507,0.884136106580732
P98160,HSPG2,52,26,0.280658193605543,0.0886903611712188,0.00155364435809034,0.0291387055134898,0.528303531017128,0.212995811861744,0.47379992766905,4.7168843678884,0.0298678136280551,0.0362738442047795,0.3033381712627,0.0292167499516943,0.0991873301552869
Q9Y5X1,SNX9,47,26,-0.135057082662618,0.0916378250451786,0.140531756629607,0.318360064505489,0.528526246974001,0.41197067168233,0.0215334887568471,4.97557154756328,0.025707708330013,0.472354932040306,0.386100832562442,0.00771094950878298,0.209270268527277
P67812,SEC11A,42,24,-0.0890218066893068,0.127085199504208,0.483621862462854,0.657220698080723,0.52874547843038,0.537199519357325,0.884979273999372,0.474812513328767,0.49078147875815,0.436550080968117,0.134267887529374,0.395269587175494,0.00380126776683306
Q9BSJ8,ESYT1,52,26,-0.110990236441105,0.137294847229078,0.418855816937686,0.599751841676297,0.529132681544413,0.529132681544413,,0.826984429426588,0.363145964562671,0.363145964562671,0.0647422206775825,0.648395202844,0.241475392150651
P35611,ADD1,52,26,-0.107844214601192,0.0754727412673254,0.153028351322638,0.331684004161402,0.529254169289157,0.54344609752668,0.917359380379145,0.719266847649654,0.396384501740572,0.130184416446343,-0.0881072312814821,0.533438138111016,0.646328759048512
Q00610,CLTC,52,26,-0.310070551742507,0.126072242665321,0.0139143392794216,0.0881051401094521,0.532155615708507,0.532155615708507,,0.120918300466879,0.72804064499653,0.72804064499653,0.040760425409937,0.774187550702786,0.331001722026931
P22234,PAICS,50,26,-0.0479006178393746,0.0953223218972807,0.615307360183256,0.756284702850541,0.532526631501154,0.796921051925534,0.752890199137002,0.863241332248769,0.352833214707133,0.178662335644759,-0.0256902761104442,0.859174514631606,0.0382998884149089
Q9H8W4,PLEKHF2,45,26,0.218764696048158,0.105466173419128,0.0380547910807265,0.161081238958144,0.533366826423182,0.510433816139194,0.647179725244405,2.01556956469581,0.155692835379969,0.371262227823151,-0.0143610013175231,0.925430551691775,0.555807767726707
Q9H7D0,DOCK5,47,26,-0.282359031496154,0.0700253688850623,5.52479309347795e-05,0.0055883506230472,0.534150394287998,0.411142958666764,0.764218119223899,2.65834305087125,0.103007988719345,0.713654856377657,0.0999074930619797,0.502825675279906,0.712707335418728
P06702,S100A9,50,26,0.465600633723884,0.239969699155671,0.0523496057578408,0.184551168417875,0.53485032059054,0.615009536785614,0.617495925844835,1.89188724265003,0.168989212899747,0.233666982177996,-0.0201200480192077,0.88954757750615,0.26408700882474
Q8WUA8,TSKU,39,25,0.439409724686279,0.19077943971933,0.0212656711891634,0.114517642766995,0.535851929287373,0.129330552389749,0.0313364688660371,4.35742582827368,0.0368479451294155,0.148679715416997,0.231578947368421,0.155648897156641,0.371578611061807
O95967,EFEMP2,51,26,0.531653076049248,0.200126442656619,0.00789363493096243,0.0676177270041347,0.537637843596348,0.775307087857937,0.548120923090985,0.000621660923560282,0.98010830229233,0.610811214488813,0.0473303167420815,0.740890617844323,0.527425135306868
Q13201,MMRN1,52,26,-0.3688101983497,0.129643797501351,0.00444398293206674,0.0517097892430426,0.53819150457009,0.53819150457009,,1.89394051916271,0.168758138887247,0.168758138887247,-0.04283079622441,0.763042687417466,0.84658569497012
O75154,RAB11FIP3,44,26,-0.163514438316322,0.14498661339004,0.259408659559818,0.450568538911835,0.538241021502492,0.538241021502492,,0.000124440774708725,0.991099540931098,0.991099540931098,-0.100345900498093,0.516922689747014,0.876535906704602
P02655,APOC2,51,26,0.052981744923015,0.138471415663855,0.702002546422089,0.824524360742405,0.538503551482864,0.322727434358211,0.0357237536904534,2.33339942463287,0.126625082943294,0.0289461257781136,-0.220814479638009,0.119311498552406,0.297588542435394
Q96A49,SYAP1,52,26,-0.112302302842757,0.0960974524706408,0.242553000279602,0.437274662114335,0.539875194780043,0.687942814739131,0.396745062022156,0.515429106919811,0.47279803477308,0.957143419067997,-0.263126440706907,0.0597352441501435,0.277559351011741
P62834,RAP1A,52,26,-0.208651933588875,0.118520861137784,0.0783288456045785,0.233993486901596,0.541167752650885,0.560811374418661,0.487518189243931,2.39945016220251,0.121377905386795,0.712669100959592,-0.167933065824298,0.233307098926651,0.4687097716549
Q7LGC8,CHST3,52,26,0.314619123644555,0.140739193622967,0.0253860996683433,0.12547658760586,0.541950945035271,0.525605869389441,0.574487750760073,0.70675781995864,0.400522242794151,0.263545375825633,0.172116451805686,0.2217397598147,0.306524597007705
Q5T1M5,FKBP15,50,26,-0.0190684327139019,0.0902662544370162,0.832694906895911,0.904641869915739,0.543757932724668,0.653526238549027,0.145816468146254,3.42704446624192,0.0641367841216872,0.358806933389855,-0.137671068427371,0.339311083048742,0.019825430062311
P02748,C9,52,26,-0.0703633194243083,0.0645207732035183,0.275469643022832,0.467560973949144,0.54392719563675,0.0103843031458641,0.120639368671313,2.71354560662261,0.0994996208012242,0.371461829477804,-0.0830700930589943,0.557170048125627,0.436175288324682
P67936,TPM4,52,26,-0.230800016865929,0.112716053229595,0.0405969245055128,0.164110608581169,0.5446543002892,0.0210183667226644,0.311081348693132,0.449251531852728,0.502690604390848,0.0767509319157098,-0.200461026210194,0.15384044228868,0.672610842336965
Q99501,GAS2L1,51,26,0.0135339226497358,0.125607803846493,0.914196015756287,0.947833559402364,0.545740236753067,0.424773595249422,0.252659927251133,4.55736464458619,0.0327774727058618,0.0218516253478839,-0.123800904977376,0.385624988247358,0.958258094891115
P08493,MGP,48,26,1.1762386671944,0.371525717330373,0.00154567603641113,0.0291387055134898,0.546928961529808,0.52974804818392,0.0117496128269972,4.97785228848832,0.0256738367430991,0.0187926173515068,0.287451150673035,0.047951346307854,0.0730186047775632
Q15293,RCN1,51,26,0.326326408986779,0.129799051502769,0.0119340205047603,0.0822070388278004,0.549255471282339,0.315430897660241,0.584532195982589,0.0329317166326024,0.855997909453394,0.703045862169569,-0.0984615384615385,0.490693083351838,0.909425707080653
Q96AG4,LRRC59,52,26,-0.201225462236158,0.234162351128455,0.390152049306078,0.574469824242469,0.551421315057437,0.677012649829783,0.0725727715234077,0.854155364437576,0.355379457024405,0.322885055153739,0.0204900537863912,0.885185185599499,0.358923592019525
P19320,VCAM1,52,26,0.389623951590364,0.131897153932146,0.00313685863896959,0.0421430138887654,0.55153966141854,0.236604293244078,0.22676403521413,0.0286735493767686,0.865534988786258,0.648350188267407,-0.00179287970630923,0.990139276654299,0.562962252609996
P52597,HNRNPF,47,26,-0.127168453435757,0.130203923639435,0.328724232401065,0.518737873262761,0.551570323383136,0.551570323383136,,9.57538834373777,0.00197203134556425,0.00197203134556425,0.345591336118322,0.0173465095072445,0.0658846229041323
P25786,PSMA1,52,26,0.11131069338251,0.0876102113528429,0.203898782111472,0.394400559464919,0.551630099085475,0.551630099085475,,2.86099092402046,0.0907515766915088,0.0907515766915088,0.172228972128972,0.222117049329987,0.245429912528936
P49795,RGS19,49,26,-0.140343545144979,0.123525117060513,0.255892154683802,0.447571872616141,0.556550465771815,0.862033317818002,0.865499811579129,1.8416876935049,0.17475326801586,0.0362077222473503,0.151530612244898,0.29765192572652,0.466800746120716
Q9Y5M8,SRPRB,50,26,-0.0578534850563602,0.117213321436389,0.621606842774857,0.762208390545361,0.557941110795198,0.557941110795198,,3.27224497011533,0.0704611392407951,0.0704611392407951,-0.280799736204536,0.0482370506165421,0.639074460004544
O60749,SNX2,51,26,-0.00605771757888353,0.0838905974347737,0.94243500018078,0.96619912095508,0.559238048603504,0.718934232168964,0.408506243701271,2.69898546937335,0.100412123792625,0.0756869012055816,0.145248868778281,0.308177988366529,0.904682226369746
P51693,APLP1,48,25,0.801805066100535,0.23987378858753,0.000829937784206144,0.0201679506366785,0.560228674172851,0.560228674172851,,5.88315802787202,0.0152863800479658,0.0152863800479658,0.270628784933898,0.0628244659021601,0.442071986162194
Q15063,POSTN,52,26,0.333506406477184,0.174530067053653,0.0560197151507431,0.188974803292354,0.561032759409321,0.507166029607393,0.0435140057825158,8.73883718782343,0.00311503100695643,0.00357363055818233,0.298898659608981,0.031756998309887,0.17887130134325
P48449,LSS,46,26,-0.191689010019231,0.0933884326556857,0.0401114778286346,0.163947706997991,0.561512706344561,0.443823689718151,0.298793641823306,0.561738694867135,0.453560543094217,0.96032196005745,-0.0231267345050879,0.878575001848448,0.535910251267549
P29122,PCSK6,49,26,0.00148597769181124,0.0944391735219742,0.987445996278166,0.992585598080525,0.562010343523157,0.618601335760523,0.0651870976847705,0.00795795363888187,0.928917113769073,0.941117453851717,-0.134897959183673,0.354296698075602,0.242668174454649
Q9UL46,PSME2,48,26,-0.0627998050698652,0.098444040944885,0.523523228701164,0.685460498596016,0.562047414912692,0.540526708424924,0.890126501555449,0.0113673967171986,0.915092042537394,0.878578574123478,0.138949196699957,0.345140408378275,0.994420456807892
Q9H7M9,VSIR,40,26,0.0265787063527382,0.138051397285226,0.847328938380049,0.916221347452713,0.563365919034514,0.562611733807657,0.0758228002635539,3.41941689600462,0.0644337684860236,0.622167717699491,0.198686679174484,0.218256075454353,0.290299819702073
Q8WWI5,SLC44A1,52,26,-0.087261304582585,0.0897713975054873,0.331031118497482,0.520035096726105,0.563602633311816,0.563602633311816,,0.913343944615084,0.339228725884711,0.339228725884711,-0.0873437687355794,0.538084307929492,0.947314522574798
P30622,CLIP1,51,26,-0.0880398955278422,0.0712474281321167,0.216572975471268,0.410558585402588,0.563775752121822,0.524086039134206,0.175356907310918,0.110882593283286,0.739141544700819,0.614968646929932,-0.109411764705882,0.443545822963174,0.930437709332119
Q86UE4,MTDH,49,26,-0.0934657228933397,0.0988815219917625,0.344541766758507,0.531785244397496,0.563817025899512,0.478247347957055,0.30533345383878,0.378973286501266,0.53815322881705,0.407597983032299,-0.0503061224489796,0.730698915830619,0.498966541786658
P17252,PRKCA,52,26,-0.29884805010035,0.0973234698506214,0.00213580599107036,0.0362617610571836,0.564377973725856,0.564377973725856,,0.0229908532123365,0.879480860782935,0.879480860782935,0.0476616614581803,0.737226026779817,0.725730397296927
Q96A65,EXOC4,49,26,-0.0494075313355231,0.0654725165758401,0.450470961665559,0.628706084709385,0.564580411966056,0.311948818357189,0.306759571135591,0.294704052491691,0.587221712793065,0.312167038888404,0.122040816326531,0.402342023373593,0.507394991554758
Q14258,TRIM25,51,26,-0.0574491452606046,0.0835021621357816,0.491455362738426,0.664341656827006,0.566819074179604,0.566819074179604,,9.92594829944302,0.00162964865676533,0.00162964865676533,-0.420248942590481,0.00213836861067961,0.283913022479943
Q68D51,DENND2C,45,25,0.0496503603987396,0.056680980769271,0.381050930821772,0.564452241725443,0.567409350662214,0.00210382536703767,0.0109378403399566,0.0137220387696357,0.906748235887064,0.242292398337085,-0.0931488801054018,0.541589327030609,0.854135374093895
Q99733,NAP1L4,52,26,0.0399457338308338,0.148347455578823,0.787720803950975,0.874302185419725,0.568877900106726,0.657078744418157,0.544497525065327,0.381547680116081,0.536776105878242,0.574456546056647,-0.0939981217450696,0.506332743716615,0.361804100212035
P27487,DPP4,52,26,0.481048862788579,0.169412814070748,0.00451833109890664,0.0517097892430426,0.569169235041218,0.569169235041218,,0.657219130125117,0.417543414936686,0.417543414936686,-0.0967898355766124,0.494859631407892,0.62680900217038
P07602,PSAP,51,26,0.229760065459594,0.117958870834774,0.0514391252473377,0.182697582775027,0.571662508184376,0.354987794974823,0.46432125724745,7.07331262586656,0.00782404679422577,0.0254858761699335,0.255837104072398,0.0701819863499334,0.917662181863118
O75821,EIF3G,45,24,0.192121168564837,0.199223821692504,0.334871295758087,0.522074825374616,0.572027267189756,0.854175979959834,0.464486470422711,5.05559129271311,0.0245466049417784,0.00778668110646818,-0.206324110671937,0.173404583572787,0.13542671648293
Q9UIB8,CD84,46,26,-0.0269929968602208,0.139357961082775,0.846414389153322,0.916221347452713,0.572314429127153,0.536339505262,0.723189200729491,0.0197764565776759,0.888163203116967,0.789227182644393,-0.125624421831637,0.404243305071161,0.744731997809976
Q9Y450,HBS1L,44,26,-0.0915081774341704,0.116570833887059,0.432453202270898,0.612972658264713,0.572984747543176,0.577110230843272,0.888936978505619,3.93904821988731,0.0471774625449803,0.0432775901720265,-0.446088794926004,0.00263685547669901,0.256683207684066
P08514,ITGA2B,52,26,-0.290079407790009,0.144522155590023,0.0447323950240518,0.169807248924226,0.573868416238175,0.694218205356541,0.929258275841538,1.14406839941312,0.284794292728732,0.40452977207635,-0.150004268761206,0.287580553265552,0.957268929704039
P40926,MDH2,52,26,-0.229475255246514,0.172146750358945,0.18252487059609,0.369111158469843,0.574640095611545,0.574291849972984,0.91930781461998,0.309143764722186,0.578206081352995,0.445402437287232,0.00213438060274908,0.988215358686554,0.242664536718326
P60842,EIF4A1,51,26,-0.208421532164938,0.0905545631337901,0.0213570235349589,0.114571532505248,0.575756198534261,0.732061214666086,0.591176055458435,0.104881679289476,0.746048260396014,0.54674879636442,-0.0626244343891403,0.661555555413737,0.440704794432786
P14317,HCLS1,52,26,0.0097167816761927,0.102695079661735,0.924618417348451,0.952964814333771,0.576037922701105,0.893350142297786,0.640607171559867,0.128879311157719,0.719596848899226,0.817962162259586,0.160505421326731,0.254861251147354,0.350430133250265
Q8WUW1,BRK1,48,26,-0.0759502666139582,0.119048358001758,0.52348781928208,0.685460498596016,0.577414683649338,0.577414683649338,,0.124374419289824,0.724337669875694,0.724337669875694,-0.166187580754277,0.258938731285067,0.472552496942544
P51970,NDUFA8,49,26,-0.0356320396001563,0.129787197950525,0.78366811571413,0.872939609789713,0.578425817134815,0.640617209000873,0.461316104153769,0.0377084266510333,0.846029792896576,0.337356298835854,-0.167551020408163,0.249011790866059,0.034378391200747
O94769,ECM2,52,26,0.168250890604589,0.157304109866164,0.284803933457844,0.47621436925581,0.578705560914164,0.488888250521689,0.61500412019205,4.82000563010338,0.028131253390888,0.00738034710315852,0.140698369333219,0.318794337285819,0.739846784749881
O95292,VAPB,50,26,-0.214608258127874,0.117533208747639,0.0678597218916034,0.213096077891316,0.578879654893145,0.3382476700606,0.108861836801201,0.713286624023651,0.398354886818989,0.660762684168048,0.0941656662665066,0.514257235050236,0.655794779088879
O60229,KALRN,51,26,-0.278085121167072,0.0925720194247612,0.00266466916255846,0.0408605071825396,0.580259361971366,0.865396077225364,0.213528638948885,0.0188667872957335,0.890749072883429,0.120857076153888,-0.0152941176470588,0.915107413057499,0.0377113494665408
Q15762,CD226,52,26,-0.14130110101882,0.0840291973994921,0.0926519667088858,0.254258061394722,0.580324080872499,0.934942286470562,0.688978769487803,0.000270817908425839,0.986870168604634,0.855497612027191,0.0114402800307351,0.935851158406514,0.899000719168376
O75844,ZMPSTE24,51,26,-0.0626742794302506,0.104183152296762,0.547455159625715,0.704261633323672,0.582561803694989,0.596587195491629,0.232385844852635,1.08744237398118,0.297038591616773,0.877496263355488,-0.103257918552036,0.469724495946651,0.932034740485613
Q9UDY2,TJP2,52,26,-0.19817105252268,0.104080845644808,0.0569087797123277,0.189451950024051,0.586300149215749,0.234800569912864,0.357272572217535,0.94225486184577,0.331698622772575,0.973950604583629,0.170750448219927,0.225471831541537,0.378881359870221
Q2M3D2,EXOC3L2,48,26,-0.103505551527516,0.0609455799308822,0.0894459760838946,0.249898793941442,0.587237156849528,0.00450477209033696,0.0879787447760437,3.5647569874137,0.0590183786061727,0.277497106041997,0.244897959183673,0.0934764892778089,0.566651165535615
Q9UDT6,CLIP2,46,25,0.000344976094309008,0.0794098375784412,0.996533801829698,0.99794876737765,0.587783132016747,0.939706861029561,0.613544081676421,0.0334714448766435,0.854835658620423,0.363889615631762,-0.0505087881591119,0.738174721403259,0.632043713953192
Q9NQ79,CRTAC1,52,26,0.316169506520315,0.144204412533635,0.0283427568473292,0.135152960892357,0.587783939784985,0.587783939784985,,0.483466574124986,0.486856282728622,0.486856282728622,0.00681497059764027,0.961756610053989,0.807680256080289
Q9H3U1,UNC45A,51,26,-0.054963414893482,0.060847638616247,0.366368938179947,0.552369353990151,0.587865064262917,0.490017149494656,0.432263355707757,0.764678080690678,0.381868482681029,0.736382649796197,0.0784615384615385,0.583154517398564,0.537471543749264
P46379,BAG6,50,26,-0.0722870851522865,0.081098385515907,0.372741173229769,0.556109194095639,0.5887107613901,0.57355188807726,0.756303433796741,0.00285845595892148,0.957361791238399,0.991579003471605,-0.0767827130852341,0.595096362956406,0.0493741903939419
P61923,COPZ1,40,25,0.0416098069934804,0.147699535997053,0.778158769439141,0.870400398726551,0.589314581258742,0.318841189163175,0.774992946482315,2.67769520344078,0.101762913579465,0.0632720490240323,0.44296435272045,0.00454577733527039,0.16738615053657
Q17RC7,EXOC3L4,47,25,-0.115022012119417,0.0890485859486047,0.196469018918892,0.386189102073394,0.589875995782405,0.259590109402532,0.15721454858299,1.33942240999887,0.247135853049793,0.0309773396533968,0.279024051803885,0.0578418034348805,0.806352476077675
O75787,ATP6AP2,49,26,0.229531786115372,0.122674386967118,0.0613360333933837,0.198557689037756,0.590778044046363,0.590778044046363,,0.000126594456499449,0.991022854945802,0.991022854945802,0.0518557252160195,0.723445592698562,0.0776730693429038
Q9HBH5,RDH14,52,26,-0.14917650963379,0.126205739778984,0.237201534438725,0.432165531495083,0.590827434080031,0.510568873214741,0.983421296419183,0.219669303617068,0.639292008002861,0.372716390429555,-0.331768120891317,0.0166711439298782,0.959544363562405
Q9BTV4,TMEM43,50,26,-0.289543987760543,0.0702264075502733,3.73957916898586e-05,0.0055883506230472,0.592317625923276,0.0577639073837347,0.171654007519527,0.00569241535816376,0.939858192267532,0.654513652056117,-0.0342376950780312,0.812975410045035,0.396827735371921
P31946,YWHAB,52,26,-0.0888222434189762,0.132671111827816,0.503181704244324,0.671923710507762,0.592757260872308,0.181756645027504,0.064818078247826,1.03069474905743,0.309995546953827,0.111906861073016,0.0306497054554768,0.828857076198225,0.919415921438654
P06858,LPL,50,26,0.218902124310443,0.162481746482677,0.177902520743097,0.36259480839829,0.595543858707598,0.728581311511113,0.262559255729041,1.2537847624378,0.262830837431738,0.0831300383893426,0.0349099639855942,0.809366444341212,0.418306687318677
P26022,PTX3,51,26,0.474060538455654,0.119776034371434,7.56143148327916e-05,0.0055883506230472,0.595630204963954,0.381010546041371,0.714742284677419,1.86366761358456,0.172202101197975,0.753802534616428,0.166606334841629,0.241828665885729,0.752543929899653
P53634,CTSC,47,26,0.19164352940621,0.107758672580357,0.0753297970141664,0.230315825572477,0.595641510358749,0.465379420124459,0.085223375437206,0.00211184262157032,0.963346285052868,0.111410416706011,-0.0226641998149861,0.879633229069301,0.778308844145187
P30048,PRDX3,51,26,0.10164085380726,0.128632098249727,0.429430179087099,0.609806642177911,0.596613534067487,0.808673682880725,0.35143507769202,0.551941747045628,0.457525381025154,0.305153528653711,0.0152941176470588,0.9151074130575,0.355553736496854
Q96SB3,PPP1R9B,49,26,-0.0522331735423777,0.083971392140479,0.533918629781059,0.692614847197092,0.597549592090808,0.604436447274214,0.712994182730739,1.2993797078115,0.254326558188046,0.272800317698724,0.117244897959184,0.421195938650425,0.907356466704805
Q5VZK9,CARMIL1,41,24,-0.0817855007794385,0.118641558436643,0.490603345222675,0.664313907422466,0.601094965476612,0.0944464000479553,0.0131328405008412,1.71171270262191,0.190763306805067,0.512004179878477,0.224390243902439,0.158011716064879,0.657381170106354
P47985,UQCRFS1,46,26,0.00899678387997893,0.138114737635208,0.948062591044809,0.96939556794456,0.601264215559008,0.398037411931212,0.893802418263621,2.91708242517551,0.0876462059180785,0.451538730582771,-0.100339192106075,0.505800685189048,0.749882661495185
P10646,TFPI,45,26,0.226124959127969,0.201181174362351,0.2610186790981,0.45255221727652,0.601988946456506,0.601988946456506,,3.06935246199834e-05,0.995579603553985,0.995579603553985,0.0357303223499154,0.815749133303923,0.657380420875679
Q16836,HADH,50,26,-0.300985691401639,0.109201842294324,0.00584713776790245,0.0571761256418309,0.602123392672342,0.329953642186498,0.21245306456997,0.156558747822194,0.692344761285604,0.518095825604486,-0.104729891956783,0.468011386760669,0.348752607241429
Q9BYE9,CDHR2,50,26,-0.0236131669728784,0.151393066229486,0.876054635502304,0.93340955699793,0.602786187340145,0.180803268910046,0.00805334562032367,1.53873622074531,0.214806014223407,0.317339744455873,-0.317358943577431,0.0251513118823301,0.205153267616054
Q9Y2G3,ATP11B,41,25,0.0190086556036299,0.10380447405901,0.854704012176919,0.919285711063804,0.604550034234214,0.861929049264186,0.345175303787053,0.00532735648033939,0.941815076080279,0.521001216341144,-0.0534843205574913,0.739085113467041,0.615275709811451
P53621,COPA,51,26,-0.083983996070053,0.0473928649071915,0.0763811101868533,0.230315825572477,0.604709428839269,0.956486874142143,0.144853781066977,1.70272067190995,0.191932556596918,0.194731817095889,0.00723981900452489,0.959889212209406,0.143864794005784
Q92187,ST8SIA4,51,26,0.411355521528779,0.160891538500399,0.0105662518975206,0.0759295775891599,0.605770646218775,0.605770646218775,,0.609771221562211,0.434873962265941,0.434873962265941,0.146638888761981,0.304508406314591,0.5131090080419
P58335,ANTXR2,50,26,0.472632612930567,0.173357309032451,0.00640391493199045,0.060275039100655,0.60580638664426,0.60580638664426,,1.25892198241952,0.26185524327182,0.26185524327182,0.0436469639615366,0.763438940517193,0.874348353174755
Q9C0I1,MTMR12,43,25,0.0125623223821091,0.059653040770132,0.833207366271907,0.904641869915739,0.606831211031192,0.486583500219559,0.989426898142029,1.37124131112534,0.241598723753352,0.466889411751781,0.0181214134702507,0.908154432073611,0.751394537725038
Q9Y315,DERA,50,26,-0.201649073357219,0.0722563833049789,0.00525870351665264,0.0558323161799787,0.607274280623701,0.652735449242319,0.127396348852902,0.251415122749788,0.616080404013333,0.528142746788477,-0.074093637454982,0.608089958381017,0.488235829217408
P49748,ACADVL,51,26,-0.277891808531071,0.0800093992741671,0.000514216207269848,0.0161201040585561,0.607393011875482,0.620919368101946,0.893605602390308,0.0116500874204552,0.914046800605063,0.462258910645968,0.00352941176470588,0.980569154366327,0.615002660904103
Q15904,ATP6AP1,39,23,-0.205326855189763,0.14406727137728,0.154095023519724,0.332247133474693,0.608385750910386,0.673217672233865,0.858649839831435,4.14161724928491,0.0418411768296718,0.0522454210513163,-0.187854251012146,0.251143437940672,0.0769765310090102
Q93052,LPP,52,26,-0.0766198851847372,0.0987295807061607,0.437714715483857,0.618162006784789,0.610286548518824,0.610286548518824,,4.68071303823952,0.0305030848581755,0.0305030848581755,-0.224376437018511,0.109790936295062,0.0198003617554505
Q9H0E2,TOLLIP,49,26,0.13768669439914,0.0736506483947699,0.0615593094168836,0.198557689037756,0.612035729656235,0.941549821463813,0.89961115302955,0.487832170495987,0.484895920408523,0.856459322720714,0.00857142857142857,0.953486255296763,0.364898002301728
Q9Y2Q3,GSTK1,51,26,-0.0366150817972281,0.102646926903677,0.721309673404323,0.832902425567772,0.612479077094206,0.503388629733561,0.471933068532175,0.0466923488756878,0.828922174185536,0.911661064082816,0.00914027149321267,0.949306394795093,0.180296725449017
Q8NEZ2,VPS37A,50,26,-0.0693384042534592,0.167449901663034,0.678812243790265,0.806742243581508,0.612497492622246,0.612497492622246,,0.25754969905093,0.61180856384627,0.61180856384627,-0.092418176754969,0.523255765495197,0.362276126124312
Q8WUM4,PDCD6IP,51,26,-0.0314609148844142,0.0843635793293053,0.709207554936693,0.825716407217174,0.612609350836392,0.676179686925405,0.364317489032475,2.42111550961444,0.119709658075476,0.149451310499071,-0.154298642533937,0.278753424069346,0.191046336175981
Q08495,DMTN,52,26,-0.03154166634512,0.0857659934917115,0.713049027392719,0.827694025035125,0.613663706142276,0.613663706142276,,2.54421810533625,0.110698699906874,0.110698699906874,-0.146478735123964,0.300109640004779,0.492761134706646
P18084,ITGB5,48,26,-0.163284752781527,0.0855185957781031,0.0562172246786792,0.189227913134116,0.615744949683006,0.206487548228522,0.155391287597021,5.63185705505676,0.0176369373751758,0.0368121103741707,0.120603560573165,0.412999943661184,0.513442809258756
Q9H2G2,SLK,51,26,-0.153172297325281,0.0502063665625255,0.00228191459121819,0.0375059366322565,0.615857094029348,0.0141306516968369,0.0355296355062439,1.62145784709169,0.202888631383316,0.40084127189642,-0.0578280542986425,0.686087513777676,0.600694342265724
Q9Y5S2,CDC42BPB,51,26,-0.134837281315673,0.0532843868129272,0.011389313578969,0.0799840430886688,0.616460808478239,0.527143890374171,0.112674696009599,0.451996003574524,0.501388605063801,0.338567656031318,-0.0193665158371041,0.892556024458502,0.988084502252523
O43707,ACTN4,52,26,-0.242201134714537,0.0698113321438284,0.000521686215487252,0.0161201040585561,0.616656290430706,0.636578097083565,0.562156570858134,2.52634904097867,0.11195899438325,0.113498272917454,-0.0414923589174422,0.769683784866957,0.125456792298186
P20810,CAST,45,26,-0.213143859557265,0.114005035338678,0.0615393298370169,0.198557689037756,0.618157328190952,0.156105248142858,0.277123911039219,0.394008027978732,0.530200100197877,0.145794952097348,-0.116205533596838,0.44588055138897,0.659488018074751
P25789,PSMA4,51,26,0.221264611900652,0.125328081878394,0.0774826062090256,0.23199733835842,0.619424081659098,0.213743407576871,0.232937928244613,0.77506674736022,0.378654163086883,0.386123610777771,-0.121809954751131,0.393358564906098,0.138404753346891
Q14767,LTBP2,51,26,0.477308346654165,0.165863411589359,0.00400561341596933,0.0487297065171072,0.621304554782142,0.812449124369877,0.466499505437526,0.279697224322208,0.596899735298986,0.801920135106004,-0.0170135746606335,0.905576524498638,0.987974964440664
P27708,CAD,51,26,-0.0811872816260062,0.0975264761530543,0.405147083395804,0.588198643974019,0.622833471046577,0.616850817085775,0.295813880073469,2.85271234124251,0.0912199211754158,0.454823962549529,-0.172398190045249,0.225671771497362,0.813055814600934
O15371,EIF3D,51,26,-0.08150966466318,0.0585944859144945,0.164200924700574,0.343521673352411,0.623327869897507,0.638579113190314,0.954453556948286,3.85416181014655,0.0496227154337583,0.094894597985747,0.237647058823529,0.0931562419496941,0.317796074561894
Q13496,MTM1,49,26,-0.150132039360426,0.102141139822691,0.141602688902079,0.319208444455455,0.624029057156051,0.624029057156051,,0.392355563938008,0.531063809018955,0.531063809018955,0.167954331019937,0.248686111290352,0.809480568374791
P15169,CPN1,52,26,0.126927888155923,0.0721511448791676,0.0785444995115025,0.233993486901596,0.624301853247925,0.125291922436542,0.213748842854034,0.483789981735678,0.486710607428724,0.073857471678836,0.16263980192948,0.248533576771181,0.110727610244785
Q8IY17,PNPLA6,49,26,-0.163873029670075,0.132086881950935,0.21473664061825,0.408078855787448,0.626086445795064,0.614099818597686,0.0702355253802803,1.6681664873803,0.196504298424096,0.231864729180128,0.102142857142857,0.483765076456701,0.652761497824701
P14543,NID1,52,26,0.203725387492053,0.0909443053475453,0.0250836828360335,0.124611864892835,0.627846891620194,0.381553820102267,0.569765539033449,0.556233988412032,0.455781618147225,0.774334541707475,-0.130709468112354,0.354621206316196,0.921848087719433
Q92974,ARHGEF2,47,25,-0.0857567621189043,0.0773693763779216,0.26768606220023,0.460728737837485,0.628082951843371,0.628082951843371,,7.50677685430722,0.00614672699187567,0.00614672699187567,-0.253519439867435,0.0855313093696987,0.381471354929977
Q07866,KLC1,50,26,0.245016427482636,0.1038514175536,0.0183095527930096,0.104563118531684,0.628655423407859,0.517909572587984,0.879224011799766,0.122942391004216,0.72586488332345,0.824551054019863,-0.00283313325330132,0.984626868323032,0.233864905291306
O15269,SPTLC1,48,25,-0.0875473881137353,0.11455192058703,0.444712643505554,0.62374920137828,0.629393061876663,0.7286281066179,0.852006819686937,0.0682943013538042,0.793836657819449,0.772107155734655,0.0537342596613113,0.716056891461918,0.424564678666892
P54136,RARS1,40,25,-0.0864303228745819,0.0524092056265744,0.0991181534321414,0.265403027820898,0.630031611806369,0.957413310991287,0.829959449351346,0.959640219223637,0.327277540942191,0.506702543027459,0.075984990619137,0.640145584405239,0.657154881259537
Q8IUK5,PLXDC1,52,26,0.407248353930293,0.131484909517956,0.00195291406141036,0.0342869571008979,0.630406947634121,0.846875450029685,0.465657308895844,0.0130753653309104,0.908962279330217,0.729353419271933,0.0431144881755315,0.760933940224834,0.660634937364757
O00429,DNM1L,52,26,-0.142449980896999,0.0600212528909926,0.0176287121225815,0.103012748560545,0.630725874991163,0.439588481654766,0.336542736877359,0.72172948696746,0.395577191414212,0.522549000489586,0.0291983266456074,0.836858338145314,0.546144670770365
P01861,IGHG4,52,26,0.357219729952614,0.197402113501995,0.0703571596389902,0.219599619479272,0.631804850065297,0.0464717476806909,0.231861988718138,2.10343037330299,0.146969086139608,0.00278505969803446,-0.25569879620934,0.067522477085346,0.63914108696851
Q9Y624,F11R,51,26,0.0512140828808902,0.0865835913262433,0.554186316880212,0.709965057694798,0.633595625690762,0.219858969253181,0.145986044517748,0.0598584410482231,0.806719820200673,0.380317279528956,-0.0132126696832579,0.926660655823778,0.83685249826125
O00231,PSMD11,51,26,-0.256466798453908,0.0524167216865384,9.9389607229375e-07,0.00153556943169384,0.63558784851034,0.900582691272602,0.995338546281819,1.09744674270915,0.294827121113157,0.738657818370933,-0.129502262443439,0.363986167975026,0.401596666696192
Q05707,COL14A1,42,24,0.607176603364287,0.19351846425885,0.0017035796804068,0.0313336976931965,0.635600202202545,0.635600202202545,,1.03984305032904,0.30785797705589,0.30785797705589,0.123727421089526,0.435006405089146,0.964150507795916
Q8N6T3,ARFGAP1,51,26,-0.178613797398103,0.11851776874398,0.131794394379852,0.306867111976222,0.635681186730459,0.593625697669852,0.313823875935244,4.19425831482354,0.0405610922961048,0.127982344158248,0.21393665158371,0.131487731387269,0.662174059066979
Q14697,GANAB,52,26,-0.160728012361175,0.0403803075337076,6.88120455406172e-05,0.0055883506230472,0.637548970755238,0.8901510083811,0.637236920965788,0.496417456345697,0.481078504600189,0.776005762949919,-0.187398616921369,0.182911713434215,0.985080561766898
Q9Y6F6,IRAG1,52,26,-0.243747379884207,0.101372744027883,0.0161960849591321,0.0981292206347413,0.637574335525979,0.582573155946304,0.365504837637638,2.38831967374785,0.122244964030404,0.0719512317917351,-0.0250149406642192,0.86001051067141,0.759552082618317
Q13423,NNT,52,26,-0.198531144698428,0.116605369087863,0.0886448077755431,0.248497558187942,0.640112211721187,0.681988223453226,0.687288303754001,0.0701722967817289,0.791086081328675,0.765351095783633,0.235294117647059,0.0931653870135821,0.113986095686033
Q9NYL9,TMOD3,52,26,-0.519910123944678,0.122739506047908,2.27655822146905e-05,0.00554715131857844,0.642455788658149,0.681325480326805,0.810675803781066,0.0704915546939823,0.790622417315048,0.742371168138856,0.0319303338171263,0.821811496154093,0.429237243900396
P61163,ACTR1A,51,26,-0.073040467534553,0.125193467804942,0.559610089084632,0.713364346234123,0.643809328615969,0.525553568474299,0.414976427235283,0.00563545269414941,0.940159293640036,0.871331486952798,-0.134841628959276,0.344408772533847,0.644242335924628
Q9BZ72,PITPNM2,40,25,-0.163387049880989,0.144916891282011,0.259550808822999,0.450568538911835,0.64552313846767,0.64552313846767,,0.424160777590648,0.514868164951863,0.514868164951863,-0.214360091145407,0.184097951748981,0.77127366246664
Q8TCJ2,STT3B,51,26,-0.0425578580673825,0.137813178349691,0.757467328864204,0.85609877329568,0.646923870650011,0.646923870650011,,7.9712819046503,0.00475252708492999,0.00475252708492999,-0.615050884960187,1.56894815967861e-06,0.787129657780346
P43121,MCAM,52,26,0.433357599181032,0.185596492745047,0.019546295135621,0.108629589872426,0.647408296611538,0.600027062911741,0.214756813777273,6.293317324999,0.0121194013081774,0.0239252627931613,0.148723640399556,0.291752063155028,0.607873226710364
P09669,COX6C,46,26,0.1722032318964,0.16341777364849,0.291992478371402,0.483040047110219,0.647769718656696,0.647769718656696,,1.70612082787399,0.19148944776911,0.19148944776911,-0.0939111136037874,0.534743288779092,0.563998374804188
P62820,RAB1A,52,26,-0.256130602942504,0.13324645119496,0.0545765620114093,0.185320413862917,0.648200567279903,0.759152861008965,0.990954043832733,0.0889213906383136,0.76555288835056,0.995360845158702,-0.0560915222402459,0.692091651882325,0.412570959988338
Q6NVY1,HIBCH,44,26,-0.277322212487441,0.111538476170828,0.0129065770147789,0.0844943283382773,0.648296218947741,0.713223876961736,0.85153201648147,1.57144352136951,0.209997503211875,0.182985862887623,-0.215362931642001,0.159921705299515,0.104255737855248
P11597,CETP,52,26,0.27898702485635,0.143605779243162,0.0520489836654701,0.184417757425247,0.648818427324432,0.421963164395947,0.84321811990008,1.60945785721744,0.204568027408487,0.278777352317161,0.229488602407581,0.10170790529918,0.33153437623293
P14314,PRKCSH,52,26,0.161373433438583,0.0826256359619179,0.050811612919629,0.181302406376043,0.649058142967736,0.34170077186977,0.181070884302724,0.0772112346272513,0.781112847674047,0.911597792756545,0.0570306497054555,0.687197175830498,0.447987530784776
Q9NXR7,BABAM2,52,26,-0.281574701506304,0.107185569209057,0.00861455589279475,0.0688707459128668,0.649419489211781,0.42060208994407,0.831602411806837,0.0458113708864715,0.830519053659988,0.523289990949941,-0.0677879279433109,0.632088145518,0.581803721922384
P30101,PDIA3,52,26,0.30804524158557,0.0877047412173409,0.000444248532290398,0.0156284117097196,0.649434597994654,0.681709462586422,0.942823557188952,0.213213798367493,0.64426003909039,0.713852095522326,-0.119269188081619,0.398579316045093,0.598277628584223
P07585,DCN,46,25,0.42670605558019,0.131816061939095,0.00120737346468634,0.0245446316176368,0.6494920853094,0.795142887604611,0.337692593366287,0.0581725660904594,0.809407941349867,0.554682778079703,-0.0131359851988899,0.930993893385629,0.561858215638118
P50851,LRBA,52,26,-0.201563852532284,0.0807549402527305,0.0125604698925167,0.0840812638087479,0.651156767604914,0.917935729147485,0.112823023604759,0.963081748499806,0.326411652901026,0.617210917209722,-0.103133270724836,0.465744843967527,0.439297782758301
Q99685,MGLL,52,26,-0.150994124208769,0.0863534835573663,0.0803673520699391,0.235612066315097,0.651313890486211,0.62722804261402,0.561881574485486,0.446833164686743,0.503842683101831,0.567442902785038,-0.0782037052847264,0.580564242248725,0.218115451454859
Q92747,ARPC1A,41,24,-0.0873101818137879,0.14499883329019,0.547078268222901,0.704261633323672,0.652902233449241,0.652902233449241,,1.9854827860283,0.158813996277883,0.158813996277883,-0.11929766384032,0.457533865408192,0.556191805287445
P55160,NCKAP1L,50,26,-0.0919881622373483,0.0757236025033617,0.224446764350609,0.418899443916715,0.652972335565725,0.8912755012074,0.289582843494727,0.00221923646391379,0.96242653551018,0.1862339944161,0.0451860744297719,0.75473528366283,0.711200090414169
Q06187,BTK,50,26,-0.0278223055477622,0.104576412255881,0.790202534991323,0.875864097575753,0.653381967552596,0.817243647948281,0.439551957787314,3.24354517157419,0.0717053229447851,0.0107740975682223,-0.221512605042017,0.121961412287756,0.679375836436894
P05154,SERPINA5,52,26,0.564844065313143,0.161845818636376,0.000482996444775205,0.0160685360952871,0.654288242150666,0.763472749571542,0.254049244039224,5.5886956929931,0.0180767516073597,0.0445806945630942,-0.327328609237599,0.0182551954095282,0.19340070351743
P30041,PRDX6,52,26,-0.162513206210596,0.108045900029451,0.132552360821385,0.307036577914603,0.655546438429523,0.732185607009715,0.156056910207675,1.80127084861286,0.179558931380411,0.0271370231258154,0.25493041919235,0.0683725756087978,0.402209068073432
Q00722,PLCB2,49,26,-0.0611767536282687,0.0948989589661988,0.519153070684256,0.683212516360457,0.656020015320339,0.858755695700703,0.411722490026127,0.516915026434478,0.472160618826896,0.54978524068,-0.0551020408163265,0.706115164514243,0.371202175258794
Q7Z460,CLASP1,45,25,-0.128143152298971,0.122683539771134,0.296253384176896,0.487965328948086,0.656629581219861,0.200707978221975,0.0769062536937096,1.67167033033115,0.196034956792923,0.577717245024613,-0.239920948616601,0.112346228001643,0.775647231940361
Q9NXH8,TOR4A,51,26,-0.106753785040551,0.0880424456029023,0.225310963038699,0.418899443916715,0.656703546713128,0.932130488553734,0.600223853027698,0.0291662560787328,0.8643957250832,0.977053395737541,-0.094841628959276,0.506837886139111,0.630024747950987
P27987,ITPKB,47,26,-0.12456949880581,0.106868842391641,0.243764186409589,0.438946000003282,0.656911675538526,0.656911675538526,,0.282281903027935,0.595209462428706,0.595209462428706,0.0422150078418167,0.778139861918952,0.560436787104685
P28066,PSMA5,52,26,0.194010036936067,0.139395957966862,0.163985702202729,0.343521673352411,0.657256158704222,0.456967117340345,0.162889540603987,0.0300196322004915,0.862445692123042,0.446875584285429,-0.0354307180056348,0.802626690462265,0.448127015372355
P25788,PSMA3,48,26,0.107569368513892,0.20975045737961,0.60806009851584,0.752525090978535,0.657291049769888,0.657291049769888,,1.43317320125978,0.231247267718331,0.231247267718331,-0.118155430009771,0.423806895746529,0.799564459962724
P61160,ACTR2,52,26,-0.222313934925965,0.0663372340193287,0.000804420371673225,0.0200456366812118,0.659113817794379,0.179953185374474,0.705524490878292,0.573952703304004,0.448692478687904,0.0249123210078918,-0.181507726457782,0.197249802882333,0.199282566023047
P06576,ATP5F1B,52,26,-0.28155556013234,0.119530304324282,0.0184969938586185,0.104563118531684,0.659237995657894,0.643131451354246,0.717268987687071,0.096516204601187,0.756051070738273,0.80992642087826,0.0788013318534961,0.57766719424453,0.446341699539251
P08195,SLC3A2,51,26,-0.129959171630872,0.0876013073670123,0.137933639457589,0.31478208709302,0.660358344103022,0.959952673682759,0.757838013147467,0.0157593956819679,0.900098884837698,0.448743195056955,-0.122443438914027,0.390887985714392,0.642480011710452
Q9UEU0,VTI1B,43,25,-0.00153628357068271,0.0848164168195512,0.98554867129089,0.991969183807443,0.66284801096921,0.670154178032901,0.735213602644902,0.135928718778058,0.712362440060922,0.984844937833028,-0.0539112050739958,0.730595085460624,0.917014726101634
P01859,IGHG2,52,26,0.401188162481739,0.156654931983017,0.0104381172179616,0.0753593042137885,0.662910874049597,0.00692014565846916,0.0329701651542221,0.9412482426783,0.33195703220834,0.488875678005175,0.0797404593187057,0.573128179109827,0.966834732474706
Q5T0N5,FNBP1L,51,26,-0.130341520657072,0.113940469558246,0.252646846783771,0.447124144651692,0.664186176151649,0.664186176151649,,0.055525167010124,0.813713748611522,0.813713748611522,-0.046699409053644,0.74487061835984,0.70027805323656
Q9NYQ6,CELSR1,45,26,0.288792168634254,0.203632783263446,0.156132159166458,0.333643410666912,0.665441656523265,0.355505025242728,0.0243517615199068,3.94083910378151,0.0471272647524007,0.408462237324219,0.126482213438735,0.406457745347142,0.744473397533101
O43150,ASAP2,52,26,-0.206538522105836,0.0838172651318253,0.0137337670310765,0.0874141654970941,0.66704380950625,0.66704380950625,,4.44358351094537,0.0350326408527977,0.0350326408527977,-0.304085713375721,0.0284027557836713,0.17523494154562
Q9HCN6,GP6,52,26,-0.264665199199909,0.0777411452162625,0.000662994429138735,0.0173614642884635,0.667627165812459,0.66931292856328,0.658131156410163,0.00560712592672683,0.940309597042598,0.599916451722147,-0.0099889012208657,0.944005844021288,0.800895315480622
P00491,PNP,47,26,-0.142204320718401,0.0967791637739834,0.14173268148637,0.319208444455455,0.668964167963052,0.127963591092467,0.119332181166468,0.843463263030667,0.358408150733391,0.491405803681329,-0.0348057354301573,0.815918819603511,0.344845523208202
P51575,P2RX1,49,26,-0.422054917290142,0.132733972062342,0.00147424887034626,0.0288318291732275,0.669915935474208,0.530060918942161,0.0834451837293828,0.660083336795929,0.416530523798883,0.0583262098860076,-0.14,0.336255690205173,0.906374267132982
Q6YHK3,CD109,52,26,0.180707033885041,0.097219001313375,0.0630608101070362,0.202134754388736,0.670349838374517,0.217278645694551,0.047742298100408,1.22255653845764,0.268859513235684,0.961115938363318,0.106719030137454,0.450310171522504,0.893877227268471
Q13561,DCTN2,52,26,-0.191951159161929,0.0649450745066113,0.00312069352251245,0.0421430138887654,0.670520886260284,0.725988989768687,0.392835334952611,1.62148540163119,0.202884793865037,0.0310270107739871,-0.182617604371211,0.19448875922118,0.0198622864548767
Q9H8H3,TMT1A,51,26,-0.171784109360543,0.0836315616493295,0.0399700424462551,0.163802959096722,0.673589605387396,0.910967792665166,0.985937092225835,0.0168393478803345,0.896751157647396,0.818667130647356,-0.0277828054298643,0.846237469374698,0.911773993593123
O75116,ROCK2,51,26,-0.0916189856335135,0.0728843427727064,0.208736909156826,0.399626424593923,0.673942613351955,0.0778785985167747,0.0346278103434501,0.70984953418448,0.399493767421891,0.905776689600625,0.0724886877828054,0.612226913620585,0.293605729863368
P15814,IGLL1,52,26,0.29972393785294,0.14547145012236,0.0393638877687145,0.162911677452731,0.674117121605705,1.41591908132909e-05,0.000330459835257766,6.49455027997467,0.0108205664418691,0.0315139790687616,0.414069836933322,0.0024627785448258,0.48551355648449
Q9UJZ1,STOML2,50,26,-0.37764477905726,0.145533018851703,0.00946162713246347,0.072010906008158,0.676414055870156,0.676414055870156,,3.36611461700913,0.0665505350274732,0.0665505350274732,-0.109793470515086,0.447840730028044,0.368456389255853
P68133,ACTA1,52,26,-0.407578089192611,0.153102511804955,0.00776489389878204,0.0676177270041347,0.677372893156304,0.641770978777443,0.140884320286488,0.0255327794738535,0.87304666101019,0.88800172595148,-0.0482370016221293,0.733503213013012,0.944715154309477
P10606,COX5B,48,26,-0.241355579892385,0.124644931860937,0.0528254713203396,0.184625285158404,0.677433105363436,0.677433105363436,,3.26131973752065,0.0709320177876261,0.0709320177876261,0.295480960481694,0.0414534073849019,0.667327762503384
P80748,IGLV3-21,44,24,0.518441953290553,0.224576809151625,0.0209697623027298,0.114078460414498,0.678560545522726,0.824858992369569,0.931644418156491,0.619896406125431,0.431085784690191,0.46792198367928,-0.21677237491191,0.157155648156279,0.891552873817654
Q9Y2X7,GIT1,51,26,-0.0611875980428436,0.10541343352359,0.561608825537137,0.714732813389519,0.678737195184456,0.678737195184456,,0.0917508805414414,0.761962963383338,0.761962963383338,-0.0148194011100692,0.917793442548896,0.394894966001501
P60709;P63261,ACTB;ACTG1,52,26,-0.104944657242694,0.108367904998029,0.332839212502933,0.520583177169374,0.679122060769173,0.521335679624126,0.13247044665205,6.6075314890352,0.010154833440055,0.0322621274658488,-0.329121488943908,0.0176006461957647,0.388647332253874
Q9UBX5,FBLN5,52,26,0.173947200602225,0.103990650624633,0.0943825068397597,0.256727065259558,0.679198921432098,0.905504306420456,0.625866601695242,0.278463101998582,0.597710327879276,0.948593781253249,0.0107572782378554,0.939687889482084,0.666083175138839
P51809,VAMP7,51,26,-0.0782368025366948,0.0801562085928799,0.329037615402916,0.518737873262761,0.679210349681648,0.702897282591829,0.667636300717366,0.552443388704589,0.457321042004968,0.706365361028636,-0.00434389140271493,0.976028087910736,0.633413936454033
Q14139,UBE4A,49,26,-0.0721245891737326,0.0690318311070365,0.296114530739511,0.487965328948086,0.680347564386205,0.685834710402018,0.119027352936011,0.9515541792414,0.329324009646105,0.118338003530255,0.0721428571428571,0.621304915862806,0.594417413348928
Q9UP79,ADAMTS8,45,25,0.549271668030731,0.236344980605426,0.0201241486270401,0.110254644073677,0.681948013601649,0.681948013601649,,4.42392039873858,0.0354385253164622,0.0354385253164622,0.264287862449864,0.0793705771283169,0.0495398109847863
Q99460,PSMD1,48,26,-0.143928861983838,0.0791089428273209,0.0688541819966672,0.215780347230935,0.682366391503726,0.316488548242965,0.0647866984515748,2.37501932711207,0.123290072127973,0.261805086225343,-0.195288753799392,0.182930845432839,0.168976836027348
Q86UX7,FERMT3,52,26,-0.184112797202329,0.0833556815995339,0.0271912535392815,0.131526321667037,0.682915925790772,0.772621469588231,0.955975010147465,1.36018822678755,0.243504862913506,0.147974054159304,0.281823614786989,0.0433124686121602,0.928891427502014
P49327,FASN,52,26,-0.112685855178981,0.077026056150027,0.143478977924461,0.321268146222163,0.684922760699677,0.386138318087254,0.0356809001726048,3.51487218218669,0.0608203480926698,0.184247441706401,-0.125586954665756,0.373920800653864,0.374506797927972
Q9UBP4,DKK3,50,26,0.397722802445083,0.159613105486903,0.0127100124285656,0.0842788377773987,0.684987689123357,0.809611753275384,0.992406784502624,1.84329042131028,0.174565778927287,0.35456361767807,-0.194141656662665,0.176230663726476,0.346387839314472
P19634,SLC9A1,49,26,-0.104041466839777,0.0856589612536013,0.224518276806786,0.418899443916715,0.685774520514766,0.736649831104619,0.325378506448042,2.64802669843174,0.103678524186622,0.196791995839127,0.187244897959184,0.197044191067478,0.53656868997391
Q9H270,VPS11,42,25,-0.198663774639734,0.100851454298186,0.0488538166569296,0.177702080306447,0.685930139399356,0.846666456096548,0.908268729752769,0.0438909123126512,0.834056701550843,0.617254698936865,0.00607730329794992,0.969799293339644,0.516424788126872
P78509,RELN,52,26,0.381656589756366,0.101121685538453,0.000160502056289123,0.00802525699692618,0.689071593097869,0.845729766286388,0.760391345949872,1.3333604246815,0.248208273512811,0.212756865711231,0.246307521557244,0.0785138204995267,0.123124517841709
P62993,GRB2,51,26,-0.205471291673758,0.0781735393101026,0.00857877002475975,0.0688707459128668,0.689852273571375,0.362975699252331,0.484510228261807,0.479788864399745,0.488517967934122,0.757532118391642,0.143257918552036,0.314911218599914,0.626801015659836
P29350,PTPN6,48,26,-0.00678131917935142,0.0633144716077457,0.914705396161117,0.947833559402364,0.690035632991573,0.0323823442295734,0.027516298820752,1.29139332576112,0.255791337182918,0.364298556197089,-0.0914025184541902,0.535517557144436,0.861647136027129
Q9BZF9,UACA,49,26,-0.104422681650003,0.0677035419809988,0.122988121139318,0.295250661341945,0.691645630537752,0.948807724601194,0.291421327746419,4.3412620866385,0.0371993388216103,0.0938488642018495,0.363775510204082,0.0105711433828691,0.44367668139434
Q8IY33,MICALL2,44,25,0.334421577289477,0.164760554634482,0.0423826727686559,0.164117665441389,0.695944536735804,0.697769808209206,0.594066090889081,0.016525836967945,0.897711471571589,0.901127120444269,0.132487667371388,0.390010409009568,0.601172551054678
A2RRP1,NBAS,50,26,-0.276673499186648,0.0909225362263839,0.00234264682867624,0.0380988352663662,0.696054523122928,0.563137934577523,0.0455440748499328,0.876280367639029,0.349222484647548,0.657623651568165,-0.0232893157262905,0.872244056150639,0.807444616806514
Q12982,BNIP2,46,26,-0.113366499208866,0.107377698087113,0.29107183107523,0.483035423212922,0.69908349069859,0.776181479030134,0.445698971737717,0.426636021873313,0.513644234515968,0.986244929921954,-0.162873882207832,0.278493790434855,0.239839107585331
Q14432,PDE3A,51,26,-0.147073283782899,0.0972874575669302,0.130600168433579,0.305560562394568,0.70010127575708,0.739159926297094,0.104750554623029,3.90469711199602,0.0481513064324401,0.0682506300041888,-0.262262443438914,0.0632468801897314,0.174402561476825
O00187,MASP2,52,26,0.433590007664823,0.157623055177959,0.00594493433850345,0.0574057722061739,0.700932355875993,0.524507617988694,0.782775572450474,0.385127274144512,0.53487189926591,0.761088114050979,0.0433706138478614,0.759555082681492,0.216975922750231
Q66K14,TBC1D9B,49,26,0.00871464819089246,0.0466817050645112,0.851909732636403,0.919023678978984,0.702189365179653,0.595422114600994,0.412419560028872,0.525064663966678,0.468689200137551,0.486198044678277,0.0713265306122449,0.62526845240889,0.704007860317669
P10155,RO60,50,26,-0.133399155537891,0.103410924024409,0.197053802281793,0.386846409816227,0.702834065969415,0.903147821339696,0.500878478488915,8.13567276289522,0.00434027402543742,0.000565234093247614,-0.35875150060024,0.0108939752752878,0.115608900947101
Q96P70,IPO9,49,26,-0.0632638738912888,0.102400065431647,0.536700014834885,0.69505576103931,0.702961031078397,0.702961031078397,,2.56755926982788,0.109075907504964,0.109075907504964,0.139829828423371,0.337931996796549,0.889917098096688
P41240,CSK,52,26,-0.0754450120193105,0.135065513174515,0.576447797901309,0.728219008796012,0.70354925071234,0.659587479464756,0.752454021468448,2.1900200356236,0.13890750861104,0.011442264834785,0.169811320754717,0.228062916771146,0.453741042018267
P08962,CD63,47,26,0.604835216439844,0.263904120013078,0.0219128656963977,0.116341503439637,0.703760183721877,0.770781749162503,0.223332689466917,0.000617830668825653,0.980169663920073,0.888850015646274,-0.0129509713228492,0.931178422253546,0.431084944337783
P52209,PGD,51,26,0.148407876118387,0.0925430255530581,0.108788236319645,0.276598316201246,0.704166867848371,0.365376456939371,0.314511958545618,1.01893657371209,0.312771389708398,0.565495963359168,-0.0934841628959276,0.5129617238242,0.941949118470698
Q13501,SQSTM1,45,25,0.0326295498309401,0.113765370493617,0.77425441380995,0.86871682595234,0.70416724990785,0.70416724990785,,1.88752121645765,0.169481768969601,0.169481768969601,-0.225023793773759,0.137236111515886,0.686382519574152
P11171,EPB41,51,26,0.410438577860672,0.180180563591932,0.0227307926451429,0.118645522421439,0.704459253201053,0.553891457973843,0.960712447125235,2.59308719526472,0.107330949325033,0.140966355137164,-0.317918552036199,0.023418710502956,0.0352643188824935
Q76LX8,ADAMTS13,52,26,0.275294310791778,0.0914224583792221,0.00260189234877473,0.0408605071825396,0.705166677398746,0.0782614508596778,0.107811593905202,0.0487650622515571,0.825226260974035,0.935679537243218,-0.11542730299667,0.414031105890665,0.755031140737603
P09543,CNP,43,25,0.0719478557881294,0.134910787709905,0.593826272922699,0.741744126731874,0.705373087667596,0.647905382318939,0.6017240404577,0.32277654471719,0.569943801685412,0.0422236220853072,-0.251736635457566,0.103438718520267,0.376969731678674
P39060,COL18A1,46,25,0.565156445159529,0.133619407813716,2.34108771395803e-05,0.00554715131857844,0.706056966631608,0.981545839843793,0.878195929356723,0.114782447758613,0.734763728187451,0.606563967022974,0.00203515263644773,0.989571585474424,0.794955106728514
Q96I24,FUBP3,44,26,-0.178371614958543,0.106295564054219,0.0933330345567845,0.25476950245624,0.706162627060281,0.463450860374783,0.117030468088254,0.165926662742981,0.68375757856686,0.323454238582518,-0.0992248062015504,0.520394809379018,0.942339077031785
Q8NFH8,REPS2,46,25,0.0831353190179122,0.117998803566491,0.481094217330885,0.655941854229588,0.706237554821766,0.224796772477785,0.819987357211,0.0206215601129359,0.885814690567268,0.894793318368249,0.0160962072155412,0.915421752833073,0.876000999398718
Q9NZN3,EHD3,52,26,-0.129778661371893,0.0754678331191435,0.0854951124152157,0.242812405664537,0.706613600616936,0.241746547161855,0.0634623135591062,6.62020657824133,0.010082813811244,0.315505084952832,0.444036540595919,0.00108989976079113,0.429027972366049
P12074,COX6A1,45,25,0.0862203196654829,0.106932138018287,0.420064840445612,0.599788078750442,0.707446410321753,0.0410232860429384,0.0131648491938655,0.00808205380860609,0.928366487531648,0.0211443970415376,0.206324110671937,0.173404583572787,0.3778583770426
Q9BY43,CHMP4A,50,26,0.0667464029694086,0.150985858246273,0.658438147003932,0.786236769277056,0.708189829477533,0.708189829477533,,0.007024451277944,0.933205907284273,0.933205907284273,-0.0419370462740348,0.772453906462221,0.470950747396986
Q12797,ASPH,52,26,0.216316684577738,0.10821014070058,0.0456037412596772,0.170517299791322,0.709386149712294,0.178156144599376,0.224431311539095,5.63134373113639,0.0176421027181926,0.341690945168775,0.269956458635704,0.0532323480917529,0.406549099050777
Q7L576,CYFIP1,52,26,-0.18673651735041,0.105410166536695,0.076473798393968,0.230315825572477,0.710383618993239,0.710383618993239,,1.12395954418652,0.28906745641067,0.28906745641067,0.188188080490535,0.181540223251641,0.722036822002308
P06733,ENO1,52,26,0.0638085266016785,0.149276618450556,0.669050444374611,0.797594858455845,0.710514153150531,0.710514153150531,,0.0541447564230279,0.816001934161285,0.816001934161285,-0.0363177547038804,0.798252745275374,0.117561656691856
P00390,GSR,52,26,0.015707463380469,0.0879387929931422,0.858237552196354,0.919285711063804,0.711339554793708,0.711339554793708,,3.23639934257393,0.0720187535798425,0.0720187535798425,-0.189525194974882,0.178400625627622,0.927638162053017
P21291,CSRP1,51,26,0.0815067887742793,0.147776774488911,0.581254341542275,0.732303756549518,0.71220173780769,0.940951737678878,0.639278654688848,6.78568869283282,0.00918915706159442,0.0423233160251784,-0.332307692307692,0.0176084873388145,0.969744465736493
Q96RL7,VPS13A,50,26,-0.18080854541227,0.0809002367841382,0.0254201760004105,0.12547658760586,0.712814733752688,0.58704405401223,0.57665014478507,0.0960750519039151,0.756591558286707,0.558033738657498,0.0263625450180072,0.855521630171609,0.311083733093238
Q96CV9,OPTN,39,22,-0.207008663551271,0.13736978523303,0.131824844125247,0.306867111976222,0.713159751105792,0.713159751105792,,0.0291944614843396,0.864330807748595,0.864330807748595,-0.00347540798720172,0.983247406345164,0.563802554642734
P30085,CMPK1,47,25,-0.0212875372108099,0.0781726879234032,0.785380396960972,0.873090864111021,0.713167975591521,0.418043867269579,0.782750274672981,0.0417193344881032,0.838155707315747,0.646222244765721,0.192876965772433,0.193377485536857,0.738469862698412
P78417,GSTO1,52,26,0.101145196947267,0.100553599673955,0.314471661287295,0.506489604857908,0.713997176211781,0.00522801465913468,0.000714991686760652,6.8434227795713,0.00889682120008127,0.254788343314269,-0.190472124989328,0.175737865691096,0.399775742969307
Q8N699,MYCT1,50,26,0.133971426020123,0.125136565255966,0.284348535313196,0.475968024982543,0.714055442822082,0.457395351093535,0.311821359116352,1.22921201431035e-05,0.9972026128863,0.640324049183733,0.0328931572629052,0.820204918273272,0.536764582553433
Q9NS28,RGS18,49,26,0.0888598705250366,0.133126707534247,0.50446339441092,0.673053492543066,0.714855171904716,0.924885154793557,0.792104559834718,0.246608052493797,0.619473644026194,0.190687417108071,-0.00653061224489796,0.964619017524365,0.481334679470431
P30740,SERPINB1,52,26,-0.111369044424856,0.0468198028374603,0.0173750378234799,0.102459669607926,0.715386610559453,0.936242490058733,0.652599839639749,0.431039491106758,0.511479326159974,0.903617474015734,-0.230086228976351,0.100801367140426,0.740405766404495
Q03518,TAP1,45,25,0.315773518817996,0.122362320647605,0.00986163812497472,0.0736049802081447,0.716504854604209,0.716504854604209,,3.14800187168852,0.0760199988078259,0.0760199988078259,0.21875094091188,0.148828037265977,0.91199280023741
P0DP23;P0DP24;P0DP25,CALM1;CALM2;CALM3,39,24,-0.0553771301060436,0.222203383998887,0.80319199248761,0.882279791532017,0.716723678801466,0.772480792812374,0.402777202971108,0.115879753356784,0.733546920511469,0.501032966332134,-0.0204453441295547,0.901685096497775,0.905589905914257
Q8N307,MUC20,48,26,0.439192559929178,0.149621852614837,0.00333171257881607,0.043592475124822,0.717117286053362,0.216256804407805,0.118717901097382,5.28444818597923,0.02151670973316,0.137250544067518,0.0753365175857577,0.60978846728092,0.231240417017562
Q86VS8,HOOK3,45,26,-0.0530734469304941,0.0895802352684068,0.553537062790043,0.709721794199682,0.717186609578839,0.614791795503182,0.400408692133909,0.340695788906648,0.559427874476751,0.397598646690928,-0.00527009222661397,0.972819110562448,0.716517829478893
O95866,MPIG6B,52,26,0.264296249951118,0.291148715078893,0.36399942328567,0.550812055804467,0.717834090377882,0.761560636621841,0.0405195742812998,0.822139551263797,0.364555353120365,0.398673242062532,-0.153590028173824,0.276110466192043,0.105100217334684
P35813,PPM1A,52,26,-0.106214962010325,0.0906551278891272,0.241342560914242,0.436620909382323,0.720595600555318,0.150204801781621,0.607836165413468,3.37567771618656,0.0661653618783411,0.325300368216512,-0.293690770938274,0.0349699771030407,0.338807415708837
Q9Y6G9,DYNC1LI1,47,25,0.0150460219923283,0.0840593768017952,0.857943366633042,0.919285711063804,0.720846296265701,0.286427926251481,0.683137303315898,1.55100378081277,0.212987316811613,0.7136166747715,-0.206174838112858,0.163988683041023,0.395166845693987
P01619,IGKV3-20,52,26,0.114884970577373,0.176924288749379,0.516115155986529,0.682703695204784,0.721583767722037,0.397166359279747,0.193427793544035,0.883486068236048,0.347248647912658,0.487920022786154,0.30299667036626,0.0294058967861239,0.411115450768352
Q13347,EIF3I,51,26,0.0137454437128441,0.0889732829806402,0.877223739003879,0.93340955699793,0.724620750660689,0.342649391659313,0.441427084312294,1.78797844450016,0.181172663458752,0.163414596878824,0.00479638009049774,0.97350559200502,0.535605507826546
P13727,PRG2,52,26,0.306747322938897,0.106280455160919,0.00389916437367123,0.0478111822009687,0.725409000162249,0.310595744096525,0.186080751424461,0.891986199202908,0.344939633787154,0.62215619645028,-0.0969008793648083,0.493241874494885,0.319074133064376
P11177,PDHB,49,26,-0.0614380559279749,0.089892731674672,0.494316431678655,0.665081518457681,0.72550129626213,0.784483141642722,0.947663611154328,1.2201810782724,0.269325118262982,0.24292246317505,0.0807142857142857,0.580350973005475,0.895075538500064
P14868,DARS1,43,25,-0.0518277303909416,0.0735711198919603,0.481147881226562,0.655941854229588,0.725851686950484,0.762083492107789,0.795742264644612,1.12911420391033,0.287964359660715,0.375729092892551,-0.206735125339777,0.182916636989343,0.746436104428982
Q9P2J5,LARS1,42,25,-0.0871033698656374,0.0973514420749004,0.370930811018903,0.555616961783027,0.727932398013806,0.727932398013806,,0.0614084627809586,0.804283498919561,0.804283498919561,-0.0908445735733786,0.567214958952326,0.490322831415867
Q08380,LGALS3BP,52,26,0.0904869186371719,0.10019634512509,0.36647494601642,0.552369353990151,0.728203789246309,0.609796230532455,0.832935464693241,0.529370986515993,0.466871429891001,0.622678158096706,0.0366259711431743,0.796101715625452,0.719907711664527
P07203,GPX1,52,26,-0.398182395769548,0.142340847305901,0.00515178294619462,0.0556608716914034,0.728960611824267,0.287552384166863,0.149562619719336,1.67458385401393,0.195645688217006,0.899406863657701,-0.101084265346197,0.47469196659733,0.234424949735903
P43250,GRK6,38,26,0.0493027350556207,0.0978332621370108,0.614298936867549,0.756248492000289,0.730416690870696,0.730416690870696,,0.317083016264917,0.573365941268843,0.573365941268843,0.0369222860939541,0.82581194672177,0.133553854614125
P61106,RAB14,51,26,-0.10423761174356,0.110513300932755,0.345571828138837,0.53206226016848,0.733331435034276,0.741791443055745,0.54304897857788,1.99346429612882,0.157979127623485,0.0150264988144603,-0.231493212669683,0.102140592962819,0.665968965886531
Q15738,NSDHL,49,26,-0.323312422778422,0.113734845234268,0.00447351560635291,0.0517097892430426,0.733436906408829,0.442721319001022,0.336484446336861,0.0270481525881557,0.869366494205445,0.994003885829076,-0.0114285714285714,0.937915733839962,0.250401929700341
O15372,EIF3H,50,26,0.134644953473153,0.108892456637302,0.216274707392494,0.410496834055778,0.734994156996692,0.758513380204688,0.159970023912822,0.0502272856649102,0.822668250766354,0.487617292253255,-0.0810084033613446,0.574932165353615,0.249876705971905
Q8IZP0,ABI1,52,26,-0.156089615377061,0.103595876040715,0.131883341328292,0.306867111976222,0.737247604783323,0.737247604783323,,0.0209203712231113,0.88499609205096,0.88499609205096,0.018805868231463,0.894726359532605,0.380557170330884
Q9Y210,TRPC6,47,26,0.00273001991240517,0.10490997185171,0.979239390829827,0.988839777014433,0.738427655107998,0.130563990997673,0.287141937111731,0.595056449020857,0.440470455431215,0.0546217228296151,-0.0580481036077706,0.697521706394745,0.476721871125158
Q14644,RASA3,51,26,0.0228775683038264,0.0738327383940179,0.756669935428538,0.85609877329568,0.740298457899873,0.993295087963744,0.395831170517416,0.000354385080675265,0.984980615830682,0.739875408550148,0.0180090497737557,0.900064622052071,0.466405909768892
P51884,LUM,52,26,0.158518239814948,0.100115819593939,0.113342038206317,0.28352549610646,0.740668193737754,0.317941785987544,0.911383636385847,3.21228008583959,0.0730875675965789,0.0806364123061548,0.18603261333561,0.186167265695141,0.147426891571152
Q92558,WASF1,43,24,-0.172177623973414,0.115280748500715,0.135293135586363,0.310631394510385,0.743268332085836,0.197565956336234,0.47999974999109,4.90692583907142,0.0267492080222003,0.0297310982907062,-0.354575656901238,0.020162876045721,0.802023635831527
Q9NRY5,FAM114A2,51,26,-0.24536455156075,0.0920481129019871,0.00768483358563516,0.0676177270041347,0.746016175320344,0.746016175320344,,1.67438740079963,0.195671907364055,0.195671907364055,-0.151944600270524,0.287149446791584,0.490467525816762
Q9NPG4,PCDH12,52,26,0.227014343046438,0.136037536033951,0.0951644509577592,0.258399080368608,0.747854622659541,0.494878781939524,0.372195749816572,2.64888273128936,0.1036227029314,0.707364937955159,0.0747886963203278,0.59724496211191,0.690871792211406
Q8NG06,TRIM58,51,26,0.0301884785872129,0.0723686680313889,0.676569819360021,0.80469620547439,0.748692733611333,0.886040933362894,0.948547020713812,1.16193366369035,0.281064876322832,0.242590007635969,0.0742986425339367,0.6033510368699,0.260637285408453
Q96G23,CERS2,41,24,-0.0755417626694427,0.0635883862826255,0.234841093948425,0.429892760841608,0.748747086977197,0.0308121071530954,0.0293189447270292,2.29873440503949,0.129479461663648,0.2150828073204,0.328397212543554,0.036578222380292,0.973233480342179
Q04837,SSBP1,51,26,0.112773252663354,0.0680280007394608,0.097368428598492,0.261624734234209,0.749845593613382,0.300477807880183,0.187553572476439,0.37400075320397,0.540831550381063,0.0610477550232305,-0.120723981900452,0.39761527693335,0.0339693202161883
P68104;Q5VTE0,EEF1A1;EEF1A1P5,49,26,0.00425464201723208,0.0742522181999912,0.954306328553061,0.971280156531277,0.751346012754606,0.471098246474556,0.151455976284396,1.34984438554421,0.245305323374495,0.157260073882344,0.181122448979592,0.212293047061627,0.472147309895315
P68400;Q8NEV1,CSNK2A1;CSNK2A3,51,26,-0.0695199422604664,0.102478841055903,0.497528646093355,0.667258470672078,0.751669459879254,0.477433253980901,0.694055064675961,0.0304025529517877,0.861579971582718,0.688798583576198,0.036289592760181,0.799943288324559,0.446852521496864
P08709,F7,52,26,0.199116343548958,0.121467308725934,0.101159391748374,0.267164547438013,0.751973876072383,0.656724446474637,0.079302934198635,1.29166213987634,0.255741865283514,0.0899154190657701,-0.0957910014513788,0.498226185372379,0.0773370967447132
P04439,HLA-A,52,26,-0.0450512940156488,0.120726750302905,0.709023817569742,0.825716407217174,0.752429996568682,0.625306872697967,0.681268745958228,2.30365660808066,0.129069828751101,0.302807344161301,0.0456757448988304,0.747179447809075,0.671280273751702
O95299,NDUFA10,43,24,0.0208392113052754,0.0752785772887795,0.781912248380762,0.872241461190091,0.752741447429719,0.876435717868044,0.266655235094602,2.90840012393664,0.0881192492501915,0.0708690632851297,0.224705527031108,0.147107727216599,0.800672394573393
Q8IWA5,SLC44A2,47,25,-0.0290536288884494,0.0947669047220675,0.759163149070893,0.85676191768775,0.754147191851321,0.754147191851321,,0.176158574693236,0.674695499341994,0.674695499341994,0.00708634657273103,0.962294918572162,0.457913875058164
P58166,INHBE,52,26,0.202552460422506,0.143738859762723,0.15878496505852,0.336519576152831,0.755025623955678,0.582213395106609,0.528807679476421,1.67905539445052,0.195050015657494,0.109838688323107,-0.210620677879279,0.133716469229767,0.812521416165179
P07225,PROS1,52,26,0.167290242922537,0.0731574669711544,0.0222124908645403,0.11752841912916,0.75558621001864,0.75558621001864,,0.448008667771921,0.503282126324032,0.503282126324032,-0.16679424874098,0.237272022851117,0.309122650148848
P04899,GNAI2,52,26,-0.232382346469845,0.0872354910985106,0.00772517815714551,0.0676177270041347,0.755919272754711,0.755919272754711,,3.0583176244056,0.0803247966803477,0.0803247966803477,-0.0360158256267698,0.799895285150189,0.689275174850665
A0A075B6S2,IGKV2D-29,52,26,0.185557722780629,0.11869176860755,0.117968419490078,0.289303504939952,0.756216831675174,0.778384129652208,0.727205169165821,0.0570563413847469,0.811210504332635,0.886165564070969,0.0130624092888244,0.926744915690514,0.127289999850879
Q9BRK5,SDF4,50,26,0.310117439478159,0.179283582743386,0.0836732940008164,0.239398591169002,0.756924561303052,0.717146423529836,0.792397679736719,0.182994832273696,0.668812061925704,0.78906242416501,0.199519807923169,0.164377920461885,0.936843344392084
Q7L591,DOK3,51,26,-0.167095821530757,0.0807695004664837,0.0385649991151931,0.161922862636038,0.756935408438571,0.756935408438571,,7.93205357404528,0.00485666457655664,0.00485666457655664,-0.38539590664643,0.00522504201507537,0.383230995231943
P14780,MMP9,43,25,-0.0227253799974252,0.127891014783998,0.858963825597264,0.919285711063804,0.75870787541118,0.720173655970091,0.0618749333220182,4.85892786965593,0.0275034222646316,0.00661281284561259,0.134853518574449,0.387305530921505,0.753416913660262
Q7KZF4,SND1,47,26,0.15676547010916,0.0761550057796612,0.0395416692846435,0.162911677452731,0.759316565523613,0.750208360452013,0.47364058098488,0.0787267134333979,0.779030402002296,0.508536346692909,0.0100601295097132,0.946583515200887,0.810183929620238
Q9Y2L6,FRMD4B,49,26,-0.0825184583077154,0.0818241182485797,0.313221319175566,0.505670781741117,0.760799487553847,0.760799487553847,,1.32997714957548,0.248809282938299,0.248809282938299,-0.315423909531452,0.0272677681052751,0.878946023672717
O60613,SELENOF,45,25,-0.0919951939398945,0.108123313152283,0.39486052916165,0.578255466876539,0.760980659332665,0.613259973165826,0.482150650981738,0.214730492406259,0.643084690329987,0.630950725469884,0.0735177865612648,0.630245143950767,0.136773503175524
Q9UPU5,USP24,47,26,-0.0531377388229612,0.0659548360980129,0.420433973648368,0.599788078750442,0.761473390356893,0.858583354877213,0.925016532202288,0.178805879519354,0.672401463416093,0.478873121059551,-0.181429232192414,0.221547707587873,0.512549294221003
Q9NR31,SAR1A,51,26,-0.152780061762763,0.111281656400175,0.169779313564132,0.351434421450015,0.762168535816954,0.985914902411242,0.675436231524285,1.90280728214819,0.167764431176306,0.432880774208883,-0.290769230769231,0.03883442814091,0.0623780108538202
Q9UI12,ATP6V1H,44,25,-0.160599337872704,0.0827067276365556,0.0521621747539371,0.184417757425247,0.763476466887536,0.661808177076682,0.803662416792762,1.88399710839551,0.16988054489683,0.283455807899164,-0.132205778717407,0.391026937618709,0.872860739591533
Q6V0I7,FAT4,52,26,0.367182506177394,0.13828123446319,0.0079230524799092,0.0676177270041347,0.764645096822863,0.462497129652021,0.25551719944812,0.00915749083749342,0.923762987170141,0.555632626152172,-0.0831554682831042,0.556763663354054,0.459573896114996
Q9Y230,RUVBL2,45,26,0.124923870009054,0.0948656586275142,0.187888812135679,0.373505546658722,0.765462294389131,0.524561782284234,0.974266690400638,0.502424102353621,0.478436924794502,0.271987843309137,-0.0387351778656126,0.800080555973551,0.185360970991714
Q9Y333,LSM2,42,24,0.0896562796979156,0.170383695437785,0.598747708028043,0.744219797991414,0.767812870764148,0.754653669503218,0.725393478511478,0.49224529854044,0.48292743418977,0.369314719250982,0.0375172190260109,0.813099642995865,0.369367612760339
P09622,DLD,52,26,-0.176215557252131,0.0881465522312811,0.0455953449573783,0.170517299791322,0.767971376875222,0.535697303029281,0.519297206422156,0.073333916377844,0.786543047223488,0.455971960895258,0.00324425851617861,0.981963144571539,0.759431501828802
Q8TD55,PLEKHO2,51,26,-0.0775702294863982,0.143102313505357,0.587776261272942,0.738304328184305,0.768533397435367,0.726121154486786,0.793330398408917,3.73333577631283,0.0533367748285054,0.03689279512679,-0.181628959276018,0.201505170993782,0.827128903688587
P56134,ATP5MF,52,26,-0.672572962624956,0.16717728161139,5.74341159256385e-05,0.0055883506230472,0.769172447494653,0.779502361009203,0.638989008638026,3.31984484448048,0.0684482885794462,0.0705650846301901,-0.179031844958593,0.203509819196047,0.130597107611712
Q9BT78,COPS4,51,26,0.054329996294747,0.0689319018686401,0.430597790335539,0.610903201164746,0.772290772615191,0.419030442632222,0.274408301071426,1.31049813099201,0.252304485844576,0.0497647968611206,0.101900452488688,0.475609428462033,0.271677760043034
P07476,IVL,52,26,0.307318806917612,0.118551468892698,0.00953416593293743,0.0720849060498136,0.773132965766411,0.76226744911781,0.449188405440058,1.5124095972558,0.218771771082589,0.150134553952759,0.060445658669854,0.669508143902274,0.79392876375574
P48736,PIK3CG,41,24,0.023565798634519,0.0940004907203261,0.802047083840936,0.882253084894273,0.776222012453715,0.776222012453715,,0.193071177947689,0.660372700977528,0.660372700977528,-0.0365924732845087,0.820317894992534,0.487918453504559
Q9HBB8,CDHR5,43,25,0.172098674841863,0.1959177813246,0.379714235974082,0.563011990959652,0.777611107342542,0.0493428792366351,1.34640951033355e-05,4.41411773483129,0.0356427057591212,0.822931475554307,0.092117185140441,0.555651462494392,0.731145298535908
O14523,C2CD2L,49,26,-0.0610715419305354,0.0960931504390165,0.525072887453672,0.68690737605074,0.777992829489388,0.786239762639299,0.213200962405458,6.44933855927369,0.0110993656945563,0.0575097749701029,-0.31234693877551,0.0293239559042279,0.725839672976025
Q9P1Z2,CALCOCO1,51,26,-0.2012239353604,0.0884025702912633,0.0228326852058879,0.118776089707397,0.778764667872023,0.432605429768211,0.525560624126659,0.283327123869739,0.594528747987571,0.965861707661143,0.016289592760181,0.909587989386329,0.266398216734708
P01717,IGLV3-25,52,26,0.2414423802619,0.138776447185982,0.0818952595743649,0.238466112211195,0.778859325529988,0.0409302780396127,0.104738319310327,0.58595299752166,0.443988350324405,0.120942288904105,0.0215999316998207,0.878998782101151,0.704733312766971
P98194,ATP2C1,50,26,-0.041248654701222,0.101129564869287,0.683362300993149,0.811525561133294,0.779977278617663,0.45053207582649,0.341700222097132,3.11032987382978,0.077797202394483,0.0310286244464946,-0.176950780312125,0.218266474601048,0.454111305118812
Q9GZX9,TWSG1,43,25,0.398663535596761,0.161417445786831,0.0135200953238601,0.0870356136473496,0.78121306022235,0.570319059259075,0.0859291400502793,0.741696866208844,0.38911785300751,0.514481523375515,-0.106010268800966,0.497381594064641,0.854152750738986
O60313,OPA1,50,26,-0.232194254707463,0.0581605912610677,6.54368152222182e-05,0.0055883506230472,0.781485877547784,0.601701024641823,0.943047496650244,0.00209901603399132,0.963457687358376,0.556588152695073,-0.0438415366146459,0.76182179073598,0.504001109582826
Q15149,PLEC,47,24,-0.15461605098957,0.0750102032734365,0.0392775818808861,0.162911677452731,0.784838824604355,0.000829293005929432,0.00588747001990551,3.43735074716713,0.0637378193567696,0.64334594247712,-0.218663274745606,0.139506131561514,0.515701251215723
P00488,F13A1,52,26,-0.0736590728227216,0.0971208333357515,0.448195334265449,0.626662254696939,0.786766613113236,0.786766613113236,,0.0607504821184825,0.805313680924756,0.805313680924756,0.0877750959885946,0.536071313469221,0.6242677471811
P53814,SMTN,51,26,-0.0806582554530805,0.118176913691923,0.494909407364822,0.665081518457681,0.787208440184714,0.734970943024757,0.855125508149989,0.66455455657208,0.414956603472798,0.356169761707532,0.112941176470588,0.428907041496975,0.39750875451363
Q27J81,INF2,52,26,-0.163202798693763,0.0949691055390257,0.0857085424641427,0.242971923132295,0.79007058444757,0.807192699177389,0.579368129685794,1.15158529027713,0.283217538615857,0.48408796296531,-0.177153590028174,0.208352156218599,0.958484504279869
Q00765,REEP5,51,26,-0.0215672556922162,0.0950988418518062,0.820588762470006,0.896612190959094,0.790610419545926,0.590918613975469,0.96436494255494,0.249847257062404,0.617182648976973,0.843236207466057,-0.0833484162895928,0.55984673818807,0.346029125293127
P13497,BMP1,50,26,0.270884344000564,0.127769805163913,0.0339978900756873,0.152980451991723,0.790960182117311,0.788680865215755,0.892069600655305,1.344724834392,0.246202449765738,0.847528557406332,-0.157166866746699,0.274797078218983,0.66772340865697
P10515,DLAT,43,25,-0.0234188744652281,0.131012484364339,0.85813165225489,0.919285711063804,0.791939733453458,0.930721829216277,0.561834097281998,0.926969767455983,0.335651568981715,0.127012240732018,0.0975536091815162,0.532469416342917,0.55894992281753
Q5T2T1,MPP7,40,24,-0.0473244686595255,0.101282374621366,0.640319053187932,0.774011280527605,0.792453150987826,0.792453150987826,,0.857511211581493,0.354436099775758,0.354436099775758,-0.123940304749909,0.446086346565432,0.843982172240688
Q9Y2Q0,ATP8A1,50,26,-0.0736227616068733,0.0698128161764707,0.291620325943116,0.483040047110219,0.793826620099788,0.988194353960736,0.915054139861226,0.0302213777679564,0.861988874363138,0.484214302929776,-0.0746698679471789,0.605295233281969,0.528315065049475
O00461,GOLIM4,51,26,0.196736487564171,0.102207893321156,0.0542461381814757,0.185320413862917,0.795974112702747,0.87827120332187,0.520669382930605,1.14180321391253,0.285271621573756,0.0230507391304486,-0.0337556561085973,0.813669025911378,0.243542195751081
Q9UK55,SERPINA10,52,26,-0.00045937333244467,0.0931935207603444,0.996067050559513,0.99794876737765,0.797610213179641,0.00633483426428666,0.00627332416510854,6.69099636754245,0.00969010327645959,0.829323464762409,-0.257577051139759,0.0654801834201322,0.771890571411653
Q9BXJ4,C1QTNF3,52,26,0.485934562455842,0.206252049220224,0.0184717761951086,0.104563118531684,0.797952351617512,0.380336614273024,0.0402674080083931,1.51662457773202,0.218131010733921,0.830289263497898,0.0396994792111329,0.779388084547904,0.82689062731936
P02656,APOC3,52,26,0.301531067880537,0.137296511478159,0.0280773867978006,0.134302051401244,0.799351473441276,0.700079534988311,0.841333762008438,0.142175255656731,0.706128019038488,0.524294443405955,-0.0714590625800393,0.613710626897365,0.792512342902522
Q99442,SEC62,50,26,0.0347333160784638,0.0875447416436565,0.691552331961951,0.817481524775221,0.79936642496786,0.474055207597302,0.43439685742393,2.70025503621034,0.1003321957417,0.0108004851042424,-0.120864345738295,0.401947990122342,0.27019791160299
P14618,PKM,52,26,-0.082917400235025,0.0682191087169934,0.224191800316547,0.418899443916715,0.799503412891258,0.759577753456392,0.305689513703797,0.221392144014704,0.637981215688408,0.840963844749602,0.0631776658413728,0.655484277678397,0.879492056929779
Q8N9U0,TC2N,52,26,-0.263667986828432,0.118192457439679,0.0256919955592298,0.12641443674844,0.800059317738939,0.290531283510419,0.0931388073350789,1.64129063192017,0.20014848024661,0.335600487338235,-0.099889012208657,0.479953409586003,0.728831859054916
Q9NVA2,SEPTIN11,52,26,0.0453375600440293,0.099112365460977,0.647357722370125,0.778340607830228,0.800199099505741,0.800199099505741,,0.963256052679302,0.32636787880639,0.32636787880639,0.00474459978316727,0.973369757961442,0.0761610326323494
P21810,BGN,50,26,0.302017139294347,0.186815104425306,0.105950961391689,0.271960609618765,0.801255650975854,0.788170202060837,0.0728863624571247,0.626043780098105,0.428810205752899,0.508736361386607,0.0614165666266507,0.670931095949187,0.457681820182839
A0A087WSY6,IGKV3D-15,52,26,0.0923978823947319,0.172980203397824,0.593235732324738,0.741744126731874,0.801524163820944,0.339508329471718,0.327540975611216,0.119812214994213,0.729238246793709,0.0434602865931522,-0.00204900537863912,0.988696332325366,0.154718342066891
Q6P2E9,EDC4,41,25,0.113724491983116,0.0650069175952277,0.0802182065406712,0.235612066315097,0.801961131921004,0.801961131921004,,0.534439230392167,0.464746470924805,0.464746470924805,0.052203903539584,0.745823067480934,0.2400960906457
P31323,PRKAR2B,52,26,-0.127974726803997,0.11258012969609,0.255645543133146,0.447571872616141,0.802049268457391,0.921568873806394,0.771837824772916,0.895542676403855,0.343979701768185,0.466480125238225,-0.102791769828396,0.467229641192781,0.647216728927868
O76074,PDE5A,52,26,-0.0719930242018388,0.0884540969230206,0.415700720439297,0.59753738406127,0.804023439404844,0.296111736403153,0.142941782442526,1.58267319870225,0.20837606064021,0.671774145463517,-0.0682148040638607,0.629939487640213,0.334608322301279
Q9Y4L1,HYOU1,52,26,0.142231650620992,0.0734463672642896,0.0528018940197008,0.184625285158404,0.804092355333093,0.876312004854898,0.57952822983613,0.00044443225307747,0.983180593081752,0.871135884834427,0.0799112097669256,0.572304683869797,0.534249480492203
Q02952,AKAP12,52,26,0.561485885337332,0.162256329403539,0.000539199678001708,0.01633457848064,0.805889672223657,0.76353183785181,0.380631235130413,2.00523795380289,0.156756694585034,0.0109784120186019,0.195936139332366,0.16349440210854,0.0588152047529651
Q9UEY8,ADD3,49,26,0.0692858363859481,0.0632560554559997,0.273374988752003,0.467217209758678,0.806622608796289,0.515732827176812,0.884822156276741,0.573448506394831,0.448891816690918,0.236362806724418,-0.0942857142857143,0.51816319905295,0.0627083746881164
Q14392,LRRC32,45,25,-0.293776143953075,0.0722487994059745,4.77913889168989e-05,0.0055883506230472,0.807303719017028,0.665223185187254,0.232013577825675,0.337938613302054,0.56102151694369,0.692085429974735,-0.132674571805007,0.383715453974592,0.511595759479483
P01130,LDLR,51,26,0.410555112544033,0.142025025890987,0.00384355840552885,0.0475063818923366,0.808126824795695,0.346072066220649,0.757774158311798,0.207836504700528,0.648468439934992,0.1750435399489,-0.076289592760181,0.593653448575972,0.26205632857996
Q02153,GUCY1B1,50,26,-0.129041180270875,0.0547454195425751,0.0184176050123732,0.104563118531684,0.808717405959624,0.810049489727272,0.805838593265731,1.83261287302115,0.175819237471351,0.125847204707617,-0.00235294117647059,0.987277165996947,0.920094663370856
O00139,KIF2A,51,26,-0.117180683240649,0.0964599884242971,0.22443807275799,0.418899443916715,0.808972669388974,0.154355358863508,0.0427074651930916,2.33615302733479,0.126401366152594,0.0231467083862103,-0.189049773755656,0.183459321520105,0.590273638669534
Q9NRW1,RAB6B,51,26,-2.66125828702346e-05,0.124876962709137,0.999829962481679,0.999969600101054,0.809084448626182,0.764135586245607,0.30407806684123,5.08622300834793,0.0241166613547238,0.0418566341299478,-0.271855203619909,0.0539321185831076,0.770993449076356
Q6E0U4,DMKN,52,26,0.417173276203478,0.13999218825465,0.00288271539346072,0.0408605071825396,0.80925912478398,0.48256848196573,0.874540375607523,0.754715285672619,0.384987437417668,0.292006089208551,0.119696064202169,0.396883664766254,0.381483800861533
P36542,ATP5F1C,52,26,-0.0805537662418184,0.157200384514999,0.608351999114687,0.752525090978535,0.812032935989582,0.812032935989582,,1.05249257453757,0.30493372221653,0.30493372221653,-0.261125518975406,0.0615095813789749,0.262631892914327
Q15208,STK38,45,26,-0.155871056703506,0.0893044881071322,0.0809172073472167,0.236774782862594,0.812519525325813,0.826652814811105,0.940065886649773,0.348877582906893,0.554749191833334,0.566365645066492,0.110803689064559,0.467423695675301,0.732974523123682
P43686,PSMC4,51,26,-0.0917417341713843,0.0638663540814721,0.150870283127198,0.329364131880753,0.813350365284292,0.743855218806914,0.584723215376663,2.81969225565799,0.0931142545229171,0.432993405102869,-0.189592760180995,0.18218637626003,0.25422279052667
P02741,CRP,51,26,0.463964366654947,0.215854367233371,0.0316001408452258,0.144684674038516,0.813770190966125,0.75545857205858,0.778295823939276,0.418515390755328,0.517678766469889,0.5742382226462,-0.0313122171945701,0.826957772068301,0.57613428956778
Q9Y6D6,ARFGEF1,50,26,0.128169337228422,0.0712661527909315,0.0721041151181683,0.223696501722028,0.814162279220921,0.450580133943663,0.383305959342013,0.87751141356216,0.348884190232033,0.643976600849272,0.0264585834333734,0.855000034411861,0.242150189782685
P13804,ETFA,51,26,-0.116330895517991,0.0673111911184136,0.0839425358648314,0.239403215582256,0.814320098659266,0.456968051595995,0.892676150039969,0.833286497632737,0.361323922282502,0.765669090535939,0.0597285067873303,0.67632684870732,0.542309834238777
Q13094,LCP2,52,26,-0.10388858341776,0.0762356445905666,0.17296768776529,0.355365794677358,0.815425413593191,0.885049001437419,0.693178674398159,1.68141008538996,0.194737190670587,0.406088358868302,-0.136685733800051,0.332898016516003,0.329560281495918
P07384,CAPN1,52,26,-0.0595368922885275,0.0627955517678316,0.343075065379181,0.530581557568403,0.817285916085143,0.197723566184309,0.012009142848919,2.73588722471804,0.0981169964183424,0.527388289693342,-0.190130624092888,0.176524679283026,0.75650449372665
P01137,TGFB1,52,26,-0.220048741137333,0.0612022499005792,0.000323849378364305,0.0131670339361277,0.817542746942735,0.844408799921066,0.599275386836575,1.61266457298597,0.204117649404233,0.052218780393022,-0.0793989584222659,0.574776815773833,0.480645945665911
P48426,PIP4K2A,52,26,-0.284177218651792,0.0945205914544362,0.00264264301755269,0.0408605071825396,0.818044817841969,0.802314909792142,0.17550497898904,0.00448873562590659,0.946583273874961,0.952415572316457,0.113463672842141,0.422060587724401,0.0221683502015704
P16112,ACAN,51,26,0.288811191351561,0.133731483480722,0.0308009372786938,0.14247738950773,0.818989557615575,0.26285540750062,0.491641945374721,1.94361954424389,0.163276068005576,0.744458972771733,-0.118099547511312,0.408013678611885,0.884920872248801
Q92616,GCN1,46,25,-0.0300237904186671,0.0929243511783743,0.746620059935219,0.848806469904277,0.819876232841359,0.708030536347838,0.526319608627027,0.838374951407371,0.359861949463246,0.230147418350642,0.126117792167746,0.402388122401168,0.390458858380271
Q16799,RTN1,52,26,-0.186188369834936,0.128174295577391,0.146329670108144,0.324515200959946,0.820302474190525,0.469884702158259,0.070880120400068,1.62888893232513,0.201856793709597,0.648920318955054,-0.109024161188423,0.440539420987072,0.79788964780854
Q9UPT5,EXOC7,43,25,0.00899778003439769,0.082837285592805,0.913503953656223,0.947833559402364,0.820771614778662,0.705375752579749,0.143405214428281,0.0145178983057337,0.904094809453377,0.882672585810713,0.128209000302024,0.411291631307149,0.592853194290675
P24844,MYL9,51,26,-0.120337185361112,0.0753624735230441,0.110315066622221,0.279404553985789,0.822172057662647,0.0429275131744634,0.207737651982817,0.217678543206463,0.640814473398994,0.0883150988714519,0.0757466063348416,0.596291327088533,0.901142464927747
Q99418,CYTH2,45,25,-0.134480387238449,0.0816807701167469,0.0996784927535849,0.265522881559118,0.822741839146583,0.797992862180307,0.565247667705632,0.680230411560567,0.409507394030016,0.423420155290543,0.118181818181818,0.438138801018131,0.760484945581918
P14625,HSP90B1,52,26,0.102957987659957,0.0527046274373938,0.0507615049060093,0.181302406376043,0.824339389322789,0.334585009106351,0.522494817879419,0.584851783282684,0.444416835890288,0.804041199482385,0.131050969008794,0.353356818089582,0.883687012913539
P00505,GOT2,44,25,-0.134652885344601,0.143440828947196,0.347866966386223,0.533188951455075,0.825273040865697,0.650321817867412,0.882947137471254,0.192614993991358,0.660749034390809,0.292569574395914,0.0958421423537703,0.53477521373002,0.551159007967789
P28070,PSMB4,52,26,0.154063417462991,0.139095055859403,0.268029218501213,0.460728737837485,0.825589117209497,0.961481383257574,0.991839982108823,0.276085773962003,0.599278291888112,0.398618531285726,0.168189191496628,0.23258710512226,0.305641369177933
O00410,IPO5,52,26,0.0288044505951666,0.094663349057952,0.760912273377906,0.858109096619609,0.825865171299131,0.825865171299131,,0.611251303296367,0.434317060992809,0.434317060992809,0.0704788731426848,0.619545947079189,0.615491477644276
P27338,MAOB,51,26,-0.121659086956996,0.11236993133379,0.278956768260995,0.47154070783724,0.82656171235968,0.893244945366769,0.69807072460279,0.210853065724559,0.6460995999911,0.0160004287774121,0.156018099547511,0.273381302464412,0.0695372917179489
Q14643,ITPR1,52,26,-0.130700789690811,0.101662571179776,0.198571059709117,0.386900253736676,0.828179733066986,0.839834885994065,0.900577682300581,0.889052329684923,0.345734246801484,0.165511562472761,-0.0422607359344318,0.76553547325917,0.573436365645135
P11717,IGF2R,50,26,0.464720917003399,0.113768904254296,4.4118643311044e-05,0.0055883506230472,0.830738700223002,0.786839353086565,0.392244146856572,0.0599658635127969,0.806549902741994,0.720594334177801,0.10703481392557,0.458229291282773,0.528190083687345
O43149,ZZEF1,49,26,-0.0760785877866976,0.0696524402094053,0.274718751825371,0.467445453271144,0.832091451489443,0.0706036860475933,0.0888123912999146,1.35013716589252,0.245254138715086,0.32243386313317,-0.247244897959184,0.0868600303503502,0.985721198763297
Q9Y6C2,EMILIN1,52,26,-0.168450533552996,0.11445425931954,0.141082552950157,0.319137219217554,0.83283575627198,0.859680619722777,0.981119114534077,0.153931742253563,0.69480600799597,0.795328742967894,0.0192948006488517,0.891855115920144,0.801263873907631
P11362,FGFR1,52,26,0.247190475787484,0.0935447817673209,0.0082300648114349,0.0688707459128668,0.836244382335576,0.881989645827099,0.462433383573769,0.0575973855997509,0.810334479092479,0.786607198955301,0.079142832749936,0.576014730439635,0.927667650562114
Q14012,CAMK1,52,26,-0.134102075720186,0.0726190066103504,0.0647975088451809,0.205992080588075,0.837169143054052,0.596602751736023,0.47103472959149,4.1266520116661,0.0422127866030273,0.060436450113847,-0.165030308204559,0.241575054394641,0.348015857307224
O15439,ABCC4,50,26,-0.161810832488622,0.106929997874529,0.130218511251853,0.305292260825664,0.838228612180344,0.838228612180344,,1.70849957271834,0.191180159042289,0.191180159042289,-0.235798808795441,0.0992470753116614,0.274172612678772
P01042,KNG1,52,26,0.0467316653740966,0.062166814888083,0.452223066587353,0.629445619709424,0.83913097879351,0.906350723654154,0.169363733200356,0.132605477490432,0.715745740134833,0.293524449729602,0.165798685221549,0.239367125494721,0.80546940893158
P61158,ACTR3,52,26,-0.0505145167208757,0.131177697409686,0.700174705761102,0.823891790099697,0.83975130475787,0.83975130475787,,0.628495388365706,0.427907752966925,0.427907752966925,0.144235833408285,0.307651488611116,0.349179544054188
P18428,LBP,52,26,0.163432437713477,0.134741428171642,0.225155116832888,0.418899443916715,0.840273731522732,0.711408885954987,0.904007852165857,0.791877169727792,0.373533113527912,0.885627067590567,-0.0740203193033382,0.601027275220398,0.946257448580982
Q99704,DOK1,51,26,-0.00955207295153066,0.104460701091698,0.927141561317957,0.954319595094099,0.841987760976529,0.862615388760882,0.243460246194169,0.368361513570343,0.543898740960368,0.532971771919618,-0.0354751131221719,0.804348766706252,0.366211357795193
P55809,OXCT1,44,25,-0.318739162179067,0.112363663084518,0.00455860290267169,0.0517870697399101,0.842149365329873,0.400365091645457,0.746167341970342,1.34672394310548,0.245851658999444,0.619106228132758,0.000422832980972516,0.998180918564069,0.9974708685564
O75791,GRAP2,51,26,-0.251841011578899,0.0709139719278958,0.000383246473351178,0.0148028950331893,0.843652183323659,0.0891819862961327,0.00320294153305374,0.52760928034895,0.467613705418407,0.97160762118915,0.0310407239819005,0.828437365536388,0.418555562746325
P49641,MAN2A2,51,26,0.23963937613398,0.0946104715632514,0.0113121471092872,0.0798048734422319,0.84382536207665,0.383983091399275,0.738217055182371,0.633761747386261,0.425978828375093,0.717644556201988,0.229049773755656,0.105889206277326,0.0475131599176242
O15116,LSM1,48,26,-0.298194251893799,0.211793974746416,0.159147378892904,0.336825616971968,0.843902306182613,0.633499465062463,0.449370296045939,0.455920362625072,0.499536794741983,0.371726127885191,-0.149804602692141,0.308465760174737,0.544887257793222
Q3LXA3,TKFC,48,26,0.0179095584888727,0.0968393560998171,0.853275384117701,0.919148571191962,0.845111149461974,0.884092447940422,0.166778120886107,0.0367720748864197,0.847929842681752,0.77472293380485,0.0386452453321754,0.793766191474861,0.484715318851338
Q969X5,ERGIC1,45,26,-0.226119397973489,0.153976594710102,0.141960050154182,0.319255134626218,0.846211193830685,0.846211193830685,,2.14709453035934,0.142839976119748,0.142839976119748,0.00860236081175457,0.955275279761578,0.0819779645874561
Q9UPN3,MACF1,51,26,-0.0893259821899091,0.0652154904707654,0.170779012950044,0.352745421133446,0.847376869065406,0.230295633697346,0.794136655327516,0.489257697404333,0.484258615584081,0.433363509121492,-0.149592760180995,0.293812676388143,0.415917110815476
Q969V3,NCLN,50,26,-0.0974873972503347,0.0803323375073589,0.2249191865148,0.418899443916715,0.850072826582835,0.238784966796337,0.0283134679905869,1.96335474143238,0.161154988903687,0.823629325695583,0.0648739495798319,0.653544587491382,0.910154103602265
Q9NQW7,XPNPEP1,48,26,-0.221661123881944,0.108881348469773,0.0417700045100911,0.164117665441389,0.85346688848678,0.85346688848678,,1.3795087645452,0.240184840312694,0.240184840312694,-0.204831211881423,0.162545097559934,0.118617970508053
P34096,RNASE4,51,26,0.129916250112986,0.112485964573793,0.248108771346359,0.444180824716251,0.854735700271788,0.685259946788291,0.541488650296949,4.87264513019797,0.027285646210642,0.116419713246918,0.171945701357466,0.22690622624028,0.292683032602409
A0A0A0MT36,IGKV6D-21,43,23,0.636071981638171,0.230404970991837,0.00576830126111049,0.0570989993283153,0.855053639241653,0.116460655921555,0.222944575951042,1.0529393244513,0.304831103971571,0.279943917016964,0.103594080338266,0.507282918815265,0.612468035954577
P49908,SELENOP,52,26,0.031174930896142,0.123469187963854,0.800661118098813,0.881697382368258,0.855181117468233,0.841657483179363,0.767244818967202,4.93206592755767,0.0263627823374849,0.00822587123621824,-0.270127209083924,0.053077491043029,0.973396867865238
Q6ZU35,CRACD,52,26,-0.105493138951078,0.110764922922249,0.340891292693673,0.528515320427746,0.857065622937167,0.857065622937167,,0.145085300566839,0.703276974636582,0.703276974636582,-0.129355043179261,0.36073514180091,0.123645314889681
A0A075B6J9,IGLV2-18,51,26,0.434080257927756,0.15867090270568,0.0062242657453072,0.0593610529413557,0.859177129747637,0.442326761154599,0.735727758928354,3.60565425410118,0.0575834068277822,0.442892485670562,-0.221990950226244,0.117318083391266,0.199750796439746
A0A0C4DH24,IGKV6-21,52,26,0.509726400227761,0.259726827760491,0.049698702823149,0.179403027714405,0.859444175543191,0.6815937753172,0.830186372015799,0.845324890043945,0.357878276960559,0.333422837290865,-0.145820882779817,0.301353911001802,0.407655530431145
Q7L1W4,LRRC8D,48,26,-0.136951299034165,0.113605010646186,0.228008780248521,0.42289743755578,0.859621403540972,0.859621403540972,,0.0995684403765263,0.752348138320303,0.752348138320303,0.179768819113063,0.221467782945497,0.138017420708405
A0A0A0MS15,IGHV3-49,52,26,0.35874718202295,0.225303096881406,0.111320242760413,0.280570595538071,0.860182118610375,0.983990562350062,0.889260321389661,11.5770374048456,0.000667712365377883,0.000244209892052321,-0.402714932126697,0.00329567426232114,0.882043300754302
P02730,SLC4A1,52,26,0.263559210134091,0.206117053203389,0.201007275927044,0.390146031793069,0.860310142055521,0.925545450046312,0.431829835239347,0.641533531332264,0.423156028254208,0.468998378813604,-0.0455903696747204,0.747636692047745,0.307515817687646
P61204;P84077,ARF1;ARF3,52,26,-0.0704933799199522,0.210605853011211,0.737838502456864,0.843166040159656,0.86288598832965,0.863068565040765,0.402899469146366,0.037277644678816,0.846900862003763,0.852409610309474,0.0681294288397507,0.630368975197001,0.477491454051992
Q13976,PRKG1,49,26,0.0294358276236444,0.0617896961124795,0.633798467819357,0.768617451162407,0.864654952684871,0.850248293005145,0.877934491799238,2.41416988944006,0.120241694181328,0.919636293341005,-0.236020408163265,0.102531691777667,0.654048597012857
Q8WVM8,SCFD1,47,26,-0.103885336139375,0.0674406322874197,0.123463653828928,0.295280720070734,0.865138277058087,0.506957783884621,0.520938499748542,2.00774269472684,0.156498021893256,0.335888974844805,-0.184551341350601,0.213595679886964,0.887382459771298
O14773,TPP1,48,26,0.0221258030408322,0.115000293486206,0.847430618453027,0.916221347452713,0.86598376065464,0.7106512005245,0.657683445648391,0.0140407214556972,0.90567660523307,0.613687416901497,0.0969387755102041,0.510997106219393,0.715292769358616
P27348,YWHAQ,52,26,-0.108436206424605,0.184081645794467,0.555817118071344,0.710875370380982,0.86667876523933,0.86667876523933,,0.815774842004613,0.366418406029373,0.366418406029373,0.104683124306791,0.460172299516855,0.144077177859492
P35858,IGFALS,52,26,0.102127677237918,0.141749333522746,0.471228999567286,0.647730252963929,0.86749218326491,0.820401927435032,0.712614880148393,1.20329689598575,0.272663729362686,0.237140154226526,0.150858021002305,0.284821503426728,0.183753018243758
Q9Y224,RTRAF,46,26,-0.142982379967719,0.0616143463882544,0.0203083302038409,0.110870565953831,0.86783853600996,0.294820508237926,0.143247991872737,0.227812930253257,0.633150270981788,0.000961261034955992,0.023250077089115,0.877930618282252,0.668696647774832
Q8NI99,ANGPTL6,52,26,0.370634203078389,0.111577554398083,0.0008945060512428,0.0206270425249273,0.869481882050394,0.734347147820891,0.415686062299294,0.0024425096446459,0.960583193156135,0.490360351621858,0.0799112097669256,0.572304683869797,0.308964556391815
Q06828,FMOD,51,26,0.367314062278439,0.142914223009341,0.0101648181003148,0.0746052792400597,0.869685169565875,0.994074929845037,0.750497827436885,0.00240976795071001,0.960848060877457,0.803541333243567,0.0379185520361991,0.791151095405647,0.253822297273266
O14974,PPP1R12A,51,26,-0.0640684672457145,0.0630260248861281,0.309372370712462,0.502331864458969,0.869925555039739,0.869925555039739,,0.0317511147770186,0.858574999825848,0.858574999825848,-0.125964909435588,0.378434955795926,0.180612416251382
Q9Y4D1,DAAM1,50,26,-0.0928923958517339,0.0798021738076868,0.244410475779595,0.439597421512775,0.869960202925036,0.162389040680784,0.101259520448578,2.30245366106112,0.129169806268079,0.0551704967955931,-0.308139255702281,0.0298986710339828,0.975437678128022
P98171,ARHGAP4,51,26,0.0164977124312818,0.0653069556678373,0.800563420221617,0.881697382368258,0.870296245407299,0.211790464208646,0.287729082952249,1.97376176308703,0.160049137527715,0.131034550391709,-0.220180995475113,0.120395555328634,0.655927939124715
P51452,DUSP3,47,25,0.179039310751549,0.0928549226766565,0.0538350095004668,0.185320413862917,0.87182930677556,0.737943062357953,0.0158915414783291,0.30725427500878,0.579369979657011,0.477367763036533,-0.0809435707678076,0.587513697072216,0.782804411931023
P62937,PPIA,51,26,-0.073047723326101,0.12302280642783,0.552663392792563,0.709190151050258,0.873904794916498,0.813013597950964,0.655698849396635,0.540652167426308,0.46216257275473,0.661958783131904,-0.127963800904977,0.369750813408673,0.390483924499706
P22694,PRKACB,50,26,-0.0958775297267262,0.0668962114799094,0.151792663238211,0.330775267564225,0.875056957800331,0.704689857171476,0.494545291535404,1.69531081574751,0.192902363697857,0.868599206691954,-0.05046818727491,0.727095175301388,0.344479735038281
P36776,LONP1,43,25,-0.0916129106393401,0.146034037357424,0.530436758259649,0.689684845748348,0.875521152612926,0.875521152612926,,0.152737018193207,0.695933368152339,0.695933368152339,0.0638111784120162,0.68435873431344,0.947068265661856
Q9UNH7,SNX6,50,26,0.0202517768264866,0.112166572174686,0.856720089583634,0.919285711063804,0.875811796143061,0.849278645957412,0.658022030618362,0.534598220241622,0.46468006165008,0.555454955961928,-0.0452821128451381,0.754229867513733,0.974008022058792
P0C7P3,SLFN14,50,26,-0.0517403385636365,0.077040922330668,0.501841228881327,0.670713407112154,0.876076762390931,0.954455335119515,0.381826314602896,0.918356563676653,0.337906855281249,0.0873768434061584,0.114429771908764,0.42761379790636,0.379181469632878
O00151,PDLIM1,52,26,-0.123645808693809,0.109039999270971,0.25681590083846,0.44783359683456,0.87796763538388,0.464428080724814,0.75764992903339,0.00994273375347574,0.92057197491009,0.483447655569097,-0.0192094254247417,0.892331831448097,0.32608574076361
P36507,MAP2K2,44,25,0.0295145812814679,0.0808005867205673,0.714904780520155,0.828603065194028,0.878069826977277,0.878069826977277,,0.37247583539904,0.541657809053118,0.541657809053118,-0.219718128977469,0.151838613199709,0.41041833197919
Q9H939,PSTPIP2,50,26,-0.0429018476900435,0.116138143956183,0.71182692007659,0.827694025035125,0.878232399183029,0.215120422001931,0.651753039727372,1.62830713036558,0.201937356171392,0.135783208909432,0.181176470588235,0.207335429349724,0.762981455787346
P04844,RPN2,52,26,-0.294109550444639,0.115287995098341,0.0107387929956178,0.0764582266277857,0.879485618499054,0.720331380198883,0.270955698171494,0.685028286517299,0.407860610508258,0.369279272325003,0.0196363015452916,0.889948637510521,0.476491459745816
Q14315,FLNC,43,26,-0.235437940768346,0.251750062240948,0.349682613525714,0.535440671850572,0.879584502212171,0.879584502212171,,2.5114396141847,0.113022641003977,0.113022641003977,-0.0383348143167468,0.807184006501443,0.586817980332969
O14639,ABLIM1,47,26,0.169394252089333,0.115548929629855,0.142649415612576,0.320233458080373,0.88190645196454,0.801253165825359,0.608076580258424,1.59365692122744e-05,0.996814802805252,0.0153224009853393,-0.124537465309898,0.403041369242129,0.280290111025479
Q14BN4,SLMAP,50,26,0.102964781462402,0.104031527051166,0.322298314585402,0.51343474645371,0.882508022300988,0.955853689593468,0.690086588465197,2.42856477855449,0.119141936496287,0.208194177136598,-0.203841536614646,0.155286505261554,0.140102170824542
P60985,KRTDAP,52,26,0.343986283363569,0.219117700043459,0.11644537988858,0.287393150044498,0.883387849764312,0.883387849764312,,0.270291361827631,0.603136391289195,0.603136391289195,-0.0398115054533036,0.779310884333694,0.566327097369833
Q07507,DPT,48,26,0.920456628801519,0.227047468642543,5.03433444702731e-05,0.0055883506230472,0.884642447105378,0.883582329971477,0.1269707653564,0.00778569200896623,0.929688653245163,0.561265474292084,-0.168693009118541,0.250876424999646,0.547124666321945
Q0ZGT2,NEXN,52,26,-0.183712643448183,0.10348318831395,0.0758500570764686,0.230315825572477,0.885103371177522,0.133219375717809,0.0080078046042015,1.56655467359476,0.210708064897886,0.624032650407959,-0.191069751558098,0.1743670965701,0.7713764673889
P16157,ANK1,52,26,-0.100182946224963,0.0784059762840347,0.201338893700503,0.390299361063084,0.885896579946459,0.665771679060699,0.986756273437242,0.432123271880722,0.510948926096796,0.096474864118727,-0.102706394604286,0.46760124092282,0.151888715196738
Q96DZ9,CMTM5,42,24,-0.215876981974243,0.176337002266835,0.220865616854062,0.417137854316087,0.886026276161794,0.318126333021178,0.920478346495933,0.257330128974444,0.611960353763056,0.324921893027927,0.0634470464305972,0.688873526435882,0.979680204028772
Q9NY97,B3GNT2,52,26,0.454802583994107,0.151971850640209,0.00276542722072634,0.0408605071825396,0.886662765001143,0.898591867726972,0.523598410593751,0.0221661324878323,0.88164599601737,0.848674771393622,-0.00461026210193802,0.974269637961059,0.809331154362122
P07948,LYN,52,26,-0.0660384545227229,0.0928998552181945,0.477173240544356,0.653575050213679,0.887000011517229,0.797269673889652,0.697373338680626,1.17891970704784,0.277576031483425,0.0957476756920419,-0.0908392384530009,0.520778947386277,0.921455560068587
Q15363,TMED2,48,26,-0.0624733740378269,0.128306348711737,0.626323604483027,0.763748988892089,0.887017452559162,0.987464607114457,0.282944689381072,0.707135421216292,0.400396425979812,0.0832990046103017,-0.0360399478940512,0.807412423445437,0.349320081371343
P42229,STAT5A,50,26,-0.0486214043223788,0.0540208919275352,0.368094622494532,0.553271112250347,0.887428775433796,0.137164060384635,0.11562909750748,0.0353734451209652,0.850815275391584,0.69347645029355,0.152845138055222,0.288339335977525,0.352011331853091
P07357,C8A,52,26,0.375726852635674,0.190153134029074,0.0481641531377666,0.177175277613927,0.888207763970696,0.335014792945097,0.182669240184161,0.805691055379229,0.36939726589301,0.249887550221139,0.0950226244343891,0.501692139399848,0.985548146775461
Q14517,FAT1,51,26,0.43691779473881,0.130783197554241,0.00083543614287859,0.0201679506366785,0.888341077458667,0.275257807068227,0.967686717354366,0.512212387671164,0.47418269560927,0.715341933881344,0.129864253393665,0.362637802636112,0.938785536391428
P07333,CSF1R,51,26,0.407374617437827,0.172267811649161,0.0180410268673523,0.104394706030185,0.889512662038969,0.743301236230068,0.549380151737046,0.162920949171257,0.686481384787302,0.508567958223279,-0.120995475113122,0.39654856388511,0.519624254953133
Q96KP1,EXOC2,49,26,-0.16121655285542,0.110014783374798,0.142809613344581,0.320233458080373,0.889564490501997,0.889564490501997,,0.480193093034253,0.488334866435187,0.488334866435187,0.20438313522887,0.158933266474039,0.571129175911713
P29692,EEF1D,52,26,0.0219017487193754,0.101761645838873,0.829591145863718,0.903671944488384,0.89093703812374,0.398344581944912,0.591155608442707,0.0904244079886509,0.763638300572109,0.918150970180527,0.0260394433535388,0.854328920571752,0.996423909667304
P13489,RNH1,48,26,0.467768412853745,0.17766267384759,0.00846587658636075,0.0688707459128668,0.892305332771265,0.892305332771265,,0.943748734883555,0.331315624053812,0.331315624053812,-0.1618148531654,0.271857274947994,0.351228672145211
O95573,ACSL3,49,26,-0.0360651141524264,0.0800271328571044,0.65223383690892,0.781163781414172,0.895082761447272,0.895082761447272,,0.0646107805383443,0.79935147390539,0.79935147390539,-0.234491624672027,0.104852894772078,0.893633487060062
Q3YEC7,RABL6,42,26,-0.275255099442055,0.144418180727318,0.0566555539150991,0.189451950024051,0.895286926047626,0.207941805417095,0.152428631868749,2.00650459666539,0.156625823614465,0.00623505774842543,-0.201847500202577,0.199217063160575,0.302984740784719
Q96CS3,FAF2,46,26,-0.000951788711359244,0.156887508157536,0.995159507162063,0.99794876737765,0.895644285081293,0.819005967821015,0.649533832863368,2.37493643666942,0.123296616452774,0.12307370402362,-0.308911501695961,0.037162668589239,0.167163679695569
Q6UX71,PLXDC2,52,26,0.263211356515186,0.127771100666228,0.0393963791941216,0.162911677452731,0.896882644432101,0.896882644432101,,0.00328184784485451,0.954316245768926,0.954316245768926,0.0527513230437598,0.71033445437516,0.0720581667819207
P30044,PRDX5,51,26,-0.206613190609157,0.135946640583546,0.128558500638411,0.304169806257802,0.898083981438728,0.79988554276556,0.791066934652807,2.9518620924186,0.08577866967914,0.140234775745925,-0.336651583710407,0.0161173259394366,0.522866968514884
Q92973,TNPO1,50,26,-0.164478185608426,0.111243965857122,0.139264423230347,0.316416961604243,0.898148254157718,0.817504940211433,0.944557962226104,0.111565391588183,0.738368949816076,0.7679894287071,-0.0381752701080432,0.791894756744632,0.78240304165397
Q9UHY1,NRBP1,51,26,0.0807258420623376,0.0888936902500059,0.363816583464948,0.550812055804467,0.899046365148703,0.908261559655755,0.422765253687522,0.229237043506595,0.632090127142819,0.941894777840437,-0.00298642533936652,0.983596882728571,0.0614210997583696
Q05193,DNM1,50,26,-0.0976472881875492,0.0768673104861557,0.203965078972473,0.394400559464919,0.899669731872392,0.933931492341471,0.209452682637038,0.00754389637168121,0.930786287027927,0.101733319599904,0.0246338535414166,0.864920685410844,0.142809869978477
Q02218,OGDH,51,26,-0.192963200624607,0.0823870603018372,0.0191727908944059,0.106938490728726,0.899725899331434,0.899725899331434,,0.356150743434321,0.550651824974945,0.550651824974945,-0.162327328826036,0.255088078855798,0.138052780082906
P00338,LDHA,48,25,0.0371530869046528,0.110622218788817,0.736979792617221,0.843166040159656,0.900186232015291,0.176036508692464,0.075199343556043,0.240357378735733,0.623948116115884,0.191180035699645,-0.0387537993920973,0.793198902396073,0.573611304150238
Q9C0H2,TTYH3,50,26,-0.167272053295501,0.156767883263071,0.285969756668775,0.477006284674888,0.901083672150119,0.927308326083992,0.995078714278366,0.721737303212503,0.395574632843547,0.035666681418387,0.157262905162065,0.274501037918068,0.0342150962336028
P42858,HTT,50,26,-0.0546373995723759,0.0735200642124309,0.457382934640862,0.632072123452712,0.901375964908751,0.901375964908751,,0.365225251228015,0.545618488955506,0.545618488955506,-0.1607586773838,0.264740436200896,0.845330415061619
Q9UBQ0,VPS29,42,25,-0.00367916205849747,0.0890664829736838,0.967050321605905,0.979732948774507,0.90145885096989,0.873329107268437,0.515351901570538,1.73495104899211,0.187779835879716,0.406048428272572,0.231666801717851,0.139615022458191,0.665506194870439
P26641,EEF1G,52,26,-0.0931023207468757,0.073566112354483,0.205670695395637,0.39608240424463,0.901772343871224,0.615254721682096,0.382611257869428,0.698973465657883,0.403128839767215,0.44161130457961,-0.0385042260735934,0.785876443896461,0.141558246625161
Q06830,PRDX1,52,26,0.021213369966521,0.081264323594411,0.794060418272189,0.877750476105821,0.901785488419133,0.511711971510324,0.3531439027818,1.21072628797713,0.271188330109631,0.0095069535328892,-0.0142576624263639,0.920040984111117,0.32046619091723
Q86UP2,KTN1,48,26,-0.057945379011066,0.0568055856744605,0.307697724274433,0.501998927142554,0.904831983776166,0.247995602086644,0.211507774428859,0.00535736978088767,0.941651696614661,0.17063446902125,0.0227963525835866,0.87758480717554,0.457105518527023
Q9H251,CDH23,50,26,0.632883824334031,0.225028186499557,0.00491634240036439,0.0534911902011478,0.904875214653114,0.848835512091945,0.727782881114864,0.0495184315141752,0.823903367208807,0.839634133291069,-0.103385354141657,0.473769345753848,0.697453962656814
Q92530,PSMF1,41,25,0.0227308635916621,0.122173041453871,0.852401897719666,0.919023678978984,0.904906643671982,0.904906643671982,,0.573210254554181,0.448986059308858,0.448986059308858,-0.055147973746521,0.732004909541415,0.906210081903325
Q13098,GPS1,50,26,-0.00982809704634635,0.110650372600369,0.929224022248852,0.955826307839198,0.905154171508435,0.905154171508435,,4.26037769551999,0.0390112468330122,0.0390112468330122,-0.156099005575574,0.279020869978133,0.460374030299408
P13611,VCAN,45,25,0.185773420158008,0.272272259634481,0.495044495939374,0.665081518457681,0.905534889560882,0.905534889560882,,2.20644568190629,0.137434997525382,0.137434997525382,0.268369299319512,0.0746719266351141,0.302940084839671
P51570,GALK1,45,26,0.0114863703153743,0.143765339836016,0.936319447165278,0.962161542334049,0.905560752630447,0.905560752630447,,0.0250214378380829,0.87431365431258,0.87431365431258,-0.0107431714208679,0.944160742646484,0.016909187268644
Q10472,GALNT1,45,25,-0.0784054396269473,0.135876928751616,0.563917323293563,0.716490349085982,0.905968684619935,0.905968684619935,,0.190647157553966,0.662378538901657,0.662378538901657,0.0806003653891513,0.598661454136969,0.944817721774841
Q8N766,EMC1,45,26,0.052677585288804,0.103007189453138,0.609072975393327,0.752814197586152,0.90662942248733,0.90662942248733,,4.57017042762914,0.032533328684787,0.032533328684787,0.17189352740138,0.258865231667762,0.0136059771439679
P54920,NAPA,49,26,-0.186446092295493,0.134500061736946,0.165681060062432,0.345915186211428,0.907763445042302,0.907763445042302,,3.25480797904545,0.0712142777892982,0.0712142777892982,-0.4182684104562,0.00278314653432394,0.225342835251599
Q8NCA5,FAM98A,40,24,-0.123127994519387,0.155375505325534,0.428095801608061,0.608471033564355,0.908957505490026,0.908957505490026,,0.00114124097527705,0.973050783702568,0.973050783702568,0.0400643601325704,0.806105881639089,0.582367488966941
Q5T4S7,UBR4,51,26,-0.138241794532057,0.074574212005325,0.0637752245453976,0.203434047078793,0.909245079417655,0.298078733349397,0.0144492315657135,1.26791212974563,0.260158728636339,0.714678651749732,0.00334841628959276,0.981578368870495,0.710246737201941
Q9Y6K0,CEPT1,44,25,-0.180218668815244,0.12430434096015,0.147109283549984,0.325155712567561,0.90933125015503,0.827519086254261,0.985399910256382,0.0948737409705564,0.758070300003602,0.786191885297426,0.00591966173361522,0.969810238044079,0.480235607396975
Q9Y478,PRKAB1,48,26,-0.127369183870562,0.10199796728671,0.211759316774349,0.404410561701322,0.910775375108704,0.910775375108704,,0.812832912629686,0.367284022535729,0.367284022535729,-0.0146539247230488,0.921253853891641,0.622182866870911
Q6VY07,PACS1,52,26,-0.100014898692379,0.0587372741278441,0.0886148469949064,0.248497558187942,0.910817526758426,0.898392618946967,0.918180728623784,0.915669292860149,0.338614649751803,0.582544044773108,-0.0155382907880133,0.912864372154614,0.698994340398749
Q13200,PSMD2,51,26,-0.143900734802394,0.0776123248459897,0.0637253646713702,0.203434047078793,0.910871040282091,0.20685501618426,0.301640984839703,1.99371386714487,0.157953103025959,0.0689194230473588,-0.19737556561086,0.164638612722132,0.862718464213556
P55084,HADHB,51,26,-0.0177758502086309,0.101264651277937,0.860656481268968,0.919285711063804,0.912520487589603,0.969357300462211,0.797459097569169,0.200451507343031,0.654356648884239,0.262801365519223,0.018552036199095,0.897060096627249,0.618793270069139
O15084,ANKRD28,45,26,-0.188518614889664,0.0901874915063854,0.0365911565226075,0.157228748003735,0.913157648782391,0.925313612804216,0.909364223174101,0.911596466249618,0.339691183817552,0.52013248690902,0.31699604743083,0.0343312397282925,0.119889065535607
Q6UXB8,PI16,52,26,0.113465100050679,0.114307597852032,0.320890516000806,0.512190745086057,0.913597610923614,0.276999157474016,0.269662651689087,2.30678523946676,0.128810210074681,0.310134975819855,-0.129941091095364,0.357476272272329,0.319779440628779
P46939,UTRN,51,26,0.0294060585359865,0.0468094577399942,0.529867932229448,0.689676457703873,0.913762599453881,0.466974662327407,0.117611116149941,0.035902445309696,0.849717094339653,0.367886078381277,0.128778280542986,0.366692070707545,0.354576993038512
Q02487,DSC2,49,26,0.153520183160016,0.204836173753895,0.453569220458113,0.629642132752917,0.913942548715364,0.913942548715364,,0.744007211722535,0.388380241320105,0.388380241320105,-0.0029394489237114,0.984007481453213,0.639670107808903
Q4KMQ2,ANO6,52,26,-0.0355679862787264,0.0841641658532316,0.672585307686987,0.801190671068924,0.914515159249559,0.651882008293762,0.605283896314932,0.953801181639414,0.328753622903281,0.115235570632844,-0.127721335268505,0.365803384184116,0.514722264543203
P48444,ARCN1,51,26,-0.273711516101348,0.0693307353478214,7.88363687027385e-05,0.0055883506230472,0.915374254457309,0.863711926887102,0.996572999562554,0.0426328381603935,0.836418165145432,0.89492470657934,-0.00542986425339367,0.969974538233733,0.804311345036741
Q14247,CTTN,52,26,-0.0993375463846549,0.0732467663700706,0.17503431812868,0.358182809945444,0.915913769782631,0.96650486224017,0.173858458820978,0.427466656273253,0.513234646742676,0.606014860903974,-0.0671903013745411,0.635101372480985,0.598883710667288
P56537,EIF6,50,26,-0.154798097811955,0.0960668901252604,0.107101838631222,0.273508001132624,0.915950041978562,0.73448882184387,0.514326450710888,0.234887329928939,0.627923389932834,0.595990936921014,-0.0579591836734694,0.688491383137041,0.671385831383884
P04920,SLC4A2,46,26,-0.119993250593942,0.0653144676292602,0.0661860002823399,0.209115276965675,0.916034391055854,0.971244198423886,0.911094120215836,0.319644312296516,0.571821478660842,0.938873858450347,-0.115510329941412,0.44336088004886,0.378306377072564
Q7Z2W4,ZC3HAV1,51,26,-0.0464482198991627,0.0713656449475082,0.515144316436159,0.682003400937331,0.916539987125634,0.830016830483966,0.936017049865465,0.914559870700733,0.338907438643188,0.146994135503382,-0.0996380090497737,0.485504797979488,0.275792498863551
P04792,HSPB1,52,26,-0.0456884571288075,0.095361901592156,0.63186323715339,0.76687250699292,0.918119932711002,0.496235227146668,0.781771907958894,0.0376437469084087,0.846160248950395,0.154985167681195,-0.146760010245027,0.298225186547234,0.591562397832819
P37802,TAGLN2,52,26,0.123755904015657,0.099253402736961,0.212445856588,0.405220800528962,0.918198863890723,0.905651027206364,0.144109436859766,1.32973648481393,0.24885210281291,0.288240382577973,0.156578161017673,0.266788160707421,0.725672067799993
Q70J99,UNC13D,52,26,-0.238803533224178,0.0844469967171585,0.00468615961684592,0.0520871698419205,0.920004874094681,0.565493690597103,0.511595333970552,3.35580066685576,0.0669686365903416,0.278340481448822,-0.101767267139076,0.471699385755913,0.291288016210184
Q9Y266,NUDC,45,24,-0.104506212383097,0.0920621503758921,0.256304000440052,0.447571872616141,0.920349835803658,0.911696777568022,0.8437944469631,3.95173322204624,0.0468231176913821,0.0155026116285622,-0.174176548089592,0.251604852857147,0.521433065241598
P09172,DBH,46,24,0.399570811885442,0.20258007066642,0.0485629030065138,0.177702080306447,0.920413188925959,0.958691321594521,0.410075844821447,2.26461596658922,0.132359019114227,0.131747067174302,0.122787542399013,0.415006977322967,0.379242853434758
Q13477,MADCAM1,52,26,0.371861290282946,0.205655717458472,0.0705794472875936,0.219714833508747,0.921615120785021,0.924089676448865,0.814819218146288,3.35229825022724,0.0671112533806813,0.0128437764743416,0.260821309655938,0.0620699548290115,0.0706978715303942
Q15404,RSU1,52,26,0.0331071203359042,0.130049146575927,0.799052208628111,0.881697382368258,0.92282201610037,0.814628827063802,0.579492455689808,0.762791813933516,0.382456241358139,0.0144050367869197,-0.230939981217451,0.099517237220133,0.670271881194571
P09603,CSF1,52,26,0.252764073191767,0.124966620642391,0.043108966284625,0.164859784430063,0.924243044001486,0.865379636354687,0.866396218545295,1.42815206173192,0.232066259862998,0.0727274986684442,0.16212755058482,0.250042333348889,0.240158615415958
P21926,CD9,50,26,0.0524615703802698,0.138195518711749,0.704228653694922,0.824524360742405,0.924959166093215,0.475952391009011,0.483039239181521,2.49295693704153,0.114356691142148,0.114147660036667,0.13296518607443,0.356199415038961,0.541350046114518
P40925,MDH1,40,22,-0.00477350054278989,0.207110491114433,0.981611915532343,0.990588118548315,0.925357994510373,0.694969867662003,0.874916326381483,0.0366443897534304,0.848190877079461,0.823524940463216,-0.0450281425891182,0.782082383403051,0.603535755752443
O43432,EIF4G3,46,25,0.061990429989943,0.128480987979263,0.629459901031585,0.766363709293774,0.927324389733514,0.924755462415086,0.862499649624902,6.76172778676167,0.00931335418524744,0.00935574550780823,-0.272648781991983,0.0670351265171522,0.373023005748895
P05160,F13B,52,26,0.2368005350267,0.12227576291137,0.0527929648010853,0.184625285158404,0.927405823161702,0.0961311646357895,0.108585728377084,0.193610344888936,0.659928593263444,0.605178197497811,-0.0127209083923845,0.928661279504209,0.608495670334493
Q96HC4,PDLIM5,52,26,-0.0717408197002171,0.0801573430517965,0.370787103523011,0.555616961783027,0.927674503164407,0.631869082619638,0.984930593230961,0.000633033835293504,0.979927211684772,0.29598931325464,0.0776060787159566,0.58346792393397,0.350258127272469
Q32P44,EML3,48,26,0.278943941667255,0.108578060881859,0.0101973746468989,0.0746052792400597,0.930663638202282,0.964123203541955,0.310436674874531,0.00356911513226393,0.952361063177647,0.815799160547287,-0.0592705167173252,0.688203698405521,0.534886636910747
Q9BW04,SARG,50,26,-0.131632425638526,0.100645436857658,0.190913098398635,0.377670597984496,0.931073396035326,0.943417428610463,0.5880135938627,0.010062156191527,0.92009798089519,0.884516601093615,-0.00254501800720288,0.986217028872404,0.39599717033137
Q15057,ACAP2,47,26,0.0980436478619199,0.14311074904017,0.493287549873534,0.665034262264058,0.931863759037591,0.809696023449797,0.304071669990607,0.133642057220852,0.714685318889117,0.957500547831833,-0.00242830712303423,0.987331885234747,0.387401626596748
Q14393,GAS6,51,26,0.318462740565323,0.16419720629282,0.0524388109614544,0.184551168417875,0.93230703685533,0.914798085037905,0.565408688953514,0.0210439088841647,0.88465940314,0.946709963946009,-0.0230769230769231,0.872082391081845,0.949490144177706
Q9HBL0,TNS1,51,26,-0.0810797210266073,0.0815902121707433,0.32034789032592,0.512190745086057,0.932320299969491,0.121168162705372,0.0448404773879857,0.656809926561129,0.417688423317473,0.556854592794165,-0.0764705882352941,0.592775316906533,0.797362722466146
Q6ZNJ1,NBEAL2,51,26,-0.225996644215878,0.0868649877236792,0.00927629412565394,0.0709498733868086,0.93318361382811,0.945297890614364,0.449234412078233,0.0436461556839522,0.834513326617722,0.779753540274493,-0.0894117647058823,0.531556555077038,0.747759256091314
P23528,CFL1,52,26,0.0381194648072248,0.0841358602420644,0.650498074919677,0.780294662850079,0.93390246263643,0.884412026284398,0.806671616520028,1.0801498759755,0.298664030140773,0.464553567545704,-0.173653205839665,0.217593119775528,0.657821244665574
Q92619,ARHGAP45,52,26,-0.0973729666710944,0.0734161701828474,0.18473538526465,0.371635638325369,0.935606879473388,0.935606879473388,,0.13222313243209,0.716138064081573,0.716138064081573,-0.0920883685187466,0.516145828631457,0.765140218359125
Q14162,SCARF1,43,25,-0.0715521374045974,0.130522365496401,0.583555757023544,0.733599385355065,0.935645641898262,0.193517084132008,0.166113233469226,1.20926089603852,0.271478548951247,0.418955020439232,0.0472666868015705,0.762806133692596,0.738850615605748
P36957,DLST,49,26,0.016248673651707,0.0835320442061215,0.845768545746369,0.916221347452713,0.93709941575373,0.586583778310589,0.647428964746915,0.00748392306336001,0.931061269068433,0.684589551072185,0.0433673469387755,0.766744018563231,0.68031382944083
Q9NY65,TUBA8,52,26,-0.486483156426967,0.133880593247956,0.000279375622061718,0.0119898704468154,0.937897649105339,0.937897649105339,,2.45496125048642,0.117154059935321,0.117154059935321,-0.227180064163109,0.105307208290369,0.129470566505152
Q13724,MOGS,47,25,-0.121042954114512,0.106572820369041,0.256049921316761,0.447571872616141,0.940540932994381,0.940540932994381,,1.41596335819504,0.234068958836836,0.234068958836836,0.219319499968126,0.13855549284424,0.919574007913942
Q9BXN1,ASPN,52,26,0.493601415477774,0.125099333868477,7.95752192278566e-05,0.0055883506230472,0.940635050868222,0.719167356692119,0.896422695191691,0.0856094349011229,0.769834870090741,0.769678249511977,-0.0572867753777854,0.685864529672688,0.360401792490856
P45974,USP5,52,26,-0.0702356241484317,0.102431496209706,0.492912484023336,0.665034262264058,0.940757498254995,0.0376935781116281,0.00154684036689354,4.98993262658534,0.0254952014231063,0.669411039221535,-0.188081618714249,0.18129948625842,0.725040212086797
P48740,MASP1,52,26,0.0686861674611098,0.0947445666751396,0.468475622061363,0.644518999185045,0.942078272521911,0.942078272521911,,1.18681740402069,0.275972464855081,0.275972464855081,-0.0836343543596486,0.555546375537545,0.47073578072763
Q14677,CLINT1,51,26,-0.0361133992407986,0.0888251055954822,0.684325686864848,0.812045457915661,0.942589822719701,0.942589822719701,,5.43537653543955,0.0197328359483406,0.0197328359483406,0.285502165830408,0.0422721198860482,0.140781333327318
Q96QK1,VPS35,49,26,-0.068211360729474,0.109652195007674,0.533895721845567,0.692614847197092,0.94422392829125,0.94422392829125,,0.711163028612904,0.399057984770038,0.399057984770038,-0.0685677460831737,0.639687920365543,0.946678574190878
Q92835,INPP5D,46,25,-0.0175531249528283,0.141244355753797,0.901097638247255,0.943074669314514,0.944238557631159,0.944238557631159,,0.113884990066813,0.735763752449936,0.735763752449936,-0.0278440523932274,0.854259885897808,0.66109636288612
O60488,ACSL4,47,25,-0.281001673859877,0.137876459697834,0.0415430796252765,0.164117665441389,0.944577479242265,0.848558455869848,0.337098169320215,0.122766503215885,0.726053149732443,0.319961185433597,0.166049953746531,0.263727954790724,0.272194176720558
P0DOY3,IGLC3,52,26,0.231598975394576,0.202853524624389,0.253576473082088,0.447571872616141,0.945296664039827,0.00543109943791347,0.00688593329786434,1.50437545986059,0.219999351416713,0.359752662399836,0.152565525484504,0.279356060238546,0.517637074327805
Q9ULV4,CORO1C,52,26,0.019974709232689,0.0797834788168982,0.802307821538158,0.882253084894273,0.945997062973407,0.934947298111882,0.86473738004414,1.87450036167556,0.170960536301069,0.135580896638356,0.106292154016904,0.452132643956983,0.257631741662819
P58546,MTPN,45,25,-0.262005930482041,0.137668808836576,0.0570195189392775,0.189451950024051,0.946223925914859,0.889275678797427,0.68917348265277,0.337442852988141,0.56130898770454,0.239073126470686,0.0134387351778656,0.930229108757457,0.990965513138174
Q8NBR6,MINDY2,47,26,-0.124644989958823,0.102151135026594,0.222388417612433,0.417992828724098,0.946299021937278,0.975958724956285,0.620891496062481,0.873136422017962,0.350088475395105,0.268944998573512,0.0895004625346901,0.548512088456917,0.200208702486834
O95782,AP2A1,50,26,-0.102584594953382,0.0762268317889291,0.17837326877848,0.36259480839829,0.946374434844126,0.946374434844126,,0.166459305014142,0.683277899064081,0.683277899064081,0.0470104020487704,0.745797712688631,0.226963084565326
A0A0C4DH72,IGKV1-6,40,24,0.28886498115076,0.165195345389277,0.0803555789237213,0.235612066315097,0.94736442800367,0.22776165674393,0.494835057727855,0.0963575329755551,0.756245314386324,0.19475116856688,-0.0823639774859287,0.612235095830392,0.700933250911453
Q9NRR3,CDC42SE2,41,24,-0.189414485432949,0.121723019264858,0.119681785293267,0.292114310075983,0.949417628200619,0.980958699112547,0.7221473607206,1.10672876529067,0.292794149367525,0.0993014552149485,0.130313588850174,0.415395417835445,0.666703593414313
O14828,SCAMP3,49,26,-0.028189318602856,0.104428207763402,0.787206647778244,0.874302185419725,0.949771632858646,0.949771632858646,,0.855745906696,0.354931914124325,0.354931914124325,-0.031954713492738,0.827457045272004,0.589149262306164
Q9BUN1,MENT,52,26,0.458441600125049,0.213668156287959,0.0319066978376234,0.145415481295363,0.95118792776811,0.62793717524231,0.997687615105662,0.540912348200424,0.462054865568769,0.248545362893312,0.00879364808332622,0.950725814789008,0.18307557742861
Q8IZ83,ALDH16A1,51,26,-0.158624272811133,0.0669213161182422,0.017773170533154,0.10323138523956,0.951593791429928,0.912006552293592,0.999004730747594,0.00378243668692282,0.950959805697778,0.384667927751831,0.0742986425339367,0.6033510368699,0.611024206113086
Q14166,TTLL12,51,26,0.0443909620918384,0.0991523740272464,0.654366487744716,0.783110940019818,0.956926463022857,0.755540301607982,0.31330624535617,0.00389087986479919,0.95026267614532,0.103467744561279,0.0228054298642534,0.873577793018793,0.843236781573655
P51571,SSR4,50,26,-0.119591748011388,0.0930398121271565,0.198658647081867,0.386900253736676,0.958007884494948,0.957960811476933,0.771876782278829,3.80539637246056,0.051087682778499,0.050829509986115,-0.13594237695078,0.345455756553944,0.811455477565557
Q96JQ0,DCHS1,38,21,0.540509045405785,0.154215090456726,0.000456772424480311,0.0156825199071574,0.958120290544517,0.994130131377941,0.886918783982002,1.69139056928334,0.193417762940793,0.104873358433225,-0.0222124958967064,0.894681490888719,0.688914378710612
Q13464,ROCK1,51,26,-0.0771216835074488,0.0631404406068663,0.221922923783996,0.417625964977191,0.959907039753411,0.545310405982465,0.799918990110242,0.425661498495117,0.514125500072686,0.334728456488864,-0.0380995475113122,0.790175764071995,0.944507784879977
Q8NF50,DOCK8,45,26,-0.0160460052813146,0.132207908773399,0.903398388728467,0.943074669314514,0.960575575635746,0.960575575635746,,1.6636620039148,0.197109611925742,0.197109611925742,-0.126163782208641,0.408904074340894,0.0841614500595964
P62333,PSMC6,52,26,0.00420699585858587,0.106931350471708,0.968616955879937,0.980677062145808,0.963210987842979,0.888822015566907,0.486908952106873,0.0874967310962823,0.767383996356205,0.0362071327627555,-0.0496030052078887,0.726242577422008,0.151923118233985
P25774,CTSS,50,26,0.280089482509466,0.172852769928042,0.105147803009995,0.270878675465892,0.963742155203889,0.7263587814883,0.477281336043122,1.28531774358678,0.256912627261945,0.288150476532225,0.0378871548619448,0.793432412301164,0.702604688536329
Q14203,DCTN1,52,26,-0.207075167645299,0.0747799264504991,0.00562065960855441,0.0570989993283153,0.964005225797576,0.984645553441707,0.283930067460139,0.826830188641266,0.36319071736534,0.339939539787209,-0.134807478869632,0.339632922787258,0.550057617774725
Q9Y279,VSIG4,42,24,0.584146500935427,0.280772058058376,0.0374796192244981,0.159082449730356,0.964660815183596,0.964660815183596,,0.039585805700918,0.842292610913959,0.842292610913959,0.0174085522044163,0.912866402003334,0.769371595387306
P28065,PSMB9,48,26,0.166446785365368,0.152688209782466,0.275665150458136,0.467560973949144,0.966874599976072,0.966874599976072,,2.04975095304549,0.152231089982691,0.152231089982691,-0.128388472409711,0.384485422360754,0.188768314925762
Q6UVK1,CSPG4,52,26,0.459436129300609,0.134255311499331,0.000621377051319434,0.0171433490051522,0.967972288456393,0.56717826761546,0.70349780503542,0.69715050043746,0.403742827045231,0.185137402158904,0.119696064202169,0.396883664766254,0.0289284424680332
Q9P260,RELCH,49,26,-0.0417009844562033,0.0630300622316243,0.508224604359754,0.676902598048121,0.969236864615003,0.969236864615003,,1.95971670481867,0.161543619615246,0.161543619615246,0.207014677742546,0.153520299287839,0.220848107449346
Q14974,KPNB1,52,26,-0.212297985646854,0.0623531784894028,0.000662207577274475,0.0173614642884635,0.970358724565269,0.0243784877864526,0.0302421299173016,0.072668830690962,0.787489875649821,0.726137397030935,0.0870827285921626,0.538224214982432,0.589301663445853
Q9BSJ2,TUBGCP2,45,26,-0.053573348176211,0.136698960009806,0.695126558459196,0.820451132787974,0.970827506535153,0.970827506535153,,0.318078267435324,0.57276483098555,0.57276483098555,-0.0706740767595402,0.644560007052294,0.99580374995464
P55058,PLTP,52,26,0.33826458172355,0.154927889735154,0.0290087276745593,0.137480013058878,0.971364520317472,0.970191962352277,0.363772826097837,4.85011317306102,0.0276443183955086,0.0348484050709158,0.314436950396995,0.0236026719335922,0.169750340326549
P05023,ATP1A1,51,26,-0.0930450725884321,0.072348768517461,0.19842108388908,0.386900253736676,0.972312928261941,0.972312928261941,,0.0705870202723983,0.790483989311884,0.790483989311884,0.0652236604412306,0.649305402307385,0.418165080924526
Q9Y394,DHRS7,48,26,0.0857311526162153,0.114327693015049,0.45333171112819,0.629642132752917,0.972655409897612,0.796964012203994,0.339876998239872,0.0130822360792718,0.908938467645364,0.514974814880932,-0.227963525835866,0.119028081711613,0.0897838645085355
O43815,STRN,50,26,-0.169295989231856,0.100469434402347,0.0919789851001821,0.253339196069789,0.974406989033523,0.972628192526689,0.279611207083951,0.0578343692010747,0.809952140529082,0.749921538624298,-0.0554621848739496,0.701277243696722,0.298375935362976
Q9Y3P9,RABGAP1,44,25,-0.0752017610845614,0.0845317229701649,0.373665835081306,0.5567152509167,0.975097255768959,0.97826243727621,0.779644418899442,2.67999499565982,0.10161604763765,0.092852130807777,-0.270190274841438,0.0763104664945708,0.965213189716749
Q8NE86,MCU,52,26,-0.295064892325062,0.1014273522651,0.00362441384953678,0.0458027129936234,0.975371624196642,0.964849418309242,0.775712812135778,0.784980262397076,0.375622313055072,0.306596357552515,0.0311619568001366,0.826037195965512,0.341811953316559
Q9BX10,GTPBP2,48,25,-0.0500071948833219,0.0908468200206977,0.582006514242715,0.732303756549518,0.979325716909367,0.988727643987181,0.609522887861363,2.61495209870921,0.105860721626833,0.0822924701326842,0.0610073816760747,0.679547720737037,0.367635353924316
O00533,CHL1,52,26,0.331178952339354,0.15244045638486,0.0298169510569183,0.140021852227777,0.980827860934879,0.980827860934879,,0.623832360767745,0.429626711717029,0.429626711717029,0.0615072662799685,0.664895749740306,0.994542611768962
O60704,TPST2,44,25,-0.234070773556675,0.11538541028651,0.042499110193788,0.164117665441389,0.98140767058014,0.98140767058014,,0.809578167297075,0.368244995046215,0.368244995046215,-0.14744125592677,0.339530792542716,0.354764857651645
O94985,CLSTN1,52,26,0.464758612845765,0.153201038127413,0.00241613081067399,0.0388846052342846,0.98183317725503,0.985741651480393,0.045816219267702,0.031151871013558,0.859901992065976,0.770595422600468,-0.175360710321865,0.213049988841257,0.130035545126332
P80303,NUCB2,52,26,-0.12885077279248,0.117566876524789,0.273088169282543,0.467217209758678,0.982949431188968,0.315541462334063,0.300213082660979,0.0649851652095127,0.798783436170653,0.661782461204568,0.102450268931956,0.468717000071451,0.808290500994396
P23471,PTPRZ1,49,26,0.464776999988896,0.167410605737849,0.00549865670813741,0.0566850647272756,0.983530473101235,0.993465253760841,0.202431412479962,0.204138041372476,0.651401268371684,0.492324987256072,0.0526530612244898,0.718633025179985,0.53216566318088
Q15042,RAB3GAP1,51,26,-0.205911270273638,0.0745869446103725,0.00576797798162404,0.0570989993283153,0.984121198962403,0.97282927897418,0.426195945842215,0.102129352172033,0.749289138707163,0.594732073318842,-0.12579185520362,0.377982878021107,0.139055393290439
Q16531,DDB1,50,26,0.0210022572670433,0.0796017648120549,0.791901975138,0.876684481314744,0.984797206097921,0.984797206097921,,2.27323200280077,0.131625151280111,0.131625151280111,0.0769331230837328,0.595399283253404,0.663065332279332
Q14204,DYNC1H1,50,26,-0.137438443425131,0.0673352078246287,0.0412400755998059,0.164117665441389,0.985171658877687,0.00292489750574335,0.0513216399963729,1.23965943856807,0.265536698408624,0.230863362418243,0.219015606242497,0.12630748695242,0.956371938391265
P31146,CORO1A,52,26,0.133069211453019,0.160192482163617,0.406152592095006,0.588198643974019,0.986451008876871,0.987551384703735,0.790199288567766,0.0415922441452112,0.838399005923299,0.708223378417936,-0.0938273712968497,0.507108317285898,0.716881323814297
Q99983,OMD,52,26,0.447339341530492,0.134305893627293,0.000866123822848521,0.0205696341301766,0.986574097492069,0.643300329180108,0.799419775975807,0.602886378970403,0.437478856102141,0.999621244109247,-0.0422607359344318,0.76553547325917,0.107313262076606
P61604,HSPE1,42,25,0.12514456376116,0.0772281435624469,0.105135039280334,0.270878675465892,0.98730273485816,0.290266242357124,0.391058591543981,0.578577171675081,0.446870565218587,0.915161924604957,0.0337898063366016,0.831422010566936,0.764573749616801
Q16643,DBN1,52,26,-0.262707798106431,0.128172000736281,0.0403985542057686,0.164110608581169,0.987511189447377,0.0554208603270068,0.0412606697947908,0.831604656358255,0.361808935959812,0.0168170606923619,0.234867241526509,0.0937737027935736,0.155925231379061
P61769,B2M,52,26,-0.102082764348304,0.157921739490059,0.518011517834293,0.682873545267904,0.987638098687651,0.00744590475866846,0.052652016401742,1.33842792624077,0.247311396940778,0.639455302751833,-0.180739349440792,0.199177645010901,0.952920145761247
Q02978,SLC25A11,49,26,-0.158740654363575,0.113743498766314,0.162834379853559,0.3422845127534,0.98924683822404,0.988268479542446,0.435154337296196,0.0104172660877016,0.918705074604734,0.831976219823106,-0.0625510204081633,0.668526369944004,0.231271054691129
P50402,EMD,52,26,-0.359141529655189,0.0896670577120983,6.19444810143622e-05,0.0055883506230472,0.989443225457967,0.780244722170414,0.40444221802056,0.856785873362313,0.354639707926089,0.261729622421701,-0.0408093571245624,0.773376594020457,0.470003327867397
P61758,VBP1,46,25,-0.177268592006212,0.147988709067952,0.230974584248503,0.425842163083457,0.992654245193362,0.991479251351262,0.666402255877529,4.18716466848617,0.0407311650146697,0.0406626205183095,-0.296330558125193,0.0459366719751895,0.365556312384442
Q16706,MAN2A1,49,25,0.254250500941789,0.127552725350476,0.0462289036993393,0.171279751116257,0.994447127951546,0.991216197410047,0.211937677238962,0.00669711652282395,0.934777198045741,0.818453990668555,-0.00591836734693878,0.967960256266277,0.715704556530887
O43312,MTSS1,52,26,0.0171955782508955,0.123745116309597,0.889482032987811,0.937952575049008,0.995089387136928,0.51484545832809,0.0992915600307717,0.175856364380479,0.674958668084502,0.403213050608984,-0.0762400751301972,0.590129626298075,0.342351032566147
P41250,GARS1,49,26,-0.0884362587910386,0.0732661010727494,0.227410726039148,0.422295158329909,0.995288065970511,0.995288065970511,,3.02913358447241,0.0817816765524057,0.0817816765524057,0.376833908690945,0.00760960002164064,0.255029576422357
Q15166,PON3,52,26,0.314062280440159,0.153404469201657,0.0406303581898612,0.164110608581169,0.996329413050829,0.996329413050829,,0.525933453201701,0.468321555777036,0.468321555777036,0.046971537853356,0.740897313379442,0.122727334000626
P42768,WAS,51,26,-0.267097907345342,0.101793471015813,0.00869242424142979,0.0688707459128668,0.996802288357829,0.0376867822379855,0.149568844677603,1.22050937575354,0.269260709988235,0.198915813057377,-0.199366515837104,0.16035629441839,0.412339539846387
Q14520,HABP2,52,26,0.099806031821965,0.0703472309253165,0.155968191775184,0.333643410666912,0.997144542723256,0.0232975632659482,0.199887725413306,0.413563214520854,0.520166476505335,0.205742873402043,-0.0963886280201485,0.495539076398815,0.646690967857149
Q86VR2,RETREG3,49,26,-0.200313971439884,0.128521569729172,0.119090617095466,0.291592715392227,0.997433028782412,0.958421896311118,0.790253459175094,3.98316766682435,0.0459570601212178,0.0308075009232463,0.228265306122449,0.114582539844539,0.0371607963685082
Q06124,PTPN11,51,26,0.0270802709472143,0.0712214385587215,0.70377736639411,0.824524360742405,0.997870502876484,0.983266539369975,0.378353220560889,3.83866100614934,0.0500835029147051,0.115200760243888,-0.230678733031674,0.10337849688331,0.430841327471496
P40197,GP5,52,26,-0.280886377542549,0.114006984525396,0.0137486357383779,0.0874141654970941,0.99884702471046,0.84910908993559,0.721715753281631,0.182427452292071,0.669295372710384,0.264902895005597,0.0388457269700333,0.784021121614099,0.984338574679855
Q6EEV6;P55854;P61956,SUMO2;SUMO3;SUMO4,41,25,0.325083527118048,0.137885582505254,0.018391891689809,0.104563118531684,0.999104703313109,0.606650431923938,0.417576372477028,0.616194419285288,0.432464989097046,0.876990916717563,0.0879790940766551,0.583194616798895,0.425036058327877
Q12913,PTPRJ,52,26,-0.0059738382904524,0.0557507384750683,0.914667894222366,0.947833559402364,0.999116924861228,0.839203960956666,0.61253535708161,0.351599470918863,0.553209101926546,0.781583711526318,-0.287031503457697,0.0394687866059521,0.760873365009792
Q05655,PRKCD,46,26,0.00737514356780864,0.0765856442546194,0.923282870797922,0.952964814333771,0.999141115307452,0.679251552952732,0.413261828067909,0.381187487864629,0.536968397180716,0.306377232104331,0.0290471785383904,0.847740550724527,0.128592697066707
