Genes,e0,q0,e1,q1
A1BG,0.250256616361698,0.47171455447738,0.195040367269231,0.621789886069468
A2M,0.238720901633971,0.322644372362381,0.21017980616714,0.434118723340768
AARS1,-0.0581032990481111,0.772350788314678,-0.0675864741240573,0.759911130107633
ABCB6,-0.162929968693015,0.164110608581169,-0.159796855441986,0.197195670365056
ABCC4,-0.161810832488622,0.305292260825664,-0.176277951914363,0.301116247947263
ABCD3,0.151430971758971,0.520583177169374,0.0968328715764561,0.727282397090095
ABCF1,-0.0861058887397474,0.580600548746651,-0.101423300835417,0.562493143283792
ABHD16A,-0.244481246450116,0.268972230766459,-0.146988940872324,0.450896986238246
ABI1,-0.156089615377061,0.306867111976222,-0.162337580734029,0.331018946628321
ABI3BP,0.485024701412508,0.0566850647272756,0.448015298178079,0.0813414805842012
ABLIM1,0.169394252089333,0.320233458080373,0.208787849962455,0.281513525522211
ABLIM3,-0.14638224123815,0.184625285158404,-0.125563501100305,0.28602836327883
ABRAXAS2,-0.0792185006275877,0.775311534117363,-0.0576690454174787,0.856965573752886
ACADM,-0.18331481550718,0.324515200959946,-0.120885278306202,0.509601935020584
ACADSB,0.243264470901235,0.153260965495906,0.237658438518594,0.187197191142656
ACADVL,-0.277891808531071,0.0161201040585561,-0.251796403854032,0.0363105588143893
ACAN,0.288811191351561,0.14247738950773,0.212349563149959,0.289026513024176
ACAP2,0.0980436478619199,0.665034262264058,0.127566378734497,0.60336338975331
ACLY,-0.163965953410135,0.244313356960311,-0.113963539918824,0.44301214946776
ACO2,-0.194707314910511,0.0822070388278004,-0.172608230590159,0.119503305448107
ACSL3,-0.0360651141524264,0.781163781414172,-0.0163801117089536,0.910568973732343
ACSL4,-0.281001673859877,0.164117665441389,-0.216563576868744,0.309966951682671
ACSL5,0.125523520123998,0.506577674863857,0.128859083416395,0.539507704680617
ACTA1,-0.407578089192611,0.0676177270041347,-0.355407060389753,0.0993390995820172
ACTB;ACTG1,-0.104944657242694,0.520583177169374,-0.0795387950374317,0.650661660988525
ACTBL2,-0.229249180415073,0.306989461046605,-0.1848660101164,0.444327039309363
ACTN1,-0.424373296856919,0.00802525699692618,-0.396993908211791,0.0153978882382676
ACTN4,-0.242201134714537,0.0161201040585561,-0.229566770198708,0.0330999218246214
ACTR1A,-0.073040467534553,0.713364346234123,-0.0923265606366526,0.668897013415648
ACTR1B,-0.12611169177436,0.162911677452731,-0.137432934931071,0.16337636817247
ACTR2,-0.222313934925965,0.0200456366812118,-0.227571908655538,0.0272817010966583
ACTR3,-0.0505145167208757,0.823891790099697,-0.00840623015388439,0.974260536319017
ADAM10,-0.134667127197364,0.62374920137828,-0.162882207242219,0.583722224201375
ADAMTS13,0.275294310791778,0.0408605071825396,0.27168275838115,0.0549729129336159
ADAMTS8,0.549271668030731,0.110254644073677,0.565438117803158,0.120382563986217
ADAMTSL2,0.313070689446315,0.0822070388278004,0.250725507578147,0.170018136517435
ADCY6,-0.0786952241230175,0.62374920137828,-0.0202960345029323,0.905482419576246
ADD1,-0.107844214601192,0.331684004161402,-0.0868485189996374,0.488527359630407
ADD3,0.0692858363859481,0.467217209758678,0.0553924790682692,0.614626323988942
ADGRF5,0.371360103469629,0.0341153376261279,0.309758858421172,0.0535281506086743
ADGRG6,0.488094346695579,0.0205696341301766,0.416716544872997,0.0445483548551406
ADGRL4,0.488297427743311,0.00746091807814948,0.463962823561474,0.0153493520803499
ADIPOQ,0.354164405747582,0.29285638733209,0.361034498592142,0.32853701203282
ADSL,-0.0427561709361838,0.8426852737696,-0.0528573021796893,0.822890250249691
AFM,0.379489420675128,0.435818014099339,0.229553825388813,0.65941254647424
AGPS,-0.183710467923213,0.184777733672076,-0.187633203650523,0.211788889344967
AGRN,0.202188009376846,0.266995471764712,0.155998117323668,0.43849095203232
AGT,0.278290311228057,0.0288318291732275,0.228283933851612,0.0717807593890151
AHCY,-0.241802363245084,0.0634765333940964,-0.202528704131568,0.0947927380163568
AHCYL1,-0.0616172805754604,0.680383240336554,-0.0559190450868508,0.736012906885203
AHSG,0.319932236310397,0.506577674863857,0.402984863724898,0.426407627047023
AIFM1,-0.193116604631097,0.0167101066695434,-0.199983869891117,0.0231057103576231
AK2,-0.0549786377267776,0.744219797991414,-0.0195078113132829,0.913732639516977
AK3,-0.0940602442308439,0.599788078750442,-0.110643309086739,0.583722224201375
AKAP12,0.561485885337332,0.01633457848064,0.542240882293283,0.0302194923122951
AKR7A2,-0.142088586398903,0.234248951465763,-0.126358335094592,0.335969944661249
ALAD,0.0607263427669491,0.704261633323672,0.0426422265125853,0.826668563865087
ALB,-0.0570564305673065,0.824524360742405,-0.0711327420338414,0.799742243817041
ALCAM,0.342499015525856,0.122595572779218,0.328259633004199,0.16519266352098
ALDH16A1,-0.158624272811133,0.10323138523956,-0.128201931931829,0.172269306774562
ALDH3A2,-0.186194328839867,0.478122142086182,-0.165728609331554,0.577799377782782
ALDOA,-0.0144185625275392,0.916974728668754,-0.0278504284952072,0.844560415016325
ALDOB,0.311040420229103,0.355365794677358,0.140996197582698,0.708498782920744
ALOX12,-0.121842735245411,0.472456425842375,-0.0588293989106607,0.761870110518415
AMBP,0.141831160618377,0.477006284674888,0.109628349239991,0.634163843763355
AMPD2,-0.00930434811675564,0.947833559402364,0.0105959099214664,0.947391418644844
ANGPT1,0.115914833870549,0.351434421450015,0.0732888842641526,0.634163843763355
ANGPTL6,0.370634203078389,0.0206270425249273,0.327485942073068,0.0469872513932803
ANK1,-0.100182946224963,0.390299361063084,-0.0912393134522019,0.495747362986265
ANKRD28,-0.188518614889664,0.157228748003735,-0.173537667498922,0.204156153100547
ANO6,-0.0355679862787264,0.801190671068924,-0.0467576215939727,0.754251570853811
ANPEP,0.335451021264935,0.315770649383088,0.228449450373737,0.558889393498073
ANTXR1,0.301411499487254,0.164117665441389,0.22419030144484,0.28216445008735
ANTXR2,0.472632612930567,0.060275039100655,0.470402397832658,0.0813414805842012
AP1M1,-0.122810635126448,0.259492838944377,-0.109953892804609,0.359704218906241
AP1S2,-0.17454509163333,0.575444944871428,-0.210916227239296,0.525338515491268
AP2A1,-0.102584594953382,0.36259480839829,-0.0974422473118805,0.43849095203232
AP2B1,0.0130794319751528,0.937952575049008,0.0516787748831468,0.739893456508911
AP2M1,-0.0873613255385108,0.482370523485909,-0.0766033800670872,0.576699701944238
AP3B1,0.0692452850941534,0.642224373649537,0.0887560868420834,0.589220605943234
AP3D1,-0.18098157681294,0.0694022045375355,-0.164326401026792,0.110674032889057
APCS,0.01258969254659,0.949345940878553,-0.00984094383089405,0.965883814380362
APEH,-0.0460672429210744,0.756248492000289,-0.041967428477511,0.808248119255348
APLP1,0.801805066100535,0.0201679506366785,0.724016777376066,0.0355852008604603
APLP2,0.123835431590552,0.440400595707572,0.11282829635686,0.525338515491268
APMAP,0.447444361273234,0.00399583472531791,0.405840527153647,0.00655096641698761
APOA1,0.113698741685082,0.0956952339154999,0.0976591987911741,0.172269306774562
APOA2,0.392460421980518,0.0408605071825396,0.420289565917334,0.0407776610548418
APOA4,0.316101489439169,0.0517097892430426,0.317358626903912,0.0634500616911205
APOA5,0.31382624032647,0.185320413862917,0.259051612516678,0.30454349585876
APOB,0.140492959735859,0.27992106200797,0.0923788342440388,0.488527359630407
APOBR,0.36982911796159,0.018774921528463,0.319801249048187,0.0399943806490725
APOC1,0.386475124989776,0.118645522421439,0.315531948659186,0.216548386132532
APOC2,0.052981744923015,0.824524360742405,0.00723740714739448,0.979593396918095
APOC3,0.301531067880537,0.134302051401244,0.228135817485947,0.266168883656793
APOC4,0.129279013863676,0.520583177169374,0.0610143164480095,0.800297692674908
APOD,0.605839576142732,0.0160685360952871,0.546654562933015,0.0319309748000115
APOE,0.15602364166687,0.164117665441389,0.129197936172512,0.28216445008735
APOF,0.0812207855093317,0.698897233603821,0.0684292121980429,0.777387938474682
APOH,0.266588585819046,0.423169514626163,0.238429219516619,0.525338515491268
APOL1,0.273876543800945,0.454171091725243,0.151444806342332,0.725512443738138
APOM,0.283450561631933,0.226084585343282,0.196222682456863,0.391481279546494
APOOL,-0.0804732220828733,0.324515200959946,-0.082531760596753,0.362265662684731
APP,-0.128937854611251,0.418899443916715,-0.109126432063874,0.556844090939582
APPL1,0.159219909499638,0.156043193943081,0.135122672598776,0.24329865046658
APPL2,-0.190060761081816,0.254601978914303,-0.218442398901448,0.206860352554599
ARAP1,-0.182913058618164,0.0706180699263344,-0.173090431857478,0.106389870390735
ARCN1,-0.273711516101348,0.0055883506230472,-0.257574915126512,0.0110866900801486
ARF1;ARF3,-0.0704933799199522,0.843166040159656,-0.0685646123418598,0.864545664024925
ARF4,-0.166221704232752,0.47154070783724,-0.193671796510892,0.43849095203232
ARFGAP1,-0.178613797398103,0.306867111976222,-0.158942989081718,0.40532940563445
ARFGEF1,0.128169337228422,0.223696501722028,0.14177983047549,0.195317611337604
ARHGAP18,0.019268712624692,0.888564844455213,0.0130503979811246,0.931689503507683
ARHGAP4,0.0164977124312818,0.881697382368258,0.0172708834598476,0.892589992482394
ARHGAP45,-0.0973729666710944,0.371635638325369,-0.0864033485946891,0.485426368174052
ARHGAP6,-0.192070684495558,0.114118941362622,-0.194729275846215,0.134518148833333
ARHGEF12,-0.200638558228094,0.295250661341945,-0.166240770717095,0.398285237027945
ARHGEF2,-0.0857567621189043,0.460728737837485,-0.0741539172907507,0.576699701944238
ARHGEF7,-0.0602931032248903,0.719687830266595,-0.0507774718648349,0.795789541481888
ARL6IP5,-0.388815449486153,0.210150638102964,-0.412155947610445,0.216548386132532
ARL8A,-0.0816788471322824,0.625926615735822,-0.109595473317891,0.557823811417833
ARMCX3,-0.0406564114631194,0.824524360742405,-0.0115455139669402,0.953091945212842
ARPC1A,-0.0873101818137879,0.704261633323672,-0.0472481406081243,0.860323686029472
ARPC1B,0.354459219801737,0.104753731170127,0.381273765817577,0.104427838248675
ARPC2,-0.0385044335563326,0.520035096726105,-0.0335459654960137,0.624765941195905
ARPC3,-0.0215042465863794,0.949101985850628,0.0400228032710565,0.923049512664312
ASAP1,-0.119912986428963,0.189769655720854,-0.104082008843596,0.289783711558415
ASAP2,-0.206538522105836,0.0874141654970941,-0.173784503688916,0.170018136517435
ASMTL,0.0600999095860537,0.689684845748348,0.0397833993986981,0.833952415293969
ASPH,0.216316684577738,0.170517299791322,0.234782077230454,0.172269306774562
ASPN,0.493601415477774,0.0055883506230472,0.49058676667592,0.00858427093589799
ATG3,0.205711970599751,0.520035096726105,0.220931730524402,0.547626706913908
ATL1,-0.0748115767611077,0.602129234880864,-0.0817846059702867,0.614626323988942
ATL3,-0.114590638441667,0.518737873262761,-0.124612071618792,0.522421397124445
ATP11B,0.0190086556036299,0.919285711063804,0.0335819693370537,0.860323686029472
ATP1A1,-0.0930450725884321,0.386900253736676,-0.0785182127760611,0.510562051813549
ATP1B3,-0.0892479634993449,0.483040047110219,-0.0730522151960845,0.59626738686355
ATP2A2,-0.249674494209981,0.0688707459128668,-0.249274641285436,0.0944708951626273
ATP2A3,-0.295163041214831,0.0764582266277857,-0.245461841554348,0.154024337339629
ATP2C1,-0.041248654701222,0.811525561133294,-0.0226423326159992,0.907793088306939
ATP5F1A,-0.225148226559796,0.253339196069789,-0.19133984336891,0.376399683202371
ATP5F1B,-0.28155556013234,0.104563118531684,-0.241290131465148,0.1716109242775
ATP5F1C,-0.0805537662418184,0.752525090978535,-0.00291580945334535,0.993340711967901
ATP5ME,-0.144324184735227,0.264587905810955,-0.116409451659914,0.430291203316725
ATP5MF,-0.672572962624956,0.0055883506230472,-0.690109517543184,0.00655096641698761
ATP5MG,-0.124226992257459,0.548919087073819,-0.122564685892386,0.601808900094147
ATP5MK,-0.143732461129037,0.505218396920104,-0.168482803406946,0.475680570943116
ATP5PB,-0.0976718827255163,0.670713407112154,-0.0320332765514263,0.900182009872041
ATP5PD,-0.217555496290324,0.265522881559118,-0.17309015266029,0.40989275457107
ATP5PO,-0.110168671376962,0.42853581064915,-0.0893328001292943,0.540032247454102
ATP6AP1,-0.205326855189763,0.332247133474693,-0.201193725743017,0.392990594605899
ATP6AP2,0.229531786115372,0.198557689037756,0.233761203846758,0.231747294533525
ATP6V0A1,-0.0565049204286307,0.659373227589533,-0.058153395478256,0.676440992435424
ATP6V1A,-0.0519883536051563,0.655069456448451,-0.0692105813528041,0.576196696576649
ATP6V1H,-0.160599337872704,0.184417757425247,-0.177731977192399,0.137344662429251
ATP8A1,-0.0736227616068733,0.483040047110219,-0.0702865245829942,0.553273283118665
ATRN,0.424146897870854,0.185320413862917,0.321569817587408,0.336073950349814
AXL,0.165226801235842,0.326182955729431,0.116962711626207,0.509601935020584
AZGP1,0.188438830130132,0.582511632480281,0.160256565426866,0.678144682907578
B2M,-0.102082764348304,0.682873545267904,-0.0467236117054433,0.870860728965819
B3GNT2,0.454802583994107,0.0408605071825396,0.412687909274174,0.0634500616911205
BABAM2,-0.281574701506304,0.0688707459128668,-0.275242225941427,0.101712483654065
BAG6,-0.0722870851522865,0.556109194095639,-0.0848943090163837,0.539507704680617
BAX,-0.113990371538949,0.472456425842375,-0.119260930287436,0.49788778710136
BCAP31,-0.000350927200326054,0.99794876737765,0.0288589470154464,0.844560415016325
BCR,-0.0144577561795304,0.934072215514381,-0.0361804812000913,0.833952415293969
BET1,0.0255672268611899,0.937213321386988,0.0962520854891228,0.755470611333732
BGN,0.302017139294347,0.271960609618765,0.336973162206749,0.248009141997611
BID,0.0566890678008918,0.825716407217174,0.0894333072583933,0.71459825189986
BIN2,-0.211046513597301,0.271970070100144,-0.14038008274725,0.470136296844593
BMP1,0.270884344000564,0.152980451991723,0.249147975086752,0.228296268503718
BNIP2,-0.113366499208866,0.483035423212922,-0.0754592001168814,0.693777814543609
BPIFB1,0.376361267476207,0.072725208548654,0.385223530560617,0.0950977829229483
BRK1,-0.0759502666139582,0.685460498596016,-0.0696742091938181,0.737855750863782
BSG,0.0801620183288253,0.487965328948086,0.0962382603762952,0.434118723340768
BTD,0.522785699252047,0.0517097892430426,0.434540958951289,0.101094151639562
BTK,-0.0278223055477622,0.875864097575753,-0.00440823662394057,0.986715667712626
C1QA,0.143277371918578,0.743896440408678,0.0636698350480205,0.903536330273561
C1QB,0.322410950132365,0.235612066315097,0.299911097154154,0.308886425209837
C1QBP,-0.0258476232989825,0.922156664718534,-0.000650748937528303,0.997629673252663
C1QC,0.336371961875138,0.446091822530898,0.258397580719971,0.60481007103974
C1QTNF3,0.485934562455842,0.104563118531684,0.430585734090428,0.16337636817247
C1R,0.324885136232415,0.164110608581169,0.347494991146228,0.175092766137538
C1RL,-0.0171373610259156,0.947833559402364,-0.0379981374495222,0.899520777024503
C1S,0.0151249280760985,0.904641869915739,-0.000214096934666773,0.997629673252663
C1orf198,-0.0073311227817393,0.968274710915433,0.011045832303493,0.952393783484192
C2,0.449494433905147,0.185320413862917,0.382167913376452,0.293203697878547
C2CD2L,-0.0610715419305354,0.68690737605074,-0.0500220199335509,0.762520500415061
C3,0.178535237349959,0.238435455727186,0.131584901678014,0.409227614615507
C4A,0.692974204282204,0.138519451901899,0.815726306475533,0.0845605138123467
C4B,-0.00492773408449016,0.968274710915433,-0.00176420653963267,0.992413319520315
C4BPA,0.0826613661708419,0.574469824242469,0.124270126826017,0.412315176028929
C4BPB,0.280197193138465,0.423849069650178,0.32699613100373,0.385400848373501
C5,0.208878802442608,0.447571872616141,0.13831171221758,0.647706241684557
C6,0.415629196868891,0.199735677306852,0.307166669386343,0.365196599686113
C7,0.552338850666284,0.0828922682768763,0.473093741520955,0.156368726857546
C8A,0.375726852635674,0.177175277613927,0.290784693806285,0.318347192171782
C8B,0.33464739017672,0.153260965495906,0.258206949334817,0.278516163966707
C8G,0.432681997606854,0.140434172716405,0.327906306166337,0.308616360614764
C9,-0.0703633194243083,0.467560973949144,-0.0995212064981788,0.358654853657808
CAD,-0.0811872816260062,0.588198643974019,-0.0490902338979538,0.762775191308665
CALCOCO1,-0.2012239353604,0.118776089707397,-0.184497352357653,0.16424653574371
CALD1,-0.193196916809471,0.338022913297104,-0.141068447188443,0.526805996019236
CALM1;CALM2;CALM3,-0.0553771301060436,0.882279791532017,-0.161631340043131,0.64398280658418
CALR,0.0845991080388498,0.531785244397496,0.0693854063783143,0.644970155290129
CALU,0.0389581980741422,0.85609877329568,0.02592130464002,0.913732639516977
CAMK1,-0.134102075720186,0.205992080588075,-0.131585865157817,0.261178083297647
CAMP,0.117180279985493,0.720117504765227,0.0324719328794561,0.933982010383372
CAND1,-0.00991337883984925,0.942384019543469,0.00791696145400763,0.955061536075733
CANX,-0.187490620015607,0.131526321667037,-0.178778190384146,0.172269306774562
CAP1,0.0535501674405298,0.665034262264058,0.0487751819643812,0.725512443738138
CAPN1,-0.0595368922885275,0.530581557568403,-0.0422182811489893,0.697086571756023
CAPN2,0.156870231814979,0.343521673352411,0.0911914111793217,0.613536325968407
CAPNS1,0.167414250159417,0.30928361680257,0.100919051825647,0.572257063284221
CAPZA1,-0.299768157898677,0.0408605071825396,-0.302604490066549,0.0493437414738655
CAPZA2,-0.0274106797263903,0.937952575049008,-0.0640329399459597,0.860323686029472
CAPZB,-0.0871932725979744,0.720117504765227,0.0113631883137977,0.968345580366122
CARMIL1,-0.0817855007794385,0.664313907422466,-0.060176935963233,0.788096876206499
CASP3,-0.16805071881548,0.490841537962637,-0.133378282878821,0.606157720436875
CASP6,0.243462931262243,0.170001775730506,0.251746382747683,0.204793680969936
CASS4,-0.198137149201612,0.0688707459128668,-0.183093519729318,0.112462022646806
CAST,-0.213143859557265,0.198557689037756,-0.229960144156411,0.183237487714478
CAT,0.157143713514185,0.188974803292354,0.149191211243673,0.252820413642734
CAVIN2,-0.359201676051702,0.00648137914431768,-0.314061202027047,0.0166591574526679
CCDC126,0.499261231880936,0.0517097892430426,0.385068278249702,0.113886366862632
CCNY,-0.0951721094836674,0.386900253736676,-0.0852554232484476,0.489653501581116
CCS,-0.11390986953962,0.533188951455075,-0.0745758734863433,0.723473227361645
CCT2,-0.23173183012272,0.0171433490051522,-0.247853427567781,0.0150810812930304
CCT3,-0.0289638306917455,0.906842976373263,-0.0238364988107489,0.929428352338216
CCT4,-0.132804620656475,0.332597683778249,-0.129669173987421,0.40532940563445
CCT5,-0.207705305913113,0.157228748003735,-0.232174783540369,0.13081587149378
CCT6A,-0.193596382411992,0.271960609618765,-0.182534834729996,0.358654853657808
CCT7,0.180407910328351,0.207792374548347,0.21101072306413,0.170018136517435
CCT8,0.0101926289490638,0.937952575049008,0.0218683156645229,0.877642531647716
CD109,0.180707033885041,0.202134754388736,0.145845007898876,0.318782340197794
CD14,0.281184484819125,0.172448395817832,0.257827422857546,0.252718329849005
CD226,-0.14130110101882,0.254258061394722,-0.149491445358523,0.268134837868629
CD248,0.582406392232213,0.163308707298701,0.501947533071009,0.252718329849005
CD2AP,-0.0438133461432983,0.846515281105253,0.0140188345252432,0.952517227846882
CD36,-0.088927689637603,0.562666407715734,-0.0590795467122303,0.732408718987703
CD44,0.723256531895242,0.0179549516881486,0.742224107480156,0.0231057103576231
CD63,0.604835216439844,0.116341503439637,0.599695615037031,0.139630340725412
CD84,-0.0269929968602208,0.916221347452713,0.0184596851024596,0.941348300890653
CD9,0.0524615703802698,0.824524360742405,0.0473186565506701,0.856965573752886
CDC37,-0.0410772426595358,0.860218980310227,-0.0305986483196584,0.907793088306939
CDC42,-0.0944647895215549,0.574469824242469,-0.0548036637500891,0.779283755084606
CDC42BPB,-0.134837281315673,0.0799840430886688,-0.127095729368492,0.11282896304772
CDC42SE2,-0.189414485432949,0.292114310075983,-0.17450331730368,0.395703434630421
CDH1,0.273436025813734,0.381133505445231,0.231846392219737,0.48749621725546
CDH13,0.338095311389984,0.131526321667037,0.263127857680675,0.268134837868629
CDH15,0.432938678901725,0.0574057722061739,0.328947673883001,0.125797539609638
CDH19,0.459487834584866,0.0408605071825396,0.459614788183243,0.0535281506086743
CDH23,0.632883824334031,0.0534911902011478,0.579220607204039,0.0755144300713855
CDH5,0.543188322634644,0.0151545433696752,0.462087750833111,0.0205373556257871
CDH6,0.633058487160948,0.00648137914431768,0.553198238086002,0.0127591023687695
CDHR2,-0.0236131669728784,0.93340955699793,-0.0926189210165457,0.693777814543609
CDHR5,0.172098674841863,0.563011990959652,0.124344344659504,0.680460081397415
CDS2,-0.148766510130145,0.375786477087953,-0.144424754463546,0.4486909548721
CELSR1,0.288792168634254,0.333643410666912,0.274057235441197,0.406381061806203
CEMIP,0.34306608125599,0.0375059366322565,0.354266392712695,0.0437037197390297
CEP170,0.0127831054297416,0.903505477099763,0.016921728157695,0.879096369764835
CEPT1,-0.180218668815244,0.325155712567561,-0.154230886532632,0.455907903607699
CERS2,-0.0755417626694427,0.429892760841608,-0.0745577625412797,0.488527359630407
CETP,0.27898702485635,0.184417757425247,0.233404706950865,0.29289686342529
CFB,0.512001009132966,0.17793550742644,0.422530925744722,0.29289686342529
CFD,0.219271072841009,0.305292260825664,0.20738696769741,0.387260837740643
CFH,0.207633630851035,0.497205398940927,0.144886352462579,0.668792469714309
CFHR1,0.637982653586732,0.164117665441389,0.489455469004315,0.326134101888137
CFI,0.328443017021281,0.423849069650178,0.215042268788676,0.633420739558748
CFL1,0.0381194648072248,0.780294662850079,0.0271305938323836,0.86543056906372
CHGA,0.479752821279129,0.0226161760465772,0.43811462949002,0.0437037197390297
CHGB,0.434041906437592,0.0746052792400597,0.429137897269072,0.0929578861602979
CHL1,0.331178952339354,0.140021852227777,0.266796687897969,0.228733423878902
CHMP4A,0.0667464029694086,0.786236769277056,0.0467833720108111,0.866894784590717
CHMP4B,-0.321845208490298,0.268709079438235,-0.348706516064842,0.284639203039936
CHST3,0.314619123644555,0.12547658760586,0.260931392042072,0.211941411676228
CKAP5,-0.084083842170479,0.466486884936356,-0.0617191077588822,0.634163843763355
CLASP1,-0.128143152298971,0.487965328948086,-0.110137758843155,0.59626738686355
CLDN3,0.00332220688962813,0.991326041361922,0.032808966995407,0.917580544573384
CLEC11A,0.495137217156358,0.0458027129936234,0.434020592169497,0.0812329101662516
CLEC3B,0.263050357373975,0.552369353990151,0.129633491941163,0.804037031175495
CLIC1,-0.180057182649743,0.164117665441389,-0.17718275023395,0.215432170296501
CLINT1,-0.0361133992407986,0.812045457915661,-0.0380523830710741,0.820346489472779
CLIP1,-0.0880398955278422,0.410558585402588,-0.0945283210852497,0.434118723340768
CLIP2,0.000344976094309008,0.99794876737765,0.035788138362016,0.791387504411596
CLSTN1,0.464758612845765,0.0388846052342846,0.427629957441551,0.0549729129336159
CLTC,-0.310070551742507,0.0881051401094521,-0.268725214086496,0.159231915810506
CLU,0.18617755766159,0.100620032854385,0.176423785788498,0.137344662429251
CMIP,0.0699591913109905,0.618162006784789,0.0868647091195083,0.577280083824708
CMPK1,-0.0212875372108099,0.873090864111021,0.00808794226300931,0.954092363773788
CMTM5,-0.215876981974243,0.417137854316087,-0.195713339522918,0.49788778710136
CMTM6,-0.290460544480834,0.161922862636038,-0.29641638600265,0.174979120780445
CNDP1,0.721134987139656,0.0367834368020345,0.554417626772223,0.0514602830383755
CNN2,-0.229088248026829,0.30480276166468,-0.181285090560795,0.4721783541272
CNOT1,-0.0960604044691604,0.328193154309393,-0.0665971735444483,0.525338515491268
CNP,0.0719478557881294,0.741744126731874,0.107235591722409,0.645059387416144
CNPY2,-0.432332305165401,0.0417755051053057,-0.457285194535215,0.0409183839565721
CNST,-0.206543097474308,0.198557689037756,-0.183078397129462,0.278516163966707
COL12A1,0.3797452050481,0.0101305235734647,0.329912546445801,0.0242633716946051
COL14A1,0.607176603364287,0.0313336976931965,0.57074297179093,0.0386716003779057
COL18A1,0.565156445159529,0.00554715131857844,0.551807961924107,0.00655096641698761
COL6A1,0.131589259855981,0.487965328948086,0.0878311614293668,0.68043617785343
COL6A3,0.304615371109398,0.109426135166313,0.224061832185648,0.249573541078407
COLEC10,0.871243906168311,0.00571214542689547,0.801346371798317,0.0205373556257871
COLEC11,0.179611219562617,0.217946887161818,0.153563961697493,0.318347192171782
COMP,0.255375155483966,0.234021120398196,0.31333267393438,0.148677203783268
COMT,0.023819097625281,0.843166040159656,0.0195242688611022,0.886673133580544
COPA,-0.083983996070053,0.230315825572477,-0.0731762248155257,0.335969944661249
COPB1,-0.0971585750515776,0.358789070225477,-0.0752091563440219,0.49788778710136
COPB2,-0.038522921108772,0.665081518457681,-0.0505634726765027,0.619003692572085
COPG1,-0.110808058983688,0.336519576152831,-0.089434292537246,0.488527359630407
COPG2,-0.0417026434603909,0.763360647245444,-0.0406547592329839,0.799742243817041
COPS2,-0.106907873746946,0.332597683778249,-0.114556573822743,0.346733103968327
COPS3,-0.156191585235927,0.28548984444825,-0.171913899511647,0.28216445008735
COPS4,0.054329996294747,0.610903201164746,0.0670433302603756,0.563418593795118
COPS5,-0.183783334203122,0.164117665441389,-0.150844916072793,0.278516163966707
COPS6,0.0178126037560511,0.873090864111021,-0.00188241104911596,0.990758876778975
COPS7B,0.0442017866430549,0.864964725489207,-0.0382673046292172,0.884017936089748
COPS8,-0.134003598758909,0.445208083304202,-0.149905544993495,0.434118723340768
COPZ1,0.0416098069934804,0.870400398726551,-0.0626507671422457,0.803359709522406
CORO1A,0.133069211453019,0.588198643974019,0.151762819318996,0.583722224201375
CORO1B,-0.0506908991050795,0.82937695678295,-0.0293675583695264,0.910222160705358
CORO1C,0.019974709232689,0.882253084894273,0.0657306423184299,0.594020608741702
COX4I1,0.138797568396637,0.238793084810801,0.15312659306803,0.252718329849005
COX5A,-0.0688125652792084,0.637761447931537,-0.0268826866483731,0.87328562520526
COX5B,-0.241355579892385,0.184625285158404,-0.206987460058235,0.290423712330745
COX6A1,0.0862203196654829,0.599788078750442,0.0838885839872037,0.650661660988525
COX6C,0.1722032318964,0.483040047110219,0.200644176116261,0.458537476846646
COX7A2,-0.153183602123545,0.562666407715734,-0.163740057493069,0.583722224201375
COX7A2L,0.16291082904146,0.310631394510385,0.166280077557292,0.347486873343567
CP,-0.052189772083841,0.717589392697129,-0.0587690155684916,0.710081472752137
CPN1,0.126927888155923,0.233993486901596,0.0817952293451933,0.434118723340768
CPN2,0.252200205484233,0.0624864753802829,0.218267046714966,0.104620588172456
CPNE1,-0.0774902266819199,0.711698863077536,-0.0970067766279364,0.644970155290129
CPT1A,-0.236391586172612,0.101068253816082,-0.218502902779171,0.136612009001483
CRACD,-0.105493138951078,0.528515320427746,-0.098976910691287,0.60481007103974
CRKL,-0.00384174584367856,0.978409933238391,0.00102451212154363,0.995233327199448
CRLF3,0.0976616581084443,0.629642132752917,0.0666068589389685,0.781966366994194
CRP,0.463964366654947,0.144684674038516,0.413294101216368,0.221753626466198
CRTAC1,0.316169506520315,0.135152960892357,0.283583761409712,0.208214918155331
CS,-0.0376272199476097,0.870400398726551,-0.0291042647960231,0.907793088306939
CSF1,0.252764073191767,0.164859784430063,0.238105697005017,0.227799022028374
CSF1R,0.407374617437827,0.104394706030185,0.399462312716751,0.134199841123833
CSK,-0.0754450120193105,0.728219008796012,-0.0784358111995078,0.745833685764845
CSNK2A1;CSNK2A3,-0.0695199422604664,0.667258470672078,-0.0901653189858905,0.601808900094147
CSNK2A2,-0.110484232851631,0.520583177169374,-0.099150489203202,0.615529397051815
CSPG4,0.459436129300609,0.0171433490051522,0.438712955897307,0.0355852008604603
CSRP1,0.0815067887742793,0.732303756549518,0.126079827251069,0.634163843763355
CTPS1,-0.048103810969419,0.822685950169423,-0.0765151606026069,0.728874050400419
CTSC,0.19164352940621,0.230315825572477,0.176944017958623,0.30454349585876
CTSD,0.047222258163845,0.812585628966755,0.0158662407501211,0.940424218318031
CTSG,0.430950858552592,0.0648489539151875,0.350749260545762,0.104620588172456
CTSH,0.735011181976525,0.0055901035743884,0.714777831082302,0.00858427093589799
CTSS,0.280089482509466,0.270878675465892,0.21462633636076,0.391280342520559
CTTN,-0.0993375463846549,0.358182809945444,-0.0905051377768369,0.458537476846646
CUL5,-0.107682487661393,0.587375534882379,-0.0829307029094152,0.676440992435424
CXCR4,-0.115200473203131,0.681218222966185,-0.0367003971735655,0.903487028714821
CYB5B,-0.0806921503544318,0.76225981992015,-0.117417835508287,0.680460081397415
CYB5R1,-0.123972507215722,0.29744962642382,-0.124942114101348,0.341346609432036
CYB5R3,-0.257049425000165,0.198557689037756,-0.189481500397604,0.319241582701968
CYCS,-0.260550343034055,0.42853581064915,-0.272745738360554,0.460410991927436
CYFIP1,-0.18673651735041,0.230315825572477,-0.138846446471487,0.378896032196865
CYFIP2,-0.745974868970187,0.0570989993283153,-0.711872889677331,0.0876512294498459
CYTH2,-0.134480387238449,0.265522881559118,-0.141322769422704,0.281513525522211
DAAM1,-0.0928923958517339,0.439597421512775,-0.0483101915087061,0.693777814543609
DAG1,0.251848895751681,0.238466112211195,0.199571146010565,0.40532940563445
DARS1,-0.0518277303909416,0.655941854229588,-0.0155352276491711,0.907793088306939
DBH,0.399570811885442,0.177702080306447,0.348337077973297,0.278516163966707
DBN1,-0.262707798106431,0.164110608581169,-0.204780691022651,0.267066326031563
DBNL,-0.0873433410079102,0.676997640611121,-0.0886459475633138,0.696950000396521
DBT,-0.072440339000781,0.689676457703873,-0.0662606131920279,0.745591917635445
DCHS1,0.540509045405785,0.0156825199071574,0.487700544382204,0.0455192914926729
DCN,0.42670605558019,0.0245446316176368,0.335313081134329,0.0616925925550337
DCTN1,-0.207075167645299,0.0570989993283153,-0.174418493765342,0.104620588172456
DCTN2,-0.191951159161929,0.0421430138887654,-0.208549763216449,0.032160706517047
DCTN4,-0.0571030178923622,0.7538354273843,-0.0587676645838427,0.771751596111597
DDB1,0.0210022572670433,0.876684481314744,0.014363848906437,0.923986029182151
DDOST,-0.113171770992221,0.467560973949144,-0.0837474884957649,0.621789886069468
DDX3X,-0.137568181035292,0.253339196069789,-0.123314964681474,0.345991811800764
DECR1,-0.218350746543166,0.502331864458969,-0.0890945400684,0.781966366994194
DENND2C,0.0496503603987396,0.564452241725443,0.0459182653403278,0.644970155290129
DENND3,-0.06313615557275,0.554828239907054,-0.0397720418570349,0.743551351324058
DERA,-0.201649073357219,0.0558323161799787,-0.213077769256974,0.0549729129336159
DGKG,0.0942569171294364,0.369354925951354,0.0770634635299363,0.49788778710136
DHRS7,0.0857311526162153,0.629642132752917,0.10607702040076,0.59676572668741
DHRS7B,-0.0581849737894241,0.684185722131679,-0.0382105210240019,0.812651907601889
DIABLO,0.0116717483664473,0.951851190759549,0.00043947733245938,0.997629673252663
DIAPH1,-0.0495126371447157,0.681218222966185,-0.0289625692383671,0.8315740382668
DIS3L2,0.0148081011089708,0.943074669314514,-0.00180699336655877,0.994503594191058
DKK3,0.397722802445083,0.0842788377773987,0.35108072525596,0.170018136517435
DLAT,-0.0234188744652281,0.919285711063804,-0.0118065988990642,0.961319369991044
DLD,-0.176215557252131,0.170517299791322,-0.144433675549343,0.252718329849005
DLST,0.016248673651707,0.916221347452713,0.0152828270356548,0.923986029182151
DMKN,0.417173276203478,0.0408605071825396,0.411863395653657,0.0557061285689209
DMTN,-0.03154166634512,0.827694025035125,-0.00771438698573564,0.959878252754988
DNAJA1,0.00160263738540713,0.991326041361922,0.0196740613443332,0.897371620511361
DNM1,-0.0976472881875492,0.394400559464919,-0.0952345999456646,0.470243929932434
DNM1L,-0.142449980896999,0.103012748560545,-0.121653643560202,0.206478905232408
DNM2,0.145178956559901,0.230786013557884,0.178640302332659,0.137344662429251
DOCK10,-0.150119776009359,0.274206841154085,-0.136292229821064,0.358654853657808
DOCK11,-0.197246746105479,0.164117665441389,-0.184406610041252,0.215432170296501
DOCK5,-0.282359031496154,0.0055883506230472,-0.263045390966996,0.00655096641698761
DOCK8,-0.0160460052813146,0.943074669314514,-0.0230186393744315,0.926669350023281
DOK1,-0.00955207295153066,0.954319595094099,0.00150088147311175,0.994503594191058
DOK2,-0.0190482404048642,0.903671944488384,0.0105283255810244,0.950285796454887
DOK3,-0.167095821530757,0.161922862636038,-0.149035739876944,0.237318115100217
DPEP2,0.253840925733663,0.283050388420507,0.186331016189768,0.453266912027086
DPM1,-0.0129227336276015,0.937952575049008,-0.00271895481622653,0.990758876778975
DPP4,0.481048862788579,0.0517097892430426,0.408419000809806,0.0961251902060986
DPT,0.920456628801519,0.0055883506230472,0.891217069526753,0.00848184692060685
DPY19L1,-0.290911802205423,0.12023933487706,-0.263722040071646,0.183237487714478
DPYSL2,-0.238900257948727,0.122595572779218,-0.224910569070749,0.175092766137538
DRG2,-0.0542226886334257,0.824524360742405,-0.0647289449472797,0.809666612121516
DSC2,0.153520183160016,0.629642132752917,0.146304657851218,0.676440992435424
DSG2,0.120523165616003,0.556109194095639,0.0977437940249595,0.672177690781103
DUSP3,0.179039310751549,0.185320413862917,0.229175714553773,0.113239406172005
DYNC1H1,-0.137438443425131,0.164117665441389,-0.132234355122145,0.22035800877158
DYNC1LI1,0.0150460219923283,0.919285711063804,0.0210409114325946,0.900182009872041
ECE1,-0.164642253409615,0.25476950245624,-0.135914114431264,0.367000646772311
ECM1,-0.0599926010766789,0.842518290013419,-0.0230000852805584,0.941716411468557
ECM2,0.168250890604589,0.47621436925581,0.115810510716072,0.665658241492502
ECPAS,-0.176241367082906,0.157228748003735,-0.17687050347256,0.176550540770961
EDC4,0.113724491983116,0.235612066315097,0.118785205825455,0.240864861215249
EEF1A1;EEF1A1P5,0.00425464201723208,0.971280156531277,0.00223819590639051,0.990758876778975
EEF1B2,-0.299016261818982,0.0314448399823558,-0.309150044992954,0.0376655151857509
EEF1D,0.0219017487193754,0.903671944488384,0.0417356334056672,0.833952415293969
EEF1G,-0.0931023207468757,0.39608240424463,-0.0804556995166846,0.506877466764855
EEF2,-0.0500189307009407,0.8426852737696,-0.0528247890765043,0.849432103108096
EFEMP1,0.285615389153729,0.230315825572477,0.232988157284743,0.362192836046743
EFEMP2,0.531653076049248,0.0676177270041347,0.451864798909358,0.110893343983206
EFNB1,-0.0760467125379322,0.601713895511234,-0.068363111306109,0.676440992435424
EGF,-0.133345683867892,0.198194551633949,-0.128907615898006,0.259702722024934
EHBP1L1,0.0549392703196787,0.684185722131679,0.0405531175263333,0.792609394739367
EHD1,0.0920318428619407,0.522074825374616,0.0759895561716307,0.635725346684508
EHD3,-0.129778661371893,0.242812405664537,-0.112083024857312,0.359539287068801
EIF2B4,-0.156816421356981,0.253339196069789,-0.143909959583871,0.308616360614764
EIF2S1,-0.151479278535582,0.427923508872289,-0.173229885815333,0.414873573651711
EIF2S3,-0.10524555065691,0.351434421450015,-0.075197688298247,0.565374964994221
EIF3A,-0.111686013958232,0.334582079332542,-0.114473413163403,0.378948490014843
EIF3B,-0.0537286610620954,0.714268467032571,-0.0571168708467345,0.725512443738138
EIF3C;EIF3CL,0.117210421157979,0.504694311515141,0.140618339833929,0.460410991927436
EIF3D,-0.08150966466318,0.343521673352411,-0.0906386041348187,0.322339455844894
EIF3G,0.192121168564837,0.522074825374616,0.274857064805081,0.405418707841347
EIF3H,0.134644953473153,0.410496834055778,0.109608861281758,0.560263222587883
EIF3I,0.0137454437128441,0.93340955699793,0.00686619326439801,0.968345580366122
EIF3L,0.0159167112039463,0.919285711063804,-0.0135482195260834,0.93518061212561
EIF4A1,-0.208421532164938,0.114571532505248,-0.218739537207913,0.120481183365988
EIF4B,-0.366825078068414,0.152980451991723,-0.224361595304883,0.396792649649777
EIF4E,0.0577810283935207,0.745765702125352,0.0892433083206425,0.633420739558748
EIF4G1,-0.173995186886676,0.043592475124822,-0.145932340639863,0.0940123095085382
EIF4G2,-0.169392698026433,0.301756752592017,-0.193576453504242,0.254917639428537
EIF4G3,0.061990429989943,0.766363709293774,0.070044544182032,0.761870110518415
EIF5,-0.249993819840115,0.142659780911299,-0.316514102045328,0.0558116507325315
EIF5A;EIF5A2;EIF5AL1,-0.243350333066168,0.533188951455075,-0.216165909480807,0.6250707719609
EIF6,-0.154798097811955,0.273508001132624,-0.196933862030708,0.178297669830826
EIPR1,0.00485539912507494,0.977341683758597,-0.0402989735170931,0.833952415293969
ELMO1,-0.170272717090132,0.373458964616074,-0.161025638885542,0.450896986238246
ELOB,-0.173770891684846,0.599640741421988,-0.0992882806982251,0.804037031175495
EMC1,0.052677585288804,0.752814197586152,0.0814334697787687,0.634163843763355
EMC2,-0.00700703533251086,0.974777853674936,-0.0268814130724477,0.916172481901753
EMD,-0.359141529655189,0.0055883506230472,-0.296152509460118,0.00655096641698761
EMILIN1,-0.168450533552996,0.319137219217554,-0.118099845543515,0.485426368174052
EMILIN2,0.183054685644482,0.367883829732136,0.182581456830387,0.412162448777347
EML3,0.278943941667255,0.0746052792400597,0.295100600826803,0.0880107333433694
EML4,-0.0200099146942238,0.863606158759493,-0.0197973686085813,0.878303127595877
ENDOD1,-0.205803739177962,0.292114310075983,-0.130532605495845,0.51695952818861
ENO1,0.0638085266016785,0.797594858455845,0.023115056145029,0.932592831312877
ENO2,0.0749818294054811,0.819079140874738,0.00564168920451102,0.990130141878305
EPB41,0.410438577860672,0.118645522421439,0.387373358884023,0.170018136517435
EPB42,0.484824420522327,0.0992535644653767,0.48670740659532,0.125012597870912
EPHX2,-0.0316629751093424,0.825716407217174,-0.0453139558358011,0.764030724182658
EPRS1,-0.0582711442524823,0.562666407715734,-0.0656608191399825,0.565374964994221
EPS15,0.170934901003958,0.445208083304202,0.162457402802383,0.514243774109777
EPS15L1,-0.161492597717218,0.284732805472693,-0.123056577821258,0.426407627047023
ERBIN,-0.0788023758183262,0.599788078750442,-0.0752210855480352,0.652851964857127
ERGIC1,-0.226119397973489,0.319255134626218,-0.218725626520418,0.381094346626796
ERP44,0.058109481415209,0.766682492224608,0.0268300685851439,0.907793088306939
ESAM,-0.190259014829912,0.124221779678384,-0.151852655125267,0.252820413642734
ESYT1,-0.110990236441105,0.599751841676297,-0.0386671682410479,0.866894784590717
ESYT2,-0.0544002318202877,0.652464314885832,-0.0374534267158138,0.78998444961189
ETFA,-0.116330895517991,0.239403215582256,-0.0991910424890822,0.330992236700063
EXOC1,-0.142730694917387,0.379974824119963,-0.164239541534045,0.352297090592767
EXOC2,-0.16121655285542,0.320233458080373,-0.148634489437156,0.407386938401888
EXOC3L2,-0.103505551527516,0.249898793941442,-0.104479693946453,0.28602836327883
EXOC3L4,-0.115022012119417,0.386189102073394,-0.078568695444897,0.603109850910916
EXOC4,-0.0494075313355231,0.628706084709385,-0.0380223309070045,0.736012906885203
EXOC6B,-0.0797794985904753,0.712149026161968,-0.0747231016083422,0.75972372919891
EXOC7,0.00899778003439769,0.947833559402364,-0.0157237839220079,0.913732639516977
F10,0.279721081508719,0.157228748003735,0.202739995049886,0.362192836046743
F11R,0.0512140828808902,0.709965057694798,0.0441186142329681,0.780982827096866
F12,0.273816305606983,0.527175374839633,0.213321749575463,0.65941254647424
F13A1,-0.0736590728227216,0.626662254696939,-0.0536727921173669,0.755470611333732
F13B,0.2368005350267,0.184625285158404,0.249242885017391,0.204793680969936
F2,0.0239539663495709,0.844841811680362,0.0410662489976297,0.746350932258961
F2RL3,-0.0260563944424167,0.93340955699793,0.0196695461102167,0.951951914229808
F5,0.146748884697173,0.28352549610646,0.167029519412419,0.265407742486928
F7,0.199116343548958,0.267164547438013,0.15784838127925,0.417593443611853
F8,0.272010370056768,0.0234996745573549,0.254741158154505,0.0470051748854769
F9,0.206072328690611,0.235612066315097,0.140186090478286,0.488527359630407
FAF1,0.120987494394428,0.473846717701969,0.118555487826533,0.530510397755063
FAF2,-0.000951788711359244,0.99794876737765,0.0128268755142145,0.959878252754988
FAH,-0.0103657587288351,0.970047734933474,0.05630223301778,0.859634503755965
FAM114A2,-0.24536455156075,0.0676177270041347,-0.223719329739354,0.106287071721408
FAM120A,-0.147527820179953,0.282565357029178,-0.082824746820955,0.489003617610882
FAM162A,-0.112548533086568,0.555897136229679,-0.0782671501443928,0.71459825189986
FAM98A,-0.123127994519387,0.608471033564355,-0.160936269353174,0.5307758758303
FARSB,-0.211068774592686,0.273341115550032,-0.175845749956325,0.373509484304141
FASN,-0.112685855178981,0.321268146222163,-0.076554408402767,0.548080519549932
FAT1,0.43691779473881,0.0201679506366785,0.387223774330911,0.0386716003779057
FAT4,0.367182506177394,0.0676177270041347,0.287719791699487,0.104620588172456
FBLN1,0.162495514941896,0.270878675465892,0.112290985591683,0.488527359630407
FBLN2,0.436252503982788,0.0393818990831658,0.392330151314721,0.0845605138123467
FBLN5,0.173947200602225,0.256727065259558,0.186827851424157,0.261178083297647
FBN1,0.532745857854552,0.15232941409087,0.55835908108034,0.15761946465878
FCER1G,0.513980475832659,0.0558323161799787,0.534661946496757,0.0572914322463166
FCGBP,0.470535862469716,0.162148494901626,0.370872251164031,0.268134837868629
FCN3,0.252976140939078,0.430976926346809,0.175852536308219,0.619134503465522
FERMT3,-0.184112797202329,0.131526321667037,-0.142899225388753,0.268134837868629
FGA,-0.0489466712669895,0.667259044811864,-0.0276100312571295,0.833952415293969
FGB,-0.0932557705646312,0.518737873262761,-0.0897184555280213,0.583722224201375
FGD4,0.0888486504841436,0.42853581064915,0.0860299847742748,0.498708869558141
FGFR1,0.247190475787484,0.0688707459128668,0.232489198737872,0.0967351376219321
FGFR1OP2,0.0686830383007641,0.562666407715734,0.0634083115087448,0.650661660988525
FGG,0.0198931196895665,0.895609263594427,0.0287836719193816,0.860323686029472
FGL1,0.420123303845883,0.0566850647272756,0.383427210756153,0.103960075356143
FH,-0.126428885779406,0.405552192569948,-0.119629898701318,0.475680570943116
FHOD1,-0.118760443076817,0.447571872616141,-0.075646880296639,0.65865410365142
FKBP15,-0.0190684327139019,0.904641869915739,0.00545944354459055,0.974260536319017
FKBP8,-0.0299796349713573,0.8426852737696,-0.0285099117040915,0.86497542852064
FLII,-0.160668049575797,0.0709330890544727,-0.110763133396488,0.202486451786074
FLNA,-0.299406375636692,0.153260965495906,-0.231389529184691,0.266617190358468
FLNB,-0.158560759361069,0.774011280527605,-0.0720808851384891,0.909320556365253
FLNC,-0.235437940768346,0.535440671850572,-0.162247575279517,0.699250439029516
FLOT1,-0.0979228118726487,0.506489604857908,-0.115153189615639,0.475680570943116
FLOT2,-0.316475244733787,0.0349314765513301,-0.312409409761276,0.0454306455199136
FLT4,0.271893427377925,0.118645522421439,0.223535802985699,0.213651169974066
FMOD,0.367314062278439,0.0746052792400597,0.341568128833526,0.136002411356565
FN1,-0.246632817725136,0.230315825572477,-0.188039690278887,0.366649827082972
FN3K,-0.125925947738221,0.506489604857908,-0.0334051509308226,0.879924127269952
FNBP1L,-0.130341520657072,0.447124144651692,-0.120808297015799,0.525338515491268
FRMD4B,-0.0825184583077154,0.505670781741117,-0.0618051150977645,0.649957528359948
FUBP3,-0.178371614958543,0.25476950245624,-0.144077163300129,0.396792649649777
FYB1,-0.169765492542657,0.0950203568378225,-0.132093818068563,0.213651169974066
FYN,0.0173981938569003,0.923296879219399,0.0382653067214956,0.840250796524471
G3BP1,-0.121987676556593,0.310631394510385,-0.134310101423954,0.304156035761387
G6PD,0.00469267726571532,0.970047734933474,0.0275394925638595,0.844560415016325
GALK1,0.0114863703153743,0.962161542334049,0.00696526112277634,0.981317640703211
GALNT1,-0.0784054396269473,0.716490349085982,-0.098710710411498,0.664271561608092
GANAB,-0.160728012361175,0.0055883506230472,-0.160957210336481,0.00858427093589799
GAPDH,-0.195129839138954,0.193131977187751,-0.180205627013059,0.28602836327883
GAPVD1,-0.135549740212072,0.295250661341945,-0.14251855047017,0.295747523694201
GARS1,-0.0884362587910386,0.422295158329909,-0.0891068872226702,0.470243929932434
GAS2L1,0.0135339226497358,0.947833559402364,0.0960656302303835,0.614394202468354
GAS6,0.318462740565323,0.184551168417875,0.244299580509575,0.330703059683805
GC,-0.0643661162903892,0.756284702850541,-0.064638927218322,0.782341892341038
GCLM,0.011751976483999,0.919285711063804,0.0407582253759017,0.725083316519059
GCN1,-0.0300237904186671,0.848806469904277,-0.0109908440515212,0.949528277995895
GDI1,0.0552758838000796,0.827694025035125,0.00103420109713519,0.996758091842151
GET3,0.139116015923787,0.295250661341945,0.106627406506527,0.458883562272013
GGH,0.308745099265335,0.238793084810801,0.219619668783052,0.454241925368405
GIT1,-0.0611875980428436,0.714732813389519,-0.0525582050393338,0.783929838678261
GLIPR2,0.467756820593424,0.181409171698419,0.46268212730731,0.221753626466198
GLUD1,-0.0846600146366625,0.514486592634527,-0.0774860250796113,0.601501515673113
GMIP,-0.0400778195444437,0.786236769277056,-0.0410827431876422,0.804845409419194
GNA13,-0.0127242598989956,0.940342916727735,0.00306642747015853,0.990130141878305
GNAI2,-0.232382346469845,0.0676177270041347,-0.237498560074143,0.0807833635739102
GNAQ,-0.211648941840641,0.199976909492686,-0.19520311842841,0.278516163966707
GNAS,0.182112502409373,0.446091822530898,0.190096808001762,0.489003617610882
GNAZ,-0.0921616205955061,0.423169514626163,-0.0500554192523169,0.634163843763355
GNB1;GNB2,0.144410355858616,0.657220698080723,0.159772979729956,0.650661660988525
GOLIM4,0.196736487564171,0.185320413862917,0.180551643016243,0.267066326031563
GOLM1,0.508560283274547,0.0408605071825396,0.515022886080436,0.0509050578617402
GOLM2,0.641711068547642,0.0055883506230472,0.662699155404218,0.00655096641698761
GOT2,-0.134652885344601,0.533188951455075,-0.0497306682164334,0.836615397991961
GP1BA,0.0502646935764845,0.777820413806147,0.0266227954209941,0.898635862758175
GP1BB,-0.39249408592621,0.0696853566038631,-0.339690082685405,0.120481183365988
GP5,-0.280886377542549,0.0874141654970941,-0.259666734922044,0.150590159372955
GP6,-0.264665199199909,0.0173614642884635,-0.232634769430781,0.0549729129336159
GP9,-0.306925482197266,0.437137207384805,-0.270910873327676,0.540032247454102
GPD2,-0.213026910626024,0.171279751116257,-0.183371843066658,0.252820413642734
GPLD1,0.475986103300637,0.0661810478217187,0.449587298825941,0.0987289533939877
GPS1,-0.00982809704634635,0.955826307839198,-0.061558085329635,0.736012906885203
GPX1,-0.398182395769548,0.0556608716914034,-0.369531049675602,0.0911972042816927
GPX3,0.303480134150952,0.269577456499608,0.208352470513291,0.474769621565791
GRAP2,-0.251841011578899,0.0148028950331893,-0.233381851969131,0.032160706517047
GRB2,-0.205471291673758,0.0688707459128668,-0.21186309084688,0.0812329101662516
GRIPAP1,-0.149330312456922,0.131655372534967,-0.145140089678468,0.172269306774562
GRK6,0.0493027350556207,0.756248492000289,0.0649307051376173,0.693777814543609
GSN,-0.178966562430966,0.225196675763803,-0.165474428001949,0.290162595057179
GSPT1,-0.141182572286911,0.158966251860681,-0.159154597337873,0.130962239340467
GSPT2,-0.31065928771638,0.0703314201758714,-0.318980610051863,0.0812329101662516
GSR,0.015707463380469,0.919285711063804,0.0153278415561858,0.927479831337248
GSTK1,-0.0366150817972281,0.832902425567772,0.00535599680241588,0.979656498588644
GSTO1,0.101145196947267,0.506489604857908,0.127920618963353,0.470243929932434
GSTP1,-0.0195761879432265,0.951851190759549,-0.0111535523470219,0.979656498588644
GTDC1,-0.269058652835417,0.164117665441389,-0.236188366287158,0.251179844809158
GTPBP2,-0.0500071948833219,0.732303756549518,-0.0461713794056864,0.781966366994194
GUCY1A1,-0.240305057206299,0.0926184146240862,-0.203092674465118,0.172269306774562
GUCY1B1,-0.129041180270875,0.104563118531684,-0.0984009710832577,0.22044161564243
GYG1,0.0347628350977911,0.881697382368258,-0.0353795732936312,0.878303127595877
GYS1,-0.237373417882512,0.164117665441389,-0.267895558981127,0.124890213564442
H2AC11;H2AC12;H2AC14;H2AC25;H2AC4;H2AC6;H2AC7;H2AJ,0.817390278303432,0.157228748003735,0.786715085629999,0.199451664163752
H2BC12;H2BC12L;H2BC13;H2BC14;H2BC15;H2BC18;H2BC4;H2BC5;H2BC9,0.788910923261351,0.122595572779218,0.727821836915326,0.172269306774562
H4C1,0.732416447484698,0.0688707459128668,0.73485507983203,0.0929578861602979
HABP2,0.099806031821965,0.333643410666912,0.111530872659798,0.32853701203282
HACD4,-0.398269239301008,0.0234996745573549,-0.389705794976926,0.0374431735479365
HADH,-0.300985691401639,0.0571761256418309,-0.279355452724714,0.0814067311920961
HADHA,-0.344330078934662,0.0870356136473496,-0.263659495932232,0.179110048348919
HADHB,-0.0177758502086309,0.919285711063804,-0.0180752724295104,0.925299808733696
HBA1,0.0850198451002506,0.8426852737696,0.0340884467986042,0.941716411468557
HBB,0.420285898243208,0.300037946879643,0.322407567046531,0.470243929932434
HBS1L,-0.0915081774341704,0.612972658264713,-0.0814704326554569,0.68043617785343
HCLS1,0.0097167816761927,0.952964814333771,0.0272385535479113,0.889057035859647
HDHD2,-0.0956880009071502,0.47154070783724,-0.105103724109839,0.4721783541272
HDLBP,-0.0660757273150561,0.571356872764549,-0.0307336635642786,0.822890250249691
HECTD3,-0.131705286884538,0.230315825572477,-0.107863452527398,0.359704218906241
HEG1,0.330772714959942,0.0609089141988823,0.315693173550728,0.093074928732019
HGFAC,0.369557363524909,0.305292260825664,0.274470927771575,0.488124948307531
HIBADH,-0.132565944503639,0.266407697138812,-0.123470182225232,0.347445501600145
HIBCH,-0.277322212487441,0.0844943283382773,-0.283674166729,0.0993390995820172
HINT2,-0.185881259367005,0.350077031035291,-0.170414419524216,0.4486909548721
HK1,-0.0477337849179485,0.755416179190356,-0.0533759906634946,0.755183809670882
HLA-A,-0.0450512940156488,0.825716407217174,-0.0419263086251175,0.856965573752886
HLA-B,0.114029993931417,0.593896736917357,0.15563219461676,0.495747362986265
HLA-C,0.244859940993157,0.504875214625375,0.341824192649301,0.364261553175523
HMGCL,-0.134526891263098,0.238793084810801,-0.118124420620137,0.352297090592767
HNRNPF,-0.127168453435757,0.518737873262761,-0.150592638543809,0.488124948307531
HNRNPH1,0.0593605964339318,0.694630905173187,0.0753718672154307,0.650661660988525
HNRNPK,0.033801614808138,0.76225981992015,0.0106717356327781,0.933503323009977
HOOK3,-0.0530734469304941,0.709721794199682,-0.0351635756510768,0.834067184774921
HP,0.362035232357167,0.238793084810801,0.286226120021626,0.399505586499206
HPR,0.499855134562827,0.129724393079066,0.397172812494208,0.278965826315421
HPRT1,0.0474113805922517,0.824524360742405,0.0496680322030176,0.833952415293969
HPSE,0.154850236994567,0.332247133474693,0.153965537338434,0.395080674144096
HPX,0.117031893862165,0.786236769277056,0.0913327610071142,0.856965573752886
HRG,0.0848316684288381,0.716490349085982,0.0152519419512222,0.953063947427446
HS1BP3,0.0599372816125104,0.763779599148366,0.0461717673914405,0.840250796524471
HSD17B10,-0.128903589575984,0.295250661341945,-0.134400644355221,0.319241582701968
HSD17B12,-0.198694559754051,0.238793084810801,-0.210875295457593,0.265407742486928
HSD17B4,-0.301534209921911,0.108734105039161,-0.27026349931448,0.16519266352098
HSP90AA1,-0.112828217763265,0.467445453271144,-0.114153450602324,0.515857468256633
HSP90AB1,-0.224306885387746,0.24329134406355,-0.255873586068221,0.221753626466198
HSP90B1,0.102957987659957,0.181302406376043,0.0959388958801905,0.260939809784899
HSPA1A;HSPA1B,0.0404437306556209,0.697467505426597,0.0506164737796242,0.658506720284845
HSPA1L,0.205450576613679,0.490841537962637,0.155945483711724,0.634163843763355
HSPA4,0.0578369563006103,0.741744126731874,0.00511125502118062,0.980897097424974
HSPA5,0.0321911665508353,0.76687250699292,0.041434549323387,0.732283700355561
HSPA8,-0.0885856700538923,0.553271112250347,-0.0517689471390506,0.755470611333732
HSPA9,-0.174196526062304,0.171808758637581,-0.151877530965978,0.269186553239479
HSPB1,-0.0456884571288075,0.76687250699292,-0.0620816558369149,0.702617562120228
HSPD1,-0.264042926007489,0.0676177270041347,-0.247589547286355,0.104620588172456
HSPE1,0.12514456376116,0.270878675465892,0.150842841262766,0.210051285631871
HSPG2,0.280658193605543,0.0291387055134898,0.259224931263538,0.0558116507325315
HSPH1,-0.0242807757778211,0.876684481314744,-0.0398570576249446,0.822890250249691
HTT,-0.0546373995723759,0.632072123452712,-0.0697149826085251,0.577280083824708
HUWE1,-0.157905754254237,0.141989940055028,-0.148643306471029,0.193847341474163
HYOU1,0.142231650620992,0.184625285158404,0.158755441283009,0.176029747531074
IARS2,-0.156620770273475,0.164117665441389,-0.142369578192806,0.252718329849005
ICAM2,0.180331856150104,0.53206226016848,0.207389602084881,0.522421397124445
IDH2,-0.259302293019186,0.230933565821282,-0.198946592159929,0.365527631779903
IGF1,0.538654089313378,0.0217056728449874,0.500796229903079,0.0402891024728924
IGF2R,0.464720917003399,0.0055883506230472,0.421805428526019,0.00848184692060685
IGFALS,0.102127677237918,0.647730252963929,0.0303953711845751,0.907793088306939
IGFBP3,0.440237927147282,0.189451950024051,0.402272223767509,0.285641120236964
IGFBP5,0.273647737607558,0.247313874479785,0.251361377252211,0.326038823961928
IGHA1,0.0532703292654196,0.59753738406127,0.0362298800923039,0.753010089703145
IGHG2,0.401188162481739,0.0753593042137885,0.337437316145007,0.150590159372955
IGHG3,0.760711447597369,0.187720670418009,0.692910576461288,0.284639203039936
IGHG4,0.357219729952614,0.219599619479272,0.253460818574561,0.405418707841347
IGHM,0.171871448624806,0.0950203568378225,0.157120200202992,0.168254990285874
IGHV1-18,0.481058296751756,0.193131977187751,0.38054101657472,0.333514162066555
IGHV1-24,0.322761090243703,0.210885180279612,0.231252609513116,0.399325772495553
IGHV1-8,0.399044481669842,0.347864366189287,0.372717421577499,0.394068778801725
IGHV2-26,0.624237904089325,0.185320413862917,0.449540267047481,0.3592344992206
IGHV3-15,0.323557286054529,0.434069801932028,0.182214271894852,0.722481629805071
IGHV3-49,0.35874718202295,0.280570595538071,0.371808753122479,0.306743101596528
IGHV3-7,0.311175993698171,0.482370523485909,0.203525828390192,0.676440992435424
IGHV3-74,0.684874259492112,0.0517097892430426,0.541018297746891,0.15761946465878
IGHV4-28,0.601511963524748,0.295250661341945,0.479235569011061,0.470243929932434
IGHV4-30-4;IGHV4-34;IGHV4-38-2;IGHV4-39;IGHV4-59;IGHV4-61,0.474704458332436,0.170001775730506,0.366371650985314,0.337629505118855
IGHV5-51,0.458812631954458,0.334582079332542,0.336307782092044,0.536174160110971
IGKC,0.167683223273391,0.36259480839829,0.161351514039161,0.437803774822413
IGKV1-16,0.331734330610986,0.331684004161402,0.265616059184972,0.495747362986265
IGKV1-17,0.770655012437687,0.043592475124822,0.696856531903701,0.0807833635739102
IGKV1-27,0.454458671048045,0.104522015658529,0.407992686200194,0.159231915810506
IGKV1-33;IGKV1D-33,0.88744090516947,0.060275039100655,0.642035388182746,0.137344662429251
IGKV1-39;IGKV1D-39,0.11345810371005,0.774387394058407,-0.02817737559844,0.95206460934971
IGKV1-5,0.616877601157166,0.0688707459128668,0.464658159263437,0.173460451056652
IGKV1-6,0.28886498115076,0.235612066315097,0.267209968688872,0.284639203039936
IGKV1-8,0.569779290422982,0.153260965495906,0.500690025037346,0.208151746965294
IGKV2-28;IGKV2D-28,0.245262011045,0.371004643105514,0.186345782404032,0.539240983381584
IGKV2D-29,0.185557722780629,0.289303504939952,0.172885849380991,0.384464855689767
IGKV3-11;IGKV3D-11,0.374242362129145,0.36308920942178,0.148193813499263,0.693777814543609
IGKV3-20,0.114884970577373,0.682703695204784,0.0353122538055273,0.907793088306939
IGKV3D-15,0.0923978823947319,0.741744126731874,0.0704470117778838,0.830911995500253
IGKV4-1,0.302117579598085,0.283583918559744,0.207302872239581,0.525338515491268
IGKV6-21,0.509726400227761,0.179403027714405,0.413493796348858,0.278516163966707
IGKV6D-21,0.636071981638171,0.0570989993283153,0.540909297400881,0.124083113754555
IGLC3,0.231598975394576,0.447571872616141,0.19141630919865,0.595441450323858
IGLC7,0.0226926645682162,0.919285711063804,-0.0387111175309059,0.874150275720682
IGLL1,0.29972393785294,0.162911677452731,0.226048036812617,0.308616360614764
IGLV1-36,0.349156705182479,0.358844944129682,0.280975509824898,0.510887202868653
IGLV1-47,0.58763614629784,0.16883326305095,0.58772515376283,0.198794455020217
IGLV2-18,0.434080257927756,0.0593610529413557,0.408694650010618,0.10208414327766
IGLV3-19,0.226215355262098,0.59664522029635,0.115278799197956,0.826915366928441
IGLV3-21,0.518441953290553,0.114078460414498,0.406332592467646,0.170018136517435
IGLV3-25,0.2414423802619,0.238466112211195,0.197282599320593,0.382115791354243
IGLV3-27,0.216543197187358,0.51343474645371,0.0854300241401926,0.822890250249691
IGLV3-9,0.288732490452136,0.230315825572477,0.222488680782757,0.398285237027945
IKBKB,-0.147612626472959,0.520583177169374,-0.123616096514849,0.634163843763355
IKBKG,-0.12386959947406,0.324515200959946,-0.109344966596588,0.43849095203232
ILF3,0.216930494979118,0.328193154309393,0.205184224142262,0.405418707841347
ILK,-0.0117165933924412,0.935355769714043,0.0296235646071972,0.836188970671364
IMMT,-0.120375335457465,0.39608240424463,-0.0747760946377428,0.614626323988942
INF2,-0.163202798693763,0.242971923132295,-0.11718755885918,0.432474846244123
INHBC,0.346774529885726,0.233993486901596,0.173121128143204,0.59626738686355
INHBE,0.202552460422506,0.336519576152831,0.150952958606439,0.498660586282861
INPP4B,-0.200439696469557,0.129724393079066,-0.199778338823059,0.159231915810506
INPP5D,-0.0175531249528283,0.943074669314514,0.10886077510793,0.590927577571609
INPPL1,-0.0771826085760318,0.502331864458969,-0.0610553650541871,0.634163843763355
IPO5,0.0288044505951666,0.858109096619609,0.0400715705972766,0.822890250249691
IPO7,-0.0384966316893204,0.844841811680362,-0.0596548573258767,0.773372307111198
IPO9,-0.0632638738912888,0.69505576103931,-0.071301103059908,0.685158390242758
IQGAP2,-0.192453329734294,0.0746052792400597,-0.148887906548154,0.175092766137538
IRAG1,-0.243747379884207,0.0981292206347413,-0.219015805611587,0.153053114695227
IRAG2,0.0568988021494733,0.812585628966755,0.0986942037267776,0.678637335080466
ITGA2,-0.137267944912418,0.259207135740779,-0.0733139520840772,0.55842062039496
ITGA2B,-0.290079407790009,0.169807248924226,-0.285502381895679,0.213880587888946
ITGA6,-0.222934103326168,0.260733758602153,-0.195745976923989,0.361066390073793
ITGAV,0.182894931232255,0.196846421589081,0.184588359557776,0.231693081939364
ITGB1,-0.0597619128612673,0.738741712040037,-0.0628965780844546,0.752285180181881
ITGB3,-0.328962690338359,0.185320413862917,-0.276531913916236,0.290162595057179
ITGB5,-0.163284752781527,0.189227913134116,-0.142499505605385,0.28602836327883
ITIH1,0.13277555778573,0.184777733672076,0.130360713136354,0.237318115100217
ITIH2,-0.00826192858305096,0.943074669314514,-0.0255013873325693,0.836615397991961
ITIH3,0.145402203469483,0.331684004161402,0.117693867550702,0.488720535350376
ITIH4,0.247753729192177,0.430976926346809,0.177830567987486,0.609275082408974
ITLN1,0.453389364014166,0.0472743713297221,0.415426474404718,0.0812329101662516
ITM2B,0.339856229837208,0.0844943283382773,0.34097255109768,0.0993390995820172
ITPKB,-0.12456949880581,0.438946000003282,-0.08239678004702,0.634163843763355
ITPR1,-0.130700789690811,0.386900253736676,-0.0893126908630923,0.583722224201375
ITPR2,-0.182466428060899,0.105617442056789,-0.142580030779827,0.168254990285874
ITPRID2,0.0394522616309453,0.849878745258103,0.0304507268583125,0.897371620511361
IVL,0.307318806917612,0.0720849060498136,0.297645751254828,0.10374920735768
JAK2,0.134170895894038,0.305292260825664,0.111697630166007,0.445743346370426
JAM3,-0.240628665001075,0.060275039100655,-0.230310948807676,0.0807833635739102
JCHAIN,0.466079210383251,0.505670781741117,0.516977304514017,0.517055189196465
KALRN,-0.278085121167072,0.0408605071825396,-0.261395542836082,0.0627887231425332
KANK2,-0.143516429117333,0.588198643974019,-0.142096926920141,0.621789886069468
KGD4,-0.245385599531452,0.292156550370075,-0.179322533644141,0.474023892797338
KIAA0513,-0.0486041568594931,0.8426852737696,-0.0609356475751335,0.822890250249691
KIF13B,-0.0988747232532572,0.373505546658722,-0.0942714216820966,0.449238263763491
KIF2A,-0.117180683240649,0.418899443916715,-0.083759238127048,0.60336338975331
KIF5B,-0.0564526122510943,0.76225981992015,-0.0188124739993271,0.931689503507683
KIT,0.43958951183059,0.0620654056491741,0.390952734617899,0.106348000689593
KLC1,0.245016427482636,0.104563118531684,0.279190681190732,0.0755144300713855
KLKB1,0.316038581242655,0.28352549610646,0.271709250788129,0.404399092170848
KNG1,0.0467316653740966,0.629445619709424,0.0285400428030477,0.803446642920633
KPNA4,0.236942710906608,0.466118361326939,0.20251408808674,0.583542139968337
KPNB1,-0.212297985646854,0.0173614642884635,-0.197686662976141,0.0379869772279802
KRT1,0.098521690151417,0.882279791532017,0.147656611459677,0.844285058590182
KRT10,-0.324857497865976,0.496151831075339,-0.335577067296693,0.525338515491268
KRT2,-0.253991675670714,0.62644160066508,-0.258825255279134,0.649957528359948
KRTDAP,0.343986283363569,0.287393150044498,0.310237928647464,0.391258994826127
KSR1,-0.281386109180489,0.0849175702316851,-0.265493061233949,0.128561829113795
KTN1,-0.057945379011066,0.501998927142554,-0.0389420956205131,0.676440992435424
L1CAM,0.0797767525000906,0.676902598048121,0.0719807531781762,0.732412731782352
LAMA2,0.26026976255881,0.227874736513416,0.255713951122937,0.278516163966707
LAMB1,0.284710183023507,0.170001775730506,0.227706936318041,0.302344698329713
LAMC1,0.386527042640103,0.022183876111669,0.357255200687592,0.0386716003779057
LAMP1,0.489765864493865,0.234248951465763,0.425862966325384,0.318347192171782
LAMTOR1,-0.101251041743658,0.741905380118337,-0.124376423869853,0.693777814543609
LARS1,-0.0871033698656374,0.555616961783027,-0.0690971536655049,0.676440992435424
LASP1,-0.236561942760617,0.44637285396406,-0.176788233893675,0.598738645454285
LBP,0.163432437713477,0.418899443916715,0.111999029084379,0.606157720436875
LCAT,0.526790732157859,0.12023933487706,0.455291397945992,0.201867706172652
LCP1,0.0780354898541721,0.661426161907043,0.0658278262629686,0.745591917635445
LCP2,-0.10388858341776,0.355365794677358,-0.120879508038295,0.319241582701968
LDHA,0.0371530869046528,0.843166040159656,0.0372444843666031,0.860323686029472
LDHB,0.284112913501329,0.317018390789787,0.172686348538614,0.568894418537361
LDLR,0.410555112544033,0.0475063818923366,0.356747372457123,0.0791660813675184
LDLRAP1,0.0682337387966287,0.752518932909916,0.0659664258881118,0.794593531307116
LGALS3BP,0.0904869186371719,0.552369353990151,0.0887219315676196,0.609275082408974
LIMA1,-0.0196110319982263,0.897135927061094,-0.0755275970091686,0.635725346684508
LIMD1,-0.306288442584138,0.0894000436253432,-0.284396482698,0.148677203783268
LMAN1,-0.193537505039679,0.436619042580319,-0.193745336246469,0.498708869558141
LMAN2,0.103965460814736,0.335442794073845,0.0665132481161665,0.605318242428734
LMNA,-0.0583966419388654,0.66609469503621,-0.0586389862868875,0.693777814543609
LONP1,-0.0916129106393401,0.689684845748348,-0.0887679183786989,0.725512443738138
LPA,0.233403377457838,0.123353914613882,0.223448087128528,0.174979120780445
LPL,0.218902124310443,0.36259480839829,0.117022329081081,0.614626323988942
LPP,-0.0766198851847372,0.618162006784789,-0.0244878385033749,0.888374330369584
LRBA,-0.201563852532284,0.0840812638087479,-0.155971121247533,0.174979120780445
LRG1,0.282806885476844,0.575393032949717,0.171235996851045,0.771751596111597
LRP1,0.312745302757951,0.0676177270041347,0.272024009254468,0.106389870390735
LRPPRC,-0.185614988358918,0.203434047078793,-0.11718422552539,0.42997595308091
LRRC32,-0.293776143953075,0.0055883506230472,-0.269080790117925,0.0075142794330705
LRRC47,-0.122894681383605,0.328193154309393,-0.11305855496948,0.41683797588527
LRRC59,-0.201225462236158,0.574469824242469,-0.128982832097666,0.765359152387951
LRRC8D,-0.136951299034165,0.42289743755578,-0.114892268495783,0.549732537378532
LRRFIP1,-0.210368835923895,0.226084585343282,-0.139527786705103,0.432429317585608
LRRFIP2,-0.201762282366501,0.154996336466629,-0.199930687169453,0.184939967468641
LSM1,-0.298194251893799,0.336825616971968,-0.313499666650266,0.364003724543375
LSM2,0.0896562796979156,0.744219797991414,-0.0198270864913956,0.941716411468557
LSS,-0.191689010019231,0.163947706997991,-0.185392023196944,0.215432170296501
LTBP1,-0.231198557872058,0.114827203457999,-0.211095676638131,0.172269306774562
LTBP2,0.477308346654165,0.0487297065171072,0.430683709111426,0.101094151639562
LTBP4,0.651542254969988,0.0161201040585561,0.558870776011898,0.0402600862880204
LUM,0.158518239814948,0.28352549610646,0.214999567120721,0.173460451056652
LY6G6F,-0.369925281897801,0.0688707459128668,-0.360232522500129,0.0961251902060986
LYN,-0.0660384545227229,0.653575050213679,-0.0471097527561346,0.773316141785713
M6PR,-0.140031045964245,0.253339196069789,-0.159213763779241,0.237318115100217
MACF1,-0.0893259821899091,0.352745421133446,-0.0480200188602169,0.617255732005602
MADCAM1,0.371861290282946,0.219714833508747,0.380070429405255,0.252718282688036
MADD,-0.154907288412836,0.0517097892430426,-0.143638254162344,0.0993390995820172
MAGED2,-0.217014778340036,0.114517642766995,-0.167375857512987,0.198451025392723
MAN2A1,0.254250500941789,0.171279751116257,0.231532836156449,0.231372216326812
MAN2A2,0.23963937613398,0.0798048734422319,0.1991305934444,0.130962239340467
MANF,-0.047846672949637,0.752305488807414,-0.0622766858450689,0.708498782920744
MANSC1,0.214322908633674,0.260925469773345,0.182994625246261,0.350722242549779
MAOB,-0.121659086956996,0.47154070783724,-0.0901305355864501,0.634163843763355
MAP1S,0.0380218240094461,0.8426852737696,-0.0191639817241939,0.913732639516977
MAP2K2,0.0295145812814679,0.828603065194028,0.0493795869997189,0.712580801344181
MAP3K5,-0.325739899407765,0.123585811345096,-0.313577770059034,0.167477418021816
MAP4,-0.00461106393228384,0.98311027360639,0.0498010042550401,0.833952415293969
MAPK14,0.0816642268367285,0.655941854229588,0.133651611852733,0.488527359630407
MAPKAPK2,-0.0199671785263298,0.937213321386988,0.00586449800352767,0.985882231420969
MAPKAPK3,-0.0309087736553812,0.8426852737696,-0.0174640182616007,0.919216109300355
MAPRE1,-0.164854988744677,0.284732805472693,-0.188078453106916,0.252718329849005
MAPRE2,-0.105923884968808,0.447524544645114,-0.159897288727303,0.202486451786074
MARS1,-0.111566397652,0.494160198818327,-0.0326483043211433,0.833952415293969
MASP1,0.0686861674611098,0.644518999185045,0.074993915461632,0.644970155290129
MASP2,0.433590007664823,0.0574057722061739,0.447275953400579,0.0755144300713855
MAVS,-0.239968518068623,0.331110021162943,-0.130726712151379,0.592492400177081
MBL2,0.176526130962292,0.443476700548551,0.129463150140923,0.609139865669135
MCAM,0.433357599181032,0.108629589872426,0.365306558255041,0.170018136517435
MCU,-0.295064892325062,0.0458027129936234,-0.26225791062297,0.0733684470321528
MDH1,-0.00477350054278989,0.990588118548315,-0.00440288488415097,0.992796156590222
MDH2,-0.229475255246514,0.369111158469843,-0.159670166704359,0.566702468334185
ME2,-0.2959305551612,0.0676177270041347,-0.257367741096232,0.104620588172456
MENT,0.458441600125049,0.145415481295363,0.375156217462119,0.231372216326812
MEP1B,0.608664768072802,0.00198417263180398,0.608546314015221,0.00526120267500057
MFAP4,0.293269968060985,0.447571872616141,0.184854389227548,0.621789886069468
MFF,-0.013664635507399,0.962161542334049,0.00251639773348967,0.994503594191058
MFN2,-0.168982039669026,0.30480276166468,-0.154870798347643,0.395703434630421
MGLL,-0.150994124208769,0.235612066315097,-0.137229558527031,0.320114852260124
MGP,1.1762386671944,0.0291387055134898,1.20863644591818,0.0376724592860917
MGST3,0.104958749252081,0.57036688740513,0.139861964976695,0.475680570943116
MIA3,0.706343975088443,0.0518390465930685,0.66295838676374,0.0813414805842012
MICAL1,-0.0723897686172356,0.584665066426626,-0.0643746931926262,0.661416289656158
MICALL2,0.334421577289477,0.164117665441389,0.310468486316109,0.248009141997611
MINDY2,-0.124644989958823,0.417992828724098,-0.145776293310875,0.384404658133569
MINK1,-0.0297259052976447,0.849878745258103,-0.0065862517051835,0.974235785654648
MINPP1,0.177641279721513,0.555616961783027,0.143416917905677,0.662018438038631
MLEC,0.0165656493852932,0.919285711063804,0.0306262863349403,0.864545664024925
MLYCD,-0.145844185127559,0.526058404504897,-0.0927398424063762,0.706720141091935
MMP19,0.372572754700569,0.0167101066695434,0.340006019970763,0.0363105588143893
MMP9,-0.0227253799974252,0.919285711063804,-0.0199534672748949,0.933982010383372
MMRN1,-0.3688101983497,0.0517097892430426,-0.302794512590821,0.0967351376219321
MMS19,-0.0385601817236885,0.843509597054276,-0.00741038502400058,0.974260536319017
MOGS,-0.121042954114512,0.447571872616141,-0.0747275127291177,0.676440992435424
MPC2,-0.167918874227282,0.310631394510385,-0.155362947232257,0.391481279546494
MPIG6B,0.264296249951118,0.550812055804467,0.383627858863564,0.409227614615507
MPL,-0.346887687333287,0.123644360289973,-0.360006314737895,0.150590159372955
MPP1,-0.0909334169909257,0.526058404504897,-0.0713296678600769,0.68012709113772
MPP7,-0.0473244686595255,0.774011280527605,-0.0154207772254277,0.934388439309693
MPRIP,0.0602813874211396,0.62374920137828,0.0651918584067977,0.635725346684508
MSN,0.120525617554407,0.541148534780859,0.0982286120000643,0.653783988131408
MST1,0.358802378082839,0.288314437832152,0.182826635647411,0.620843338858311
MTCH2,-0.174060002387219,0.30928361680257,-0.164016138224858,0.391280342520559
MTDH,-0.0934657228933397,0.531785244397496,-0.0799487382702331,0.638783459585514
MTHFD1,-0.0515402409053044,0.573304797302642,-0.047948566278051,0.645059387416144
MTM1,-0.150132039360426,0.319208444455455,-0.145452411792986,0.387258362740166
MTMR12,0.0125623223821091,0.904641869915739,0.0242936928901874,0.813591685902704
MTOR,-0.164216647953488,0.120827833528186,-0.121291324770778,0.281513525522211
MTPN,-0.262005930482041,0.189451950024051,-0.228458304323258,0.28602836327883
MTSS1,0.0171955782508955,0.937952575049008,0.00653096314371729,0.980897097424974
MTTP,0.446622598004083,0.0981292206347413,0.432888879804984,0.145224880762829
MUC20,0.439192559929178,0.043592475124822,0.415167905758796,0.0558116507325315
MVP,-0.105863468103717,0.295250661341945,-0.107711395729914,0.326038823961928
MXRA5,0.595791877991551,0.00648137914431768,0.564467768604593,0.0110866900801486
MYCBP2,-0.0950232542811393,0.51343474645371,-0.060039947215402,0.725512443738138
MYCT1,0.133971426020123,0.475968024982543,0.115576554770516,0.583722224201375
MYH9,-0.382477306746195,0.0688707459128668,-0.321034197258875,0.104620588172456
MYL12A;MYL12B,-0.402034385734195,0.277060376953963,-0.308991758240936,0.43849095203232
MYL6,-0.179077999339391,0.472456425842375,-0.116965715466181,0.650661660988525
MYL9,-0.120337185361112,0.279404553985789,-0.103792932641523,0.392990594605899
MYLK,-0.108228179555914,0.315660291314557,-0.109532522995435,0.362192836046743
MYO18A,-0.107266883755913,0.436619042580319,-0.0830715129606401,0.576623567800358
MYO1C,-0.0633109277004367,0.656108823269825,-0.0734434451805429,0.634163843763355
MYO5A,-0.211993903957194,0.103012748560545,-0.175592149113359,0.175092766137538
MYO9B,-0.0662790892621287,0.500083189864658,-0.0604643791992415,0.594020608741702
NACA,0.0535274199401452,0.862272925503174,0.0286035603395222,0.934338955611967
NAP1L1,-0.20888926973613,0.152038023868482,-0.239531280112055,0.113987232380743
NAP1L4,0.0399457338308338,0.874302185419725,-0.0275833672282317,0.91353996083368
NAPA,-0.186446092295493,0.345915186211428,-0.189773021689986,0.392990594605899
NAPG,-0.0684080483418033,0.587375534882379,-0.0337383823808718,0.817919231573113
NBAS,-0.276673499186648,0.0380988352663662,-0.241669910051389,0.0600677181001568
NBEAL2,-0.225996644215878,0.0709498733868086,-0.201131415597836,0.104620588172456
NCAM1,0.370202217996261,0.0131670339361277,0.349374772953683,0.0315648131919541
NCK2,0.168818920858893,0.353628395256479,0.167537980540397,0.406225840310275
NCKAP1,-0.0827036887617173,0.587375534882379,-0.0455055322646859,0.781966366994194
NCKAP1L,-0.0919881622373483,0.418899443916715,-0.125784899155507,0.308616360614764
NCKIPSD,-0.125109855726708,0.334582079332542,-0.0664187455526318,0.614626323988942
NCLN,-0.0974873972503347,0.418899443916715,-0.0983736431378823,0.470243929932434
NDE1,0.215485308981086,0.242717394368598,0.21125642660167,0.289783711558415
NDUFA10,0.0208392113052754,0.872241461190091,0.0273580718051288,0.847922111384189
NDUFA12,-0.226118454475258,0.179907073794039,-0.223891425600956,0.215432170296501
NDUFA13,-0.194223380429355,0.303171265479769,-0.129925381793642,0.475680570943116
NDUFA5,0.0458279653413991,0.8426852737696,-0.00169214335239006,0.995192425067869
NDUFA8,-0.0356320396001563,0.872939609789713,0.0101402081986082,0.958755342216796
NDUFA9,-0.154387557626029,0.384713156720659,-0.10342217596119,0.601808900094147
NDUFB4,-0.0685580497291272,0.62374920137828,-0.067465467541851,0.660073265556839
NDUFS1,-0.0706208075439802,0.601713895511234,-0.0224772239802419,0.888582917753569
NDUFS3,0.00440119785677607,0.979223583467507,-0.00229033343277889,0.992413319520315
NDUFS8,-0.18814644507895,0.386900253736676,-0.226412913583188,0.354078414987741
NDUFV2,-0.212652394537777,0.520035096726105,-0.273570359898939,0.419762981088431
NEK9,-0.109599428319113,0.447571872616141,-0.0992423230358396,0.540032247454102
NEO1,0.285858965851976,0.0696853566038631,0.2436670657004,0.140606872774294
NEXN,-0.183712643448183,0.230315825572477,-0.168169072322547,0.302344698329713
NHLRC2,-0.0168868392441292,0.936982911855499,-0.0158378302331854,0.941716411468557
NID1,0.203725387492053,0.124611864892835,0.159100169093909,0.248009141997611
NID2,-0.0814811505516405,0.538133898841405,-0.0840877130623984,0.583542139968337
NIPSNAP3A,-0.111648275775058,0.16414907604448,-0.107258962672028,0.22044161564243
NLRX1,-0.146853482790833,0.284891899541291,-0.10008036453148,0.489203789965591
NME1,0.342777744983864,0.0329625999811162,0.357660913099728,0.0355852008604603
NME2,-0.0831832910780463,0.700825618583375,-0.0501424700849817,0.844560415016325
NNT,-0.198531144698428,0.248497558187942,-0.145755056808663,0.406381061806203
NPEPPS,-0.0109557250838403,0.919285711063804,0.00368334356011538,0.979593396918095
NRBP1,0.0807258420623376,0.550812055804467,0.091934051077413,0.53558188289993
NRCAM,0.123006769174248,0.681218222966185,0.095950760609951,0.775464928509185
NRP1,0.41065041361397,0.0173614642884635,0.375719551283295,0.0382415943095439
NRP2,0.529404599754793,0.00554715131857844,0.493141614293346,0.00858427093589799
NSDHL,-0.323312422778422,0.0517097892430426,-0.288005699788049,0.0791660813675184
NSFL1C,-0.346624484895165,0.0558323161799787,-0.391043521233985,0.0347952359034006
NT5C2,-0.00632838060499593,0.945132318146412,0.0116163903802162,0.907793088306939
NUCB1,0.142189163550507,0.306989461046605,0.0982852456540418,0.525338515491268
NUCB2,-0.12885077279248,0.467217209758678,-0.139171024471197,0.488527359630407
NUDC,-0.104506212383097,0.447571872616141,-0.0873043021413626,0.581659780146851
OCIAD1,-0.207772167019843,0.276598316201246,-0.217387763597342,0.284639203039936
OGDH,-0.192963200624607,0.106938490728726,-0.170914281964097,0.172269306774562
OGN,0.425628608972285,0.144684674038516,0.349370237005724,0.267066326031563
OIT3,0.122191840830857,0.781163781414172,0.108918219019445,0.833952415293969
OMD,0.447339341530492,0.0205696341301766,0.382977628586489,0.0627887231425332
OPA1,-0.232194254707463,0.0055883506230472,-0.22114859611457,0.0111337890122557
OPTN,-0.207008663551271,0.306867111976222,-0.174002947603239,0.434118723340768
ORM1,0.14904663388411,0.686961001130454,0.123845581027712,0.771751596111597
ORM2,0.311446108755634,0.230315825572477,0.230338597177476,0.422870258365489
OSTF1,-0.0932479843342141,0.599640741421988,-0.136736551335346,0.4486909548721
OXCT1,-0.318739162179067,0.0517870697399101,-0.309767591485369,0.0769443477422123
P2RX1,-0.422054917290142,0.0288318291732275,-0.390686515061581,0.0454306455199136
P3H1,0.0406636818343958,0.774870048185168,0.0513125693017063,0.737035451504749
P4HB,0.0217030050277605,0.873090864111021,-0.000686595258469545,0.996359294186469
PACS1,-0.100014898692379,0.248497558187942,-0.0913328548320424,0.335141150736878
PACSIN2,0.169671922717079,0.280610952261843,0.115863992560817,0.488527359630407
PAICS,-0.0479006178393746,0.756284702850541,-0.0588410105141248,0.724572681888406
PAM,0.289393473150968,0.226084585343282,0.281124816743782,0.278516163966707
PARD3,0.0271386822565254,0.774387394058407,0.0270170330287707,0.803359709522406
PARVB,-0.279063454301306,0.108915473248349,-0.223542974975082,0.187197191142656
PCBP1,0.0155568596837402,0.943074669314514,-0.0413676549360658,0.856965573752886
PCBP2,-0.0982945708681576,0.591671366614166,-0.0429425646996992,0.836615397991961
PCCA,-0.0655131482473701,0.628869679569787,-0.0278062939154049,0.850035360362657
PCDH1,0.403795890682028,0.0720849060498136,0.367918691003677,0.115494968120288
PCDH12,0.227014343046438,0.258399080368608,0.15804277071245,0.436650167637141
PCDH18,0.592432174838194,0.00978296421251141,0.518232380490155,0.0216536547019223
PCMT1,0.00417618562138809,0.970047734933474,0.0114159858583592,0.931634068308536
PCSK6,0.00148597769181124,0.992585598080525,0.0259167492916188,0.884276464187004
PCSK9,0.271902639568838,0.138925162934854,0.22608607540297,0.221753626466198
PCYOX1,0.178226071464535,0.45255221727652,0.0794017278476208,0.753010089703145
PCYOX1L,-0.205889938358715,0.170517299791322,-0.169835444151314,0.302971541637424
PDCD10,-0.291814662713838,0.373053165274271,-0.393640178885525,0.256215547677432
PDCD6IP,-0.0314609148844142,0.825716407217174,-0.00857472366513678,0.953941638818987
PDE3A,-0.147073283782899,0.305560562394568,-0.134531245983632,0.405418707841347
PDE5A,-0.0719930242018388,0.59753738406127,-0.0241614120514537,0.874370419105594
PDGFRB,0.299831052922196,0.29285638733209,0.271118280711309,0.398285237027945
PDHB,-0.0614380559279749,0.665081518457681,-0.0642670779057092,0.676440992435424
PDIA3,0.30804524158557,0.0156284117097196,0.279843021231368,0.032160706517047
PDIA4,0.0222535308344645,0.870400398726551,-0.0132947266982422,0.923986029182151
PDIA6,-0.196118454500666,0.259207135740779,-0.214459090269437,0.252820413642734
PDK1,-0.0452639562969857,0.828603065194028,-0.0285927590649599,0.905115759734957
PDLIM1,-0.123645808693809,0.44783359683456,-0.073708043851328,0.692049928883108
PDLIM5,-0.0717408197002171,0.555616961783027,-0.0394302996371357,0.781966366994194
PDLIM7,-0.139960271631058,0.184777733672076,-0.13442981639465,0.252820413642734
PECAM1,-0.330768544089012,0.0453246333777184,-0.283928495321609,0.0791660813675184
PEPD,0.22691685971559,0.321816293334875,0.296342319984869,0.208214918155331
PFAS,-0.105395916185237,0.477006284674888,-0.0987024485865126,0.557823811417833
PFDN5,0.100696373236146,0.629642132752917,0.0843850425122439,0.721682836256313
PFKL,-0.106330888653251,0.467445453271144,-0.105767566828159,0.51695952818861
PFKP,-0.115132530638948,0.319137219217554,-0.0812709534771523,0.553273283118665
PFN1,0.332523200684418,0.369251537357084,0.36821719295786,0.366649827082972
PGD,0.148407876118387,0.276598316201246,0.164875106499132,0.280279651498523
PGK1,-0.0105161887588357,0.952964814333771,-0.0450962678660545,0.819083582667044
PGLYRP2,0.393142343891638,0.101068253816082,0.363974932845603,0.15761946465878
PGRMC1,-0.0989230358151875,0.667259044811864,-0.0538249172768554,0.847416161741939
PGRMC2,0.0298856666654096,0.888564844455213,0.0427369549271141,0.856965573752886
PHB1,-0.151289186196449,0.41315105011107,-0.171340548058295,0.392990594605899
PHB2,-0.292005303231468,0.0417755051053057,-0.245576211042914,0.0880107333433694
PI16,0.113465100050679,0.512190745086057,0.088416101833969,0.649957528359948
PI4KA,0.204959839438737,0.153742660650778,0.22321840668238,0.136002411356565
PIK3CB,-0.0926686200733455,0.741744126731874,0.0147358597752835,0.953941638818987
PIK3CG,0.023565798634519,0.882253084894273,0.0355921728473485,0.836615397991961
PIP4K2A,-0.284177218651792,0.0408605071825396,-0.279819423504497,0.0549729129336159
PIP5K1C,-0.00930191431389132,0.943074669314514,-0.00927224562840419,0.949528277995895
PITPNM2,-0.163387049880989,0.450568538911835,-0.116424811747316,0.614626323988942
PKHD1L1,0.174162031772669,0.156043193943081,0.144122682138482,0.252820413642734
PKM,-0.082917400235025,0.418899443916715,-0.0670619990238789,0.565374964994221
PKN1,-0.0492308371075414,0.771544498401778,-0.0466343355689881,0.809754843006474
PLA2G4A,-0.0445165907778195,0.76225981992015,-0.0597358871258109,0.697086571756023
PLCB2,-0.0611767536282687,0.683212516360457,-0.0440639225315075,0.809953974338249
PLCB3,-0.104686742286044,0.713364346234123,-0.120119066851674,0.702617562120228
PLCG2,-0.105913000516717,0.475796251088607,-0.107717088034951,0.512060281867433
PLEC,-0.15461605098957,0.162911677452731,-0.0999534510194946,0.3592344992206
PLEK,-0.427190586682462,0.0226161760465772,-0.417159140891388,0.0376724592860917
PLEKHF2,0.218764696048158,0.161081238958144,0.222793274484325,0.174979120780445
PLEKHO2,-0.0775702294863982,0.738304328184305,-0.108089915196367,0.65941254647424
PLG,0.0902779152900833,0.742145583657333,0.0553846683941612,0.861637387418443
PLIN1,0.279386918680959,0.287534019482163,0.25266471251348,0.367000646772311
PLIN3,-0.00267371409479848,0.98782645142844,0.00963114298569595,0.954974460667463
PLTP,0.33826458172355,0.137480013058878,0.25523030812674,0.239725068653203
PLXDC1,0.407248353930293,0.0342869571008979,0.362872807241277,0.0558116507325315
PLXDC2,0.263211356515186,0.162911677452731,0.26896894181863,0.177419066595854
PLXNA4,-0.301164818321334,0.0408605071825396,-0.257661251831877,0.0812329101662516
PLXNB1,0.371144102516931,0.0570719710028045,0.283299138629575,0.138242584897508
PLXNB2,0.167384740891913,0.0840812638087479,0.170636013394375,0.102567535900337
PMEL,0.150200623656783,0.725889634660066,0.126335687668957,0.799742243817041
PNP,-0.142204320718401,0.319208444455455,-0.153351593486149,0.332367292284691
PNPLA6,-0.163873029670075,0.408078855787448,-0.150793792741738,0.495747362986265
PODXL,0.299969982556278,0.506489604857908,0.254140110673401,0.631912597910131
PON1,0.10980634227285,0.574469824242469,0.0862838140330943,0.693569811978767
PON3,0.314062280440159,0.164110608581169,0.269793968375281,0.263385733732908
POSTN,0.333506406477184,0.188974803292354,0.262539968369538,0.308616360614764
PPA2,0.114349937441615,0.689077472005616,0.106666239049196,0.736406152221057
PPBP,-0.186987607505065,0.376344374131046,-0.1631538862557,0.488527359630407
PPIA,-0.073047723326101,0.709190151050258,-0.109935004237812,0.59676572668741
PPIB,0.158739920593804,0.541148534780859,0.124822025647944,0.669995740051475
PPM1A,-0.106214962010325,0.436620909382323,-0.115121161938431,0.445743346370426
PPM1F,-0.237628945554958,0.295250661341945,-0.236784464354186,0.341354213596768
PPP1CA,-0.0745437878030856,0.682969140259512,-0.108984449617945,0.583722224201375
PPP1R12A,-0.0640684672457145,0.502331864458969,-0.0556797047634716,0.60481007103974
PPP1R12C,-0.105617392661789,0.313913635348776,-0.0993625021991817,0.395703434630421
PPP1R2,0.202893131549469,0.324515200959946,0.162713716819696,0.474372419682455
PPP1R3E,-0.188862000486706,0.104563118531684,-0.201883755750048,0.0794987514252656
PPP1R7,0.04088705895391,0.824524360742405,0.0463456837093903,0.822890250249691
PPP1R9B,-0.0522331735423777,0.692614847197092,-0.0825107564178104,0.551626188520567
PPP2R1A,-0.196698861661529,0.0591541261682274,-0.163588186388164,0.137344662429251
PPP6C,0.0326753587158961,0.872241461190091,0.0356200208817052,0.874921197144561
PPP6R1,0.0612202217199577,0.812165782494142,0.132259135387524,0.586829774085996
PRDX1,0.021213369966521,0.877750476105821,0.0432085324681886,0.765359152387951
PRDX2,0.129189873698169,0.682873545267904,0.0689559353773158,0.856965573752886
PRDX3,0.10164085380726,0.609806642177911,0.132078667696977,0.539976768340768
PRDX4,-0.160270007593929,0.618024054617261,-0.0753218684297293,0.838896811862519
PRDX5,-0.206613190609157,0.304169806257802,-0.188720625086569,0.391280342520559
PRDX6,-0.162513206210596,0.307036577914603,-0.181053870394063,0.298708312814273
PRG2,0.306747322938897,0.0478111822009687,0.295535627685016,0.0755144300713855
PRG4,0.289599414804574,0.170517299791322,0.254433953487309,0.267066326031563
PRKAA1,-0.121186274002103,0.343521673352411,-0.111704143439876,0.43849095203232
PRKAB1,-0.127369183870562,0.404410561701322,-0.111314006441422,0.51695952818861
PRKACB,-0.0958775297267262,0.330775267564225,-0.103361682669619,0.337503377205629
PRKAR1A,-0.0176391583155372,0.936982911855499,0.0213011536585652,0.923986029182151
PRKAR2A,-0.0717020172302065,0.710875370380982,-0.121217457795642,0.543858222529844
PRKAR2B,-0.127974726803997,0.447571872616141,-0.156831749907374,0.381864055221183
PRKCA,-0.29884805010035,0.0362617610571836,-0.307866707473587,0.0396328079799145
PRKCB,0.182333533003744,0.373053165274271,0.165803352021265,0.474023892797338
PRKCD,0.00737514356780864,0.952964814333771,0.0238099751250701,0.870064192860164
PRKCQ,-0.0395105527773826,0.730966744860379,-0.0482448466153289,0.687135282270764
PRKCSH,0.161373433438583,0.181302406376043,0.177410014544392,0.174979120780445
PRKG1,0.0294358276236444,0.768617451162407,0.0268489450293353,0.817919231573113
PRMT5,0.112039134045676,0.502331864458969,0.094703555822383,0.606157720436875
PROC,0.0374620837829352,0.824763353493102,0.0432865662078559,0.817919231573113
PROS1,0.167290242922537,0.11752841912916,0.162024164994725,0.159384752114903
PROZ,0.0316321585458222,0.829970570664037,0.0413395945170434,0.804037031175495
PRPS2,0.0328617466161692,0.829768647534318,0.0092773474455701,0.954236730029586
PRPSAP2,-0.265754320437558,0.0958989948363472,-0.247234705489288,0.118506818983655
PRSS3,0.621351455048898,0.0291387055134898,0.615283852105692,0.0445483548551406
PRUNE1,-0.0910306077408993,0.460728737837485,-0.116925905248589,0.319241582701968
PRXL2B,-0.0504724848617805,0.827694025035125,-0.0689704594231879,0.781966366994194
PSAP,0.229760065459594,0.182697582775027,0.270415589469871,0.156368726857546
PSMA1,0.11131069338251,0.394400559464919,0.0926386111604457,0.525338515491268
PSMA2,0.0859493067988135,0.648488543829197,0.0107243790936556,0.953941638818987
PSMA3,0.107569368513892,0.752525090978535,0.147018674113238,0.676440992435424
PSMA4,0.221264611900652,0.23199733835842,0.154581652631372,0.405418707841347
PSMA5,0.194010036936067,0.343521673352411,0.174437795825152,0.45647415802809
PSMA6,0.115017490005757,0.588198643974019,0.129167890692506,0.583722224201375
PSMA7,0.0536328279902885,0.7538354273843,0.0559600016453022,0.77191008833893
PSMB1,0.145757727388192,0.431616998557805,0.108947885829322,0.567221901699576
PSMB10,-0.0486705391696538,0.822685950169423,-0.102587019292798,0.614626323988942
PSMB2,-0.0232586409325865,0.919148571191962,-0.0588434074411356,0.803053840788885
PSMB3,0.11656849689988,0.620425924606829,0.095225358077371,0.708498782920744
PSMB4,0.154063417462991,0.460728737837485,0.159770760269218,0.496094245789414
PSMB5,0.333643417966339,0.167144821273483,0.28702980249541,0.268134837868629
PSMB8,0.408897800332851,0.156043193943081,0.353810291542441,0.248009141997611
PSMB9,0.166446785365368,0.467560973949144,0.122572574579199,0.605092287094985
PSMC1,0.0115011182092685,0.942384019543469,-0.0285099717612195,0.849432103108096
PSMC2,-0.0321292126705069,0.877750476105821,-0.0263167373459469,0.909320556365253
PSMC3,-0.0893921487933598,0.550626613621204,-0.105160505406545,0.525338515491268
PSMC4,-0.0917417341713843,0.329364131880753,-0.103775851495515,0.31366376005609
PSMC5,-0.0905017366669104,0.247313874479785,-0.109501700920251,0.174979120780445
PSMC6,0.00420699585858587,0.980677062145808,0.0287507437548545,0.881348028548271
PSMD1,-0.143928861983838,0.215780347230935,-0.132783114040402,0.299453891728529
PSMD11,-0.256466798453908,0.00153556943169384,-0.24890531391328,0.00364643071584483
PSMD12,-0.19600054530907,0.143244223507551,-0.195593166588664,0.173460451056652
PSMD13,-0.236189265234705,0.0101305235734647,-0.182476213610072,0.0376655151857509
PSMD2,-0.143900734802394,0.203434047078793,-0.166599126102012,0.177513955097846
PSMD3,-0.0941477215776878,0.269577456499608,-0.0798617630520026,0.393354054033349
PSMD5,-0.0578439560877452,0.62374920137828,-0.0624173089136607,0.633420739558748
PSMD6,0.0276831903477801,0.872695308528777,0.0480957821791256,0.794593531307116
PSMD7,-0.000891504701219441,0.997839360586913,0.0295807680088158,0.875316621930704
PSMD8,-0.0319339470718726,0.872241461190091,-0.0848894707719399,0.623774923456921
PSME1,-0.0731639657434363,0.550626613621204,-0.0630472731127532,0.650661660988525
PSME2,-0.0627998050698652,0.685460498596016,-0.0649733055348062,0.70658391933095
PSMF1,0.0227308635916621,0.919023678978984,0.0311463781656234,0.896929877120738
PSTPIP2,-0.0429018476900435,0.827694025035125,-0.0258644959252093,0.907793088306939
PTGDS,0.240048816282558,0.460728737837485,0.161033554509618,0.651253885498814
PTGS1,-0.260034177489722,0.060275039100655,-0.219912805930428,0.104620588172456
PTK2,-0.139326523370968,0.155999411212302,-0.166655063183651,0.119503305448107
PTPN11,0.0270802709472143,0.824524360742405,0.0357348464670044,0.78497363267482
PTPN12,-0.0673209958969029,0.518721856191716,-0.0412534448438164,0.733756640442667
PTPN6,-0.00678131917935142,0.947833559402364,-0.00563542073588456,0.961319369991044
PTPRA,-0.0216555051952694,0.889234103530106,-0.0325994470887433,0.848881555364327
PTPRC,0.230385169218881,0.189451950024051,0.228151513154756,0.236898574003559
PTPRG,0.238263250799532,0.180749285045741,0.21238422197429,0.269789814047336
PTPRJ,-0.0059738382904524,0.947833559402364,0.000999756397281434,0.994080109439735
PTPRZ1,0.464776999988896,0.0566850647272756,0.458187020215856,0.0766999161075795
PTRH2,-0.183360145727986,0.180749285045741,-0.204816196067338,0.16424653574371
PTTG1IP,5.98777726245495e-06,0.999969600101054,-0.114489327409717,0.58358210541458
PTX3,0.474060538455654,0.0055883506230472,0.442317656116266,0.0153493520803499
PYGB,0.115087200499191,0.157670833760516,0.109492999979101,0.216548386132532
PYGL,0.0934077126667952,0.466170351109932,0.0969001526497558,0.500281540945435
QSOX1,0.444356019494006,0.0290830989952551,0.400263972295473,0.0549729129336159
QSOX2,0.339997176840757,0.198557689037756,0.318679997213421,0.290163477277918
RAB10,-0.19570721725244,0.436619042580319,-0.148983552561504,0.577799377782782
RAB11A;RAB11B,-0.180125703634434,0.394599300458361,-0.178627056979884,0.450896986238246
RAB11FIP3,-0.163514438316322,0.450568538911835,-0.155997523516591,0.525338515491268
RAB14,-0.10423761174356,0.53206226016848,-0.112108255312303,0.55494104263259
RAB1A,-0.256130602942504,0.185320413862917,-0.192722388410427,0.312759362666748
RAB1B,-0.166470208345737,0.405552192569948,-0.150468061458716,0.498660586282861
RAB27B,-0.36702769211476,0.0430035503105484,-0.332911946063248,0.0601680508188774
RAB2A,-0.0997294266203376,0.518721856191716,-0.0667495429457191,0.696950000396521
RAB2B,-0.199112479804346,0.373505546658722,-0.143605391303488,0.560269070393688
RAB32,0.0705358953695092,0.682873545267904,0.0673099123815528,0.732412731782352
RAB37,-0.117801716631864,0.40430799721595,-0.104354351396756,0.49841555548775
RAB3C,-0.107275870691511,0.574469824242469,-0.154515956538827,0.470243929932434
RAB3GAP1,-0.205911270273638,0.0570989993283153,-0.227009990786682,0.0437037197390297
RAB5B,-0.0705233535645918,0.757682479835698,-0.031718382484726,0.905115759734957
RAB5C,-0.159260319906453,0.238793084810801,-0.161521747449147,0.278026722666201
RAB6A,-0.168523600815998,0.512190745086057,-0.235310662632163,0.422437725075564
RAB6B,-2.66125828702346e-05,0.999969600101054,0.00483786829954224,0.986715667712626
RAB7A,0.0686763329871595,0.688367795054894,0.111931245541325,0.565374964994221
RAB8A,-0.013675982812421,0.947833559402364,0.0468932430596086,0.838896811862519
RABEP1,-0.0843644506543294,0.51343474645371,-0.0393944312481827,0.772244708367065
RABGAP1,-0.0752017610845614,0.5567152509167,-0.0626528809187999,0.65941254647424
RABL6,-0.275255099442055,0.189451950024051,-0.32495430153877,0.183541958488972
RAC1,-0.353124456316088,0.0408605071825396,-0.346456364472324,0.0549729129336159
RAC2,0.125894701959954,0.414402543780165,0.0832892561620362,0.60336338975331
RAN,0.207783425787217,0.226084585343282,0.196247104021848,0.278516163966707
RAP1A,-0.208651933588875,0.233993486901596,-0.20307484087547,0.287521728712751
RAP1B,-0.217801088785098,0.529797167466875,-0.31255682687552,0.414873573651711
RAP1GAP2,-0.0490161009844623,0.741744126731874,-0.0628429800483561,0.693777814543609
RAP1GDS1,-0.187409093990803,0.0524212050261737,-0.18430298652185,0.0755144300713855
RAP2B,-0.0616323153259465,0.772350788314678,-0.0300904249882332,0.903487028714821
RARS1,-0.0864303228745819,0.265403027820898,-0.0657156875766674,0.450896986238246
RASA1,-0.171137425854422,0.28043319950308,-0.116116782766786,0.488527359630407
RASA3,0.0228775683038264,0.85609877329568,0.0485970819595195,0.693777814543609
RASGRP2,-0.00558197608071887,0.973994444341752,0.0102808022213444,0.956205036310927
RBP4,-0.242761505735822,0.131268270832223,-0.240051633712945,0.171484284266152
RCN1,0.326326408986779,0.0822070388278004,0.26129361403135,0.170018136517435
RDH11,-0.221764504717402,0.268972230766459,-0.18051419691183,0.409227614615507
RDH14,-0.14917650963379,0.432165531495083,-0.148205278118433,0.488527359630407
REEP5,-0.0215672556922162,0.896612190959094,0.0319387103601348,0.844560415016325
RELCH,-0.0417009844562033,0.676902598048121,-0.0449485025741015,0.676440992435424
RELN,0.381656589756366,0.00802525699692618,0.314972088426555,0.0437037197390297
REPS2,0.0831353190179122,0.655941854229588,0.106794550907883,0.609139865669135
RETREG3,-0.200313971439884,0.291592715392227,-0.23205710542453,0.28602836327883
RGS18,0.0888598705250366,0.673053492543066,0.103117500513353,0.65941254647424
RGS19,-0.140343545144979,0.447571872616141,-0.121627272107555,0.563694396994673
RHOG,0.107430850400407,0.588198643974019,0.0972373444590914,0.65941254647424
RILPL2,-0.0676249517637972,0.795816001796755,-0.0600000228616531,0.838896811862519
RIPK1,-0.0909418952819281,0.642154589842909,-0.0919634548755707,0.667791610244297
RIPOR3,0.0131244663027786,0.947833559402364,0.0267192625678784,0.907793088306939
RNASE4,0.129916250112986,0.444180824716251,0.0688134548899639,0.69729566512602
RNF11,0.394918946907634,0.164117665441389,0.398657399573112,0.188370613709903
RNH1,0.467768412853745,0.0688707459128668,0.466017134911198,0.0880107333433694
RO60,-0.133399155537891,0.386846409816227,-0.163876229015595,0.318347192171782
ROCK1,-0.0771216835074488,0.417625964977191,-0.0592505028307964,0.560269070393688
ROCK2,-0.0916189856335135,0.399626424593923,-0.0657168631445983,0.560263222587883
RP2,0.058314168735971,0.854729706152697,0.113930036725528,0.696725090812756
RPIA,-0.336379202857956,0.035424228778312,-0.372395226342571,0.0205373556257871
RPLP0,0.16244476014445,0.447571872616141,0.151078296088646,0.532192819545362
RPLP1,0.021386106878639,0.943074669314514,-0.0490969075796314,0.877642531647716
RPLP2,0.251365909832441,0.0736281959566895,0.268833493532419,0.0755144300713855
RPN1,-0.11121978086609,0.35047648943495,-0.0732330159653813,0.573478883228809
RPN2,-0.294109550444639,0.0764582266277857,-0.272034957059887,0.114672705833512
RPS12,0.188358392276648,0.314529973672646,0.208194925207338,0.304156035761387
RPS27A;UBA52;UBB;UBC,-0.128093641077383,0.644305273383851,-0.0940719181818422,0.765826194294754
RPS6KA3,-0.058593513431438,0.628706084709385,-0.0582404938163651,0.65941254647424
RPSA,0.37489865399252,0.256727065259558,0.394488014556474,0.268134837868629
RRAS,0.203358881689883,0.285556714495499,0.224722337494916,0.256215547677432
RRBP1,-0.0605592971169797,0.653277702114792,-0.0390467832086291,0.803446642920633
RSU1,0.0331071203359042,0.881697382368258,0.0922727187809947,0.676440992435424
RTCB,-0.160134157393551,0.177550789953749,-0.206497701830927,0.0987289533939877
RTN1,-0.186188369834936,0.324515200959946,-0.151884935563437,0.464692920887929
RTN2,-0.171404365204149,0.502331864458969,-0.119694863268188,0.64263557144862
RTN3,-0.289676513641009,0.185320413862917,-0.250253293518456,0.28216445008735
RTN4,-0.459530885700682,0.0566850647272756,-0.481258942675925,0.0627887231425332
RTN4RL2,0.116584267942083,0.53206226016848,0.0843845673398222,0.68043617785343
RTRAF,-0.142982379967719,0.110870565953831,-0.113691943926525,0.239725068653203
RUFY1,-0.0601925669023081,0.682873545267904,-0.0421632897890022,0.803446642920633
RUVBL1,-0.0710450758618395,0.685180609854533,-0.0447642880799637,0.826915366928441
RUVBL2,0.124923870009054,0.373505546658722,0.159550337258733,0.215038862039492
RWDD1,-0.00059334484068099,0.99794876737765,-0.043461796118292,0.869344079182266
S100A9,0.465600633723884,0.184551168417875,0.413317627030109,0.28602836327883
SAA2,-0.084786021664837,0.862272925503174,-0.226720390690345,0.645059387416144
SAA4,0.442006695286363,0.0811061524262453,0.371829102581754,0.167856887944943
SACM1L,-0.179628783415851,0.417137854316087,-0.103497483166906,0.64263557144862
SAR1A,-0.152780061762763,0.351434421450015,-0.188601310246909,0.268134837868629
SARG,-0.131632425638526,0.377670597984496,-0.13054120150505,0.434118723340768
SCAMP1,-0.0854988599884144,0.506489604857908,-0.0720957340025027,0.619774516242786
SCAMP2,-0.18282313790669,0.219714833508747,-0.13238131437018,0.384198098322544
SCAMP3,-0.028189318602856,0.874302185419725,-0.000560815211027852,0.997532285144801
SCARF1,-0.0715521374045974,0.733599385355065,-0.0711176487459833,0.777387938474682
SCCPDH,-0.488775870159603,0.0648489539151875,-0.466318432463408,0.0961251902060986
SCFD1,-0.103885336139375,0.295280720070734,-0.0794730464780883,0.480815799198149
SCRN1,0.0249720665072653,0.93885881020199,0.0533805322080029,0.877642531647716
SCRN3,0.0112522147461551,0.97119206392724,-0.0531272094895402,0.879096369764835
SCYL2,-0.00938976424772776,0.940342916727735,0.0261315739867559,0.833952415293969
SDCBP,0.093223283518565,0.550626613621204,0.0732664113890921,0.649957528359948
SDF4,0.310117439478159,0.239398591169002,0.242229580753461,0.396792649649777
SDHA,-0.156693021369317,0.332597683778249,-0.130632813020095,0.475472705583364
SDHB,-0.289767775917186,0.171279751116257,-0.247834612785095,0.268134837868629
SEC11A,-0.0890218066893068,0.657220698080723,-0.0181908791704781,0.933503323009977
SEC22B,-0.256611137238609,0.386900253736676,-0.258648132464531,0.433118297091626
SEC23A,-0.276029767990908,0.0148028950331893,-0.273050731223972,0.0216536547019223
SEC23IP,-0.178432183907089,0.332597683778249,-0.192854172154526,0.344817292950705
SEC24C,-0.186176678099637,0.356994886698685,-0.200432327554736,0.362192836046743
SEC31A,-0.0360455283919762,0.822685950169423,-0.039112885150413,0.826051747545193
SEC62,0.0347333160784638,0.817481524775221,0.0391347407664948,0.809823234409346
SELENOF,-0.0919951939398945,0.578255466876539,-0.0815422844439152,0.660073265556839
SELENOP,0.031174930896142,0.881697382368258,-0.0273341795715971,0.898635862758175
SELL,0.740508479497052,0.00978296421251141,0.643454599111845,0.0302194923122951
SELP,0.0429017782294696,0.856359831417698,0.0341558589980838,0.898635862758175
SEPTIN11,0.0453375600440293,0.778340607830228,0.0549457604109299,0.755470611333732
SEPTIN2,-0.0633062970589993,0.564759509714918,-0.0653690281344072,0.601501515673113
SEPTIN5,-0.0446488933504938,0.848806469904277,0.00524889161602561,0.985882231420969
SEPTIN6,0.099624640852619,0.780294662850079,0.184607134416366,0.633420739558748
SEPTIN7,-0.128238405640143,0.238793084810801,-0.121566390565474,0.304156035761387
SERPINA1,0.243542785408612,0.164117665441389,0.206572723124746,0.268134837868629
SERPINA10,-0.00045937333244467,0.99794876737765,-0.0160036314646981,0.927479831337248
SERPINA3,0.335152077174176,0.177702080306447,0.254280571789643,0.319182715776565
SERPINA4,0.345358548634258,0.177702080306447,0.243945825142672,0.3527869970786
SERPINA5,0.564844065313143,0.0160685360952871,0.506084822136989,0.0416356998345979
SERPINA6,0.408820772555378,0.418866512214061,0.290098837252517,0.6074384970369
SERPINA7,0.25464013108992,0.516061997405025,0.172430101654716,0.693777814543609
SERPINB1,-0.111369044424856,0.102459669607926,-0.112370626560695,0.127269753422904
SERPINB6,-0.139143767459749,0.147159731738652,-0.145562361101642,0.157180193629104
SERPINB9,0.0100199397352489,0.952964814333771,-0.00109806603602431,0.995759524175147
SERPINC1,0.436985562662311,0.17793550742644,0.359594521071963,0.29978980648898
SERPIND1,-0.0294783929694347,0.889087442777353,-0.0309380046941926,0.898067621560494
SERPINE1,0.217747953998449,0.267396180911497,0.149703971510432,0.454664824153139
SERPINE2,0.100024689292683,0.436753675233519,0.117288891685418,0.40532940563445
SERPINF1,0.248462636848511,0.373505546658722,0.199896589381787,0.515292769489995
SERPINF2,0.394715576664387,0.102399617094261,0.308355395420388,0.202486451786074
SERPING1,0.0378025534278156,0.706880040593198,0.0174450453089819,0.878303127595877
SERPINH1,0.142763745363435,0.347764596432676,0.171824592050003,0.289783711558415
SFXN1,-0.176468548273453,0.36259480839829,-0.141885004033468,0.519115616313639
SFXN3,-0.265535496831616,0.0570989993283153,-0.249207504765732,0.0993390995820172
SH3BGRL3,-0.278331488933768,0.253763010138827,-0.296162642623018,0.269106889323844
SH3GL1,0.280404145936275,0.102399617094261,0.280265452953601,0.120382563986217
SH3GLB1,0.0827328402536482,0.396809337677396,0.0803963108083522,0.466519498613692
SH3PXD2A,-0.0229605865302738,0.916221347452713,-0.0258818570500836,0.907793088306939
SHBG,0.484857056789378,0.0814961835033698,0.474213261719109,0.114672705833512
SHMT2,-0.20560667557241,0.305560562394568,-0.173579709306656,0.430291203316725
SIPA1,0.417947247796339,0.0748359126383721,0.359818655032812,0.104427838248675
SKAP2,-0.0889093119696316,0.528515320427746,-0.103899867962303,0.502256047367832
SKIC3,-0.168512517613843,0.208925246782368,-0.175877355789505,0.22044161564243
SLA2,-0.0129698814329057,0.952964814333771,-0.0186303466041593,0.941716411468557
SLAIN2,0.0382997011998781,0.833272477459689,0.0792427589434224,0.668792469714309
SLC16A7,-0.214542027169345,0.386900253736676,-0.19293222602945,0.488124948307531
SLC25A11,-0.158740654363575,0.3422845127534,-0.141064195866792,0.4486909548721
SLC25A3,-0.0965815550729801,0.730966744860379,-0.0214596409682685,0.945244790112842
SLC25A5,-0.0443183186481419,0.85609877329568,0.0353215573386127,0.877642531647716
SLC25A6,-0.152805673777512,0.506577674863857,-0.080386362140558,0.766772340653074
SLC27A4,-0.166678069185269,0.338022913297104,-0.208933837165346,0.25741987166733
SLC2A1,0.278902345586619,0.268972230766459,0.297620839116114,0.278965826315421
SLC2A3,-0.247429141913132,0.292608117751665,-0.173618317686516,0.488677489237077
SLC3A2,-0.129959171630872,0.31478208709302,-0.167355334226953,0.239725068653203
SLC44A1,-0.087261304582585,0.520035096726105,-0.0571297486353268,0.705695564831604
SLC44A2,-0.0290536288884494,0.85676191768775,-0.0338309309625505,0.848312531681754
SLC4A1,0.263559210134091,0.390146031793069,0.251476476778902,0.471122797209536
SLC4A2,-0.119993250593942,0.209115276965675,-0.125923180581914,0.215432170296501
SLC9A1,-0.104041466839777,0.418899443916715,-0.0791008581192157,0.601501515673113
SLC9A9,0.019319411566617,0.935009385607951,0.0384808581380488,0.871173024064197
SLFN14,-0.0517403385636365,0.670713407112154,-0.0167496276192878,0.8980302804005
SLK,-0.153172297325281,0.0375059366322565,-0.168719695504389,0.0297586786573254
SLMAP,0.102964781462402,0.51343474645371,0.118781168849811,0.488124948307531
SMTN,-0.0806582554530805,0.665081518457681,-0.0442318458803402,0.833952415293969
SNAP23,-0.261776946415857,0.445208083304202,-0.2260084858568,0.55494104263259
SNAP29,0.00142044416719518,0.992585598080525,0.0105509278280446,0.947391418644844
SNCA,-0.11898250176434,0.489384618337425,-0.136526260790509,0.476716123937461
SND1,0.15676547010916,0.162911677452731,0.17668133542868,0.132136778844051
SNED1,0.354285352730627,0.0648489539151875,0.328005100096762,0.104620588172456
SNTB1,-0.133052360859365,0.449345032860349,-0.140745831468305,0.479797695020082
SNX2,-0.00605771757888353,0.96619912095508,0.0184340920318829,0.91353996083368
SNX6,0.0202517768264866,0.919285711063804,-0.021224516310893,0.917580544573384
SNX9,-0.135057082662618,0.318360064505489,-0.171782296179904,0.233314910728428
SOD2,-0.157772153965843,0.189451950024051,-0.14098021283848,0.284639203039936
SOD3,0.494528351672218,0.0870356136473496,0.514773255549545,0.104620588172456
SORL1,0.720220076837356,0.0417755051053057,0.75706690172012,0.0402891024728924
SPAG9,-0.0432394605459033,0.740355500177486,-0.0237412698242268,0.869344079182266
SPARC,-0.159177914110713,0.443803361736281,-0.120453943707456,0.609250048327553
SPARCL1,0.283802125955929,0.0840812638087479,0.278693171695992,0.115494968120288
SPCS2,-0.151048098751334,0.386900253736676,-0.131813686484728,0.488527359630407
SPECC1,-0.161264018601415,0.417137854316087,-0.15328854120824,0.48749621725546
SPN,0.356675163665327,0.198557689037756,0.301330417749777,0.31366376005609
SPP1,0.317380053699291,0.164117665441389,0.280686306572054,0.24329865046658
SPP2,0.323343085446538,0.0870929367739652,0.332556486001574,0.102095131672797
SPTA1,0.146410679631462,0.550626613621204,0.135535596016602,0.624432963273469
SPTAN1,-0.104534435573324,0.340470231583721,-0.0687022033264516,0.532344154199562
SPTB,-0.149229309770079,0.135492422822538,-0.130053979942332,0.199451664163752
SPTBN1,-0.170609350197014,0.118645522421439,-0.137690649491619,0.206478905232408
SPTLC1,-0.0875473881137353,0.62374920137828,-0.0718448320978677,0.714161248266724
SQOR,-0.0523638742559422,0.803265588814274,-0.0390243037325869,0.874921197144561
SQSTM1,0.0326295498309401,0.86871682595234,0.0187658966613943,0.931689503507683
SRC,-0.0282584448184974,0.848806469904277,-0.026947313350465,0.87309897804098
SRGN,-0.283545349003062,0.197163041207357,-0.245398688194652,0.311121930980436
SRPRA,-0.126815224814429,0.447571872616141,-0.125028912843943,0.49788778710136
SRPRB,-0.0578534850563602,0.762208390545361,-0.0322948401327991,0.879405373742009
SSBP1,0.112773252663354,0.261624734234209,0.114345123995935,0.291458045951946
SSC5D,0.288680552622219,0.373458964616074,0.229652502119045,0.501293358891258
SSR4,-0.119591748011388,0.386900253736676,-0.133769762912419,0.381467868022498
ST13,0.146622555339463,0.39608240424463,0.149344435351309,0.441273393695543
ST3GAL6,-0.0226794321000086,0.947833559402364,-0.0874683208718818,0.798399943288175
ST8SIA4,0.411355521528779,0.0759295775891599,0.396277126312067,0.107906212146748
STAT1,-0.0532688546533509,0.745765702125352,-0.0372770781323291,0.844560415016325
STAT3,-0.138495645888312,0.331684004161402,-0.0974908479669024,0.530510397755063
STAT5A,-0.0486214043223788,0.553271112250347,-0.0307142856501108,0.736012906885203
STAT5B,-0.0755375254839094,0.704261633323672,-0.0821995585615874,0.705695564831604
STIM1,-0.15964326019719,0.268709079438235,-0.101814787200438,0.488527359630407
STIP1,0.0040565409559701,0.970047734933474,0.0165071863603837,0.898635862758175
STK10,-0.101905991486491,0.399626424593923,-0.0759206797025055,0.563418593795118
STK24,-0.0932803741686165,0.475968024982543,-0.122340362191394,0.357394697229672
STK3,-0.164356269278376,0.161922862636038,-0.182692812386487,0.137344662429251
STK38,-0.155871056703506,0.236774782862594,-0.149170678762962,0.299453891728529
STK4,-0.146798098563299,0.269577456499608,-0.192544971768831,0.136189157828482
STOM,-0.233136929472094,0.289303504939952,-0.201780838660161,0.399109443316889
STOML2,-0.37764477905726,0.072010906008158,-0.322205315730558,0.13335864311926
STON2,0.0755990913071607,0.654608225481224,0.0469473793598199,0.808248119255348
STRAP,-0.0282241776639474,0.858598417623007,-0.0428060051108901,0.800297692674908
STRIP2,-0.249094469303205,0.197163041207357,-0.245205399076584,0.252718282688036
STRN,-0.169295989231856,0.253339196069789,-0.193076696673135,0.228296268503718
STRN3,-0.0688660644247068,0.59753738406127,-0.0499985140694829,0.736012906885203
STRN4,-0.0832555761773066,0.579685727369664,-0.111198173280528,0.488527359630407
STT3B,-0.0425578580673825,0.85609877329568,-0.0188055882035377,0.941716411468557
STX11,-0.205636390367063,0.0212809245956953,-0.190739051292799,0.0437037197390297
STX12,0.0137571356805544,0.917596891634894,0.00877281951056819,0.949528277995895
STX7,0.0869704599887082,0.629642132752917,0.129256985586104,0.540032247454102
STXBP2,-0.270492844996221,0.00746091807814948,-0.263399590679578,0.0153493520803499
STXBP3,0.0628112375198259,0.779009222044366,0.0517372109714429,0.840250796524471
STXBP5,0.0529558365546573,0.838733874751963,0.056588235828358,0.844560415016325
SULT1A1,0.00603952494930281,0.980921940125189,0.035245449672655,0.901264958378513
SULT1A3;SULT1A4,0.0715164465657426,0.591671366614166,0.0966954050384835,0.488527359630407
SUMO2;SUMO3;SUMO4,0.325083527118048,0.104563118531684,0.336913949077953,0.125335970320177
SURF4,-0.0719362120920365,0.708700764827693,-0.0802716905168305,0.696950000396521
SUSD1,-0.0806659864506346,0.684185722131679,-0.102407492818122,0.626738246015619
SUSD5,0.351348712688818,0.0779412114351878,0.36114045967516,0.101094151639562
SVEP1,0.456307633517632,0.00198417263180398,0.423690509512784,0.00526120267500057
SYAP1,-0.112302302842757,0.437274662114335,-0.18526616752571,0.148677203783268
SYTL4,-0.294273028900011,0.0529866525301088,-0.241182825552474,0.0880107333433694
TAB2,-0.0118382671275444,0.936339608432784,0.0150165954515708,0.913732639516977
TAGLN2,0.123755904015657,0.405220800528962,0.169438245447793,0.278516163966707
TAOK1,-0.159624036931057,0.114827203457999,-0.164549007197465,0.124561793234034
TAOK3,-0.103754257000883,0.265931489170554,-0.0839631120827543,0.401760604715884
TAP1,0.315773518817996,0.0736049802081447,0.347672997445095,0.0549729129336159
TAPBP,0.0288094305336889,0.881697382368258,0.0828821957632835,0.647787631371467
TBC1D15,-0.111482226333519,0.552369353990151,-0.135730557776952,0.515857468256633
TBC1D9B,0.00871464819089246,0.919023678978984,0.0291537164039994,0.732408718987703
TBCB,-0.101363917890611,0.629642132752917,-0.141637386674851,0.515857468256633
TBXAS1,-0.344613209794433,0.103012748560545,-0.29210092614403,0.173272489132195
TC2N,-0.263667986828432,0.12641443674844,-0.209413684584929,0.221753626466198
TCP1,0.0469646938190698,0.689553099476495,0.0350991191892909,0.799742243817041
TDRP,-0.171623128576536,0.164117665441389,-0.162347928358924,0.216548386132532
TEX264,-0.272304132965185,0.329364131880753,-0.170738552879037,0.488527359630407
TF,0.124257210964893,0.762208390545361,0.0636023005093828,0.897371620511361
TFPI,0.226124959127969,0.45255221727652,0.162297551309086,0.624010774056247
TFRC,0.249693819987506,0.331684004161402,0.182745812864327,0.501293358891258
TG,0.177630524622925,0.339344447359411,0.151802595991124,0.465160592614373
TGFB1,-0.220048741137333,0.0131670339361277,-0.229895101703485,0.0153493520803499
TGFB1I1,-0.13528521981498,0.445208083304202,-0.106912021391911,0.597504380612413
TGFBI,0.265972126653821,0.140434172716405,0.203785377001094,0.265407742486928
THBS1,-0.332389018774339,0.0844943283382773,-0.262325837465615,0.173460451056652
THBS3,0.442226137909145,0.0232605770832307,0.426024351383855,0.0399943806490725
THBS4,0.165945929884844,0.268972230766459,0.193872681129397,0.233314910728428
THSD1,0.698845780252937,0.0055883506230472,0.669176759873946,0.00848184692060685
TJP2,-0.19817105252268,0.189451950024051,-0.175571918212836,0.28602836327883
TKFC,0.0179095584888727,0.919148571191962,0.0560976826615313,0.70658391933095
TLN1,-0.219207517131673,0.253339196069789,-0.149115798471844,0.445743346370426
TLN2,-0.429257486919037,0.238793084810801,-0.436419063820285,0.268134837868629
TMBIM1,-0.134692759565851,0.467445453271144,-0.186708252402243,0.376432408453248
TMCC2,-0.056436097698985,0.76687250699292,-0.0707200798837197,0.732412731782352
TMED10,-0.102494384147057,0.653958001841456,-0.0528244036715537,0.833952415293969
TMED2,-0.0624733740378269,0.763748988892089,-0.0403733202877086,0.864545664024925
TMED4,0.162154889721504,0.592130081649831,0.171292343036633,0.609250048327553
TMED7,-0.222822647496916,0.329364131880753,-0.217735609445538,0.396792649649777
TMED8,-0.217902350826933,0.164117665441389,-0.220297123210578,0.197195670365056
TMED9,0.00366489586921995,0.991326041361922,0.0266399263117663,0.938921311081744
TMEM30A,-0.0663664811300051,0.535447263306315,-0.0615368016616219,0.614626323988942
TMEM40,-0.287357063751901,0.248497558187942,-0.259430202869811,0.312759362666748
TMEM43,-0.289543987760543,0.0055883506230472,-0.296974096857366,0.00655096641698761
TMOD3,-0.519910123944678,0.00554715131857844,-0.47176180673745,0.00809755773212085
TMT1A,-0.171784109360543,0.163802959096722,-0.156342539151401,0.240559183033329
TMX1,0.101250486147227,0.659035282061869,0.11534472904252,0.639251324479368
TNC,0.482477222237641,0.00554715131857844,0.457345419228327,0.00655096641698761
TNIK,-0.0421994898317719,0.812585628966755,-0.0376601351273811,0.848881555364327
TNPO1,-0.164478185608426,0.316416961604243,-0.175810076760577,0.326134101888137
TNS1,-0.0810797210266073,0.512190745086057,-0.0783245156607607,0.576699701944238
TNXB,0.37351407369792,0.0149853351658743,0.400490707641503,0.0173062331142927
TOLLIP,0.13768669439914,0.198557689037756,0.1697911019976,0.11282896304772
TOM1L2,-0.0251328398123593,0.903671944488384,-0.0188708508796951,0.932592831312877
TOMM70,-0.232085511025681,0.0518390465930685,-0.22130418691477,0.0812329101662516
TOR1A,0.133250922894331,0.472456425842375,0.0932497935387833,0.639029701245975
TOR1AIP2,-0.274685979529036,0.122953564010645,-0.269380874080295,0.15761946465878
TOR4A,-0.106753785040551,0.418899443916715,-0.112779371103023,0.445743346370426
TPI1,0.374183729397908,0.0840812638087479,0.317671462050249,0.197238982486316
TPM1,-0.0925330919168947,0.70050992535311,-0.0929852164331616,0.732283700355561
TPM2,-0.127639753555464,0.680837961303399,-0.158697127681009,0.652210196411837
TPM3,0.0245710918969041,0.937952575049008,0.0468158188441364,0.888934926823171
TPM4,-0.230800016865929,0.164110608581169,-0.196516899662573,0.265407742486928
TPP1,0.0221258030408322,0.916221347452713,-0.00539784832260999,0.980897097424974
TPP2,0.0924157145521304,0.42853581064915,0.108560725329408,0.391481279546494
TPST2,-0.234070773556675,0.164117665441389,-0.275205149274068,0.0961251902060986
TRAP1,0.0910354436827169,0.870097348625705,-0.0065695740487757,0.992413319520315
TREML1,-0.243483277792026,0.599640741421988,-0.140222611832231,0.783968385604796
TRIM25,-0.0574491452606046,0.664341656827006,-0.0197060368629467,0.895200592542745
TRIM58,0.0301884785872129,0.80469620547439,0.06433968400908,0.583722224201375
TRIP10,0.0139022982141353,0.940813359147191,-0.0083128740069479,0.965324733054752
TRPC6,0.00273001991240517,0.988839777014433,0.00963623101157275,0.959878252754988
TSG101,-0.204128038900405,0.141291171279989,-0.190145549968285,0.184595862246682
TSKU,0.439409724686279,0.114517642766995,0.412476977186576,0.156022456704277
TSNAX,-0.132233645388798,0.549617584612199,-0.197251889263746,0.318347192171782
TST,-0.178687517371507,0.31058566309314,-0.138487813669878,0.444327039309363
TTC27,-0.170968843402337,0.153260965495906,-0.155157676186397,0.222576632176647
TTLL12,0.0443909620918384,0.783110940019818,0.0395975312240026,0.833952415293969
TTR,-0.0458822913177148,0.616269542223512,-0.0873743502265628,0.258471904781917
TTYH3,-0.167272053295501,0.477006284674888,-0.16775202002427,0.525338515491268
TUBA1A,0.165165948419166,0.664341656827006,0.175395074064628,0.676440992435424
TUBA3E,-0.202718577773613,0.329364131880753,-0.215468410202405,0.346783013190518
TUBA4A,-0.48211024289932,0.0458027129936234,-0.435187827810192,0.0830506358443521
TUBA8,-0.486483156426967,0.0119898704468154,-0.429132138797884,0.0300945343405303
TUBB,-0.376495502374362,0.0273525951429109,-0.335779876338174,0.0535281506086743
TUBB1,-0.30620883501559,0.0975269479214117,-0.294443541589443,0.138601323269859
TUBB4B,-0.186787500968347,0.373053165274271,-0.134250634298002,0.580854133853544
TUBB6,0.143290066158281,0.358182809945444,0.0972243158881144,0.583722224201375
TUBGCP2,-0.053573348176211,0.820451132787974,-0.0243405912050372,0.923986029182151
TUFM,-0.131455512568838,0.253339196069789,-0.0984695929601193,0.406715617724822
TWF2,0.00534622994978651,0.963912094430545,-0.0104240467369406,0.939246944658705
TWSG1,0.398663535596761,0.0870356136473496,0.395981376313055,0.110315796911301
TXN,0.225165465516225,0.268972230766459,0.157874789658586,0.44301214946776
TXNDC15,0.286835987852432,0.120827833528186,0.251741474107869,0.184595862246682
TXNDC5,0.122011685723183,0.45255221727652,0.136802570423848,0.4486909548721
TXNL1,-0.0764888235976092,0.718964275470607,-0.123700764515975,0.563694396994673
TXNRD1,0.028028278852956,0.85609877329568,0.0340058582009243,0.840250796524471
TYMP,0.179996492652563,0.445208083304202,0.178761823534898,0.49454293524622
UACA,-0.104422681650003,0.295250661341945,-0.0613079432707746,0.546750025029123
UBA1,-0.0478351358096712,0.732303756549518,-0.00257105363776016,0.990758876778975
UBA5,-0.298904033401844,0.304169806257802,-0.32059418262775,0.305484040007449
UBA7,0.0262445579792541,0.889234103530106,0.0108695607224548,0.956205036310927
UBASH3A,-0.249312251453074,0.092378025543671,-0.227823208310108,0.167477418021816
UBASH3B,-0.129545612386571,0.743366467713065,-0.139554823204357,0.746350932258961
UBE2H,-0.00571856052591627,0.977341683758597,-0.035004836092604,0.874921197144561
UBE2J1,-0.0499284104227465,0.824524360742405,-0.036897270367331,0.879924127269952
UBE2L3,-0.116501747666522,0.324515200959946,-0.0899851777346627,0.49788778710136
UBE2O,-0.235465346077703,0.0156284117097196,-0.264597276652058,0.00655096641698761
UBE4A,-0.0721245891737326,0.487965328948086,-0.0747339955125267,0.525338515491268
UBR4,-0.138241794532057,0.203434047078793,-0.125021185581071,0.285641120236964
UFC1,-0.168010796495332,0.265522881559118,-0.170592522139718,0.298097477846227
UGGT1,-0.040312939356284,0.556109194095639,-0.0390048237488959,0.621789886069468
UGP2,-0.120443547586008,0.450109095768889,-0.10658513658588,0.55494104263259
UNC13D,-0.238803533224178,0.0520871698419205,-0.203393061369825,0.101712483654065
UNC45A,-0.054963414893482,0.552369353990151,-0.0542874642412498,0.605092287094985
UQCRC1,-0.290671585413529,0.0822531741091668,-0.310559542878489,0.0880107333433694
UQCRC2,-0.233387055806166,0.0956952339154999,-0.214717000547564,0.154024337339629
UQCRFS1,0.00899678387997893,0.96939556794456,-0.00200842535343178,0.994503594191058
USO1,0.0180375435693385,0.941251836792649,-0.00722320008765033,0.980897097424974
USP15,-0.152085614721789,0.122595572779218,-0.186764184195777,0.0601680508188774
USP24,-0.0531377388229612,0.599788078750442,-0.0540992846498885,0.634163843763355
USP4,-0.161445652319152,0.44637285396406,-0.10061918483739,0.650661660988525
USP47,-0.0180103299818539,0.903671944488384,-0.0215309828648117,0.897215696735937
USP5,-0.0702356241484317,0.665034262264058,-0.0905802918698664,0.614626323988942
USP7,0.00608870198173928,0.96939556794456,0.0171621591345567,0.923986029182151
USP9X,-0.120679067984217,0.45255221727652,-0.129181897347181,0.475472705583364
UTRN,0.0294060585359865,0.689676457703873,0.0485734702633323,0.489203789965591
UXS1,-0.249300435990078,0.0688707459128668,-0.298271787696709,0.0363105588143893
VAMP7,-0.0782368025366948,0.518737873262761,-0.074962246982574,0.583722224201375
VAMP8,-0.0182322736821004,0.963912094430545,-0.0266120025211993,0.953063947427446
VAPA,-0.314307690896939,0.0688707459128668,-0.253820663975932,0.137344662429251
VAPB,-0.214608258127874,0.213096077891316,-0.171649616748151,0.309966951682671
VASN,0.532288715237607,0.0408605071825396,0.469311228941702,0.0755144300713855
VASP,-0.131143618257752,0.384046227281152,-0.0738908341662501,0.634163843763355
VAV1,-0.0722684212698539,0.622350463975375,-0.0437523805589874,0.781966366994194
VBP1,-0.177268592006212,0.425842163083457,-0.187484754619213,0.434118723340768
VCAM1,0.389623951590364,0.0421430138887654,0.392823606047406,0.0549729129336159
VCAN,0.185773420158008,0.665081518457681,0.0508287488659127,0.910222160705358
VCL,0.260339765950786,0.0417159453372544,0.278642600407059,0.0402600862880204
VCP,-0.29439936192499,0.0167101066695434,-0.306903414924393,0.0213259904196118
VDAC1,-0.291887711222513,0.156043193943081,-0.266752305796263,0.220000755680638
VDAC2,-0.0390034307000719,0.870400398726551,-0.0225574755280326,0.931689503507683
VDAC3,-0.218555422323966,0.355365794677358,-0.137548062318508,0.591419915656146
VIM,0.156130630680553,0.552369353990151,0.193672458766943,0.49788778710136
VKORC1L1,-0.345907365647172,0.161922862636038,-0.218608799008697,0.309966951682671
VPS11,-0.198663774639734,0.177702080306447,-0.199760170391,0.202460098290987
VPS13A,-0.18080854541227,0.12547658760586,-0.172244852138893,0.1716109242775
VPS13C,-0.106044584254653,0.328193154309393,-0.0983945573437247,0.417593443611853
VPS29,-0.00367916205849747,0.979732948774507,-0.0203287742336971,0.905115759734957
VPS33B,-0.194828843357537,0.0570989993283153,-0.208796498873959,0.0463442900098962
VPS35,-0.068211360729474,0.692614847197092,-0.00491771244270819,0.980897097424974
VPS37A,-0.0693384042534592,0.806742243581508,-0.0733612061647205,0.816492356339823
VPS37B,-0.135518695035678,0.267396180911497,-0.107930125671865,0.391280342520559
VPS45,0.165045138371263,0.239403215582256,0.177665969916971,0.24329865046658
VPS4A,0.0327663889545464,0.875864097575753,0.0403236135054341,0.860323686029472
VSIG4,0.584146500935427,0.159082449730356,0.616799804467751,0.168720925184237
VSIR,0.0265787063527382,0.916221347452713,0.0628698031535861,0.808248119255348
VTI1B,-0.00153628357068271,0.991969183807443,-0.0138858496895662,0.931689503507683
VTN,-0.0946465009824669,0.395736016686468,-0.106199664376985,0.395703434630421
VWA5A,0.0625669998167665,0.76225981992015,0.0409864008960542,0.856965573752886
VWF,-0.21638127778472,0.526058404504897,-0.115376204186857,0.740200738049594
WARS1,0.261843036213731,0.373377776255752,0.254063017658021,0.419762981088431
WAS,-0.267097907345342,0.0688707459128668,-0.268192184937986,0.0941533832718261
WASF1,-0.172177623973414,0.310631394510385,-0.174501353661816,0.335969944661249
WASF2,0.0369828374641178,0.829970570664037,0.0293152229345828,0.878303127595877
WASHC5,-0.140610705132089,0.302754113250631,-0.135332286744291,0.362192836046743
WBP2,0.142465779869748,0.533188951455075,0.146312534446339,0.577280083824708
WDR1,-0.20177602865718,0.131526321667037,-0.180152387366904,0.206389464048484
WDR44,0.0775741273402158,0.629642132752917,0.0744628748849413,0.676440992435424
XPNPEP1,-0.221661123881944,0.164117665441389,-0.229563228984935,0.175092766137538
XPO1,-0.121143724908174,0.492167871311443,-0.0889550509349093,0.636228440219086
YWHAB,-0.0888222434189762,0.671923710507762,-0.132388266842756,0.548080519549932
YWHAE,-0.00482415678601673,0.970047734933474,-0.00281909060432578,0.989044432275624
YWHAG,0.0169443057931263,0.946249302555839,-0.00337482810469681,0.992413319520315
YWHAH,-0.0940996900450371,0.629180091548064,-0.141074757881825,0.49788778710136
YWHAQ,-0.108436206424605,0.710875370380982,-0.109498902836777,0.736406152221057
YWHAZ,-0.315145719701879,0.0840812638087479,-0.311442865525773,0.112462022646806
ZC3HAV1,-0.0464482198991627,0.682003400937331,-0.039142316343138,0.755470611333732
ZMPSTE24,-0.0626742794302506,0.704261633323672,-0.014527629578725,0.940424930801927
ZNF185,-0.158640510940766,0.265540679931506,-0.092489675428795,0.49788778710136
ZYX,-0.18438658976314,0.253339196069789,-0.103602368713253,0.515857468256633
ZZEF1,-0.0760785877866976,0.467445453271144,-0.0396573979909928,0.737035451504749
